# B-crystal — lifted from a 2D silhouette by aide.lift
o B-crystal
v -22.500 -8.000 -2.500
v -22.500 -7.000 -2.500
v -22.500 -7.000 -3.500
v -22.500 -8.000 -3.500
v -21.500 -8.000 -3.500
v -21.500 -8.000 -2.500
v -21.500 -7.000 -3.500
v -22.500 -8.000 -1.500
v -22.500 -7.000 -1.500
v -21.500 -8.000 -1.500
v -22.500 -8.000 -0.500
v -22.500 -7.000 -0.500
v -21.500 -8.000 -0.500
v -22.500 -8.000 0.500
v -22.500 -7.000 0.500
v -21.500 -8.000 0.500
v -22.500 -8.000 1.500
v -22.500 -7.000 1.500
v -21.500 -8.000 1.500
v -22.500 -8.000 2.500
v -22.500 -7.000 2.500
v -21.500 -8.000 2.500
v -22.500 -8.000 3.500
v -22.500 -7.000 3.500
v -21.500 -8.000 3.500
v -21.500 -7.000 3.500
v -22.500 -7.000 -4.500
v -22.500 -6.000 -4.500
v -22.500 -6.000 -5.500
v -22.500 -7.000 -5.500
v -21.500 -7.000 -5.500
v -21.500 -7.000 -4.500
v -21.500 -6.000 -5.500
v -22.500 -6.000 -3.500
v -22.500 -6.000 -2.500
v -22.500 -6.000 -1.500
v -22.500 -6.000 -0.500
v -22.500 -6.000 0.500
v -22.500 -6.000 1.500
v -22.500 -6.000 2.500
v -22.500 -6.000 3.500
v -22.500 -7.000 4.500
v -22.500 -6.000 4.500
v -21.500 -7.000 4.500
v -22.500 -7.000 5.500
v -22.500 -6.000 5.500
v -21.500 -7.000 5.500
v -21.500 -6.000 5.500
v -22.500 -5.000 -5.500
v -22.500 -5.000 -6.500
v -22.500 -6.000 -6.500
v -21.500 -6.000 -6.500
v -21.500 -5.000 -6.500
v -22.500 -5.000 -4.500
v -22.500 -5.000 -3.500
v -22.500 -5.000 -2.500
v -22.500 -5.000 -1.500
v -22.500 -5.000 -0.500
v -22.500 -5.000 0.500
v -22.500 -5.000 1.500
v -22.500 -5.000 2.500
v -22.500 -5.000 3.500
v -22.500 -5.000 4.500
v -22.500 -5.000 5.500
v -22.500 -6.000 6.500
v -22.500 -5.000 6.500
v -21.500 -6.000 6.500
v -21.500 -5.000 6.500
v -22.500 -4.000 -6.500
v -22.500 -4.000 -7.500
v -22.500 -5.000 -7.500
v -21.500 -5.000 -7.500
v -21.500 -4.000 -7.500
v -22.500 -4.000 -5.500
v -22.500 -4.000 -4.500
v -22.500 -4.000 -3.500
v -22.500 -4.000 -2.500
v -22.500 -4.000 -1.500
v -22.500 -4.000 -0.500
v -22.500 -4.000 0.500
v -22.500 -4.000 1.500
v -22.500 -4.000 2.500
v -22.500 -4.000 3.500
v -22.500 -4.000 4.500
v -22.500 -4.000 5.500
v -22.500 -4.000 6.500
v -22.500 -5.000 7.500
v -22.500 -4.000 7.500
v -21.500 -5.000 7.500
v -21.500 -4.000 7.500
v -22.500 -3.000 -6.500
v -22.500 -3.000 -7.500
v -21.500 -3.000 -7.500
v -22.500 -3.000 -5.500
v -22.500 -3.000 -4.500
v -22.500 -3.000 -3.500
v -22.500 -3.000 -2.500
v -22.500 -3.000 -1.500
v -22.500 -3.000 -0.500
v -22.500 -3.000 0.500
v -22.500 -3.000 1.500
v -22.500 -3.000 2.500
v -22.500 -3.000 3.500
v -22.500 -3.000 4.500
v -22.500 -3.000 5.500
v -22.500 -3.000 6.500
v -22.500 -3.000 7.500
v -21.500 -3.000 7.500
v -22.500 -2.000 -7.500
v -22.500 -2.000 -8.500
v -22.500 -3.000 -8.500
v -21.500 -3.000 -8.500
v -21.500 -2.000 -8.500
v -22.500 -2.000 -6.500
v -22.500 -2.000 -5.500
v -22.500 -2.000 -4.500
v -22.500 -2.000 -3.500
v -22.500 -2.000 -2.500
v -22.500 -2.000 -1.500
v -22.500 -2.000 -0.500
v -22.500 -2.000 0.500
v -22.500 -2.000 1.500
v -22.500 -2.000 2.500
v -22.500 -2.000 3.500
v -22.500 -2.000 4.500
v -22.500 -2.000 5.500
v -22.500 -2.000 6.500
v -22.500 -2.000 7.500
v -22.500 -3.000 8.500
v -22.500 -2.000 8.500
v -21.500 -3.000 8.500
v -21.500 -2.000 8.500
v -22.500 -1.000 -7.500
v -22.500 -1.000 -8.500
v -21.500 -1.000 -8.500
v -22.500 -1.000 -6.500
v -22.500 -1.000 -5.500
v -22.500 -1.000 -4.500
v -22.500 -1.000 -3.500
v -22.500 -1.000 -2.500
v -22.500 -1.000 -1.500
v -22.500 -1.000 -0.500
v -22.500 -1.000 0.500
v -22.500 -1.000 1.500
v -22.500 -1.000 2.500
v -22.500 -1.000 3.500
v -22.500 -1.000 4.500
v -22.500 -1.000 5.500
v -22.500 -1.000 6.500
v -22.500 -1.000 7.500
v -22.500 -1.000 8.500
v -21.500 -1.000 8.500
v -22.500 0.000 -7.500
v -22.500 0.000 -8.500
v -21.500 0.000 -8.500
v -22.500 0.000 -6.500
v -22.500 0.000 -5.500
v -22.500 0.000 -4.500
v -22.500 0.000 -3.500
v -22.500 0.000 -2.500
v -22.500 0.000 -1.500
v -22.500 0.000 -0.500
v -22.500 0.000 0.500
v -22.500 0.000 1.500
v -22.500 0.000 2.500
v -22.500 0.000 3.500
v -22.500 0.000 4.500
v -22.500 0.000 5.500
v -22.500 0.000 6.500
v -22.500 0.000 7.500
v -22.500 0.000 8.500
v -21.500 0.000 8.500
v -22.500 1.000 -7.500
v -22.500 1.000 -8.500
v -21.500 1.000 -8.500
v -22.500 1.000 -6.500
v -22.500 1.000 -5.500
v -22.500 1.000 -4.500
v -22.500 1.000 -3.500
v -22.500 1.000 -2.500
v -22.500 1.000 -1.500
v -22.500 1.000 -0.500
v -22.500 1.000 0.500
v -22.500 1.000 1.500
v -22.500 1.000 2.500
v -22.500 1.000 3.500
v -22.500 1.000 4.500
v -22.500 1.000 5.500
v -22.500 1.000 6.500
v -22.500 1.000 7.500
v -22.500 1.000 8.500
v -21.500 1.000 8.500
v -22.500 2.000 -7.500
v -22.500 2.000 -8.500
v -21.500 2.000 -8.500
v -22.500 2.000 -6.500
v -22.500 2.000 -5.500
v -22.500 2.000 -4.500
v -22.500 2.000 -3.500
v -22.500 2.000 -2.500
v -22.500 2.000 -1.500
v -22.500 2.000 -0.500
v -22.500 2.000 0.500
v -22.500 2.000 1.500
v -22.500 2.000 2.500
v -22.500 2.000 3.500
v -22.500 2.000 4.500
v -22.500 2.000 5.500
v -22.500 2.000 6.500
v -22.500 2.000 7.500
v -22.500 2.000 8.500
v -21.500 2.000 8.500
v -22.500 3.000 -7.500
v -22.500 3.000 -8.500
v -21.500 3.000 -7.500
v -21.500 3.000 -8.500
v -22.500 3.000 -6.500
v -22.500 3.000 -5.500
v -22.500 3.000 -4.500
v -22.500 3.000 -3.500
v -22.500 3.000 -2.500
v -22.500 3.000 -1.500
v -22.500 3.000 -0.500
v -22.500 3.000 0.500
v -22.500 3.000 1.500
v -22.500 3.000 2.500
v -22.500 3.000 3.500
v -22.500 3.000 4.500
v -22.500 3.000 5.500
v -22.500 3.000 6.500
v -22.500 3.000 7.500
v -22.500 3.000 8.500
v -21.500 3.000 8.500
v -21.500 3.000 7.500
v -22.500 4.000 -6.500
v -22.500 4.000 -7.500
v -21.500 4.000 -7.500
v -22.500 4.000 -5.500
v -22.500 4.000 -4.500
v -22.500 4.000 -3.500
v -22.500 4.000 -2.500
v -22.500 4.000 -1.500
v -22.500 4.000 -0.500
v -22.500 4.000 0.500
v -22.500 4.000 1.500
v -22.500 4.000 2.500
v -22.500 4.000 3.500
v -22.500 4.000 4.500
v -22.500 4.000 5.500
v -22.500 4.000 6.500
v -22.500 4.000 7.500
v -21.500 4.000 7.500
v -22.500 5.000 -6.500
v -22.500 5.000 -7.500
v -21.500 5.000 -6.500
v -21.500 5.000 -7.500
v -22.500 5.000 -5.500
v -22.500 5.000 -4.500
v -22.500 5.000 -3.500
v -22.500 5.000 -2.500
v -22.500 5.000 -1.500
v -22.500 5.000 -0.500
v -22.500 5.000 0.500
v -22.500 5.000 1.500
v -22.500 5.000 2.500
v -22.500 5.000 3.500
v -22.500 5.000 4.500
v -22.500 5.000 5.500
v -22.500 5.000 6.500
v -22.500 5.000 7.500
v -21.500 5.000 7.500
v -21.500 5.000 6.500
v -22.500 6.000 -5.500
v -22.500 6.000 -6.500
v -21.500 6.000 -5.500
v -21.500 6.000 -6.500
v -22.500 6.000 -4.500
v -22.500 6.000 -3.500
v -22.500 6.000 -2.500
v -22.500 6.000 -1.500
v -22.500 6.000 -0.500
v -22.500 6.000 0.500
v -22.500 6.000 1.500
v -22.500 6.000 2.500
v -22.500 6.000 3.500
v -22.500 6.000 4.500
v -22.500 6.000 5.500
v -22.500 6.000 6.500
v -21.500 6.000 6.500
v -21.500 6.000 5.500
v -22.500 7.000 -4.500
v -22.500 7.000 -5.500
v -21.500 7.000 -4.500
v -21.500 7.000 -5.500
v -22.500 7.000 -3.500
v -21.500 7.000 -3.500
v -22.500 7.000 -2.500
v -22.500 7.000 -1.500
v -22.500 7.000 -0.500
v -22.500 7.000 0.500
v -22.500 7.000 1.500
v -22.500 7.000 2.500
v -22.500 7.000 3.500
v -22.500 7.000 4.500
v -21.500 7.000 4.500
v -21.500 7.000 3.500
v -22.500 7.000 5.500
v -21.500 7.000 5.500
v -22.500 8.000 -2.500
v -22.500 8.000 -3.500
v -21.500 8.000 -2.500
v -21.500 8.000 -3.500
v -22.500 8.000 -1.500
v -21.500 8.000 -1.500
v -22.500 8.000 -0.500
v -21.500 8.000 -0.500
v -22.500 8.000 0.500
v -21.500 8.000 0.500
v -22.500 8.000 1.500
v -21.500 8.000 1.500
v -22.500 8.000 2.500
v -21.500 8.000 2.500
v -22.500 8.000 3.500
v -21.500 8.000 3.500
v -20.500 -9.000 -3.500
v -20.500 -8.000 -3.500
v -20.500 -8.000 -2.500
v -20.500 -9.000 -2.500
v -21.500 -9.000 -2.500
v -21.500 -9.000 -3.500
v -20.500 -8.000 -1.500
v -20.500 -9.000 -1.500
v -21.500 -9.000 -1.500
v -20.500 -8.000 -0.500
v -20.500 -9.000 -0.500
v -21.500 -9.000 -0.500
v -20.500 -8.000 0.500
v -20.500 -9.000 0.500
v -21.500 -9.000 0.500
v -20.500 -8.000 1.500
v -20.500 -9.000 1.500
v -21.500 -9.000 1.500
v -20.500 -8.000 2.500
v -20.500 -9.000 2.500
v -21.500 -9.000 2.500
v -20.500 -8.000 3.500
v -20.500 -9.000 3.500
v -21.500 -9.000 3.500
v -20.500 -8.000 -5.500
v -20.500 -7.000 -5.500
v -20.500 -7.000 -4.500
v -20.500 -8.000 -4.500
v -21.500 -8.000 -4.500
v -21.500 -8.000 -5.500
v -20.500 -7.000 -3.500
v -20.500 -7.000 3.500
v -20.500 -7.000 4.500
v -20.500 -8.000 4.500
v -21.500 -8.000 4.500
v -20.500 -7.000 5.500
v -20.500 -8.000 5.500
v -21.500 -8.000 5.500
v -20.500 -7.000 -6.500
v -20.500 -6.000 -6.500
v -20.500 -6.000 -5.500
v -21.500 -7.000 -6.500
v -20.500 -6.000 5.500
v -20.500 -6.000 6.500
v -20.500 -7.000 6.500
v -21.500 -7.000 6.500
v -20.500 -6.000 -7.500
v -20.500 -5.000 -7.500
v -20.500 -5.000 -6.500
v -21.500 -6.000 -7.500
v -20.500 -5.000 6.500
v -20.500 -5.000 7.500
v -20.500 -6.000 7.500
v -21.500 -6.000 7.500
v -20.500 -5.000 -8.500
v -20.500 -4.000 -8.500
v -20.500 -4.000 -7.500
v -21.500 -4.000 -8.500
v -21.500 -5.000 -8.500
v -20.500 -4.000 7.500
v -20.500 -4.000 8.500
v -20.500 -5.000 8.500
v -21.500 -5.000 8.500
v -21.500 -4.000 8.500
v -20.500 -3.000 -8.500
v -20.500 -3.000 -7.500
v -20.500 -3.000 7.500
v -20.500 -3.000 8.500
v -20.500 -3.000 -9.500
v -20.500 -2.000 -9.500
v -20.500 -2.000 -8.500
v -21.500 -2.000 -9.500
v -21.500 -3.000 -9.500
v -20.500 -2.000 8.500
v -20.500 -2.000 9.500
v -20.500 -3.000 9.500
v -21.500 -3.000 9.500
v -21.500 -2.000 9.500
v -20.500 -1.000 -9.500
v -20.500 -1.000 -8.500
v -21.500 -1.000 -9.500
v -20.500 -1.000 8.500
v -20.500 -1.000 9.500
v -21.500 -1.000 9.500
v -20.500 0.000 -9.500
v -20.500 0.000 -8.500
v -21.500 0.000 -9.500
v -20.500 0.000 8.500
v -20.500 0.000 9.500
v -21.500 0.000 9.500
v -20.500 1.000 -9.500
v -20.500 1.000 -8.500
v -21.500 1.000 -9.500
v -20.500 1.000 8.500
v -20.500 1.000 9.500
v -21.500 1.000 9.500
v -20.500 2.000 -9.500
v -20.500 2.000 -8.500
v -21.500 2.000 -9.500
v -20.500 2.000 8.500
v -20.500 2.000 9.500
v -21.500 2.000 9.500
v -20.500 3.000 -9.500
v -20.500 3.000 -8.500
v -21.500 3.000 -9.500
v -20.500 3.000 8.500
v -20.500 3.000 9.500
v -21.500 3.000 9.500
v -20.500 4.000 -8.500
v -20.500 4.000 -7.500
v -20.500 3.000 -7.500
v -21.500 4.000 -8.500
v -20.500 3.000 7.500
v -20.500 4.000 7.500
v -20.500 4.000 8.500
v -21.500 4.000 8.500
v -20.500 5.000 -8.500
v -20.500 5.000 -7.500
v -21.500 5.000 -8.500
v -20.500 5.000 7.500
v -20.500 5.000 8.500
v -21.500 5.000 8.500
v -20.500 6.000 -7.500
v -20.500 6.000 -6.500
v -20.500 5.000 -6.500
v -21.500 6.000 -7.500
v -20.500 5.000 6.500
v -20.500 6.000 6.500
v -20.500 6.000 7.500
v -21.500 6.000 7.500
v -20.500 7.000 -6.500
v -20.500 7.000 -5.500
v -20.500 6.000 -5.500
v -21.500 7.000 -6.500
v -20.500 6.000 5.500
v -20.500 7.000 5.500
v -20.500 7.000 6.500
v -21.500 7.000 6.500
v -20.500 8.000 -5.500
v -20.500 8.000 -4.500
v -20.500 7.000 -4.500
v -21.500 8.000 -4.500
v -21.500 8.000 -5.500
v -20.500 8.000 -3.500
v -20.500 7.000 -3.500
v -20.500 7.000 3.500
v -20.500 8.000 3.500
v -20.500 8.000 4.500
v -20.500 7.000 4.500
v -21.500 8.000 4.500
v -20.500 8.000 5.500
v -21.500 8.000 5.500
v -20.500 9.000 -3.500
v -20.500 9.000 -2.500
v -20.500 8.000 -2.500
v -21.500 9.000 -2.500
v -21.500 9.000 -3.500
v -20.500 9.000 -1.500
v -20.500 8.000 -1.500
v -21.500 9.000 -1.500
v -20.500 9.000 -0.500
v -20.500 8.000 -0.500
v -21.500 9.000 -0.500
v -20.500 9.000 0.500
v -20.500 8.000 0.500
v -21.500 9.000 0.500
v -20.500 9.000 1.500
v -20.500 8.000 1.500
v -21.500 9.000 1.500
v -20.500 9.000 2.500
v -20.500 8.000 2.500
v -21.500 9.000 2.500
v -20.500 9.000 3.500
v -21.500 9.000 3.500
v -19.500 -8.000 -3.500
v -19.500 -7.000 -3.500
v -19.500 -7.000 -2.500
v -19.500 -8.000 -2.500
v -19.500 -7.000 -1.500
v -19.500 -8.000 -1.500
v -19.500 -7.000 -0.500
v -19.500 -8.000 -0.500
v -19.500 -7.000 0.500
v -19.500 -8.000 0.500
v -19.500 -7.000 1.500
v -19.500 -8.000 1.500
v -19.500 -7.000 2.500
v -19.500 -8.000 2.500
v -19.500 -7.000 3.500
v -19.500 -8.000 3.500
v -19.500 -7.000 -5.500
v -19.500 -6.000 -5.500
v -19.500 -6.000 -4.500
v -19.500 -7.000 -4.500
v -19.500 -6.000 -3.500
v -19.500 -6.000 3.500
v -19.500 -6.000 4.500
v -19.500 -7.000 4.500
v -19.500 -6.000 5.500
v -19.500 -7.000 5.500
v -19.500 -6.000 -6.500
v -19.500 -5.000 -6.500
v -19.500 -5.000 -5.500
v -19.500 -5.000 -4.500
v -19.500 -5.000 4.500
v -19.500 -5.000 5.500
v -19.500 -5.000 6.500
v -19.500 -6.000 6.500
v -19.500 -5.000 -7.500
v -19.500 -4.000 -7.500
v -19.500 -4.000 -6.500
v -19.500 -4.000 -5.500
v -19.500 -4.000 5.500
v -19.500 -4.000 6.500
v -19.500 -4.000 7.500
v -19.500 -5.000 7.500
v -19.500 -3.000 -7.500
v -19.500 -3.000 -6.500
v -19.500 -3.000 6.500
v -19.500 -3.000 7.500
v -19.500 -3.000 -8.500
v -19.500 -2.000 -8.500
v -19.500 -2.000 -7.500
v -19.500 -2.000 7.500
v -19.500 -2.000 8.500
v -19.500 -3.000 8.500
v -19.500 -1.000 -8.500
v -19.500 -1.000 -7.500
v -19.500 -1.000 7.500
v -19.500 -1.000 8.500
v -19.500 0.000 -8.500
v -19.500 0.000 -7.500
v -19.500 0.000 7.500
v -19.500 0.000 8.500
v -19.500 1.000 -8.500
v -19.500 1.000 -7.500
v -19.500 1.000 7.500
v -19.500 1.000 8.500
v -19.500 2.000 -8.500
v -19.500 2.000 -7.500
v -19.500 2.000 7.500
v -19.500 2.000 8.500
v -19.500 3.000 -8.500
v -19.500 3.000 -7.500
v -19.500 3.000 7.500
v -19.500 3.000 8.500
v -19.500 4.000 -7.500
v -19.500 4.000 -6.500
v -19.500 3.000 -6.500
v -19.500 3.000 6.500
v -19.500 4.000 6.500
v -19.500 4.000 7.500
v -19.500 5.000 -7.500
v -19.500 5.000 -6.500
v -19.500 5.000 -5.500
v -19.500 4.000 -5.500
v -19.500 4.000 5.500
v -19.500 5.000 5.500
v -19.500 5.000 6.500
v -19.500 5.000 7.500
v -19.500 6.000 -6.500
v -19.500 6.000 -5.500
v -19.500 6.000 -4.500
v -19.500 5.000 -4.500
v -19.500 5.000 4.500
v -19.500 6.000 4.500
v -19.500 6.000 5.500
v -19.500 6.000 6.500
v -19.500 7.000 -5.500
v -19.500 7.000 -4.500
v -19.500 7.000 -3.500
v -19.500 6.000 -3.500
v -19.500 6.000 3.500
v -19.500 7.000 3.500
v -19.500 7.000 4.500
v -19.500 7.000 5.500
v -19.500 8.000 -3.500
v -19.500 8.000 -2.500
v -19.500 7.000 -2.500
v -19.500 8.000 -1.500
v -19.500 7.000 -1.500
v -19.500 8.000 -0.500
v -19.500 7.000 -0.500
v -19.500 8.000 0.500
v -19.500 7.000 0.500
v -19.500 8.000 1.500
v -19.500 7.000 1.500
v -19.500 8.000 2.500
v -19.500 7.000 2.500
v -19.500 8.000 3.500
v -18.500 -7.000 -3.500
v -18.500 -7.000 -2.500
v -18.500 -6.000 -3.500
v -18.500 -7.000 -1.500
v -18.500 -7.000 -0.500
v -18.500 -7.000 0.500
v -18.500 -7.000 1.500
v -18.500 -7.000 2.500
v -18.500 -7.000 3.500
v -18.500 -6.000 3.500
v -18.500 -6.000 -4.500
v -18.500 -5.000 -4.500
v -18.500 -6.000 4.500
v -18.500 -5.000 4.500
v -18.500 -5.000 -5.500
v -18.500 -4.000 -5.500
v -18.500 -5.000 5.500
v -18.500 -4.000 5.500
v -18.500 -4.000 -6.500
v -18.500 -3.000 -6.500
v -18.500 -4.000 6.500
v -18.500 -3.000 6.500
v -18.500 -3.000 -7.500
v -18.500 -2.000 -7.500
v -18.500 -3.000 7.500
v -18.500 -2.000 7.500
v -18.500 -1.000 -7.500
v -18.500 -1.000 7.500
v -18.500 0.000 -7.500
v -18.500 0.000 7.500
v -18.500 1.000 -7.500
v -18.500 1.000 7.500
v -18.500 2.000 -7.500
v -18.500 2.000 7.500
v -18.500 3.000 -6.500
v -18.500 3.000 -7.500
v -18.500 3.000 7.500
v -18.500 3.000 6.500
v -18.500 4.000 -5.500
v -18.500 4.000 -6.500
v -18.500 4.000 6.500
v -18.500 4.000 5.500
v -18.500 5.000 -4.500
v -18.500 5.000 -5.500
v -18.500 5.000 5.500
v -18.500 5.000 4.500
v -18.500 6.000 -3.500
v -18.500 6.000 -4.500
v -18.500 6.000 4.500
v -18.500 6.000 3.500
v -18.500 7.000 -2.500
v -18.500 7.000 -3.500
v -18.500 7.000 -1.500
v -18.500 7.000 -0.500
v -18.500 7.000 0.500
v -18.500 7.000 1.500
v -18.500 7.000 2.500
v -18.500 7.000 3.500
v -18.500 -8.000 -2.500
v -18.500 -8.000 -3.500
v -17.500 -8.000 -3.500
v -17.500 -8.000 -2.500
v -17.500 -7.000 -3.500
v -18.500 -8.000 -1.500
v -17.500 -8.000 -1.500
v -18.500 -8.000 -0.500
v -17.500 -8.000 -0.500
v -18.500 -8.000 0.500
v -17.500 -8.000 0.500
v -18.500 -8.000 1.500
v -17.500 -8.000 1.500
v -18.500 -8.000 2.500
v -17.500 -8.000 2.500
v -18.500 -8.000 3.500
v -17.500 -8.000 3.500
v -17.500 -7.000 3.500
v -18.500 -7.000 -4.500
v -18.500 -6.000 -5.500
v -18.500 -7.000 -5.500
v -17.500 -7.000 -5.500
v -17.500 -7.000 -4.500
v -17.500 -6.000 -5.500
v -18.500 -7.000 4.500
v -17.500 -7.000 4.500
v -18.500 -7.000 5.500
v -18.500 -6.000 5.500
v -17.500 -7.000 5.500
v -17.500 -6.000 5.500
v -18.500 -5.000 -6.500
v -18.500 -6.000 -6.500
v -17.500 -6.000 -6.500
v -17.500 -5.000 -6.500
v -18.500 -6.000 6.500
v -18.500 -5.000 6.500
v -17.500 -6.000 6.500
v -17.500 -5.000 6.500
v -18.500 -4.000 -7.500
v -18.500 -5.000 -7.500
v -17.500 -5.000 -7.500
v -17.500 -4.000 -7.500
v -18.500 -5.000 7.500
v -18.500 -4.000 7.500
v -17.500 -5.000 7.500
v -17.500 -4.000 7.500
v -17.500 -3.000 -7.500
v -17.500 -3.000 7.500
v -18.500 -2.000 -8.500
v -18.500 -3.000 -8.500
v -17.500 -3.000 -8.500
v -17.500 -2.000 -8.500
v -18.500 -3.000 8.500
v -18.500 -2.000 8.500
v -17.500 -3.000 8.500
v -17.500 -2.000 8.500
v -18.500 -1.000 -8.500
v -17.500 -1.000 -8.500
v -18.500 -1.000 8.500
v -17.500 -1.000 8.500
v -18.500 0.000 -8.500
v -17.500 0.000 -8.500
v -18.500 0.000 8.500
v -17.500 0.000 8.500
v -18.500 1.000 -8.500
v -17.500 1.000 -8.500
v -18.500 1.000 8.500
v -17.500 1.000 8.500
v -18.500 2.000 -8.500
v -17.500 2.000 -8.500
v -18.500 2.000 8.500
v -17.500 2.000 8.500
v -18.500 3.000 -8.500
v -17.500 3.000 -7.500
v -17.500 3.000 -8.500
v -18.500 3.000 8.500
v -17.500 3.000 8.500
v -17.500 3.000 7.500
v -18.500 4.000 -7.500
v -17.500 4.000 -7.500
v -18.500 4.000 7.500
v -17.500 4.000 7.500
v -18.500 5.000 -6.500
v -18.500 5.000 -7.500
v -17.500 5.000 -6.500
v -17.500 5.000 -7.500
v -18.500 5.000 6.500
v -18.500 5.000 7.500
v -17.500 5.000 7.500
v -17.500 5.000 6.500
v -18.500 6.000 -5.500
v -18.500 6.000 -6.500
v -17.500 6.000 -5.500
v -17.500 6.000 -6.500
v -18.500 6.000 5.500
v -18.500 6.000 6.500
v -17.500 6.000 6.500
v -17.500 6.000 5.500
v -18.500 7.000 -4.500
v -18.500 7.000 -5.500
v -17.500 7.000 -4.500
v -17.500 7.000 -5.500
v -17.500 7.000 -3.500
v -18.500 7.000 4.500
v -17.500 7.000 4.500
v -17.500 7.000 3.500
v -18.500 7.000 5.500
v -17.500 7.000 5.500
v -18.500 8.000 -2.500
v -18.500 8.000 -3.500
v -17.500 8.000 -2.500
v -17.500 8.000 -3.500
v -18.500 8.000 -1.500
v -17.500 8.000 -1.500
v -18.500 8.000 -0.500
v -17.500 8.000 -0.500
v -18.500 8.000 0.500
v -17.500 8.000 0.500
v -18.500 8.000 1.500
v -17.500 8.000 1.500
v -18.500 8.000 2.500
v -17.500 8.000 2.500
v -18.500 8.000 3.500
v -17.500 8.000 3.500
v -16.500 -8.000 -3.500
v -16.500 -8.000 -2.500
v -16.500 -7.000 -3.500
v -16.500 -8.000 -1.500
v -16.500 -8.000 -0.500
v -16.500 -8.000 0.500
v -16.500 -8.000 1.500
v -16.500 -8.000 2.500
v -16.500 -8.000 3.500
v -16.500 -7.000 3.500
v -16.500 -7.000 -5.500
v -16.500 -7.000 -4.500
v -16.500 -6.000 -5.500
v -16.500 -7.000 4.500
v -16.500 -7.000 5.500
v -16.500 -6.000 5.500
v -16.500 -6.000 -6.500
v -16.500 -5.000 -6.500
v -16.500 -6.000 6.500
v -16.500 -5.000 6.500
v -16.500 -5.000 -7.500
v -16.500 -4.000 -7.500
v -16.500 -5.000 7.500
v -16.500 -4.000 7.500
v -16.500 -3.000 -7.500
v -16.500 -3.000 7.500
v -16.500 -3.000 -8.500
v -16.500 -2.000 -8.500
v -16.500 -3.000 8.500
v -16.500 -2.000 8.500
v -16.500 -1.000 -8.500
v -16.500 -1.000 8.500
v -16.500 0.000 -8.500
v -16.500 0.000 8.500
v -16.500 1.000 -8.500
v -16.500 1.000 8.500
v -16.500 2.000 -8.500
v -16.500 2.000 8.500
v -16.500 3.000 -7.500
v -16.500 3.000 -8.500
v -16.500 3.000 8.500
v -16.500 3.000 7.500
v -16.500 4.000 -7.500
v -16.500 4.000 7.500
v -16.500 5.000 -6.500
v -16.500 5.000 -7.500
v -16.500 5.000 7.500
v -16.500 5.000 6.500
v -16.500 6.000 -5.500
v -16.500 6.000 -6.500
v -16.500 6.000 6.500
v -16.500 6.000 5.500
v -16.500 7.000 -4.500
v -16.500 7.000 -5.500
v -16.500 7.000 -3.500
v -16.500 7.000 4.500
v -16.500 7.000 3.500
v -16.500 7.000 5.500
v -16.500 8.000 -2.500
v -16.500 8.000 -3.500
v -16.500 8.000 -1.500
v -16.500 8.000 -0.500
v -16.500 8.000 0.500
v -16.500 8.000 1.500
v -16.500 8.000 2.500
v -16.500 8.000 3.500
v -15.500 -9.000 -3.500
v -15.500 -8.000 -3.500
v -15.500 -8.000 -2.500
v -15.500 -9.000 -2.500
v -16.500 -9.000 -2.500
v -16.500 -9.000 -3.500
v -15.500 -8.000 -1.500
v -15.500 -9.000 -1.500
v -16.500 -9.000 -1.500
v -15.500 -8.000 -0.500
v -15.500 -9.000 -0.500
v -16.500 -9.000 -0.500
v -15.500 -8.000 0.500
v -15.500 -9.000 0.500
v -16.500 -9.000 0.500
v -15.500 -8.000 1.500
v -15.500 -9.000 1.500
v -16.500 -9.000 1.500
v -15.500 -8.000 2.500
v -15.500 -9.000 2.500
v -16.500 -9.000 2.500
v -15.500 -8.000 3.500
v -15.500 -9.000 3.500
v -16.500 -9.000 3.500
v -15.500 -8.000 -5.500
v -15.500 -7.000 -5.500
v -15.500 -7.000 -4.500
v -15.500 -8.000 -4.500
v -16.500 -8.000 -4.500
v -16.500 -8.000 -5.500
v -15.500 -7.000 -3.500
v -15.500 -7.000 3.500
v -15.500 -7.000 4.500
v -15.500 -8.000 4.500
v -16.500 -8.000 4.500
v -15.500 -7.000 5.500
v -15.500 -8.000 5.500
v -16.500 -8.000 5.500
v -15.500 -7.000 -6.500
v -15.500 -6.000 -6.500
v -15.500 -6.000 -5.500
v -16.500 -7.000 -6.500
v -15.500 -6.000 5.500
v -15.500 -6.000 6.500
v -15.500 -7.000 6.500
v -16.500 -7.000 6.500
v -15.500 -6.000 -7.500
v -15.500 -5.000 -7.500
v -15.500 -5.000 -6.500
v -16.500 -6.000 -7.500
v -15.500 -5.000 6.500
v -15.500 -5.000 7.500
v -15.500 -6.000 7.500
v -16.500 -6.000 7.500
v -15.500 -5.000 -8.500
v -15.500 -4.000 -8.500
v -15.500 -4.000 -7.500
v -16.500 -4.000 -8.500
v -16.500 -5.000 -8.500
v -15.500 -4.000 7.500
v -15.500 -4.000 8.500
v -15.500 -5.000 8.500
v -16.500 -5.000 8.500
v -16.500 -4.000 8.500
v -15.500 -3.000 -8.500
v -15.500 -3.000 -7.500
v -15.500 -3.000 7.500
v -15.500 -3.000 8.500
v -15.500 -3.000 -9.500
v -15.500 -2.000 -9.500
v -15.500 -2.000 -8.500
v -16.500 -2.000 -9.500
v -16.500 -3.000 -9.500
v -15.500 -2.000 8.500
v -15.500 -2.000 9.500
v -15.500 -3.000 9.500
v -16.500 -3.000 9.500
v -16.500 -2.000 9.500
v -15.500 -1.000 -9.500
v -15.500 -1.000 -8.500
v -16.500 -1.000 -9.500
v -15.500 -1.000 8.500
v -15.500 -1.000 9.500
v -16.500 -1.000 9.500
v -15.500 0.000 -9.500
v -15.500 0.000 -8.500
v -16.500 0.000 -9.500
v -15.500 0.000 8.500
v -15.500 0.000 9.500
v -16.500 0.000 9.500
v -15.500 1.000 -9.500
v -15.500 1.000 -8.500
v -16.500 1.000 -9.500
v -15.500 1.000 8.500
v -15.500 1.000 9.500
v -16.500 1.000 9.500
v -15.500 2.000 -9.500
v -15.500 2.000 -8.500
v -16.500 2.000 -9.500
v -15.500 2.000 8.500
v -15.500 2.000 9.500
v -16.500 2.000 9.500
v -15.500 3.000 -9.500
v -15.500 3.000 -8.500
v -16.500 3.000 -9.500
v -15.500 3.000 8.500
v -15.500 3.000 9.500
v -16.500 3.000 9.500
v -15.500 4.000 -8.500
v -15.500 4.000 -7.500
v -15.500 3.000 -7.500
v -16.500 4.000 -8.500
v -15.500 3.000 7.500
v -15.500 4.000 7.500
v -15.500 4.000 8.500
v -16.500 4.000 8.500
v -15.500 5.000 -8.500
v -15.500 5.000 -7.500
v -16.500 5.000 -8.500
v -15.500 5.000 7.500
v -15.500 5.000 8.500
v -16.500 5.000 8.500
v -15.500 6.000 -7.500
v -15.500 6.000 -6.500
v -15.500 5.000 -6.500
v -16.500 6.000 -7.500
v -15.500 5.000 6.500
v -15.500 6.000 6.500
v -15.500 6.000 7.500
v -16.500 6.000 7.500
v -15.500 7.000 -6.500
v -15.500 7.000 -5.500
v -15.500 6.000 -5.500
v -16.500 7.000 -6.500
v -15.500 6.000 5.500
v -15.500 7.000 5.500
v -15.500 7.000 6.500
v -16.500 7.000 6.500
v -15.500 8.000 -5.500
v -15.500 8.000 -4.500
v -15.500 7.000 -4.500
v -16.500 8.000 -4.500
v -16.500 8.000 -5.500
v -15.500 8.000 -3.500
v -15.500 7.000 -3.500
v -15.500 7.000 3.500
v -15.500 8.000 3.500
v -15.500 8.000 4.500
v -15.500 7.000 4.500
v -16.500 8.000 4.500
v -15.500 8.000 5.500
v -16.500 8.000 5.500
v -15.500 9.000 -3.500
v -15.500 9.000 -2.500
v -15.500 8.000 -2.500
v -16.500 9.000 -2.500
v -16.500 9.000 -3.500
v -15.500 9.000 -1.500
v -15.500 8.000 -1.500
v -16.500 9.000 -1.500
v -15.500 9.000 -0.500
v -15.500 8.000 -0.500
v -16.500 9.000 -0.500
v -15.500 9.000 0.500
v -15.500 8.000 0.500
v -16.500 9.000 0.500
v -15.500 9.000 1.500
v -15.500 8.000 1.500
v -16.500 9.000 1.500
v -15.500 9.000 2.500
v -15.500 8.000 2.500
v -16.500 9.000 2.500
v -15.500 9.000 3.500
v -16.500 9.000 3.500
v -14.500 -8.000 -3.500
v -14.500 -8.000 -2.500
v -14.500 -7.000 -3.500
v -14.500 -8.000 -1.500
v -14.500 -8.000 -0.500
v -14.500 -8.000 0.500
v -14.500 -8.000 1.500
v -14.500 -8.000 2.500
v -14.500 -8.000 3.500
v -14.500 -7.000 3.500
v -14.500 -7.000 -5.500
v -14.500 -7.000 -4.500
v -14.500 -6.000 -5.500
v -14.500 -7.000 4.500
v -14.500 -7.000 5.500
v -14.500 -6.000 5.500
v -14.500 -6.000 -6.500
v -14.500 -5.000 -6.500
v -14.500 -6.000 6.500
v -14.500 -5.000 6.500
v -14.500 -5.000 -7.500
v -14.500 -4.000 -7.500
v -14.500 -5.000 7.500
v -14.500 -4.000 7.500
v -14.500 -3.000 -7.500
v -14.500 -3.000 7.500
v -14.500 -3.000 -8.500
v -14.500 -2.000 -8.500
v -14.500 -3.000 8.500
v -14.500 -2.000 8.500
v -14.500 -1.000 -8.500
v -14.500 -1.000 8.500
v -14.500 0.000 -8.500
v -14.500 0.000 8.500
v -14.500 1.000 -8.500
v -14.500 1.000 8.500
v -14.500 2.000 -8.500
v -14.500 2.000 8.500
v -14.500 3.000 -7.500
v -14.500 3.000 -8.500
v -14.500 3.000 8.500
v -14.500 3.000 7.500
v -14.500 4.000 -7.500
v -14.500 4.000 7.500
v -14.500 5.000 -6.500
v -14.500 5.000 -7.500
v -14.500 5.000 7.500
v -14.500 5.000 6.500
v -14.500 6.000 -5.500
v -14.500 6.000 -6.500
v -14.500 6.000 6.500
v -14.500 6.000 5.500
v -14.500 7.000 -4.500
v -14.500 7.000 -5.500
v -14.500 7.000 -3.500
v -14.500 7.000 4.500
v -14.500 7.000 3.500
v -14.500 7.000 5.500
v -14.500 8.000 -2.500
v -14.500 8.000 -3.500
v -14.500 8.000 -1.500
v -14.500 8.000 -0.500
v -14.500 8.000 0.500
v -14.500 8.000 1.500
v -14.500 8.000 2.500
v -14.500 8.000 3.500
v -13.500 -8.000 -3.500
v -13.500 -7.000 -3.500
v -13.500 -7.000 -2.500
v -13.500 -8.000 -2.500
v -13.500 -7.000 -1.500
v -13.500 -8.000 -1.500
v -13.500 -7.000 -0.500
v -13.500 -8.000 -0.500
v -13.500 -7.000 0.500
v -13.500 -8.000 0.500
v -13.500 -7.000 1.500
v -13.500 -8.000 1.500
v -13.500 -7.000 2.500
v -13.500 -8.000 2.500
v -13.500 -7.000 3.500
v -13.500 -8.000 3.500
v -13.500 -7.000 -5.500
v -13.500 -6.000 -5.500
v -13.500 -6.000 -4.500
v -13.500 -7.000 -4.500
v -13.500 -6.000 -3.500
v -13.500 -6.000 -2.500
v -13.500 -6.000 -1.500
v -13.500 -6.000 -0.500
v -13.500 -6.000 0.500
v -13.500 -6.000 1.500
v -13.500 -6.000 2.500
v -13.500 -6.000 3.500
v -13.500 -6.000 4.500
v -13.500 -7.000 4.500
v -13.500 -6.000 5.500
v -13.500 -7.000 5.500
v -13.500 -6.000 -6.500
v -13.500 -5.000 -6.500
v -13.500 -5.000 -5.500
v -13.500 -5.000 -4.500
v -13.500 -5.000 -3.500
v -13.500 -5.000 -2.500
v -13.500 -5.000 -1.500
v -13.500 -5.000 -0.500
v -13.500 -5.000 0.500
v -13.500 -5.000 1.500
v -13.500 -5.000 2.500
v -13.500 -5.000 3.500
v -13.500 -5.000 4.500
v -13.500 -5.000 5.500
v -13.500 -5.000 6.500
v -13.500 -6.000 6.500
v -13.500 -5.000 -7.500
v -13.500 -4.000 -7.500
v -13.500 -4.000 -6.500
v -13.500 -4.000 -5.500
v -13.500 -4.000 -4.500
v -13.500 -4.000 -3.500
v -13.500 -4.000 -2.500
v -13.500 -4.000 -1.500
v -13.500 -4.000 -0.500
v -13.500 -4.000 0.500
v -13.500 -4.000 1.500
v -13.500 -4.000 2.500
v -13.500 -4.000 3.500
v -13.500 -4.000 4.500
v -13.500 -4.000 5.500
v -13.500 -4.000 6.500
v -13.500 -4.000 7.500
v -13.500 -5.000 7.500
v -13.500 -3.000 -7.500
v -13.500 -3.000 -6.500
v -13.500 -3.000 -5.500
v -13.500 -3.000 -4.500
v -13.500 -3.000 -3.500
v -13.500 -3.000 -2.500
v -13.500 -3.000 -1.500
v -13.500 -3.000 -0.500
v -13.500 -3.000 0.500
v -13.500 -3.000 1.500
v -13.500 -3.000 2.500
v -13.500 -3.000 3.500
v -13.500 -3.000 4.500
v -13.500 -3.000 5.500
v -13.500 -3.000 6.500
v -13.500 -3.000 7.500
v -13.500 -3.000 -8.500
v -13.500 -2.000 -8.500
v -13.500 -2.000 -7.500
v -13.500 -2.000 -6.500
v -13.500 -2.000 -5.500
v -13.500 -2.000 -4.500
v -13.500 -2.000 -3.500
v -13.500 -2.000 -2.500
v -13.500 -2.000 -1.500
v -13.500 -2.000 -0.500
v -13.500 -2.000 0.500
v -13.500 -2.000 1.500
v -13.500 -2.000 2.500
v -13.500 -2.000 3.500
v -13.500 -2.000 4.500
v -13.500 -2.000 5.500
v -13.500 -2.000 6.500
v -13.500 -2.000 7.500
v -13.500 -2.000 8.500
v -13.500 -3.000 8.500
v -13.500 -1.000 -8.500
v -13.500 -1.000 -7.500
v -13.500 -1.000 -6.500
v -13.500 -1.000 -5.500
v -13.500 -1.000 -4.500
v -13.500 -1.000 -3.500
v -13.500 -1.000 -2.500
v -13.500 -1.000 -1.500
v -13.500 -1.000 1.500
v -13.500 -1.000 2.500
v -13.500 -1.000 3.500
v -13.500 -1.000 4.500
v -13.500 -1.000 5.500
v -13.500 -1.000 6.500
v -13.500 -1.000 7.500
v -13.500 -1.000 8.500
v -13.500 0.000 -8.500
v -13.500 0.000 -7.500
v -13.500 0.000 -6.500
v -13.500 0.000 -5.500
v -13.500 0.000 -4.500
v -13.500 0.000 -3.500
v -13.500 0.000 -2.500
v -13.500 0.000 2.500
v -13.500 0.000 3.500
v -13.500 0.000 4.500
v -13.500 0.000 5.500
v -13.500 0.000 6.500
v -13.500 0.000 7.500
v -13.500 0.000 8.500
v -13.500 1.000 -8.500
v -13.500 1.000 -7.500
v -13.500 1.000 -6.500
v -13.500 1.000 -5.500
v -13.500 1.000 -4.500
v -13.500 1.000 -3.500
v -13.500 1.000 -2.500
v -13.500 1.000 2.500
v -13.500 1.000 3.500
v -13.500 1.000 4.500
v -13.500 1.000 5.500
v -13.500 1.000 6.500
v -13.500 1.000 7.500
v -13.500 1.000 8.500
v -13.500 2.000 -8.500
v -13.500 2.000 -7.500
v -13.500 2.000 -6.500
v -13.500 2.000 -5.500
v -13.500 2.000 -4.500
v -13.500 2.000 -3.500
v -13.500 2.000 -2.500
v -13.500 2.000 -1.500
v -13.500 1.000 -1.500
v -13.500 1.000 1.500
v -13.500 2.000 1.500
v -13.500 2.000 2.500
v -13.500 2.000 3.500
v -13.500 2.000 4.500
v -13.500 2.000 5.500
v -13.500 2.000 6.500
v -13.500 2.000 7.500
v -13.500 2.000 8.500
v -13.500 3.000 -8.500
v -13.500 3.000 -7.500
v -13.500 3.000 -6.500
v -13.500 3.000 -5.500
v -13.500 3.000 -4.500
v -13.500 3.000 -3.500
v -13.500 3.000 -2.500
v -13.500 3.000 -1.500
v -13.500 3.000 -0.500
v -13.500 2.000 -0.500
v -13.500 3.000 0.500
v -13.500 2.000 0.500
v -13.500 3.000 1.500
v -13.500 3.000 2.500
v -13.500 3.000 3.500
v -13.500 3.000 4.500
v -13.500 3.000 5.500
v -13.500 3.000 6.500
v -13.500 3.000 7.500
v -13.500 3.000 8.500
v -13.500 4.000 -7.500
v -13.500 4.000 -6.500
v -13.500 4.000 -5.500
v -13.500 4.000 -4.500
v -13.500 4.000 -3.500
v -13.500 4.000 -2.500
v -13.500 4.000 -1.500
v -13.500 4.000 -0.500
v -13.500 4.000 0.500
v -13.500 4.000 1.500
v -13.500 4.000 2.500
v -13.500 4.000 3.500
v -13.500 4.000 4.500
v -13.500 4.000 5.500
v -13.500 4.000 6.500
v -13.500 4.000 7.500
v -13.500 5.000 -7.500
v -13.500 5.000 -6.500
v -13.500 5.000 -5.500
v -13.500 5.000 -4.500
v -13.500 5.000 -3.500
v -13.500 5.000 -2.500
v -13.500 5.000 -1.500
v -13.500 5.000 -0.500
v -13.500 5.000 0.500
v -13.500 5.000 1.500
v -13.500 5.000 2.500
v -13.500 5.000 3.500
v -13.500 5.000 4.500
v -13.500 5.000 5.500
v -13.500 5.000 6.500
v -13.500 5.000 7.500
v -13.500 6.000 -6.500
v -13.500 6.000 -5.500
v -13.500 6.000 -4.500
v -13.500 6.000 -3.500
v -13.500 6.000 -2.500
v -13.500 6.000 -1.500
v -13.500 6.000 -0.500
v -13.500 6.000 0.500
v -13.500 6.000 1.500
v -13.500 6.000 2.500
v -13.500 6.000 3.500
v -13.500 6.000 4.500
v -13.500 6.000 5.500
v -13.500 6.000 6.500
v -13.500 7.000 -5.500
v -13.500 7.000 -4.500
v -13.500 7.000 -3.500
v -13.500 7.000 -2.500
v -13.500 7.000 -1.500
v -13.500 7.000 -0.500
v -13.500 7.000 0.500
v -13.500 7.000 1.500
v -13.500 7.000 2.500
v -13.500 7.000 3.500
v -13.500 7.000 4.500
v -13.500 7.000 5.500
v -13.500 8.000 -3.500
v -13.500 8.000 -2.500
v -13.500 8.000 -1.500
v -13.500 8.000 -0.500
v -13.500 8.000 0.500
v -13.500 8.000 1.500
v -13.500 8.000 2.500
v -13.500 8.000 3.500
v -12.500 -2.000 -1.500
v -12.500 -2.000 -0.500
v -12.500 -1.000 -1.500
v -12.500 -2.000 0.500
v -12.500 -2.000 1.500
v -12.500 -1.000 1.500
v -12.500 -1.000 -2.500
v -12.500 0.000 -2.500
v -12.500 -1.000 2.500
v -12.500 0.000 2.500
v -12.500 1.000 -1.500
v -12.500 1.000 -2.500
v -12.500 1.000 2.500
v -12.500 1.000 1.500
v -12.500 2.000 -0.500
v -12.500 2.000 -1.500
v -12.500 2.000 0.500
v -12.500 2.000 1.500
v -11.500 -2.000 -1.500
v -11.500 -2.000 -0.500
v -11.500 -1.000 -1.500
v -11.500 -2.000 0.500
v -11.500 -2.000 1.500
v -11.500 -1.000 1.500
v -11.500 -1.000 -2.500
v -11.500 0.000 -2.500
v -11.500 -1.000 2.500
v -11.500 0.000 2.500
v -11.500 1.000 -1.500
v -11.500 1.000 -2.500
v -11.500 1.000 2.500
v -11.500 1.000 1.500
v -11.500 2.000 -0.500
v -11.500 2.000 -1.500
v -11.500 2.000 0.500
v -11.500 2.000 1.500
v -10.500 -2.000 -1.500
v -10.500 -2.000 -0.500
v -10.500 -1.000 -1.500
v -10.500 -2.000 0.500
v -10.500 -2.000 1.500
v -10.500 -1.000 1.500
v -10.500 -1.000 -2.500
v -10.500 0.000 -2.500
v -10.500 -1.000 2.500
v -10.500 0.000 2.500
v -10.500 1.000 -1.500
v -10.500 1.000 -2.500
v -10.500 1.000 2.500
v -10.500 1.000 1.500
v -10.500 2.000 -0.500
v -10.500 2.000 -1.500
v -10.500 2.000 0.500
v -10.500 2.000 1.500
v -9.500 -2.000 -1.500
v -9.500 -2.000 -0.500
v -9.500 -1.000 -1.500
v -9.500 -2.000 0.500
v -9.500 -2.000 1.500
v -9.500 -1.000 1.500
v -9.500 -1.000 -2.500
v -9.500 0.000 -2.500
v -9.500 -1.000 2.500
v -9.500 0.000 2.500
v -9.500 1.000 -1.500
v -9.500 1.000 -2.500
v -9.500 1.000 2.500
v -9.500 1.000 1.500
v -9.500 2.000 -0.500
v -9.500 2.000 -1.500
v -9.500 2.000 0.500
v -9.500 2.000 1.500
v -8.500 -2.000 -1.500
v -8.500 -2.000 -0.500
v -8.500 -1.000 -1.500
v -8.500 -2.000 0.500
v -8.500 -2.000 1.500
v -8.500 -1.000 1.500
v -8.500 -1.000 -2.500
v -8.500 0.000 -2.500
v -8.500 -1.000 2.500
v -8.500 0.000 2.500
v -8.500 1.000 -1.500
v -8.500 1.000 -2.500
v -8.500 1.000 2.500
v -8.500 1.000 1.500
v -8.500 2.000 -0.500
v -8.500 2.000 -1.500
v -8.500 2.000 0.500
v -8.500 2.000 1.500
v -7.500 -2.000 -1.500
v -7.500 -2.000 -0.500
v -7.500 -1.000 -1.500
v -7.500 -2.000 0.500
v -7.500 -2.000 1.500
v -7.500 -1.000 1.500
v -7.500 -1.000 -2.500
v -7.500 0.000 -2.500
v -7.500 0.000 -1.500
v -7.500 0.000 1.500
v -7.500 0.000 2.500
v -7.500 -1.000 2.500
v -7.500 1.000 -2.500
v -7.500 1.000 -1.500
v -7.500 1.000 1.500
v -7.500 1.000 2.500
v -7.500 2.000 -0.500
v -7.500 2.000 -1.500
v -7.500 2.000 0.500
v -7.500 2.000 1.500
v -6.500 -2.000 -1.500
v -6.500 -2.000 -0.500
v -6.500 -1.000 -1.500
v -6.500 -2.000 0.500
v -6.500 -2.000 1.500
v -6.500 -1.000 1.500
v -6.500 0.000 -1.500
v -6.500 0.000 1.500
v -6.500 1.000 -1.500
v -6.500 1.000 1.500
v -6.500 2.000 -0.500
v -6.500 2.000 -1.500
v -6.500 2.000 0.500
v -6.500 2.000 1.500
v -6.500 -3.000 -0.500
v -6.500 -3.000 -1.500
v -5.500 -3.000 -1.500
v -5.500 -3.000 -0.500
v -5.500 -2.000 -1.500
v -6.500 -3.000 0.500
v -5.500 -3.000 0.500
v -6.500 -3.000 1.500
v -5.500 -3.000 1.500
v -5.500 -2.000 1.500
v -6.500 -1.000 -2.500
v -6.500 -2.000 -2.500
v -5.500 -2.000 -2.500
v -5.500 -1.000 -2.500
v -6.500 -2.000 2.500
v -6.500 -1.000 2.500
v -5.500 -2.000 2.500
v -5.500 -1.000 2.500
v -6.500 0.000 -2.500
v -5.500 0.000 -2.500
v -6.500 0.000 2.500
v -5.500 0.000 2.500
v -6.500 1.000 -2.500
v -5.500 1.000 -2.500
v -6.500 1.000 2.500
v -5.500 1.000 2.500
v -6.500 2.000 -2.500
v -5.500 2.000 -1.500
v -5.500 2.000 -2.500
v -6.500 2.000 2.500
v -5.500 2.000 2.500
v -5.500 2.000 1.500
v -6.500 3.000 -0.500
v -6.500 3.000 -1.500
v -5.500 3.000 -0.500
v -5.500 3.000 -1.500
v -6.500 3.000 0.500
v -5.500 3.000 0.500
v -6.500 3.000 1.500
v -5.500 3.000 1.500
v -5.500 -3.000 -2.500
v -4.500 -3.000 -2.500
v -4.500 -3.000 -1.500
v -4.500 -2.000 -2.500
v -4.500 -3.000 -0.500
v -4.500 -3.000 0.500
v -4.500 -3.000 1.500
v -5.500 -3.000 2.500
v -4.500 -3.000 2.500
v -4.500 -2.000 2.500
v -5.500 -1.000 -3.500
v -5.500 -2.000 -3.500
v -4.500 -2.000 -3.500
v -4.500 -1.000 -3.500
v -5.500 -2.000 3.500
v -5.500 -1.000 3.500
v -4.500 -2.000 3.500
v -4.500 -1.000 3.500
v -5.500 0.000 -3.500
v -4.500 0.000 -3.500
v -5.500 0.000 3.500
v -4.500 0.000 3.500
v -5.500 1.000 -3.500
v -4.500 1.000 -3.500
v -5.500 1.000 3.500
v -4.500 1.000 3.500
v -5.500 2.000 -3.500
v -4.500 2.000 -2.500
v -4.500 2.000 -3.500
v -5.500 2.000 3.500
v -4.500 2.000 3.500
v -4.500 2.000 2.500
v -5.500 3.000 -2.500
v -4.500 3.000 -1.500
v -4.500 3.000 -2.500
v -4.500 3.000 -0.500
v -4.500 3.000 0.500
v -4.500 3.000 1.500
v -5.500 3.000 2.500
v -4.500 3.000 2.500
v -4.500 -4.000 -1.500
v -4.500 -4.000 -2.500
v -3.500 -4.000 -2.500
v -3.500 -4.000 -1.500
v -3.500 -3.000 -2.500
v -4.500 -4.000 -0.500
v -3.500 -4.000 -0.500
v -4.500 -4.000 0.500
v -3.500 -4.000 0.500
v -4.500 -4.000 1.500
v -3.500 -4.000 1.500
v -4.500 -4.000 2.500
v -3.500 -4.000 2.500
v -3.500 -3.000 2.500
v -4.500 -3.000 -3.500
v -3.500 -3.000 -3.500
v -3.500 -2.000 -3.500
v -4.500 -3.000 3.500
v -3.500 -3.000 3.500
v -3.500 -2.000 3.500
v -4.500 -1.000 -4.500
v -4.500 -2.000 -4.500
v -3.500 -2.000 -4.500
v -3.500 -1.000 -4.500
v -4.500 -2.000 4.500
v -4.500 -1.000 4.500
v -3.500 -2.000 4.500
v -3.500 -1.000 4.500
v -4.500 0.000 -4.500
v -3.500 0.000 -4.500
v -4.500 0.000 4.500
v -3.500 0.000 4.500
v -4.500 1.000 -4.500
v -3.500 1.000 -4.500
v -4.500 1.000 4.500
v -3.500 1.000 4.500
v -4.500 2.000 -4.500
v -3.500 2.000 -3.500
v -3.500 2.000 -4.500
v -4.500 2.000 4.500
v -3.500 2.000 4.500
v -3.500 2.000 3.500
v -4.500 3.000 -3.500
v -3.500 3.000 -2.500
v -3.500 3.000 -3.500
v -4.500 3.000 3.500
v -3.500 3.000 3.500
v -3.500 3.000 2.500
v -4.500 4.000 -1.500
v -4.500 4.000 -2.500
v -3.500 4.000 -1.500
v -3.500 4.000 -2.500
v -4.500 4.000 -0.500
v -3.500 4.000 -0.500
v -4.500 4.000 0.500
v -3.500 4.000 0.500
v -4.500 4.000 1.500
v -3.500 4.000 1.500
v -4.500 4.000 2.500
v -3.500 4.000 2.500
v -3.500 -5.000 -2.500
v -3.500 -4.000 -3.500
v -3.500 -5.000 -3.500
v -2.500 -5.000 -3.500
v -2.500 -5.000 -2.500
v -2.500 -4.000 -3.500
v -3.500 -5.000 -1.500
v -2.500 -5.000 -1.500
v -3.500 -5.000 -0.500
v -2.500 -5.000 -0.500
v -3.500 -5.000 0.500
v -2.500 -5.000 0.500
v -3.500 -5.000 1.500
v -2.500 -5.000 1.500
v -3.500 -5.000 2.500
v -2.500 -5.000 2.500
v -3.500 -5.000 3.500
v -3.500 -4.000 3.500
v -2.500 -5.000 3.500
v -2.500 -4.000 3.500
v -2.500 -3.000 -3.500
v -2.500 -3.000 3.500
v -3.500 -3.000 -4.500
v -2.500 -3.000 -4.500
v -2.500 -2.000 -4.500
v -3.500 -3.000 4.500
v -2.500 -3.000 4.500
v -2.500 -2.000 4.500
v -3.500 -1.000 -5.500
v -3.500 -2.000 -5.500
v -2.500 -2.000 -5.500
v -2.500 -1.000 -5.500
v -3.500 -2.000 5.500
v -3.500 -1.000 5.500
v -2.500 -2.000 5.500
v -2.500 -1.000 5.500
v -3.500 0.000 -5.500
v -2.500 0.000 -5.500
v -3.500 0.000 5.500
v -2.500 0.000 5.500
v -3.500 1.000 -5.500
v -2.500 1.000 -5.500
v -3.500 1.000 5.500
v -2.500 1.000 5.500
v -3.500 2.000 -5.500
v -2.500 2.000 -4.500
v -2.500 2.000 -5.500
v -3.500 2.000 5.500
v -2.500 2.000 5.500
v -2.500 2.000 4.500
v -3.500 3.000 -4.500
v -2.500 3.000 -3.500
v -2.500 3.000 -4.500
v -3.500 3.000 4.500
v -2.500 3.000 4.500
v -2.500 3.000 3.500
v -3.500 4.000 -3.500
v -2.500 4.000 -3.500
v -3.500 4.000 3.500
v -2.500 4.000 3.500
v -3.500 5.000 -2.500
v -3.500 5.000 -3.500
v -2.500 5.000 -2.500
v -2.500 5.000 -3.500
v -3.500 5.000 -1.500
v -2.500 5.000 -1.500
v -3.500 5.000 -0.500
v -2.500 5.000 -0.500
v -3.500 5.000 0.500
v -2.500 5.000 0.500
v -3.500 5.000 1.500
v -2.500 5.000 1.500
v -3.500 5.000 2.500
v -2.500 5.000 2.500
v -3.500 5.000 3.500
v -2.500 5.000 3.500
v -1.500 -5.000 -3.500
v -1.500 -5.000 -2.500
v -1.500 -4.000 -3.500
v -1.500 -5.000 -1.500
v -1.500 -5.000 -0.500
v -1.500 -5.000 0.500
v -1.500 -5.000 1.500
v -1.500 -5.000 2.500
v -1.500 -5.000 3.500
v -1.500 -4.000 3.500
v -1.500 -3.000 -3.500
v -1.500 -3.000 3.500
v -1.500 -3.000 -4.500
v -1.500 -2.000 -4.500
v -1.500 -3.000 4.500
v -1.500 -2.000 4.500
v -1.500 -2.000 -5.500
v -1.500 -1.000 -5.500
v -1.500 -2.000 5.500
v -1.500 -1.000 5.500
v -1.500 0.000 -5.500
v -1.500 0.000 5.500
v -1.500 1.000 -5.500
v -1.500 1.000 5.500
v -1.500 2.000 -4.500
v -1.500 2.000 -5.500
v -1.500 2.000 5.500
v -1.500 2.000 4.500
v -1.500 3.000 -3.500
v -1.500 3.000 -4.500
v -1.500 3.000 4.500
v -1.500 3.000 3.500
v -1.500 4.000 -3.500
v -1.500 4.000 3.500
v -1.500 5.000 -2.500
v -1.500 5.000 -3.500
v -1.500 5.000 -1.500
v -1.500 5.000 -0.500
v -1.500 5.000 0.500
v -1.500 5.000 1.500
v -1.500 5.000 2.500
v -1.500 5.000 3.500
v -0.500 -5.000 -3.500
v -0.500 -5.000 -2.500
v -0.500 -4.000 -3.500
v -0.500 -5.000 -1.500
v -0.500 -5.000 -0.500
v -0.500 -5.000 0.500
v -0.500 -5.000 1.500
v -0.500 -5.000 2.500
v -0.500 -5.000 3.500
v -0.500 -4.000 3.500
v -0.500 -3.000 -3.500
v -0.500 -3.000 3.500
v -0.500 -3.000 -4.500
v -0.500 -2.000 -4.500
v -0.500 -3.000 4.500
v -0.500 -2.000 4.500
v -0.500 -2.000 -5.500
v -0.500 -1.000 -5.500
v -0.500 -2.000 5.500
v -0.500 -1.000 5.500
v -0.500 0.000 -5.500
v -0.500 0.000 5.500
v -0.500 1.000 -5.500
v -0.500 1.000 5.500
v -0.500 2.000 -4.500
v -0.500 2.000 -5.500
v -0.500 2.000 5.500
v -0.500 2.000 4.500
v -0.500 3.000 -3.500
v -0.500 3.000 -4.500
v -0.500 3.000 4.500
v -0.500 3.000 3.500
v -0.500 4.000 -3.500
v -0.500 4.000 3.500
v -0.500 5.000 -2.500
v -0.500 5.000 -3.500
v -0.500 5.000 -1.500
v -0.500 5.000 -0.500
v -0.500 5.000 0.500
v -0.500 5.000 1.500
v -0.500 5.000 2.500
v -0.500 5.000 3.500
v 0.500 -5.000 -3.500
v 0.500 -5.000 -2.500
v 0.500 -4.000 -3.500
v 0.500 -5.000 -1.500
v 0.500 -5.000 -0.500
v 0.500 -5.000 0.500
v 0.500 -5.000 1.500
v 0.500 -5.000 2.500
v 0.500 -5.000 3.500
v 0.500 -4.000 3.500
v 0.500 -3.000 -3.500
v 0.500 -3.000 3.500
v 0.500 -3.000 -4.500
v 0.500 -2.000 -4.500
v 0.500 -3.000 4.500
v 0.500 -2.000 4.500
v 0.500 -2.000 -5.500
v 0.500 -1.000 -5.500
v 0.500 -2.000 5.500
v 0.500 -1.000 5.500
v 0.500 0.000 -5.500
v 0.500 0.000 5.500
v 0.500 1.000 -5.500
v 0.500 1.000 5.500
v 0.500 2.000 -4.500
v 0.500 2.000 -5.500
v 0.500 2.000 5.500
v 0.500 2.000 4.500
v 0.500 3.000 -3.500
v 0.500 3.000 -4.500
v 0.500 3.000 4.500
v 0.500 3.000 3.500
v 0.500 4.000 -3.500
v 0.500 4.000 3.500
v 0.500 5.000 -2.500
v 0.500 5.000 -3.500
v 0.500 5.000 -1.500
v 0.500 5.000 -0.500
v 0.500 5.000 0.500
v 0.500 5.000 1.500
v 0.500 5.000 2.500
v 0.500 5.000 3.500
v 1.500 -5.000 -3.500
v 1.500 -5.000 -2.500
v 1.500 -4.000 -3.500
v 1.500 -5.000 -1.500
v 1.500 -5.000 -0.500
v 1.500 -5.000 0.500
v 1.500 -5.000 1.500
v 1.500 -5.000 2.500
v 1.500 -5.000 3.500
v 1.500 -4.000 3.500
v 1.500 -3.000 -3.500
v 1.500 -3.000 3.500
v 1.500 -3.000 -4.500
v 1.500 -2.000 -4.500
v 1.500 -3.000 4.500
v 1.500 -2.000 4.500
v 1.500 -2.000 -5.500
v 1.500 -1.000 -5.500
v 1.500 -2.000 5.500
v 1.500 -1.000 5.500
v 1.500 0.000 -5.500
v 1.500 0.000 5.500
v 1.500 1.000 -5.500
v 1.500 1.000 5.500
v 1.500 2.000 -4.500
v 1.500 2.000 -5.500
v 1.500 2.000 5.500
v 1.500 2.000 4.500
v 1.500 3.000 -3.500
v 1.500 3.000 -4.500
v 1.500 3.000 4.500
v 1.500 3.000 3.500
v 1.500 4.000 -3.500
v 1.500 4.000 3.500
v 1.500 5.000 -2.500
v 1.500 5.000 -3.500
v 1.500 5.000 -1.500
v 1.500 5.000 -0.500
v 1.500 5.000 0.500
v 1.500 5.000 1.500
v 1.500 5.000 2.500
v 1.500 5.000 3.500
v 2.500 -5.000 -3.500
v 2.500 -5.000 -2.500
v 2.500 -4.000 -3.500
v 2.500 -5.000 -1.500
v 2.500 -5.000 -0.500
v 2.500 -5.000 0.500
v 2.500 -5.000 1.500
v 2.500 -5.000 2.500
v 2.500 -5.000 3.500
v 2.500 -4.000 3.500
v 2.500 -3.000 -3.500
v 2.500 -3.000 3.500
v 2.500 -3.000 -4.500
v 2.500 -2.000 -4.500
v 2.500 -3.000 4.500
v 2.500 -2.000 4.500
v 2.500 -2.000 -5.500
v 2.500 -1.000 -5.500
v 2.500 -2.000 5.500
v 2.500 -1.000 5.500
v 2.500 0.000 -5.500
v 2.500 0.000 5.500
v 2.500 1.000 -5.500
v 2.500 1.000 5.500
v 2.500 2.000 -4.500
v 2.500 2.000 -5.500
v 2.500 2.000 5.500
v 2.500 2.000 4.500
v 2.500 3.000 -3.500
v 2.500 3.000 -4.500
v 2.500 3.000 4.500
v 2.500 3.000 3.500
v 2.500 4.000 -3.500
v 2.500 4.000 3.500
v 2.500 5.000 -2.500
v 2.500 5.000 -3.500
v 2.500 5.000 -1.500
v 2.500 5.000 -0.500
v 2.500 5.000 0.500
v 2.500 5.000 1.500
v 2.500 5.000 2.500
v 2.500 5.000 3.500
v 3.500 -5.000 -3.500
v 3.500 -5.000 -2.500
v 3.500 -4.000 -3.500
v 3.500 -5.000 -1.500
v 3.500 -5.000 -0.500
v 3.500 -5.000 0.500
v 3.500 -5.000 1.500
v 3.500 -5.000 2.500
v 3.500 -5.000 3.500
v 3.500 -4.000 3.500
v 3.500 -3.000 -3.500
v 3.500 -3.000 3.500
v 3.500 -3.000 -4.500
v 3.500 -2.000 -4.500
v 3.500 -3.000 4.500
v 3.500 -2.000 4.500
v 3.500 -2.000 -5.500
v 3.500 -1.000 -5.500
v 3.500 -2.000 5.500
v 3.500 -1.000 5.500
v 3.500 0.000 -5.500
v 3.500 0.000 5.500
v 3.500 1.000 -5.500
v 3.500 1.000 5.500
v 3.500 2.000 -4.500
v 3.500 2.000 -5.500
v 3.500 2.000 5.500
v 3.500 2.000 4.500
v 3.500 3.000 -3.500
v 3.500 3.000 -4.500
v 3.500 3.000 4.500
v 3.500 3.000 3.500
v 3.500 4.000 -3.500
v 3.500 4.000 3.500
v 3.500 5.000 -2.500
v 3.500 5.000 -3.500
v 3.500 5.000 -1.500
v 3.500 5.000 -0.500
v 3.500 5.000 0.500
v 3.500 5.000 1.500
v 3.500 5.000 2.500
v 3.500 5.000 3.500
v 4.500 -5.000 -3.500
v 4.500 -5.000 -2.500
v 4.500 -4.000 -3.500
v 4.500 -5.000 -1.500
v 4.500 -5.000 -0.500
v 4.500 -5.000 0.500
v 4.500 -5.000 1.500
v 4.500 -5.000 2.500
v 4.500 -5.000 3.500
v 4.500 -4.000 3.500
v 4.500 -3.000 -3.500
v 4.500 -3.000 3.500
v 4.500 -3.000 -4.500
v 4.500 -2.000 -4.500
v 4.500 -3.000 4.500
v 4.500 -2.000 4.500
v 4.500 -2.000 -5.500
v 4.500 -1.000 -5.500
v 4.500 -2.000 5.500
v 4.500 -1.000 5.500
v 4.500 0.000 -5.500
v 4.500 0.000 5.500
v 4.500 1.000 -5.500
v 4.500 1.000 5.500
v 4.500 2.000 -4.500
v 4.500 2.000 -5.500
v 4.500 2.000 5.500
v 4.500 2.000 4.500
v 4.500 3.000 -3.500
v 4.500 3.000 -4.500
v 4.500 3.000 4.500
v 4.500 3.000 3.500
v 4.500 4.000 -3.500
v 4.500 4.000 3.500
v 4.500 5.000 -2.500
v 4.500 5.000 -3.500
v 4.500 5.000 -1.500
v 4.500 5.000 -0.500
v 4.500 5.000 0.500
v 4.500 5.000 1.500
v 4.500 5.000 2.500
v 4.500 5.000 3.500
v 5.500 -5.000 -3.500
v 5.500 -5.000 -2.500
v 5.500 -4.000 -3.500
v 5.500 -5.000 -1.500
v 5.500 -5.000 -0.500
v 5.500 -5.000 0.500
v 5.500 -5.000 1.500
v 5.500 -5.000 2.500
v 5.500 -5.000 3.500
v 5.500 -4.000 3.500
v 5.500 -3.000 -3.500
v 5.500 -3.000 3.500
v 5.500 -3.000 -4.500
v 5.500 -2.000 -4.500
v 5.500 -3.000 4.500
v 5.500 -2.000 4.500
v 5.500 -2.000 -5.500
v 5.500 -1.000 -5.500
v 5.500 -2.000 5.500
v 5.500 -1.000 5.500
v 5.500 0.000 -5.500
v 5.500 0.000 5.500
v 5.500 1.000 -5.500
v 5.500 1.000 5.500
v 5.500 2.000 -4.500
v 5.500 2.000 -5.500
v 5.500 2.000 5.500
v 5.500 2.000 4.500
v 5.500 3.000 -3.500
v 5.500 3.000 -4.500
v 5.500 3.000 4.500
v 5.500 3.000 3.500
v 5.500 4.000 -3.500
v 5.500 4.000 3.500
v 5.500 5.000 -2.500
v 5.500 5.000 -3.500
v 5.500 5.000 -1.500
v 5.500 5.000 -0.500
v 5.500 5.000 0.500
v 5.500 5.000 1.500
v 5.500 5.000 2.500
v 5.500 5.000 3.500
v 6.500 -5.000 -3.500
v 6.500 -5.000 -2.500
v 6.500 -4.000 -3.500
v 6.500 -5.000 -1.500
v 6.500 -5.000 -0.500
v 6.500 -5.000 0.500
v 6.500 -5.000 1.500
v 6.500 -5.000 2.500
v 6.500 -5.000 3.500
v 6.500 -4.000 3.500
v 6.500 -3.000 -3.500
v 6.500 -3.000 3.500
v 6.500 -3.000 -4.500
v 6.500 -2.000 -4.500
v 6.500 -3.000 4.500
v 6.500 -2.000 4.500
v 6.500 -2.000 -5.500
v 6.500 -1.000 -5.500
v 6.500 -2.000 5.500
v 6.500 -1.000 5.500
v 6.500 0.000 -5.500
v 6.500 0.000 5.500
v 6.500 1.000 -5.500
v 6.500 1.000 5.500
v 6.500 2.000 -4.500
v 6.500 2.000 -5.500
v 6.500 2.000 5.500
v 6.500 2.000 4.500
v 6.500 3.000 -3.500
v 6.500 3.000 -4.500
v 6.500 3.000 4.500
v 6.500 3.000 3.500
v 6.500 4.000 -3.500
v 6.500 4.000 3.500
v 6.500 5.000 -2.500
v 6.500 5.000 -3.500
v 6.500 5.000 -1.500
v 6.500 5.000 -0.500
v 6.500 5.000 0.500
v 6.500 5.000 1.500
v 6.500 5.000 2.500
v 6.500 5.000 3.500
v 7.500 -5.000 -3.500
v 7.500 -5.000 -2.500
v 7.500 -4.000 -3.500
v 7.500 -5.000 -1.500
v 7.500 -5.000 -0.500
v 7.500 -5.000 0.500
v 7.500 -5.000 1.500
v 7.500 -5.000 2.500
v 7.500 -5.000 3.500
v 7.500 -4.000 3.500
v 7.500 -3.000 -3.500
v 7.500 -3.000 3.500
v 7.500 -3.000 -4.500
v 7.500 -2.000 -4.500
v 7.500 -3.000 4.500
v 7.500 -2.000 4.500
v 7.500 -2.000 -5.500
v 7.500 -1.000 -5.500
v 7.500 -2.000 5.500
v 7.500 -1.000 5.500
v 7.500 0.000 -5.500
v 7.500 0.000 5.500
v 7.500 1.000 -5.500
v 7.500 1.000 5.500
v 7.500 2.000 -4.500
v 7.500 2.000 -5.500
v 7.500 2.000 5.500
v 7.500 2.000 4.500
v 7.500 3.000 -3.500
v 7.500 3.000 -4.500
v 7.500 3.000 4.500
v 7.500 3.000 3.500
v 7.500 4.000 -3.500
v 7.500 4.000 3.500
v 7.500 5.000 -2.500
v 7.500 5.000 -3.500
v 7.500 5.000 -1.500
v 7.500 5.000 -0.500
v 7.500 5.000 0.500
v 7.500 5.000 1.500
v 7.500 5.000 2.500
v 7.500 5.000 3.500
v 8.500 -5.000 -3.500
v 8.500 -5.000 -2.500
v 8.500 -4.000 -3.500
v 8.500 -5.000 -1.500
v 8.500 -5.000 -0.500
v 8.500 -5.000 0.500
v 8.500 -5.000 1.500
v 8.500 -5.000 2.500
v 8.500 -5.000 3.500
v 8.500 -4.000 3.500
v 8.500 -3.000 -3.500
v 8.500 -3.000 3.500
v 8.500 -3.000 -4.500
v 8.500 -2.000 -4.500
v 8.500 -3.000 4.500
v 8.500 -2.000 4.500
v 8.500 -2.000 -5.500
v 8.500 -1.000 -5.500
v 8.500 -2.000 5.500
v 8.500 -1.000 5.500
v 8.500 0.000 -5.500
v 8.500 0.000 5.500
v 8.500 1.000 -5.500
v 8.500 1.000 5.500
v 8.500 2.000 -4.500
v 8.500 2.000 -5.500
v 8.500 2.000 5.500
v 8.500 2.000 4.500
v 8.500 3.000 -3.500
v 8.500 3.000 -4.500
v 8.500 3.000 4.500
v 8.500 3.000 3.500
v 8.500 4.000 -3.500
v 8.500 4.000 3.500
v 8.500 5.000 -2.500
v 8.500 5.000 -3.500
v 8.500 5.000 -1.500
v 8.500 5.000 -0.500
v 8.500 5.000 0.500
v 8.500 5.000 1.500
v 8.500 5.000 2.500
v 8.500 5.000 3.500
v 9.500 -5.000 -3.500
v 9.500 -5.000 -2.500
v 9.500 -4.000 -3.500
v 9.500 -5.000 -1.500
v 9.500 -5.000 -0.500
v 9.500 -5.000 0.500
v 9.500 -5.000 1.500
v 9.500 -5.000 2.500
v 9.500 -5.000 3.500
v 9.500 -4.000 3.500
v 9.500 -3.000 -3.500
v 9.500 -3.000 3.500
v 9.500 -3.000 -4.500
v 9.500 -2.000 -4.500
v 9.500 -3.000 4.500
v 9.500 -2.000 4.500
v 9.500 -2.000 -5.500
v 9.500 -1.000 -5.500
v 9.500 -2.000 5.500
v 9.500 -1.000 5.500
v 9.500 0.000 -5.500
v 9.500 0.000 5.500
v 9.500 1.000 -5.500
v 9.500 1.000 5.500
v 9.500 2.000 -4.500
v 9.500 2.000 -5.500
v 9.500 2.000 5.500
v 9.500 2.000 4.500
v 9.500 3.000 -3.500
v 9.500 3.000 -4.500
v 9.500 3.000 4.500
v 9.500 3.000 3.500
v 9.500 4.000 -3.500
v 9.500 4.000 3.500
v 9.500 5.000 -2.500
v 9.500 5.000 -3.500
v 9.500 5.000 -1.500
v 9.500 5.000 -0.500
v 9.500 5.000 0.500
v 9.500 5.000 1.500
v 9.500 5.000 2.500
v 9.500 5.000 3.500
v 10.500 -5.000 -3.500
v 10.500 -5.000 -2.500
v 10.500 -4.000 -3.500
v 10.500 -5.000 -1.500
v 10.500 -5.000 -0.500
v 10.500 -5.000 0.500
v 10.500 -5.000 1.500
v 10.500 -5.000 2.500
v 10.500 -5.000 3.500
v 10.500 -4.000 3.500
v 10.500 -3.000 -3.500
v 10.500 -3.000 3.500
v 10.500 -3.000 -4.500
v 10.500 -2.000 -4.500
v 10.500 -3.000 4.500
v 10.500 -2.000 4.500
v 10.500 -2.000 -5.500
v 10.500 -1.000 -5.500
v 10.500 -2.000 5.500
v 10.500 -1.000 5.500
v 10.500 0.000 -5.500
v 10.500 0.000 5.500
v 10.500 1.000 -5.500
v 10.500 1.000 5.500
v 10.500 2.000 -4.500
v 10.500 2.000 -5.500
v 10.500 2.000 5.500
v 10.500 2.000 4.500
v 10.500 3.000 -3.500
v 10.500 3.000 -4.500
v 10.500 3.000 4.500
v 10.500 3.000 3.500
v 10.500 4.000 -3.500
v 10.500 4.000 3.500
v 10.500 5.000 -2.500
v 10.500 5.000 -3.500
v 10.500 5.000 -1.500
v 10.500 5.000 -0.500
v 10.500 5.000 0.500
v 10.500 5.000 1.500
v 10.500 5.000 2.500
v 10.500 5.000 3.500
v 11.500 -5.000 -3.500
v 11.500 -5.000 -2.500
v 11.500 -4.000 -3.500
v 11.500 -5.000 -1.500
v 11.500 -5.000 -0.500
v 11.500 -5.000 0.500
v 11.500 -5.000 1.500
v 11.500 -5.000 2.500
v 11.500 -5.000 3.500
v 11.500 -4.000 3.500
v 11.500 -3.000 -3.500
v 11.500 -3.000 3.500
v 11.500 -3.000 -4.500
v 11.500 -2.000 -4.500
v 11.500 -3.000 4.500
v 11.500 -2.000 4.500
v 11.500 -2.000 -5.500
v 11.500 -1.000 -5.500
v 11.500 -2.000 5.500
v 11.500 -1.000 5.500
v 11.500 0.000 -5.500
v 11.500 0.000 5.500
v 11.500 1.000 -5.500
v 11.500 1.000 5.500
v 11.500 2.000 -4.500
v 11.500 2.000 -5.500
v 11.500 2.000 5.500
v 11.500 2.000 4.500
v 11.500 3.000 -3.500
v 11.500 3.000 -4.500
v 11.500 3.000 4.500
v 11.500 3.000 3.500
v 11.500 4.000 -3.500
v 11.500 4.000 3.500
v 11.500 5.000 -2.500
v 11.500 5.000 -3.500
v 11.500 5.000 -1.500
v 11.500 5.000 -0.500
v 11.500 5.000 0.500
v 11.500 5.000 1.500
v 11.500 5.000 2.500
v 11.500 5.000 3.500
v 12.500 -5.000 -3.500
v 12.500 -4.000 -3.500
v 12.500 -4.000 -2.500
v 12.500 -5.000 -2.500
v 12.500 -4.000 -1.500
v 12.500 -5.000 -1.500
v 12.500 -4.000 -0.500
v 12.500 -5.000 -0.500
v 12.500 -4.000 0.500
v 12.500 -5.000 0.500
v 12.500 -4.000 1.500
v 12.500 -5.000 1.500
v 12.500 -4.000 2.500
v 12.500 -5.000 2.500
v 12.500 -4.000 3.500
v 12.500 -5.000 3.500
v 12.500 -3.000 -3.500
v 12.500 -3.000 -2.500
v 12.500 -3.000 2.500
v 12.500 -3.000 3.500
v 12.500 -3.000 -4.500
v 12.500 -2.000 -4.500
v 12.500 -2.000 -3.500
v 12.500 -2.000 3.500
v 12.500 -2.000 4.500
v 12.500 -3.000 4.500
v 12.500 -2.000 -5.500
v 12.500 -1.000 -5.500
v 12.500 -1.000 -4.500
v 12.500 -1.000 4.500
v 12.500 -1.000 5.500
v 12.500 -2.000 5.500
v 12.500 0.000 -5.500
v 12.500 0.000 -4.500
v 12.500 0.000 4.500
v 12.500 0.000 5.500
v 12.500 1.000 -5.500
v 12.500 1.000 -4.500
v 12.500 1.000 4.500
v 12.500 1.000 5.500
v 12.500 2.000 -5.500
v 12.500 2.000 -4.500
v 12.500 2.000 4.500
v 12.500 2.000 5.500
v 12.500 3.000 -4.500
v 12.500 3.000 -3.500
v 12.500 2.000 -3.500
v 12.500 2.000 3.500
v 12.500 3.000 3.500
v 12.500 3.000 4.500
v 12.500 4.000 -3.500
v 12.500 4.000 -2.500
v 12.500 3.000 -2.500
v 12.500 3.000 2.500
v 12.500 4.000 2.500
v 12.500 4.000 3.500
v 12.500 5.000 -3.500
v 12.500 5.000 -2.500
v 12.500 5.000 -1.500
v 12.500 4.000 -1.500
v 12.500 5.000 -0.500
v 12.500 4.000 -0.500
v 12.500 5.000 0.500
v 12.500 4.000 0.500
v 12.500 5.000 1.500
v 12.500 4.000 1.500
v 12.500 5.000 2.500
v 12.500 5.000 3.500
v 13.500 -4.000 -2.500
v 13.500 -4.000 -1.500
v 13.500 -3.000 -2.500
v 13.500 -4.000 -0.500
v 13.500 -4.000 0.500
v 13.500 -4.000 1.500
v 13.500 -4.000 2.500
v 13.500 -3.000 2.500
v 13.500 -3.000 -3.500
v 13.500 -2.000 -3.500
v 13.500 -3.000 3.500
v 13.500 -2.000 3.500
v 13.500 -2.000 -4.500
v 13.500 -1.000 -4.500
v 13.500 -2.000 4.500
v 13.500 -1.000 4.500
v 13.500 0.000 -4.500
v 13.500 0.000 4.500
v 13.500 1.000 -4.500
v 13.500 1.000 4.500
v 13.500 2.000 -3.500
v 13.500 2.000 -4.500
v 13.500 2.000 4.500
v 13.500 2.000 3.500
v 13.500 3.000 -2.500
v 13.500 3.000 -3.500
v 13.500 3.000 3.500
v 13.500 3.000 2.500
v 13.500 4.000 -1.500
v 13.500 4.000 -2.500
v 13.500 4.000 -0.500
v 13.500 4.000 0.500
v 13.500 4.000 1.500
v 13.500 4.000 2.500
v 14.500 -4.000 -2.500
v 14.500 -3.000 -2.500
v 14.500 -3.000 -1.500
v 14.500 -4.000 -1.500
v 14.500 -3.000 -0.500
v 14.500 -4.000 -0.500
v 14.500 -3.000 0.500
v 14.500 -4.000 0.500
v 14.500 -3.000 1.500
v 14.500 -4.000 1.500
v 14.500 -3.000 2.500
v 14.500 -4.000 2.500
v 14.500 -3.000 -3.500
v 14.500 -2.000 -3.500
v 14.500 -2.000 -2.500
v 14.500 -2.000 2.500
v 14.500 -2.000 3.500
v 14.500 -3.000 3.500
v 14.500 -2.000 -4.500
v 14.500 -1.000 -4.500
v 14.500 -1.000 -3.500
v 14.500 -1.000 3.500
v 14.500 -1.000 4.500
v 14.500 -2.000 4.500
v 14.500 0.000 -4.500
v 14.500 0.000 -3.500
v 14.500 0.000 3.500
v 14.500 0.000 4.500
v 14.500 1.000 -4.500
v 14.500 1.000 -3.500
v 14.500 1.000 3.500
v 14.500 1.000 4.500
v 14.500 2.000 -4.500
v 14.500 2.000 -3.500
v 14.500 2.000 3.500
v 14.500 2.000 4.500
v 14.500 3.000 -3.500
v 14.500 3.000 -2.500
v 14.500 2.000 -2.500
v 14.500 2.000 2.500
v 14.500 3.000 2.500
v 14.500 3.000 3.500
v 14.500 4.000 -2.500
v 14.500 4.000 -1.500
v 14.500 3.000 -1.500
v 14.500 4.000 -0.500
v 14.500 3.000 -0.500
v 14.500 4.000 0.500
v 14.500 3.000 0.500
v 14.500 4.000 1.500
v 14.500 3.000 1.500
v 14.500 4.000 2.500
v 15.500 -3.000 -2.500
v 15.500 -3.000 -1.500
v 15.500 -2.000 -2.500
v 15.500 -3.000 -0.500
v 15.500 -3.000 0.500
v 15.500 -3.000 1.500
v 15.500 -3.000 2.500
v 15.500 -2.000 2.500
v 15.500 -2.000 -3.500
v 15.500 -1.000 -3.500
v 15.500 -2.000 3.500
v 15.500 -1.000 3.500
v 15.500 0.000 -3.500
v 15.500 0.000 3.500
v 15.500 1.000 -3.500
v 15.500 1.000 3.500
v 15.500 2.000 -2.500
v 15.500 2.000 -3.500
v 15.500 2.000 3.500
v 15.500 2.000 2.500
v 15.500 3.000 -1.500
v 15.500 3.000 -2.500
v 15.500 3.000 -0.500
v 15.500 3.000 0.500
v 15.500 3.000 1.500
v 15.500 3.000 2.500
v 16.500 -3.000 -2.500
v 16.500 -2.000 -2.500
v 16.500 -2.000 -1.500
v 16.500 -3.000 -1.500
v 16.500 -3.000 -0.500
v 16.500 -3.000 0.500
v 16.500 -3.000 1.500
v 16.500 -2.000 1.500
v 16.500 -2.000 2.500
v 16.500 -3.000 2.500
v 16.500 -2.000 -3.500
v 16.500 -1.000 -3.500
v 16.500 -1.000 -2.500
v 16.500 -1.000 2.500
v 16.500 -1.000 3.500
v 16.500 -2.000 3.500
v 16.500 0.000 -3.500
v 16.500 0.000 -2.500
v 16.500 0.000 2.500
v 16.500 0.000 3.500
v 16.500 1.000 -3.500
v 16.500 1.000 -2.500
v 16.500 1.000 2.500
v 16.500 1.000 3.500
v 16.500 2.000 -3.500
v 16.500 2.000 -2.500
v 16.500 2.000 2.500
v 16.500 2.000 3.500
v 16.500 3.000 -2.500
v 16.500 3.000 -1.500
v 16.500 2.000 -1.500
v 16.500 3.000 -0.500
v 16.500 3.000 0.500
v 16.500 3.000 1.500
v 16.500 2.000 1.500
v 16.500 3.000 2.500
v 17.500 -3.000 -1.500
v 17.500 -3.000 -0.500
v 17.500 -2.000 -1.500
v 17.500 -3.000 0.500
v 17.500 -3.000 1.500
v 17.500 -2.000 1.500
v 17.500 -2.000 -2.500
v 17.500 -1.000 -2.500
v 17.500 -2.000 2.500
v 17.500 -1.000 2.500
v 17.500 0.000 -2.500
v 17.500 0.000 2.500
v 17.500 1.000 -2.500
v 17.500 1.000 2.500
v 17.500 2.000 -1.500
v 17.500 2.000 -2.500
v 17.500 2.000 2.500
v 17.500 2.000 1.500
v 17.500 3.000 -0.500
v 17.500 3.000 -1.500
v 17.500 3.000 0.500
v 17.500 3.000 1.500
v 18.500 -3.000 -1.500
v 18.500 -2.000 -1.500
v 18.500 -2.000 -0.500
v 18.500 -3.000 -0.500
v 18.500 -2.000 0.500
v 18.500 -3.000 0.500
v 18.500 -2.000 1.500
v 18.500 -3.000 1.500
v 18.500 -2.000 -2.500
v 18.500 -1.000 -2.500
v 18.500 -1.000 -1.500
v 18.500 -1.000 1.500
v 18.500 -1.000 2.500
v 18.500 -2.000 2.500
v 18.500 0.000 -2.500
v 18.500 0.000 -1.500
v 18.500 0.000 1.500
v 18.500 0.000 2.500
v 18.500 1.000 -2.500
v 18.500 1.000 -1.500
v 18.500 1.000 1.500
v 18.500 1.000 2.500
v 18.500 2.000 -2.500
v 18.500 2.000 -1.500
v 18.500 2.000 1.500
v 18.500 2.000 2.500
v 18.500 3.000 -1.500
v 18.500 3.000 -0.500
v 18.500 2.000 -0.500
v 18.500 3.000 0.500
v 18.500 2.000 0.500
v 18.500 3.000 1.500
v 19.500 -2.000 -1.500
v 19.500 -2.000 -0.500
v 19.500 -1.000 -1.500
v 19.500 -2.000 0.500
v 19.500 -2.000 1.500
v 19.500 -1.000 1.500
v 19.500 0.000 -1.500
v 19.500 0.000 1.500
v 19.500 1.000 -1.500
v 19.500 1.000 1.500
v 19.500 2.000 -0.500
v 19.500 2.000 -1.500
v 19.500 2.000 0.500
v 19.500 2.000 1.500
v 20.500 -2.000 -1.500
v 20.500 -1.000 -1.500
v 20.500 -1.000 -0.500
v 20.500 -2.000 -0.500
v 20.500 -1.000 0.500
v 20.500 -2.000 0.500
v 20.500 -1.000 1.500
v 20.500 -2.000 1.500
v 20.500 0.000 -1.500
v 20.500 0.000 -0.500
v 20.500 0.000 0.500
v 20.500 0.000 1.500
v 20.500 1.000 -1.500
v 20.500 1.000 -0.500
v 20.500 1.000 0.500
v 20.500 1.000 1.500
v 20.500 2.000 -1.500
v 20.500 2.000 -0.500
v 20.500 2.000 0.500
v 20.500 2.000 1.500
v 21.500 -1.000 -0.500
v 21.500 -1.000 0.500
v 21.500 0.000 0.500
v 21.500 0.000 -0.500
v 21.500 1.000 0.500
v 21.500 1.000 -0.500
v 22.500 -1.000 -0.500
v 22.500 0.000 -0.500
v 22.500 0.000 0.500
v 22.500 -1.000 0.500
v 22.500 1.000 -0.500
v 22.500 1.000 0.500
f 1 2 3 4
f 1 4 5 6
f 5 4 3 7
f 8 9 2 1
f 8 1 6 10
f 11 12 9 8
f 11 8 10 13
f 14 15 12 11
f 14 11 13 16
f 17 18 15 14
f 17 14 16 19
f 20 21 18 17
f 20 17 19 22
f 23 24 21 20
f 23 20 22 25
f 23 25 26 24
f 27 28 29 30
f 27 30 31 32
f 31 30 29 33
f 3 34 28 27
f 3 27 32 7
f 2 35 34 3
f 9 36 35 2
f 12 37 36 9
f 15 38 37 12
f 18 39 38 15
f 21 40 39 18
f 24 41 40 21
f 42 43 41 24
f 42 24 26 44
f 45 46 43 42
f 45 42 44 47
f 45 47 48 46
f 29 49 50 51
f 29 51 52 33
f 52 51 50 53
f 28 54 49 29
f 34 55 54 28
f 35 56 55 34
f 36 57 56 35
f 37 58 57 36
f 38 59 58 37
f 39 60 59 38
f 40 61 60 39
f 41 62 61 40
f 43 63 62 41
f 46 64 63 43
f 65 66 64 46
f 65 46 48 67
f 65 67 68 66
f 50 69 70 71
f 50 71 72 53
f 72 71 70 73
f 49 74 69 50
f 54 75 74 49
f 55 76 75 54
f 56 77 76 55
f 57 78 77 56
f 58 79 78 57
f 59 80 79 58
f 60 81 80 59
f 61 82 81 60
f 62 83 82 61
f 63 84 83 62
f 64 85 84 63
f 66 86 85 64
f 87 88 86 66
f 87 66 68 89
f 87 89 90 88
f 69 91 92 70
f 73 70 92 93
f 74 94 91 69
f 75 95 94 74
f 76 96 95 75
f 77 97 96 76
f 78 98 97 77
f 79 99 98 78
f 80 100 99 79
f 81 101 100 80
f 82 102 101 81
f 83 103 102 82
f 84 104 103 83
f 85 105 104 84
f 86 106 105 85
f 88 107 106 86
f 88 90 108 107
f 92 109 110 111
f 92 111 112 93
f 112 111 110 113
f 91 114 109 92
f 94 115 114 91
f 95 116 115 94
f 96 117 116 95
f 97 118 117 96
f 98 119 118 97
f 99 120 119 98
f 100 121 120 99
f 101 122 121 100
f 102 123 122 101
f 103 124 123 102
f 104 125 124 103
f 105 126 125 104
f 106 127 126 105
f 107 128 127 106
f 129 130 128 107
f 129 107 108 131
f 129 131 132 130
f 109 133 134 110
f 113 110 134 135
f 114 136 133 109
f 115 137 136 114
f 116 138 137 115
f 117 139 138 116
f 118 140 139 117
f 119 141 140 118
f 120 142 141 119
f 121 143 142 120
f 122 144 143 121
f 123 145 144 122
f 124 146 145 123
f 125 147 146 124
f 126 148 147 125
f 127 149 148 126
f 128 150 149 127
f 130 151 150 128
f 130 132 152 151
f 133 153 154 134
f 135 134 154 155
f 136 156 153 133
f 137 157 156 136
f 138 158 157 137
f 139 159 158 138
f 140 160 159 139
f 141 161 160 140
f 142 162 161 141
f 143 163 162 142
f 144 164 163 143
f 145 165 164 144
f 146 166 165 145
f 147 167 166 146
f 148 168 167 147
f 149 169 168 148
f 150 170 169 149
f 151 171 170 150
f 151 152 172 171
f 153 173 174 154
f 155 154 174 175
f 156 176 173 153
f 157 177 176 156
f 158 178 177 157
f 159 179 178 158
f 160 180 179 159
f 161 181 180 160
f 162 182 181 161
f 163 183 182 162
f 164 184 183 163
f 165 185 184 164
f 166 186 185 165
f 167 187 186 166
f 168 188 187 167
f 169 189 188 168
f 170 190 189 169
f 171 191 190 170
f 171 172 192 191
f 173 193 194 174
f 175 174 194 195
f 176 196 193 173
f 177 197 196 176
f 178 198 197 177
f 179 199 198 178
f 180 200 199 179
f 181 201 200 180
f 182 202 201 181
f 183 203 202 182
f 184 204 203 183
f 185 205 204 184
f 186 206 205 185
f 187 207 206 186
f 188 208 207 187
f 189 209 208 188
f 190 210 209 189
f 191 211 210 190
f 191 192 212 211
f 193 213 214 194
f 214 213 215 216
f 195 194 214 216
f 196 217 213 193
f 197 218 217 196
f 198 219 218 197
f 199 220 219 198
f 200 221 220 199
f 201 222 221 200
f 202 223 222 201
f 203 224 223 202
f 204 225 224 203
f 205 226 225 204
f 206 227 226 205
f 207 228 227 206
f 208 229 228 207
f 209 230 229 208
f 210 231 230 209
f 211 232 231 210
f 231 232 233 234
f 211 212 233 232
f 217 235 236 213
f 215 213 236 237
f 218 238 235 217
f 219 239 238 218
f 220 240 239 219
f 221 241 240 220
f 222 242 241 221
f 223 243 242 222
f 224 244 243 223
f 225 245 244 224
f 226 246 245 225
f 227 247 246 226
f 228 248 247 227
f 229 249 248 228
f 230 250 249 229
f 231 251 250 230
f 231 234 252 251
f 235 253 254 236
f 254 253 255 256
f 237 236 254 256
f 238 257 253 235
f 239 258 257 238
f 240 259 258 239
f 241 260 259 240
f 242 261 260 241
f 243 262 261 242
f 244 263 262 243
f 245 264 263 244
f 246 265 264 245
f 247 266 265 246
f 248 267 266 247
f 249 268 267 248
f 250 269 268 249
f 251 270 269 250
f 269 270 271 272
f 251 252 271 270
f 257 273 274 253
f 274 273 275 276
f 255 253 274 276
f 258 277 273 257
f 259 278 277 258
f 260 279 278 259
f 261 280 279 260
f 262 281 280 261
f 263 282 281 262
f 264 283 282 263
f 265 284 283 264
f 266 285 284 265
f 267 286 285 266
f 268 287 286 267
f 269 288 287 268
f 287 288 289 290
f 269 272 289 288
f 277 291 292 273
f 292 291 293 294
f 275 273 292 294
f 278 295 291 277
f 291 295 296 293
f 279 297 295 278
f 280 298 297 279
f 281 299 298 280
f 282 300 299 281
f 283 301 300 282
f 284 302 301 283
f 285 303 302 284
f 286 304 303 285
f 303 304 305 306
f 287 307 304 286
f 304 307 308 305
f 287 290 308 307
f 297 309 310 295
f 310 309 311 312
f 296 295 310 312
f 298 313 309 297
f 309 313 314 311
f 299 315 313 298
f 313 315 316 314
f 300 317 315 299
f 315 317 318 316
f 301 319 317 300
f 317 319 320 318
f 302 321 319 301
f 319 321 322 320
f 303 323 321 302
f 321 323 324 322
f 303 306 324 323
f 325 326 327 328
f 329 6 5 330
f 329 330 325 328
f 325 330 5 326
f 328 327 331 332
f 333 10 6 329
f 333 329 328 332
f 332 331 334 335
f 336 13 10 333
f 336 333 332 335
f 335 334 337 338
f 339 16 13 336
f 339 336 335 338
f 338 337 340 341
f 342 19 16 339
f 342 339 338 341
f 341 340 343 344
f 345 22 19 342
f 345 342 341 344
f 344 343 346 347
f 348 25 22 345
f 348 345 344 347
f 348 347 346 25
f 349 350 351 352
f 353 32 31 354
f 353 354 349 352
f 349 354 31 350
f 352 351 355 326
f 5 7 32 353
f 5 353 352 326
f 346 356 357 358
f 359 44 26 25
f 359 25 346 358
f 358 357 360 361
f 362 47 44 359
f 362 359 358 361
f 362 361 360 47
f 363 364 365 350
f 31 33 52 366
f 31 366 363 350
f 363 366 52 364
f 360 367 368 369
f 370 67 48 47
f 370 47 360 369
f 370 369 368 67
f 371 372 373 364
f 52 53 72 374
f 52 374 371 364
f 371 374 72 372
f 368 375 376 377
f 378 89 68 67
f 378 67 368 377
f 378 377 376 89
f 379 380 381 372
f 72 73 382 383
f 72 383 379 372
f 379 383 382 380
f 376 384 385 386
f 387 388 90 89
f 387 89 376 386
f 387 386 385 388
f 380 389 390 381
f 73 93 112 382
f 380 382 112 389
f 384 391 392 385
f 388 131 108 90
f 388 385 392 131
f 393 394 395 389
f 112 113 396 397
f 112 397 393 389
f 393 397 396 394
f 392 398 399 400
f 401 402 132 131
f 401 131 392 400
f 401 400 399 402
f 394 403 404 395
f 113 135 405 396
f 394 396 405 403
f 398 406 407 399
f 402 408 152 132
f 402 399 407 408
f 403 409 410 404
f 135 155 411 405
f 403 405 411 409
f 406 412 413 407
f 408 414 172 152
f 408 407 413 414
f 409 415 416 410
f 155 175 417 411
f 409 411 417 415
f 412 418 419 413
f 414 420 192 172
f 414 413 419 420
f 415 421 422 416
f 175 195 423 417
f 415 417 423 421
f 418 424 425 419
f 420 426 212 192
f 420 419 425 426
f 421 427 428 422
f 195 216 429 423
f 429 216 428 427
f 421 423 429 427
f 424 430 431 425
f 426 432 233 212
f 233 432 431 430
f 426 425 431 432
f 428 433 434 435
f 215 237 436 216
f 428 216 436 433
f 437 438 439 430
f 233 440 252 234
f 233 430 439 440
f 433 441 442 434
f 237 256 443 436
f 443 256 442 441
f 433 436 443 441
f 438 444 445 439
f 440 446 271 252
f 271 446 445 444
f 440 439 445 446
f 442 447 448 449
f 255 276 450 256
f 450 276 448 447
f 442 256 450 447
f 451 452 453 444
f 271 454 289 272
f 289 454 453 452
f 271 444 453 454
f 448 455 456 457
f 275 294 458 276
f 458 294 456 455
f 448 276 458 455
f 459 460 461 452
f 289 462 308 290
f 308 462 461 460
f 289 452 461 462
f 456 463 464 465
f 293 466 467 294
f 467 466 464 463
f 456 294 467 463
f 465 464 468 469
f 296 312 466 293
f 466 312 468 464
f 470 471 472 473
f 305 474 324 306
f 324 474 472 471
f 473 472 475 460
f 308 476 474 305
f 474 476 475 472
f 308 460 475 476
f 468 477 478 479
f 311 480 481 312
f 481 480 478 477
f 468 312 481 477
f 479 478 482 483
f 314 484 480 311
f 480 484 482 478
f 483 482 485 486
f 316 487 484 314
f 484 487 485 482
f 486 485 488 489
f 318 490 487 316
f 487 490 488 485
f 489 488 491 492
f 320 493 490 318
f 490 493 491 488
f 492 491 494 495
f 322 496 493 320
f 493 496 494 491
f 495 494 497 471
f 324 498 496 322
f 496 498 497 494
f 324 471 497 498
f 499 500 501 502
f 327 326 499 502
f 499 326 355 500
f 502 501 503 504
f 331 327 502 504
f 504 503 505 506
f 334 331 504 506
f 506 505 507 508
f 337 334 506 508
f 508 507 509 510
f 340 337 508 510
f 510 509 511 512
f 343 340 510 512
f 512 511 513 514
f 346 343 512 514
f 346 514 513 356
f 515 516 517 518
f 351 350 515 518
f 515 350 365 516
f 518 517 519 500
f 355 351 518 500
f 513 520 521 522
f 357 356 513 522
f 522 521 523 524
f 360 357 522 524
f 360 524 523 367
f 525 526 527 516
f 365 364 525 516
f 525 364 373 526
f 516 527 528 517
f 521 529 530 523
f 523 530 531 532
f 368 367 523 532
f 368 532 531 375
f 533 534 535 526
f 373 372 533 526
f 533 372 381 534
f 526 535 536 527
f 530 537 538 531
f 531 538 539 540
f 376 375 531 540
f 376 540 539 384
f 534 541 542 535
f 534 381 390 541
f 538 543 544 539
f 384 539 544 391
f 545 546 547 541
f 390 389 545 541
f 545 389 395 546
f 544 548 549 550
f 392 391 544 550
f 392 550 549 398
f 546 551 552 547
f 546 395 404 551
f 548 553 554 549
f 398 549 554 406
f 551 555 556 552
f 551 404 410 555
f 553 557 558 554
f 406 554 558 412
f 555 559 560 556
f 555 410 416 559
f 557 561 562 558
f 412 558 562 418
f 559 563 564 560
f 559 416 422 563
f 561 565 566 562
f 418 562 566 424
f 563 567 568 564
f 428 435 568 567
f 563 422 428 567
f 565 569 570 566
f 437 430 570 569
f 424 566 570 430
f 568 571 572 573
f 568 435 434 571
f 574 575 576 569
f 437 569 576 438
f 571 577 578 572
f 442 449 578 577
f 571 434 442 577
f 572 578 579 580
f 581 582 583 575
f 575 583 584 576
f 451 444 584 583
f 438 576 584 444
f 578 585 586 579
f 448 457 586 585
f 578 449 448 585
f 579 586 587 588
f 589 590 591 582
f 582 591 592 583
f 459 452 592 591
f 451 583 592 452
f 586 593 594 587
f 456 465 594 593
f 586 457 456 593
f 587 594 595 596
f 465 469 595 594
f 597 598 599 590
f 470 473 599 598
f 590 599 600 591
f 473 460 600 599
f 459 591 600 460
f 595 601 602 603
f 468 479 602 601
f 595 469 468 601
f 603 602 604 605
f 479 483 604 602
f 605 604 606 607
f 483 486 606 604
f 607 606 608 609
f 486 489 608 606
f 609 608 610 611
f 489 492 610 608
f 611 610 612 613
f 492 495 612 610
f 613 612 614 598
f 495 471 614 612
f 470 598 614 471
f 501 500 615 616
f 615 500 519 617
f 503 501 616 618
f 505 503 618 619
f 507 505 619 620
f 509 507 620 621
f 511 509 621 622
f 513 511 622 623
f 513 623 624 520
f 519 517 625 617
f 625 517 528 626
f 521 520 624 627
f 521 627 628 529
f 528 527 629 626
f 629 527 536 630
f 530 529 628 631
f 530 631 632 537
f 536 535 633 630
f 633 535 542 634
f 538 537 632 635
f 538 635 636 543
f 542 541 637 634
f 637 541 547 638
f 544 543 636 639
f 544 639 640 548
f 638 547 552 641
f 548 640 642 553
f 641 552 556 643
f 553 642 644 557
f 643 556 560 645
f 557 644 646 561
f 645 560 564 647
f 561 646 648 565
f 568 573 649 650
f 647 564 568 650
f 574 569 651 652
f 565 648 651 569
f 572 580 653 654
f 649 573 572 654
f 581 575 655 656
f 574 652 655 575
f 579 588 657 658
f 653 580 579 658
f 589 582 659 660
f 581 656 659 582
f 587 596 661 662
f 657 588 587 662
f 597 590 663 664
f 589 660 663 590
f 595 603 665 666
f 661 596 595 666
f 603 605 667 665
f 605 607 668 667
f 607 609 669 668
f 609 611 670 669
f 611 613 671 670
f 613 598 672 671
f 597 664 672 598
f 673 616 615 674
f 673 674 675 676
f 675 674 615 677
f 678 618 616 673
f 678 673 676 679
f 680 619 618 678
f 680 678 679 681
f 682 620 619 680
f 682 680 681 683
f 684 621 620 682
f 684 682 683 685
f 686 622 621 684
f 686 684 685 687
f 688 623 622 686
f 688 686 687 689
f 688 689 690 623
f 691 625 692 693
f 691 693 694 695
f 694 693 692 696
f 615 617 625 691
f 615 691 695 677
f 697 627 624 623
f 697 623 690 698
f 699 700 627 697
f 699 697 698 701
f 699 701 702 700
f 692 629 703 704
f 692 704 705 696
f 705 704 703 706
f 625 626 629 692
f 700 631 628 627
f 707 708 631 700
f 707 700 702 709
f 707 709 710 708
f 703 633 711 712
f 703 712 713 706
f 713 712 711 714
f 629 630 633 703
f 708 635 632 631
f 715 716 635 708
f 715 708 710 717
f 715 717 718 716
f 633 634 637 711
f 714 711 637 719
f 716 639 636 635
f 716 718 720 639
f 637 638 721 722
f 637 722 723 719
f 723 722 721 724
f 725 726 640 639
f 725 639 720 727
f 725 727 728 726
f 638 641 729 721
f 724 721 729 730
f 726 731 642 640
f 726 728 732 731
f 641 643 733 729
f 730 729 733 734
f 731 735 644 642
f 731 732 736 735
f 643 645 737 733
f 734 733 737 738
f 735 739 646 644
f 735 736 740 739
f 645 647 741 737
f 738 737 741 742
f 739 743 648 646
f 739 740 744 743
f 647 650 745 741
f 745 650 746 747
f 742 741 745 747
f 743 748 651 648
f 651 748 749 750
f 743 744 749 748
f 649 654 751 650
f 746 650 751 752
f 651 753 655 652
f 651 750 754 753
f 654 755 756 751
f 756 755 757 758
f 752 751 756 758
f 653 658 755 654
f 655 759 659 656
f 753 760 759 655
f 759 760 761 762
f 753 754 761 760
f 658 763 764 755
f 764 763 765 766
f 757 755 764 766
f 657 662 763 658
f 659 767 663 660
f 759 768 767 659
f 767 768 769 770
f 759 762 769 768
f 662 771 772 763
f 772 771 773 774
f 765 763 772 774
f 661 666 771 662
f 771 666 775 773
f 663 776 672 664
f 672 776 777 778
f 767 779 776 663
f 776 779 780 777
f 767 770 780 779
f 665 781 782 666
f 782 781 783 784
f 775 666 782 784
f 667 785 781 665
f 781 785 786 783
f 668 787 785 667
f 785 787 788 786
f 669 789 787 668
f 787 789 790 788
f 670 791 789 669
f 789 791 792 790
f 671 793 791 670
f 791 793 794 792
f 672 795 793 671
f 793 795 796 794
f 672 778 796 795
f 676 675 797 798
f 797 675 677 799
f 679 676 798 800
f 681 679 800 801
f 683 681 801 802
f 685 683 802 803
f 687 685 803 804
f 689 687 804 805
f 689 805 806 690
f 695 694 807 808
f 807 694 696 809
f 677 695 808 799
f 698 690 806 810
f 701 698 810 811
f 701 811 812 702
f 696 705 813 809
f 813 705 706 814
f 709 702 812 815
f 709 815 816 710
f 706 713 817 814
f 817 713 714 818
f 717 710 816 819
f 717 819 820 718
f 818 714 719 821
f 718 820 822 720
f 719 723 823 821
f 823 723 724 824
f 727 720 822 825
f 727 825 826 728
f 824 724 730 827
f 728 826 828 732
f 827 730 734 829
f 732 828 830 736
f 829 734 738 831
f 736 830 832 740
f 831 738 742 833
f 740 832 834 744
f 747 746 835 836
f 833 742 747 836
f 750 749 837 838
f 744 834 837 749
f 835 746 752 839
f 750 838 840 754
f 758 757 841 842
f 839 752 758 842
f 762 761 843 844
f 754 840 843 761
f 766 765 845 846
f 841 757 766 846
f 770 769 847 848
f 762 844 847 769
f 774 773 849 850
f 845 765 774 850
f 773 775 851 849
f 778 777 852 853
f 777 780 854 852
f 770 848 854 780
f 784 783 855 856
f 851 775 784 856
f 783 786 857 855
f 786 788 858 857
f 788 790 859 858
f 790 792 860 859
f 792 794 861 860
f 794 796 862 861
f 778 853 862 796
f 863 864 865 866
f 867 798 797 868
f 867 868 863 866
f 863 868 797 864
f 866 865 869 870
f 871 800 798 867
f 871 867 866 870
f 870 869 872 873
f 874 801 800 871
f 874 871 870 873
f 873 872 875 876
f 877 802 801 874
f 877 874 873 876
f 876 875 878 879
f 880 803 802 877
f 880 877 876 879
f 879 878 881 882
f 883 804 803 880
f 883 880 879 882
f 882 881 884 885
f 886 805 804 883
f 886 883 882 885
f 886 885 884 805
f 887 888 889 890
f 891 808 807 892
f 891 892 887 890
f 887 892 807 888
f 890 889 893 864
f 797 799 808 891
f 797 891 890 864
f 884 894 895 896
f 897 810 806 805
f 897 805 884 896
f 896 895 898 899
f 900 811 810 897
f 900 897 896 899
f 900 899 898 811
f 901 902 903 888
f 807 809 813 904
f 807 904 901 888
f 901 904 813 902
f 898 905 906 907
f 908 815 812 811
f 908 811 898 907
f 908 907 906 815
f 909 910 911 902
f 813 814 817 912
f 813 912 909 902
f 909 912 817 910
f 906 913 914 915
f 916 819 816 815
f 916 815 906 915
f 916 915 914 819
f 917 918 919 910
f 817 818 920 921
f 817 921 917 910
f 917 921 920 918
f 914 922 923 924
f 925 926 820 819
f 925 819 914 924
f 925 924 923 926
f 918 927 928 919
f 818 821 823 920
f 918 920 823 927
f 922 929 930 923
f 926 825 822 820
f 926 923 930 825
f 931 932 933 927
f 823 824 934 935
f 823 935 931 927
f 931 935 934 932
f 930 936 937 938
f 939 940 826 825
f 939 825 930 938
f 939 938 937 940
f 932 941 942 933
f 824 827 943 934
f 932 934 943 941
f 936 944 945 937
f 940 946 828 826
f 940 937 945 946
f 941 947 948 942
f 827 829 949 943
f 941 943 949 947
f 944 950 951 945
f 946 952 830 828
f 946 945 951 952
f 947 953 954 948
f 829 831 955 949
f 947 949 955 953
f 950 956 957 951
f 952 958 832 830
f 952 951 957 958
f 953 959 960 954
f 831 833 961 955
f 953 955 961 959
f 956 962 963 957
f 958 964 834 832
f 958 957 963 964
f 959 965 966 960
f 833 836 967 961
f 967 836 966 965
f 959 961 967 965
f 962 968 969 963
f 964 970 837 834
f 837 970 969 968
f 964 963 969 970
f 966 971 972 973
f 835 839 974 836
f 966 836 974 971
f 975 976 977 968
f 837 978 840 838
f 837 968 977 978
f 971 979 980 972
f 839 842 981 974
f 981 842 980 979
f 971 974 981 979
f 976 982 983 977
f 978 984 843 840
f 843 984 983 982
f 978 977 983 984
f 980 985 986 987
f 841 846 988 842
f 988 846 986 985
f 980 842 988 985
f 989 990 991 982
f 843 992 847 844
f 847 992 991 990
f 843 982 991 992
f 986 993 994 995
f 845 850 996 846
f 996 850 994 993
f 986 846 996 993
f 997 998 999 990
f 847 1000 854 848
f 854 1000 999 998
f 847 990 999 1000
f 994 1001 1002 1003
f 849 1004 1005 850
f 1005 1004 1002 1001
f 994 850 1005 1001
f 1003 1002 1006 1007
f 851 856 1004 849
f 1004 856 1006 1002
f 1008 1009 1010 1011
f 852 1012 862 853
f 862 1012 1010 1009
f 1011 1010 1013 998
f 854 1014 1012 852
f 1012 1014 1013 1010
f 854 998 1013 1014
f 1006 1015 1016 1017
f 855 1018 1019 856
f 1019 1018 1016 1015
f 1006 856 1019 1015
f 1017 1016 1020 1021
f 857 1022 1018 855
f 1018 1022 1020 1016
f 1021 1020 1023 1024
f 858 1025 1022 857
f 1022 1025 1023 1020
f 1024 1023 1026 1027
f 859 1028 1025 858
f 1025 1028 1026 1023
f 1027 1026 1029 1030
f 860 1031 1028 859
f 1028 1031 1029 1026
f 1030 1029 1032 1033
f 861 1034 1031 860
f 1031 1034 1032 1029
f 1033 1032 1035 1009
f 862 1036 1034 861
f 1034 1036 1035 1032
f 862 1009 1035 1036
f 865 864 1037 1038
f 1037 864 893 1039
f 869 865 1038 1040
f 872 869 1040 1041
f 875 872 1041 1042
f 878 875 1042 1043
f 881 878 1043 1044
f 884 881 1044 1045
f 884 1045 1046 894
f 889 888 1047 1048
f 1047 888 903 1049
f 893 889 1048 1039
f 895 894 1046 1050
f 898 895 1050 1051
f 898 1051 1052 905
f 903 902 1053 1049
f 1053 902 911 1054
f 906 905 1052 1055
f 906 1055 1056 913
f 911 910 1057 1054
f 1057 910 919 1058
f 914 913 1056 1059
f 914 1059 1060 922
f 1058 919 928 1061
f 922 1060 1062 929
f 928 927 1063 1061
f 1063 927 933 1064
f 930 929 1062 1065
f 930 1065 1066 936
f 1064 933 942 1067
f 936 1066 1068 944
f 1067 942 948 1069
f 944 1068 1070 950
f 1069 948 954 1071
f 950 1070 1072 956
f 1071 954 960 1073
f 956 1072 1074 962
f 966 973 1075 1076
f 1073 960 966 1076
f 975 968 1077 1078
f 962 1074 1077 968
f 1075 973 972 1079
f 975 1078 1080 976
f 980 987 1081 1082
f 1079 972 980 1082
f 989 982 1083 1084
f 976 1080 1083 982
f 986 995 1085 1086
f 1081 987 986 1086
f 997 990 1087 1088
f 989 1084 1087 990
f 994 1003 1089 1090
f 1085 995 994 1090
f 1003 1007 1091 1089
f 1008 1011 1092 1093
f 1011 998 1094 1092
f 997 1088 1094 998
f 1006 1017 1095 1096
f 1091 1007 1006 1096
f 1017 1021 1097 1095
f 1021 1024 1098 1097
f 1024 1027 1099 1098
f 1027 1030 1100 1099
f 1030 1033 1101 1100
f 1033 1009 1102 1101
f 1008 1093 1102 1009
f 1103 1104 1105 1106
f 1038 1037 1103 1106
f 1103 1037 1039 1104
f 1106 1105 1107 1108
f 1040 1038 1106 1108
f 1108 1107 1109 1110
f 1041 1040 1108 1110
f 1110 1109 1111 1112
f 1042 1041 1110 1112
f 1112 1111 1113 1114
f 1043 1042 1112 1114
f 1114 1113 1115 1116
f 1044 1043 1114 1116
f 1116 1115 1117 1118
f 1045 1044 1116 1118
f 1045 1118 1117 1046
f 1119 1120 1121 1122
f 1048 1047 1119 1122
f 1119 1047 1049 1120
f 1122 1121 1123 1104
f 1039 1048 1122 1104
f 1104 1123 1124 1105
f 1105 1124 1125 1107
f 1107 1125 1126 1109
f 1109 1126 1127 1111
f 1111 1127 1128 1113
f 1113 1128 1129 1115
f 1115 1129 1130 1117
f 1117 1130 1131 1132
f 1050 1046 1117 1132
f 1132 1131 1133 1134
f 1051 1050 1132 1134
f 1051 1134 1133 1052
f 1135 1136 1137 1120
f 1049 1053 1135 1120
f 1135 1053 1054 1136
f 1120 1137 1138 1121
f 1121 1138 1139 1123
f 1123 1139 1140 1124
f 1124 1140 1141 1125
f 1125 1141 1142 1126
f 1126 1142 1143 1127
f 1127 1143 1144 1128
f 1128 1144 1145 1129
f 1129 1145 1146 1130
f 1130 1146 1147 1131
f 1131 1147 1148 1133
f 1133 1148 1149 1150
f 1055 1052 1133 1150
f 1055 1150 1149 1056
f 1151 1152 1153 1136
f 1054 1057 1151 1136
f 1151 1057 1058 1152
f 1136 1153 1154 1137
f 1137 1154 1155 1138
f 1138 1155 1156 1139
f 1139 1156 1157 1140
f 1140 1157 1158 1141
f 1141 1158 1159 1142
f 1142 1159 1160 1143
f 1143 1160 1161 1144
f 1144 1161 1162 1145
f 1145 1162 1163 1146
f 1146 1163 1164 1147
f 1147 1164 1165 1148
f 1148 1165 1166 1149
f 1149 1166 1167 1168
f 1059 1056 1149 1168
f 1059 1168 1167 1060
f 1152 1169 1170 1153
f 1152 1058 1061 1169
f 1153 1170 1171 1154
f 1154 1171 1172 1155
f 1155 1172 1173 1156
f 1156 1173 1174 1157
f 1157 1174 1175 1158
f 1158 1175 1176 1159
f 1159 1176 1177 1160
f 1160 1177 1178 1161
f 1161 1178 1179 1162
f 1162 1179 1180 1163
f 1163 1180 1181 1164
f 1164 1181 1182 1165
f 1165 1182 1183 1166
f 1166 1183 1184 1167
f 1060 1167 1184 1062
f 1185 1186 1187 1169
f 1061 1063 1185 1169
f 1185 1063 1064 1186
f 1169 1187 1188 1170
f 1170 1188 1189 1171
f 1171 1189 1190 1172
f 1172 1190 1191 1173
f 1173 1191 1192 1174
f 1174 1192 1193 1175
f 1175 1193 1194 1176
f 1176 1194 1195 1177
f 1177 1195 1196 1178
f 1178 1196 1197 1179
f 1179 1197 1198 1180
f 1180 1198 1199 1181
f 1181 1199 1200 1182
f 1182 1200 1201 1183
f 1183 1201 1202 1184
f 1184 1202 1203 1204
f 1065 1062 1184 1204
f 1065 1204 1203 1066
f 1186 1205 1206 1187
f 1186 1064 1067 1205
f 1187 1206 1207 1188
f 1188 1207 1208 1189
f 1189 1208 1209 1190
f 1190 1209 1210 1191
f 1191 1210 1211 1192
f 1192 1211 1212 1193
f 1196 1213 1214 1197
f 1197 1214 1215 1198
f 1198 1215 1216 1199
f 1199 1216 1217 1200
f 1200 1217 1218 1201
f 1201 1218 1219 1202
f 1202 1219 1220 1203
f 1066 1203 1220 1068
f 1205 1221 1222 1206
f 1205 1067 1069 1221
f 1206 1222 1223 1207
f 1207 1223 1224 1208
f 1208 1224 1225 1209
f 1209 1225 1226 1210
f 1210 1226 1227 1211
f 1214 1228 1229 1215
f 1215 1229 1230 1216
f 1216 1230 1231 1217
f 1217 1231 1232 1218
f 1218 1232 1233 1219
f 1219 1233 1234 1220
f 1068 1220 1234 1070
f 1221 1235 1236 1222
f 1221 1069 1071 1235
f 1222 1236 1237 1223
f 1223 1237 1238 1224
f 1224 1238 1239 1225
f 1225 1239 1240 1226
f 1226 1240 1241 1227
f 1228 1242 1243 1229
f 1229 1243 1244 1230
f 1230 1244 1245 1231
f 1231 1245 1246 1232
f 1232 1246 1247 1233
f 1233 1247 1248 1234
f 1070 1234 1248 1072
f 1235 1249 1250 1236
f 1235 1071 1073 1249
f 1236 1250 1251 1237
f 1237 1251 1252 1238
f 1238 1252 1253 1239
f 1239 1253 1254 1240
f 1240 1254 1255 1241
f 1241 1255 1256 1257
f 1258 1259 1260 1242
f 1242 1260 1261 1243
f 1243 1261 1262 1244
f 1244 1262 1263 1245
f 1245 1263 1264 1246
f 1246 1264 1265 1247
f 1247 1265 1266 1248
f 1072 1248 1266 1074
f 1249 1267 1268 1250
f 1076 1075 1268 1267
f 1249 1073 1076 1267
f 1250 1268 1269 1251
f 1251 1269 1270 1252
f 1252 1270 1271 1253
f 1253 1271 1272 1254
f 1254 1272 1273 1255
f 1255 1273 1274 1256
f 1256 1274 1275 1276
f 1276 1275 1277 1278
f 1278 1277 1279 1259
f 1259 1279 1280 1260
f 1260 1280 1281 1261
f 1261 1281 1282 1262
f 1262 1282 1283 1263
f 1263 1283 1284 1264
f 1264 1284 1285 1265
f 1265 1285 1286 1266
f 1078 1077 1286 1285
f 1074 1266 1286 1077
f 1268 1287 1288 1269
f 1268 1075 1079 1287
f 1269 1288 1289 1270
f 1270 1289 1290 1271
f 1271 1290 1291 1272
f 1272 1291 1292 1273
f 1273 1292 1293 1274
f 1274 1293 1294 1275
f 1275 1294 1295 1277
f 1277 1295 1296 1279
f 1279 1296 1297 1280
f 1280 1297 1298 1281
f 1281 1298 1299 1282
f 1282 1299 1300 1283
f 1283 1300 1301 1284
f 1284 1301 1302 1285
f 1078 1285 1302 1080
f 1287 1303 1304 1288
f 1082 1081 1304 1303
f 1287 1079 1082 1303
f 1288 1304 1305 1289
f 1289 1305 1306 1290
f 1290 1306 1307 1291
f 1291 1307 1308 1292
f 1292 1308 1309 1293
f 1293 1309 1310 1294
f 1294 1310 1311 1295
f 1295 1311 1312 1296
f 1296 1312 1313 1297
f 1297 1313 1314 1298
f 1298 1314 1315 1299
f 1299 1315 1316 1300
f 1300 1316 1317 1301
f 1301 1317 1318 1302
f 1084 1083 1318 1317
f 1080 1302 1318 1083
f 1304 1319 1320 1305
f 1086 1085 1320 1319
f 1304 1081 1086 1319
f 1305 1320 1321 1306
f 1306 1321 1322 1307
f 1307 1322 1323 1308
f 1308 1323 1324 1309
f 1309 1324 1325 1310
f 1310 1325 1326 1311
f 1311 1326 1327 1312
f 1312 1327 1328 1313
f 1313 1328 1329 1314
f 1314 1329 1330 1315
f 1315 1330 1331 1316
f 1316 1331 1332 1317
f 1088 1087 1332 1331
f 1084 1317 1332 1087
f 1320 1333 1334 1321
f 1090 1089 1334 1333
f 1320 1085 1090 1333
f 1321 1334 1335 1322
f 1089 1091 1335 1334
f 1322 1335 1336 1323
f 1323 1336 1337 1324
f 1324 1337 1338 1325
f 1325 1338 1339 1326
f 1326 1339 1340 1327
f 1327 1340 1341 1328
f 1328 1341 1342 1329
f 1329 1342 1343 1330
f 1093 1092 1343 1342
f 1330 1343 1344 1331
f 1092 1094 1344 1343
f 1088 1331 1344 1094
f 1335 1345 1346 1336
f 1096 1095 1346 1345
f 1335 1091 1096 1345
f 1336 1346 1347 1337
f 1095 1097 1347 1346
f 1337 1347 1348 1338
f 1097 1098 1348 1347
f 1338 1348 1349 1339
f 1098 1099 1349 1348
f 1339 1349 1350 1340
f 1099 1100 1350 1349
f 1340 1350 1351 1341
f 1100 1101 1351 1350
f 1341 1351 1352 1342
f 1101 1102 1352 1351
f 1093 1342 1352 1102
f 1194 1193 1353 1354
f 1353 1193 1212 1355
f 1195 1194 1354 1356
f 1196 1195 1356 1357
f 1196 1357 1358 1213
f 1212 1211 1359 1355
f 1359 1211 1227 1360
f 1214 1213 1358 1361
f 1214 1361 1362 1228
f 1241 1257 1363 1364
f 1360 1227 1241 1364
f 1258 1242 1365 1366
f 1228 1362 1365 1242
f 1256 1276 1367 1368
f 1363 1257 1256 1368
f 1276 1278 1369 1367
f 1278 1259 1370 1369
f 1258 1366 1370 1259
f 1354 1353 1371 1372
f 1371 1353 1355 1373
f 1356 1354 1372 1374
f 1357 1356 1374 1375
f 1357 1375 1376 1358
f 1355 1359 1377 1373
f 1377 1359 1360 1378
f 1361 1358 1376 1379
f 1361 1379 1380 1362
f 1364 1363 1381 1382
f 1378 1360 1364 1382
f 1366 1365 1383 1384
f 1362 1380 1383 1365
f 1368 1367 1385 1386
f 1381 1363 1368 1386
f 1367 1369 1387 1385
f 1369 1370 1388 1387
f 1366 1384 1388 1370
f 1372 1371 1389 1390
f 1389 1371 1373 1391
f 1374 1372 1390 1392
f 1375 1374 1392 1393
f 1375 1393 1394 1376
f 1373 1377 1395 1391
f 1395 1377 1378 1396
f 1379 1376 1394 1397
f 1379 1397 1398 1380
f 1382 1381 1399 1400
f 1396 1378 1382 1400
f 1384 1383 1401 1402
f 1380 1398 1401 1383
f 1386 1385 1403 1404
f 1399 1381 1386 1404
f 1385 1387 1405 1403
f 1387 1388 1406 1405
f 1384 1402 1406 1388
f 1390 1389 1407 1408
f 1407 1389 1391 1409
f 1392 1390 1408 1410
f 1393 1392 1410 1411
f 1393 1411 1412 1394
f 1391 1395 1413 1409
f 1413 1395 1396 1414
f 1397 1394 1412 1415
f 1397 1415 1416 1398
f 1400 1399 1417 1418
f 1414 1396 1400 1418
f 1402 1401 1419 1420
f 1398 1416 1419 1401
f 1404 1403 1421 1422
f 1417 1399 1404 1422
f 1403 1405 1423 1421
f 1405 1406 1424 1423
f 1402 1420 1424 1406
f 1408 1407 1425 1426
f 1425 1407 1409 1427
f 1410 1408 1426 1428
f 1411 1410 1428 1429
f 1411 1429 1430 1412
f 1409 1413 1431 1427
f 1431 1413 1414 1432
f 1415 1412 1430 1433
f 1415 1433 1434 1416
f 1418 1417 1435 1436
f 1432 1414 1418 1436
f 1420 1419 1437 1438
f 1416 1434 1437 1419
f 1422 1421 1439 1440
f 1435 1417 1422 1440
f 1421 1423 1441 1439
f 1423 1424 1442 1441
f 1420 1438 1442 1424
f 1426 1425 1443 1444
f 1443 1425 1427 1445
f 1428 1426 1444 1446
f 1429 1428 1446 1447
f 1429 1447 1448 1430
f 1449 1450 1451 1445
f 1427 1431 1449 1445
f 1449 1431 1432 1450
f 1448 1452 1453 1454
f 1433 1430 1448 1454
f 1433 1454 1453 1434
f 1450 1455 1456 1451
f 1436 1435 1456 1455
f 1450 1432 1436 1455
f 1452 1457 1458 1453
f 1438 1437 1458 1457
f 1434 1453 1458 1437
f 1440 1439 1459 1460
f 1456 1435 1440 1460
f 1439 1441 1461 1459
f 1441 1442 1462 1461
f 1438 1457 1462 1442
f 1444 1443 1463 1464
f 1463 1443 1445 1465
f 1446 1444 1464 1466
f 1447 1446 1466 1467
f 1447 1467 1468 1448
f 1465 1445 1451 1469
f 1448 1468 1470 1452
f 1469 1451 1456 1471
f 1452 1470 1472 1457
f 1460 1459 1473 1474
f 1471 1456 1460 1474
f 1459 1461 1475 1473
f 1461 1462 1476 1475
f 1457 1472 1476 1462
f 1477 1464 1463 1478
f 1477 1478 1479 1480
f 1479 1478 1463 1481
f 1482 1466 1464 1477
f 1482 1477 1480 1483
f 1484 1467 1466 1482
f 1484 1482 1483 1485
f 1484 1485 1486 1467
f 1463 1465 1487 1488
f 1463 1488 1489 1481
f 1489 1488 1487 1490
f 1491 1492 1468 1467
f 1491 1467 1486 1493
f 1491 1493 1494 1492
f 1465 1469 1495 1487
f 1490 1487 1495 1496
f 1492 1497 1470 1468
f 1492 1494 1498 1497
f 1469 1471 1499 1495
f 1496 1495 1499 1500
f 1497 1501 1472 1470
f 1497 1498 1502 1501
f 1471 1474 1503 1499
f 1503 1474 1504 1505
f 1500 1499 1503 1505
f 1501 1506 1476 1472
f 1476 1506 1507 1508
f 1501 1502 1507 1506
f 1473 1509 1510 1474
f 1510 1509 1511 1512
f 1504 1474 1510 1512
f 1475 1513 1509 1473
f 1509 1513 1514 1511
f 1476 1515 1513 1475
f 1513 1515 1516 1514
f 1476 1508 1516 1515
f 1479 1481 1489 1517
f 1479 1517 1518 1519
f 1518 1517 1489 1520
f 1480 1479 1519 1521
f 1483 1480 1521 1522
f 1485 1483 1522 1523
f 1524 1493 1486 1485
f 1524 1485 1523 1525
f 1524 1525 1526 1493
f 1489 1490 1527 1528
f 1489 1528 1529 1520
f 1529 1528 1527 1530
f 1531 1532 1494 1493
f 1531 1493 1526 1533
f 1531 1533 1534 1532
f 1490 1496 1535 1527
f 1530 1527 1535 1536
f 1532 1537 1498 1494
f 1532 1534 1538 1537
f 1496 1500 1539 1535
f 1536 1535 1539 1540
f 1537 1541 1502 1498
f 1537 1538 1542 1541
f 1500 1505 1543 1539
f 1543 1505 1544 1545
f 1540 1539 1543 1545
f 1541 1546 1507 1502
f 1507 1546 1547 1548
f 1541 1542 1547 1546
f 1504 1512 1549 1505
f 1549 1512 1550 1551
f 1544 1505 1549 1551
f 1512 1511 1552 1550
f 1511 1514 1553 1552
f 1514 1516 1554 1553
f 1507 1555 1516 1508
f 1516 1555 1556 1554
f 1507 1548 1556 1555
f 1557 1519 1518 1558
f 1557 1558 1559 1560
f 1559 1558 1518 1561
f 1562 1521 1519 1557
f 1562 1557 1560 1563
f 1564 1522 1521 1562
f 1564 1562 1563 1565
f 1566 1523 1522 1564
f 1566 1564 1565 1567
f 1568 1525 1523 1566
f 1568 1566 1567 1569
f 1568 1569 1570 1525
f 1518 1520 1529 1571
f 1518 1571 1572 1561
f 1572 1571 1529 1573
f 1574 1533 1526 1525
f 1574 1525 1570 1575
f 1574 1575 1576 1533
f 1529 1530 1577 1578
f 1529 1578 1579 1573
f 1579 1578 1577 1580
f 1581 1582 1534 1533
f 1581 1533 1576 1583
f 1581 1583 1584 1582
f 1530 1536 1585 1577
f 1580 1577 1585 1586
f 1582 1587 1538 1534
f 1582 1584 1588 1587
f 1536 1540 1589 1585
f 1586 1585 1589 1590
f 1587 1591 1542 1538
f 1587 1588 1592 1591
f 1540 1545 1593 1589
f 1593 1545 1594 1595
f 1590 1589 1593 1595
f 1591 1596 1547 1542
f 1547 1596 1597 1598
f 1591 1592 1597 1596
f 1544 1551 1599 1545
f 1599 1551 1600 1601
f 1594 1545 1599 1601
f 1547 1602 1556 1548
f 1556 1602 1603 1604
f 1547 1598 1603 1602
f 1550 1605 1606 1551
f 1606 1605 1607 1608
f 1600 1551 1606 1608
f 1552 1609 1605 1550
f 1605 1609 1610 1607
f 1553 1611 1609 1552
f 1609 1611 1612 1610
f 1554 1613 1611 1553
f 1611 1613 1614 1612
f 1556 1615 1613 1554
f 1613 1615 1616 1614
f 1556 1604 1616 1615
f 1617 1559 1618 1619
f 1617 1619 1620 1621
f 1620 1619 1618 1622
f 1623 1560 1559 1617
f 1623 1617 1621 1624
f 1625 1563 1560 1623
f 1625 1623 1624 1626
f 1627 1565 1563 1625
f 1627 1625 1626 1628
f 1629 1567 1565 1627
f 1629 1627 1628 1630
f 1631 1569 1567 1629
f 1631 1629 1630 1632
f 1633 1634 1569 1631
f 1633 1631 1632 1635
f 1633 1635 1636 1634
f 1559 1561 1572 1618
f 1622 1618 1572 1637
f 1634 1575 1570 1569
f 1634 1636 1638 1575
f 1572 1573 1579 1639
f 1572 1639 1640 1637
f 1640 1639 1579 1641
f 1642 1583 1576 1575
f 1642 1575 1638 1643
f 1642 1643 1644 1583
f 1579 1580 1645 1646
f 1579 1646 1647 1641
f 1647 1646 1645 1648
f 1649 1650 1584 1583
f 1649 1583 1644 1651
f 1649 1651 1652 1650
f 1580 1586 1653 1645
f 1648 1645 1653 1654
f 1650 1655 1588 1584
f 1650 1652 1656 1655
f 1586 1590 1657 1653
f 1654 1653 1657 1658
f 1655 1659 1592 1588
f 1655 1656 1660 1659
f 1590 1595 1661 1657
f 1661 1595 1662 1663
f 1658 1657 1661 1663
f 1659 1664 1597 1592
f 1597 1664 1665 1666
f 1659 1660 1665 1664
f 1594 1601 1667 1595
f 1667 1601 1668 1669
f 1662 1595 1667 1669
f 1597 1670 1603 1598
f 1603 1670 1671 1672
f 1597 1666 1671 1670
f 1600 1608 1673 1601
f 1668 1601 1673 1674
f 1603 1675 1616 1604
f 1603 1672 1676 1675
f 1608 1677 1678 1673
f 1678 1677 1679 1680
f 1674 1673 1678 1680
f 1607 1681 1677 1608
f 1677 1681 1682 1679
f 1610 1683 1681 1607
f 1681 1683 1684 1682
f 1612 1685 1683 1610
f 1683 1685 1686 1684
f 1614 1687 1685 1612
f 1685 1687 1688 1686
f 1616 1689 1687 1614
f 1687 1689 1690 1688
f 1675 1691 1689 1616
f 1689 1691 1692 1690
f 1675 1676 1692 1691
f 1621 1620 1693 1694
f 1693 1620 1622 1695
f 1624 1621 1694 1696
f 1626 1624 1696 1697
f 1628 1626 1697 1698
f 1630 1628 1698 1699
f 1632 1630 1699 1700
f 1635 1632 1700 1701
f 1635 1701 1702 1636
f 1695 1622 1637 1703
f 1636 1702 1704 1638
f 1637 1640 1705 1703
f 1705 1640 1641 1706
f 1643 1638 1704 1707
f 1643 1707 1708 1644
f 1641 1647 1709 1706
f 1709 1647 1648 1710
f 1651 1644 1708 1711
f 1651 1711 1712 1652
f 1710 1648 1654 1713
f 1652 1712 1714 1656
f 1713 1654 1658 1715
f 1656 1714 1716 1660
f 1663 1662 1717 1718
f 1715 1658 1663 1718
f 1666 1665 1719 1720
f 1660 1716 1719 1665
f 1669 1668 1721 1722
f 1717 1662 1669 1722
f 1672 1671 1723 1724
f 1666 1720 1723 1671
f 1721 1668 1674 1725
f 1672 1724 1726 1676
f 1680 1679 1727 1728
f 1725 1674 1680 1728
f 1679 1682 1729 1727
f 1682 1684 1730 1729
f 1684 1686 1731 1730
f 1686 1688 1732 1731
f 1688 1690 1733 1732
f 1690 1692 1734 1733
f 1676 1726 1734 1692
f 1694 1693 1735 1736
f 1735 1693 1695 1737
f 1696 1694 1736 1738
f 1697 1696 1738 1739
f 1698 1697 1739 1740
f 1699 1698 1740 1741
f 1700 1699 1741 1742
f 1701 1700 1742 1743
f 1701 1743 1744 1702
f 1737 1695 1703 1745
f 1702 1744 1746 1704
f 1703 1705 1747 1745
f 1747 1705 1706 1748
f 1707 1704 1746 1749
f 1707 1749 1750 1708
f 1706 1709 1751 1748
f 1751 1709 1710 1752
f 1711 1708 1750 1753
f 1711 1753 1754 1712
f 1752 1710 1713 1755
f 1712 1754 1756 1714
f 1755 1713 1715 1757
f 1714 1756 1758 1716
f 1718 1717 1759 1760
f 1757 1715 1718 1760
f 1720 1719 1761 1762
f 1716 1758 1761 1719
f 1722 1721 1763 1764
f 1759 1717 1722 1764
f 1724 1723 1765 1766
f 1720 1762 1765 1723
f 1763 1721 1725 1767
f 1724 1766 1768 1726
f 1728 1727 1769 1770
f 1767 1725 1728 1770
f 1727 1729 1771 1769
f 1729 1730 1772 1771
f 1730 1731 1773 1772
f 1731 1732 1774 1773
f 1732 1733 1775 1774
f 1733 1734 1776 1775
f 1726 1768 1776 1734
f 1736 1735 1777 1778
f 1777 1735 1737 1779
f 1738 1736 1778 1780
f 1739 1738 1780 1781
f 1740 1739 1781 1782
f 1741 1740 1782 1783
f 1742 1741 1783 1784
f 1743 1742 1784 1785
f 1743 1785 1786 1744
f 1779 1737 1745 1787
f 1744 1786 1788 1746
f 1745 1747 1789 1787
f 1789 1747 1748 1790
f 1749 1746 1788 1791
f 1749 1791 1792 1750
f 1748 1751 1793 1790
f 1793 1751 1752 1794
f 1753 1750 1792 1795
f 1753 1795 1796 1754
f 1794 1752 1755 1797
f 1754 1796 1798 1756
f 1797 1755 1757 1799
f 1756 1798 1800 1758
f 1760 1759 1801 1802
f 1799 1757 1760 1802
f 1762 1761 1803 1804
f 1758 1800 1803 1761
f 1764 1763 1805 1806
f 1801 1759 1764 1806
f 1766 1765 1807 1808
f 1762 1804 1807 1765
f 1805 1763 1767 1809
f 1766 1808 1810 1768
f 1770 1769 1811 1812
f 1809 1767 1770 1812
f 1769 1771 1813 1811
f 1771 1772 1814 1813
f 1772 1773 1815 1814
f 1773 1774 1816 1815
f 1774 1775 1817 1816
f 1775 1776 1818 1817
f 1768 1810 1818 1776
f 1778 1777 1819 1820
f 1819 1777 1779 1821
f 1780 1778 1820 1822
f 1781 1780 1822 1823
f 1782 1781 1823 1824
f 1783 1782 1824 1825
f 1784 1783 1825 1826
f 1785 1784 1826 1827
f 1785 1827 1828 1786
f 1821 1779 1787 1829
f 1786 1828 1830 1788
f 1787 1789 1831 1829
f 1831 1789 1790 1832
f 1791 1788 1830 1833
f 1791 1833 1834 1792
f 1790 1793 1835 1832
f 1835 1793 1794 1836
f 1795 1792 1834 1837
f 1795 1837 1838 1796
f 1836 1794 1797 1839
f 1796 1838 1840 1798
f 1839 1797 1799 1841
f 1798 1840 1842 1800
f 1802 1801 1843 1844
f 1841 1799 1802 1844
f 1804 1803 1845 1846
f 1800 1842 1845 1803
f 1806 1805 1847 1848
f 1843 1801 1806 1848
f 1808 1807 1849 1850
f 1804 1846 1849 1807
f 1847 1805 1809 1851
f 1808 1850 1852 1810
f 1812 1811 1853 1854
f 1851 1809 1812 1854
f 1811 1813 1855 1853
f 1813 1814 1856 1855
f 1814 1815 1857 1856
f 1815 1816 1858 1857
f 1816 1817 1859 1858
f 1817 1818 1860 1859
f 1810 1852 1860 1818
f 1820 1819 1861 1862
f 1861 1819 1821 1863
f 1822 1820 1862 1864
f 1823 1822 1864 1865
f 1824 1823 1865 1866
f 1825 1824 1866 1867
f 1826 1825 1867 1868
f 1827 1826 1868 1869
f 1827 1869 1870 1828
f 1863 1821 1829 1871
f 1828 1870 1872 1830
f 1829 1831 1873 1871
f 1873 1831 1832 1874
f 1833 1830 1872 1875
f 1833 1875 1876 1834
f 1832 1835 1877 1874
f 1877 1835 1836 1878
f 1837 1834 1876 1879
f 1837 1879 1880 1838
f 1878 1836 1839 1881
f 1838 1880 1882 1840
f 1881 1839 1841 1883
f 1840 1882 1884 1842
f 1844 1843 1885 1886
f 1883 1841 1844 1886
f 1846 1845 1887 1888
f 1842 1884 1887 1845
f 1848 1847 1889 1890
f 1885 1843 1848 1890
f 1850 1849 1891 1892
f 1846 1888 1891 1849
f 1889 1847 1851 1893
f 1850 1892 1894 1852
f 1854 1853 1895 1896
f 1893 1851 1854 1896
f 1853 1855 1897 1895
f 1855 1856 1898 1897
f 1856 1857 1899 1898
f 1857 1858 1900 1899
f 1858 1859 1901 1900
f 1859 1860 1902 1901
f 1852 1894 1902 1860
f 1862 1861 1903 1904
f 1903 1861 1863 1905
f 1864 1862 1904 1906
f 1865 1864 1906 1907
f 1866 1865 1907 1908
f 1867 1866 1908 1909
f 1868 1867 1909 1910
f 1869 1868 1910 1911
f 1869 1911 1912 1870
f 1905 1863 1871 1913
f 1870 1912 1914 1872
f 1871 1873 1915 1913
f 1915 1873 1874 1916
f 1875 1872 1914 1917
f 1875 1917 1918 1876
f 1874 1877 1919 1916
f 1919 1877 1878 1920
f 1879 1876 1918 1921
f 1879 1921 1922 1880
f 1920 1878 1881 1923
f 1880 1922 1924 1882
f 1923 1881 1883 1925
f 1882 1924 1926 1884
f 1886 1885 1927 1928
f 1925 1883 1886 1928
f 1888 1887 1929 1930
f 1884 1926 1929 1887
f 1890 1889 1931 1932
f 1927 1885 1890 1932
f 1892 1891 1933 1934
f 1888 1930 1933 1891
f 1931 1889 1893 1935
f 1892 1934 1936 1894
f 1896 1895 1937 1938
f 1935 1893 1896 1938
f 1895 1897 1939 1937
f 1897 1898 1940 1939
f 1898 1899 1941 1940
f 1899 1900 1942 1941
f 1900 1901 1943 1942
f 1901 1902 1944 1943
f 1894 1936 1944 1902
f 1904 1903 1945 1946
f 1945 1903 1905 1947
f 1906 1904 1946 1948
f 1907 1906 1948 1949
f 1908 1907 1949 1950
f 1909 1908 1950 1951
f 1910 1909 1951 1952
f 1911 1910 1952 1953
f 1911 1953 1954 1912
f 1947 1905 1913 1955
f 1912 1954 1956 1914
f 1913 1915 1957 1955
f 1957 1915 1916 1958
f 1917 1914 1956 1959
f 1917 1959 1960 1918
f 1916 1919 1961 1958
f 1961 1919 1920 1962
f 1921 1918 1960 1963
f 1921 1963 1964 1922
f 1962 1920 1923 1965
f 1922 1964 1966 1924
f 1965 1923 1925 1967
f 1924 1966 1968 1926
f 1928 1927 1969 1970
f 1967 1925 1928 1970
f 1930 1929 1971 1972
f 1926 1968 1971 1929
f 1932 1931 1973 1974
f 1969 1927 1932 1974
f 1934 1933 1975 1976
f 1930 1972 1975 1933
f 1973 1931 1935 1977
f 1934 1976 1978 1936
f 1938 1937 1979 1980
f 1977 1935 1938 1980
f 1937 1939 1981 1979
f 1939 1940 1982 1981
f 1940 1941 1983 1982
f 1941 1942 1984 1983
f 1942 1943 1985 1984
f 1943 1944 1986 1985
f 1936 1978 1986 1944
f 1946 1945 1987 1988
f 1987 1945 1947 1989
f 1948 1946 1988 1990
f 1949 1948 1990 1991
f 1950 1949 1991 1992
f 1951 1950 1992 1993
f 1952 1951 1993 1994
f 1953 1952 1994 1995
f 1953 1995 1996 1954
f 1989 1947 1955 1997
f 1954 1996 1998 1956
f 1955 1957 1999 1997
f 1999 1957 1958 2000
f 1959 1956 1998 2001
f 1959 2001 2002 1960
f 1958 1961 2003 2000
f 2003 1961 1962 2004
f 1963 1960 2002 2005
f 1963 2005 2006 1964
f 2004 1962 1965 2007
f 1964 2006 2008 1966
f 2007 1965 1967 2009
f 1966 2008 2010 1968
f 1970 1969 2011 2012
f 2009 1967 1970 2012
f 1972 1971 2013 2014
f 1968 2010 2013 1971
f 1974 1973 2015 2016
f 2011 1969 1974 2016
f 1976 1975 2017 2018
f 1972 2014 2017 1975
f 2015 1973 1977 2019
f 1976 2018 2020 1978
f 1980 1979 2021 2022
f 2019 1977 1980 2022
f 1979 1981 2023 2021
f 1981 1982 2024 2023
f 1982 1983 2025 2024
f 1983 1984 2026 2025
f 1984 1985 2027 2026
f 1985 1986 2028 2027
f 1978 2020 2028 1986
f 1988 1987 2029 2030
f 2029 1987 1989 2031
f 1990 1988 2030 2032
f 1991 1990 2032 2033
f 1992 1991 2033 2034
f 1993 1992 2034 2035
f 1994 1993 2035 2036
f 1995 1994 2036 2037
f 1995 2037 2038 1996
f 2031 1989 1997 2039
f 1996 2038 2040 1998
f 1997 1999 2041 2039
f 2041 1999 2000 2042
f 2001 1998 2040 2043
f 2001 2043 2044 2002
f 2000 2003 2045 2042
f 2045 2003 2004 2046
f 2005 2002 2044 2047
f 2005 2047 2048 2006
f 2046 2004 2007 2049
f 2006 2048 2050 2008
f 2049 2007 2009 2051
f 2008 2050 2052 2010
f 2012 2011 2053 2054
f 2051 2009 2012 2054
f 2014 2013 2055 2056
f 2010 2052 2055 2013
f 2016 2015 2057 2058
f 2053 2011 2016 2058
f 2018 2017 2059 2060
f 2014 2056 2059 2017
f 2057 2015 2019 2061
f 2018 2060 2062 2020
f 2022 2021 2063 2064
f 2061 2019 2022 2064
f 2021 2023 2065 2063
f 2023 2024 2066 2065
f 2024 2025 2067 2066
f 2025 2026 2068 2067
f 2026 2027 2069 2068
f 2027 2028 2070 2069
f 2020 2062 2070 2028
f 2030 2029 2071 2072
f 2071 2029 2031 2073
f 2032 2030 2072 2074
f 2033 2032 2074 2075
f 2034 2033 2075 2076
f 2035 2034 2076 2077
f 2036 2035 2077 2078
f 2037 2036 2078 2079
f 2037 2079 2080 2038
f 2073 2031 2039 2081
f 2038 2080 2082 2040
f 2039 2041 2083 2081
f 2083 2041 2042 2084
f 2043 2040 2082 2085
f 2043 2085 2086 2044
f 2042 2045 2087 2084
f 2087 2045 2046 2088
f 2047 2044 2086 2089
f 2047 2089 2090 2048
f 2088 2046 2049 2091
f 2048 2090 2092 2050
f 2091 2049 2051 2093
f 2050 2092 2094 2052
f 2054 2053 2095 2096
f 2093 2051 2054 2096
f 2056 2055 2097 2098
f 2052 2094 2097 2055
f 2058 2057 2099 2100
f 2095 2053 2058 2100
f 2060 2059 2101 2102
f 2056 2098 2101 2059
f 2099 2057 2061 2103
f 2060 2102 2104 2062
f 2064 2063 2105 2106
f 2103 2061 2064 2106
f 2063 2065 2107 2105
f 2065 2066 2108 2107
f 2066 2067 2109 2108
f 2067 2068 2110 2109
f 2068 2069 2111 2110
f 2069 2070 2112 2111
f 2062 2104 2112 2070
f 2072 2071 2113 2114
f 2113 2071 2073 2115
f 2074 2072 2114 2116
f 2075 2074 2116 2117
f 2076 2075 2117 2118
f 2077 2076 2118 2119
f 2078 2077 2119 2120
f 2079 2078 2120 2121
f 2079 2121 2122 2080
f 2115 2073 2081 2123
f 2080 2122 2124 2082
f 2081 2083 2125 2123
f 2125 2083 2084 2126
f 2085 2082 2124 2127
f 2085 2127 2128 2086
f 2084 2087 2129 2126
f 2129 2087 2088 2130
f 2089 2086 2128 2131
f 2089 2131 2132 2090
f 2130 2088 2091 2133
f 2090 2132 2134 2092
f 2133 2091 2093 2135
f 2092 2134 2136 2094
f 2096 2095 2137 2138
f 2135 2093 2096 2138
f 2098 2097 2139 2140
f 2094 2136 2139 2097
f 2100 2099 2141 2142
f 2137 2095 2100 2142
f 2102 2101 2143 2144
f 2098 2140 2143 2101
f 2141 2099 2103 2145
f 2102 2144 2146 2104
f 2106 2105 2147 2148
f 2145 2103 2106 2148
f 2105 2107 2149 2147
f 2107 2108 2150 2149
f 2108 2109 2151 2150
f 2109 2110 2152 2151
f 2110 2111 2153 2152
f 2111 2112 2154 2153
f 2104 2146 2154 2112
f 2114 2113 2155 2156
f 2155 2113 2115 2157
f 2116 2114 2156 2158
f 2117 2116 2158 2159
f 2118 2117 2159 2160
f 2119 2118 2160 2161
f 2120 2119 2161 2162
f 2121 2120 2162 2163
f 2121 2163 2164 2122
f 2157 2115 2123 2165
f 2122 2164 2166 2124
f 2123 2125 2167 2165
f 2167 2125 2126 2168
f 2127 2124 2166 2169
f 2127 2169 2170 2128
f 2126 2129 2171 2168
f 2171 2129 2130 2172
f 2131 2128 2170 2173
f 2131 2173 2174 2132
f 2172 2130 2133 2175
f 2132 2174 2176 2134
f 2175 2133 2135 2177
f 2134 2176 2178 2136
f 2138 2137 2179 2180
f 2177 2135 2138 2180
f 2140 2139 2181 2182
f 2136 2178 2181 2139
f 2142 2141 2183 2184
f 2179 2137 2142 2184
f 2144 2143 2185 2186
f 2140 2182 2185 2143
f 2183 2141 2145 2187
f 2144 2186 2188 2146
f 2148 2147 2189 2190
f 2187 2145 2148 2190
f 2147 2149 2191 2189
f 2149 2150 2192 2191
f 2150 2151 2193 2192
f 2151 2152 2194 2193
f 2152 2153 2195 2194
f 2153 2154 2196 2195
f 2146 2188 2196 2154
f 2156 2155 2197 2198
f 2197 2155 2157 2199
f 2158 2156 2198 2200
f 2159 2158 2200 2201
f 2160 2159 2201 2202
f 2161 2160 2202 2203
f 2162 2161 2203 2204
f 2163 2162 2204 2205
f 2163 2205 2206 2164
f 2199 2157 2165 2207
f 2164 2206 2208 2166
f 2165 2167 2209 2207
f 2209 2167 2168 2210
f 2169 2166 2208 2211
f 2169 2211 2212 2170
f 2168 2171 2213 2210
f 2213 2171 2172 2214
f 2173 2170 2212 2215
f 2173 2215 2216 2174
f 2214 2172 2175 2217
f 2174 2216 2218 2176
f 2217 2175 2177 2219
f 2176 2218 2220 2178
f 2180 2179 2221 2222
f 2219 2177 2180 2222
f 2182 2181 2223 2224
f 2178 2220 2223 2181
f 2184 2183 2225 2226
f 2221 2179 2184 2226
f 2186 2185 2227 2228
f 2182 2224 2227 2185
f 2225 2183 2187 2229
f 2186 2228 2230 2188
f 2190 2189 2231 2232
f 2229 2187 2190 2232
f 2189 2191 2233 2231
f 2191 2192 2234 2233
f 2192 2193 2235 2234
f 2193 2194 2236 2235
f 2194 2195 2237 2236
f 2195 2196 2238 2237
f 2188 2230 2238 2196
f 2198 2197 2239 2240
f 2239 2197 2199 2241
f 2200 2198 2240 2242
f 2201 2200 2242 2243
f 2202 2201 2243 2244
f 2203 2202 2244 2245
f 2204 2203 2245 2246
f 2205 2204 2246 2247
f 2205 2247 2248 2206
f 2241 2199 2207 2249
f 2206 2248 2250 2208
f 2207 2209 2251 2249
f 2251 2209 2210 2252
f 2211 2208 2250 2253
f 2211 2253 2254 2212
f 2210 2213 2255 2252
f 2255 2213 2214 2256
f 2215 2212 2254 2257
f 2215 2257 2258 2216
f 2256 2214 2217 2259
f 2216 2258 2260 2218
f 2259 2217 2219 2261
f 2218 2260 2262 2220
f 2222 2221 2263 2264
f 2261 2219 2222 2264
f 2224 2223 2265 2266
f 2220 2262 2265 2223
f 2226 2225 2267 2268
f 2263 2221 2226 2268
f 2228 2227 2269 2270
f 2224 2266 2269 2227
f 2267 2225 2229 2271
f 2228 2270 2272 2230
f 2232 2231 2273 2274
f 2271 2229 2232 2274
f 2231 2233 2275 2273
f 2233 2234 2276 2275
f 2234 2235 2277 2276
f 2235 2236 2278 2277
f 2236 2237 2279 2278
f 2237 2238 2280 2279
f 2230 2272 2280 2238
f 2281 2282 2283 2284
f 2240 2239 2281 2284
f 2281 2239 2241 2282
f 2284 2283 2285 2286
f 2242 2240 2284 2286
f 2286 2285 2287 2288
f 2243 2242 2286 2288
f 2288 2287 2289 2290
f 2244 2243 2288 2290
f 2290 2289 2291 2292
f 2245 2244 2290 2292
f 2292 2291 2293 2294
f 2246 2245 2292 2294
f 2294 2293 2295 2296
f 2247 2246 2294 2296
f 2247 2296 2295 2248
f 2282 2297 2298 2283
f 2282 2241 2249 2297
f 2293 2299 2300 2295
f 2248 2295 2300 2250
f 2301 2302 2303 2297
f 2249 2251 2301 2297
f 2301 2251 2252 2302
f 2300 2304 2305 2306
f 2253 2250 2300 2306
f 2253 2306 2305 2254
f 2307 2308 2309 2302
f 2252 2255 2307 2302
f 2307 2255 2256 2308
f 2305 2310 2311 2312
f 2257 2254 2305 2312
f 2257 2312 2311 2258
f 2308 2313 2314 2309
f 2308 2256 2259 2313
f 2310 2315 2316 2311
f 2258 2311 2316 2260
f 2313 2317 2318 2314
f 2313 2259 2261 2317
f 2315 2319 2320 2316
f 2260 2316 2320 2262
f 2317 2321 2322 2318
f 2264 2263 2322 2321
f 2317 2261 2264 2321
f 2319 2323 2324 2320
f 2266 2265 2324 2323
f 2262 2320 2324 2265
f 2322 2325 2326 2327
f 2268 2267 2326 2325
f 2322 2263 2268 2325
f 2328 2329 2330 2323
f 2270 2269 2330 2329
f 2266 2323 2330 2269
f 2326 2331 2332 2333
f 2326 2267 2271 2331
f 2334 2335 2336 2329
f 2270 2329 2336 2272
f 2331 2337 2338 2332
f 2274 2273 2338 2337
f 2331 2271 2274 2337
f 2332 2338 2339 2340
f 2273 2275 2339 2338
f 2340 2339 2341 2342
f 2275 2276 2341 2339
f 2342 2341 2343 2344
f 2276 2277 2343 2341
f 2344 2343 2345 2346
f 2277 2278 2345 2343
f 2346 2345 2347 2335
f 2278 2279 2347 2345
f 2335 2347 2348 2336
f 2279 2280 2348 2347
f 2272 2336 2348 2280
f 2285 2283 2349 2350
f 2349 2283 2298 2351
f 2287 2285 2350 2352
f 2289 2287 2352 2353
f 2291 2289 2353 2354
f 2293 2291 2354 2355
f 2293 2355 2356 2299
f 2298 2297 2357 2351
f 2357 2297 2303 2358
f 2300 2299 2356 2359
f 2300 2359 2360 2304
f 2303 2302 2361 2358
f 2361 2302 2309 2362
f 2305 2304 2360 2363
f 2305 2363 2364 2310
f 2362 2309 2314 2365
f 2310 2364 2366 2315
f 2365 2314 2318 2367
f 2315 2366 2368 2319
f 2322 2327 2369 2370
f 2367 2318 2322 2370
f 2328 2323 2371 2372
f 2319 2368 2371 2323
f 2326 2333 2373 2374
f 2369 2327 2326 2374
f 2334 2329 2375 2376
f 2328 2372 2375 2329
f 2332 2340 2377 2378
f 2373 2333 2332 2378
f 2340 2342 2379 2377
f 2342 2344 2380 2379
f 2344 2346 2381 2380
f 2346 2335 2382 2381
f 2334 2376 2382 2335
f 2383 2384 2385 2386
f 2350 2349 2383 2386
f 2383 2349 2351 2384
f 2386 2385 2387 2388
f 2352 2350 2386 2388
f 2388 2387 2389 2390
f 2353 2352 2388 2390
f 2390 2389 2391 2392
f 2354 2353 2390 2392
f 2392 2391 2393 2394
f 2355 2354 2392 2394
f 2355 2394 2393 2356
f 2395 2396 2397 2384
f 2351 2357 2395 2384
f 2395 2357 2358 2396
f 2393 2398 2399 2400
f 2359 2356 2393 2400
f 2359 2400 2399 2360
f 2401 2402 2403 2396
f 2358 2361 2401 2396
f 2401 2361 2362 2402
f 2399 2404 2405 2406
f 2363 2360 2399 2406
f 2363 2406 2405 2364
f 2402 2407 2408 2403
f 2402 2362 2365 2407
f 2404 2409 2410 2405
f 2364 2405 2410 2366
f 2407 2411 2412 2408
f 2407 2365 2367 2411
f 2409 2413 2414 2410
f 2366 2410 2414 2368
f 2411 2415 2416 2412
f 2370 2369 2416 2415
f 2411 2367 2370 2415
f 2413 2417 2418 2414
f 2372 2371 2418 2417
f 2368 2414 2418 2371
f 2416 2419 2420 2421
f 2374 2373 2420 2419
f 2416 2369 2374 2419
f 2422 2423 2424 2417
f 2376 2375 2424 2423
f 2372 2417 2424 2375
f 2420 2425 2426 2427
f 2378 2377 2426 2425
f 2420 2373 2378 2425
f 2427 2426 2428 2429
f 2377 2379 2428 2426
f 2429 2428 2430 2431
f 2379 2380 2430 2428
f 2431 2430 2432 2433
f 2380 2381 2432 2430
f 2433 2432 2434 2423
f 2381 2382 2434 2432
f 2376 2423 2434 2382
f 2385 2384 2435 2436
f 2435 2384 2397 2437
f 2387 2385 2436 2438
f 2389 2387 2438 2439
f 2391 2389 2439 2440
f 2393 2391 2440 2441
f 2393 2441 2442 2398
f 2397 2396 2443 2437
f 2443 2396 2403 2444
f 2399 2398 2442 2445
f 2399 2445 2446 2404
f 2444 2403 2408 2447
f 2404 2446 2448 2409
f 2447 2408 2412 2449
f 2409 2448 2450 2413
f 2416 2421 2451 2452
f 2449 2412 2416 2452
f 2422 2417 2453 2454
f 2413 2450 2453 2417
f 2420 2427 2455 2456
f 2451 2421 2420 2456
f 2427 2429 2457 2455
f 2429 2431 2458 2457
f 2431 2433 2459 2458
f 2433 2423 2460 2459
f 2422 2454 2460 2423
f 2461 2462 2463 2464
f 2436 2435 2461 2464
f 2461 2435 2437 2462
f 2438 2436 2464 2465
f 2439 2438 2465 2466
f 2440 2439 2466 2467
f 2467 2468 2469 2470
f 2441 2440 2467 2470
f 2441 2470 2469 2442
f 2471 2472 2473 2462
f 2437 2443 2471 2462
f 2471 2443 2444 2472
f 2469 2474 2475 2476
f 2445 2442 2469 2476
f 2445 2476 2475 2446
f 2472 2477 2478 2473
f 2472 2444 2447 2477
f 2474 2479 2480 2475
f 2446 2475 2480 2448
f 2477 2481 2482 2478
f 2477 2447 2449 2481
f 2479 2483 2484 2480
f 2448 2480 2484 2450
f 2481 2485 2486 2482
f 2452 2451 2486 2485
f 2481 2449 2452 2485
f 2483 2487 2488 2484
f 2454 2453 2488 2487
f 2450 2484 2488 2453
f 2486 2489 2490 2491
f 2456 2455 2490 2489
f 2486 2451 2456 2489
f 2455 2457 2492 2490
f 2457 2458 2493 2492
f 2458 2459 2494 2493
f 2495 2494 2496 2487
f 2459 2460 2496 2494
f 2454 2487 2496 2460
f 2465 2464 2497 2498
f 2497 2464 2463 2499
f 2466 2465 2498 2500
f 2467 2466 2500 2501
f 2467 2501 2502 2468
f 2463 2462 2503 2499
f 2503 2462 2473 2504
f 2469 2468 2502 2505
f 2469 2505 2506 2474
f 2504 2473 2478 2507
f 2474 2506 2508 2479
f 2507 2478 2482 2509
f 2479 2508 2510 2483
f 2486 2491 2511 2512
f 2509 2482 2486 2512
f 2495 2487 2513 2514
f 2483 2510 2513 2487
f 2490 2492 2515 2516
f 2511 2491 2490 2516
f 2492 2493 2517 2515
f 2493 2494 2518 2517
f 2495 2514 2518 2494
f 2519 2520 2521 2522
f 2498 2497 2519 2522
f 2519 2497 2499 2520
f 2522 2521 2523 2524
f 2500 2498 2522 2524
f 2524 2523 2525 2526
f 2501 2500 2524 2526
f 2501 2526 2525 2502
f 2527 2528 2529 2520
f 2499 2503 2527 2520
f 2527 2503 2504 2528
f 2525 2530 2531 2532
f 2505 2502 2525 2532
f 2505 2532 2531 2506
f 2528 2533 2534 2529
f 2528 2504 2507 2533
f 2530 2535 2536 2531
f 2506 2531 2536 2508
f 2533 2537 2538 2534
f 2533 2507 2509 2537
f 2535 2539 2540 2536
f 2508 2536 2540 2510
f 2537 2541 2542 2538
f 2512 2511 2542 2541
f 2537 2509 2512 2541
f 2539 2543 2544 2540
f 2514 2513 2544 2543
f 2510 2540 2544 2513
f 2542 2545 2546 2547
f 2516 2515 2546 2545
f 2542 2511 2516 2545
f 2547 2546 2548 2549
f 2515 2517 2548 2546
f 2549 2548 2550 2543
f 2517 2518 2550 2548
f 2514 2543 2550 2518
f 2521 2520 2551 2552
f 2551 2520 2529 2553
f 2523 2521 2552 2554
f 2525 2523 2554 2555
f 2525 2555 2556 2530
f 2553 2529 2534 2557
f 2530 2556 2558 2535
f 2557 2534 2538 2559
f 2535 2558 2560 2539
f 2542 2547 2561 2562
f 2559 2538 2542 2562
f 2547 2549 2563 2561
f 2549 2543 2564 2563
f 2539 2560 2564 2543
f 2565 2566 2567 2568
f 2552 2551 2565 2568
f 2565 2551 2553 2566
f 2568 2567 2569 2570
f 2554 2552 2568 2570
f 2570 2569 2571 2572
f 2555 2554 2570 2572
f 2555 2572 2571 2556
f 2566 2573 2574 2567
f 2566 2553 2557 2573
f 2569 2575 2576 2571
f 2556 2571 2576 2558
f 2573 2577 2578 2574
f 2573 2557 2559 2577
f 2575 2579 2580 2576
f 2558 2576 2580 2560
f 2577 2581 2582 2578
f 2562 2561 2582 2581
f 2577 2559 2562 2581
f 2578 2582 2583 2579
f 2561 2563 2583 2582
f 2579 2583 2584 2580
f 2563 2564 2584 2583
f 2560 2580 2584 2564
f 2569 2567 2585 2586
f 2569 2586 2587 2575
f 2585 2567 2574 2588
f 2578 2579 2589 2590
f 2575 2587 2589 2579
f 2588 2574 2578 2590
f 2591 2592 2593 2594
f 2586 2585 2591 2594
f 2586 2594 2593 2587
f 2591 2585 2588 2592
f 2592 2595 2596 2593
f 2590 2589 2596 2595
f 2587 2593 2596 2589
f 2592 2588 2590 2595
