# H-swallowtail — lifted from a 2D silhouette by aide.lift
o H-swallowtail
v -23.000 -8.000 -2.500
v -23.000 -7.000 -2.500
v -23.000 -7.000 -3.500
v -23.000 -8.000 -3.500
v -22.000 -8.000 -3.500
v -22.000 -8.000 -2.500
v -22.000 -7.000 -3.500
v -23.000 -8.000 -1.500
v -23.000 -7.000 -1.500
v -22.000 -8.000 -1.500
v -23.000 -8.000 -0.500
v -23.000 -7.000 -0.500
v -22.000 -8.000 -0.500
v -23.000 -8.000 0.500
v -23.000 -7.000 0.500
v -22.000 -8.000 0.500
v -23.000 -8.000 1.500
v -23.000 -7.000 1.500
v -22.000 -8.000 1.500
v -23.000 -8.000 2.500
v -23.000 -7.000 2.500
v -22.000 -8.000 2.500
v -23.000 -8.000 3.500
v -23.000 -7.000 3.500
v -22.000 -8.000 3.500
v -22.000 -7.000 3.500
v -23.000 -7.000 -4.500
v -23.000 -6.000 -4.500
v -23.000 -6.000 -5.500
v -23.000 -7.000 -5.500
v -22.000 -7.000 -5.500
v -22.000 -7.000 -4.500
v -22.000 -6.000 -5.500
v -23.000 -6.000 -3.500
v -23.000 -6.000 -2.500
v -23.000 -6.000 -1.500
v -23.000 -6.000 -0.500
v -23.000 -6.000 0.500
v -23.000 -6.000 1.500
v -23.000 -6.000 2.500
v -23.000 -6.000 3.500
v -23.000 -7.000 4.500
v -23.000 -6.000 4.500
v -22.000 -7.000 4.500
v -23.000 -7.000 5.500
v -23.000 -6.000 5.500
v -22.000 -7.000 5.500
v -22.000 -6.000 5.500
v -23.000 -5.000 -5.500
v -23.000 -5.000 -6.500
v -23.000 -6.000 -6.500
v -22.000 -6.000 -6.500
v -22.000 -5.000 -6.500
v -23.000 -5.000 -4.500
v -23.000 -5.000 -3.500
v -23.000 -5.000 -2.500
v -23.000 -5.000 -1.500
v -23.000 -5.000 -0.500
v -23.000 -5.000 0.500
v -23.000 -5.000 1.500
v -23.000 -5.000 2.500
v -23.000 -5.000 3.500
v -23.000 -5.000 4.500
v -23.000 -5.000 5.500
v -23.000 -6.000 6.500
v -23.000 -5.000 6.500
v -22.000 -6.000 6.500
v -22.000 -5.000 6.500
v -23.000 -4.000 -6.500
v -23.000 -4.000 -7.500
v -23.000 -5.000 -7.500
v -22.000 -5.000 -7.500
v -22.000 -4.000 -7.500
v -23.000 -4.000 -5.500
v -23.000 -4.000 -4.500
v -23.000 -4.000 -3.500
v -23.000 -4.000 -2.500
v -23.000 -4.000 -1.500
v -23.000 -4.000 -0.500
v -23.000 -4.000 0.500
v -23.000 -4.000 1.500
v -23.000 -4.000 2.500
v -23.000 -4.000 3.500
v -23.000 -4.000 4.500
v -23.000 -4.000 5.500
v -23.000 -4.000 6.500
v -23.000 -5.000 7.500
v -23.000 -4.000 7.500
v -22.000 -5.000 7.500
v -22.000 -4.000 7.500
v -23.000 -3.000 -6.500
v -23.000 -3.000 -7.500
v -22.000 -3.000 -7.500
v -23.000 -3.000 -5.500
v -23.000 -3.000 -4.500
v -23.000 -3.000 -3.500
v -23.000 -3.000 -2.500
v -23.000 -3.000 -1.500
v -23.000 -3.000 -0.500
v -23.000 -3.000 0.500
v -23.000 -3.000 1.500
v -23.000 -3.000 2.500
v -23.000 -3.000 3.500
v -23.000 -3.000 4.500
v -23.000 -3.000 5.500
v -23.000 -3.000 6.500
v -23.000 -3.000 7.500
v -22.000 -3.000 7.500
v -23.000 -2.000 -7.500
v -23.000 -2.000 -8.500
v -23.000 -3.000 -8.500
v -22.000 -3.000 -8.500
v -22.000 -2.000 -8.500
v -23.000 -2.000 -6.500
v -23.000 -2.000 -5.500
v -23.000 -2.000 -4.500
v -23.000 -2.000 -3.500
v -23.000 -2.000 -2.500
v -23.000 -2.000 -1.500
v -23.000 -2.000 -0.500
v -23.000 -2.000 0.500
v -23.000 -2.000 1.500
v -23.000 -2.000 2.500
v -23.000 -2.000 3.500
v -23.000 -2.000 4.500
v -23.000 -2.000 5.500
v -23.000 -2.000 6.500
v -23.000 -2.000 7.500
v -23.000 -3.000 8.500
v -23.000 -2.000 8.500
v -22.000 -3.000 8.500
v -22.000 -2.000 8.500
v -23.000 -1.000 -7.500
v -23.000 -1.000 -8.500
v -22.000 -1.000 -8.500
v -23.000 -1.000 -6.500
v -23.000 -1.000 -5.500
v -23.000 -1.000 -4.500
v -23.000 -1.000 -3.500
v -23.000 -1.000 -2.500
v -23.000 -1.000 -1.500
v -23.000 -1.000 -0.500
v -23.000 -1.000 0.500
v -23.000 -1.000 1.500
v -23.000 -1.000 2.500
v -23.000 -1.000 3.500
v -23.000 -1.000 4.500
v -23.000 -1.000 5.500
v -23.000 -1.000 6.500
v -23.000 -1.000 7.500
v -23.000 -1.000 8.500
v -22.000 -1.000 8.500
v -23.000 0.000 -7.500
v -23.000 0.000 -8.500
v -22.000 0.000 -8.500
v -23.000 0.000 -6.500
v -23.000 0.000 -5.500
v -23.000 0.000 -4.500
v -23.000 0.000 -3.500
v -23.000 0.000 -2.500
v -23.000 0.000 -1.500
v -23.000 0.000 -0.500
v -23.000 0.000 0.500
v -23.000 0.000 1.500
v -23.000 0.000 2.500
v -23.000 0.000 3.500
v -23.000 0.000 4.500
v -23.000 0.000 5.500
v -23.000 0.000 6.500
v -23.000 0.000 7.500
v -23.000 0.000 8.500
v -22.000 0.000 8.500
v -23.000 1.000 -7.500
v -23.000 1.000 -8.500
v -22.000 1.000 -8.500
v -23.000 1.000 -6.500
v -23.000 1.000 -5.500
v -23.000 1.000 -4.500
v -23.000 1.000 -3.500
v -23.000 1.000 -2.500
v -23.000 1.000 -1.500
v -23.000 1.000 -0.500
v -23.000 1.000 0.500
v -23.000 1.000 1.500
v -23.000 1.000 2.500
v -23.000 1.000 3.500
v -23.000 1.000 4.500
v -23.000 1.000 5.500
v -23.000 1.000 6.500
v -23.000 1.000 7.500
v -23.000 1.000 8.500
v -22.000 1.000 8.500
v -23.000 2.000 -7.500
v -23.000 2.000 -8.500
v -22.000 2.000 -8.500
v -23.000 2.000 -6.500
v -23.000 2.000 -5.500
v -23.000 2.000 -4.500
v -23.000 2.000 -3.500
v -23.000 2.000 -2.500
v -23.000 2.000 -1.500
v -23.000 2.000 -0.500
v -23.000 2.000 0.500
v -23.000 2.000 1.500
v -23.000 2.000 2.500
v -23.000 2.000 3.500
v -23.000 2.000 4.500
v -23.000 2.000 5.500
v -23.000 2.000 6.500
v -23.000 2.000 7.500
v -23.000 2.000 8.500
v -22.000 2.000 8.500
v -23.000 3.000 -7.500
v -23.000 3.000 -8.500
v -22.000 3.000 -7.500
v -22.000 3.000 -8.500
v -23.000 3.000 -6.500
v -23.000 3.000 -5.500
v -23.000 3.000 -4.500
v -23.000 3.000 -3.500
v -23.000 3.000 -2.500
v -23.000 3.000 -1.500
v -23.000 3.000 -0.500
v -23.000 3.000 0.500
v -23.000 3.000 1.500
v -23.000 3.000 2.500
v -23.000 3.000 3.500
v -23.000 3.000 4.500
v -23.000 3.000 5.500
v -23.000 3.000 6.500
v -23.000 3.000 7.500
v -23.000 3.000 8.500
v -22.000 3.000 8.500
v -22.000 3.000 7.500
v -23.000 4.000 -6.500
v -23.000 4.000 -7.500
v -22.000 4.000 -7.500
v -23.000 4.000 -5.500
v -23.000 4.000 -4.500
v -23.000 4.000 -3.500
v -23.000 4.000 -2.500
v -23.000 4.000 -1.500
v -23.000 4.000 -0.500
v -23.000 4.000 0.500
v -23.000 4.000 1.500
v -23.000 4.000 2.500
v -23.000 4.000 3.500
v -23.000 4.000 4.500
v -23.000 4.000 5.500
v -23.000 4.000 6.500
v -23.000 4.000 7.500
v -22.000 4.000 7.500
v -23.000 5.000 -6.500
v -23.000 5.000 -7.500
v -22.000 5.000 -6.500
v -22.000 5.000 -7.500
v -23.000 5.000 -5.500
v -23.000 5.000 -4.500
v -23.000 5.000 -3.500
v -23.000 5.000 -2.500
v -23.000 5.000 -1.500
v -23.000 5.000 -0.500
v -23.000 5.000 0.500
v -23.000 5.000 1.500
v -23.000 5.000 2.500
v -23.000 5.000 3.500
v -23.000 5.000 4.500
v -23.000 5.000 5.500
v -23.000 5.000 6.500
v -23.000 5.000 7.500
v -22.000 5.000 7.500
v -22.000 5.000 6.500
v -23.000 6.000 -5.500
v -23.000 6.000 -6.500
v -22.000 6.000 -5.500
v -22.000 6.000 -6.500
v -23.000 6.000 -4.500
v -23.000 6.000 -3.500
v -23.000 6.000 -2.500
v -23.000 6.000 -1.500
v -23.000 6.000 -0.500
v -23.000 6.000 0.500
v -23.000 6.000 1.500
v -23.000 6.000 2.500
v -23.000 6.000 3.500
v -23.000 6.000 4.500
v -23.000 6.000 5.500
v -23.000 6.000 6.500
v -22.000 6.000 6.500
v -22.000 6.000 5.500
v -23.000 7.000 -4.500
v -23.000 7.000 -5.500
v -22.000 7.000 -4.500
v -22.000 7.000 -5.500
v -23.000 7.000 -3.500
v -22.000 7.000 -3.500
v -23.000 7.000 -2.500
v -23.000 7.000 -1.500
v -23.000 7.000 -0.500
v -23.000 7.000 0.500
v -23.000 7.000 1.500
v -23.000 7.000 2.500
v -23.000 7.000 3.500
v -23.000 7.000 4.500
v -22.000 7.000 4.500
v -22.000 7.000 3.500
v -23.000 7.000 5.500
v -22.000 7.000 5.500
v -23.000 8.000 -2.500
v -23.000 8.000 -3.500
v -22.000 8.000 -2.500
v -22.000 8.000 -3.500
v -23.000 8.000 -1.500
v -22.000 8.000 -1.500
v -23.000 8.000 -0.500
v -22.000 8.000 -0.500
v -23.000 8.000 0.500
v -22.000 8.000 0.500
v -23.000 8.000 1.500
v -22.000 8.000 1.500
v -23.000 8.000 2.500
v -22.000 8.000 2.500
v -23.000 8.000 3.500
v -22.000 8.000 3.500
v -21.000 -9.000 -3.500
v -21.000 -8.000 -3.500
v -21.000 -8.000 -2.500
v -21.000 -9.000 -2.500
v -22.000 -9.000 -2.500
v -22.000 -9.000 -3.500
v -21.000 -8.000 -1.500
v -21.000 -9.000 -1.500
v -22.000 -9.000 -1.500
v -21.000 -8.000 -0.500
v -21.000 -9.000 -0.500
v -22.000 -9.000 -0.500
v -21.000 -8.000 0.500
v -21.000 -9.000 0.500
v -22.000 -9.000 0.500
v -21.000 -8.000 1.500
v -21.000 -9.000 1.500
v -22.000 -9.000 1.500
v -21.000 -8.000 2.500
v -21.000 -9.000 2.500
v -22.000 -9.000 2.500
v -21.000 -8.000 3.500
v -21.000 -9.000 3.500
v -22.000 -9.000 3.500
v -21.000 -8.000 -5.500
v -21.000 -7.000 -5.500
v -21.000 -7.000 -4.500
v -21.000 -8.000 -4.500
v -22.000 -8.000 -4.500
v -22.000 -8.000 -5.500
v -21.000 -7.000 -3.500
v -21.000 -7.000 3.500
v -21.000 -7.000 4.500
v -21.000 -8.000 4.500
v -22.000 -8.000 4.500
v -21.000 -7.000 5.500
v -21.000 -8.000 5.500
v -22.000 -8.000 5.500
v -21.000 -7.000 -6.500
v -21.000 -6.000 -6.500
v -21.000 -6.000 -5.500
v -22.000 -7.000 -6.500
v -21.000 -6.000 5.500
v -21.000 -6.000 6.500
v -21.000 -7.000 6.500
v -22.000 -7.000 6.500
v -21.000 -6.000 -7.500
v -21.000 -5.000 -7.500
v -21.000 -5.000 -6.500
v -22.000 -6.000 -7.500
v -21.000 -5.000 6.500
v -21.000 -5.000 7.500
v -21.000 -6.000 7.500
v -22.000 -6.000 7.500
v -21.000 -5.000 -8.500
v -21.000 -4.000 -8.500
v -21.000 -4.000 -7.500
v -22.000 -4.000 -8.500
v -22.000 -5.000 -8.500
v -21.000 -4.000 7.500
v -21.000 -4.000 8.500
v -21.000 -5.000 8.500
v -22.000 -5.000 8.500
v -22.000 -4.000 8.500
v -21.000 -3.000 -8.500
v -21.000 -3.000 -7.500
v -21.000 -3.000 7.500
v -21.000 -3.000 8.500
v -21.000 -3.000 -9.500
v -21.000 -2.000 -9.500
v -21.000 -2.000 -8.500
v -22.000 -2.000 -9.500
v -22.000 -3.000 -9.500
v -21.000 -2.000 8.500
v -21.000 -2.000 9.500
v -21.000 -3.000 9.500
v -22.000 -3.000 9.500
v -22.000 -2.000 9.500
v -21.000 -1.000 -9.500
v -21.000 -1.000 -8.500
v -22.000 -1.000 -9.500
v -21.000 -1.000 8.500
v -21.000 -1.000 9.500
v -22.000 -1.000 9.500
v -21.000 0.000 -9.500
v -21.000 0.000 -8.500
v -22.000 0.000 -9.500
v -21.000 0.000 8.500
v -21.000 0.000 9.500
v -22.000 0.000 9.500
v -21.000 1.000 -9.500
v -21.000 1.000 -8.500
v -22.000 1.000 -9.500
v -21.000 1.000 8.500
v -21.000 1.000 9.500
v -22.000 1.000 9.500
v -21.000 2.000 -9.500
v -21.000 2.000 -8.500
v -22.000 2.000 -9.500
v -21.000 2.000 8.500
v -21.000 2.000 9.500
v -22.000 2.000 9.500
v -21.000 3.000 -9.500
v -21.000 3.000 -8.500
v -22.000 3.000 -9.500
v -21.000 3.000 8.500
v -21.000 3.000 9.500
v -22.000 3.000 9.500
v -21.000 4.000 -8.500
v -21.000 4.000 -7.500
v -21.000 3.000 -7.500
v -22.000 4.000 -8.500
v -21.000 3.000 7.500
v -21.000 4.000 7.500
v -21.000 4.000 8.500
v -22.000 4.000 8.500
v -21.000 5.000 -8.500
v -21.000 5.000 -7.500
v -22.000 5.000 -8.500
v -21.000 5.000 7.500
v -21.000 5.000 8.500
v -22.000 5.000 8.500
v -21.000 6.000 -7.500
v -21.000 6.000 -6.500
v -21.000 5.000 -6.500
v -22.000 6.000 -7.500
v -21.000 5.000 6.500
v -21.000 6.000 6.500
v -21.000 6.000 7.500
v -22.000 6.000 7.500
v -21.000 7.000 -6.500
v -21.000 7.000 -5.500
v -21.000 6.000 -5.500
v -22.000 7.000 -6.500
v -21.000 6.000 5.500
v -21.000 7.000 5.500
v -21.000 7.000 6.500
v -22.000 7.000 6.500
v -21.000 8.000 -5.500
v -21.000 8.000 -4.500
v -21.000 7.000 -4.500
v -22.000 8.000 -4.500
v -22.000 8.000 -5.500
v -21.000 8.000 -3.500
v -21.000 7.000 -3.500
v -21.000 7.000 3.500
v -21.000 8.000 3.500
v -21.000 8.000 4.500
v -21.000 7.000 4.500
v -22.000 8.000 4.500
v -21.000 8.000 5.500
v -22.000 8.000 5.500
v -21.000 9.000 -3.500
v -21.000 9.000 -2.500
v -21.000 8.000 -2.500
v -22.000 9.000 -2.500
v -22.000 9.000 -3.500
v -21.000 9.000 -1.500
v -21.000 8.000 -1.500
v -22.000 9.000 -1.500
v -21.000 9.000 -0.500
v -21.000 8.000 -0.500
v -22.000 9.000 -0.500
v -21.000 9.000 0.500
v -21.000 8.000 0.500
v -22.000 9.000 0.500
v -21.000 9.000 1.500
v -21.000 8.000 1.500
v -22.000 9.000 1.500
v -21.000 9.000 2.500
v -21.000 8.000 2.500
v -22.000 9.000 2.500
v -21.000 9.000 3.500
v -22.000 9.000 3.500
v -20.000 -8.000 -3.500
v -20.000 -7.000 -3.500
v -20.000 -7.000 -2.500
v -20.000 -8.000 -2.500
v -20.000 -7.000 -1.500
v -20.000 -8.000 -1.500
v -20.000 -7.000 -0.500
v -20.000 -8.000 -0.500
v -20.000 -7.000 0.500
v -20.000 -8.000 0.500
v -20.000 -7.000 1.500
v -20.000 -8.000 1.500
v -20.000 -7.000 2.500
v -20.000 -8.000 2.500
v -20.000 -7.000 3.500
v -20.000 -8.000 3.500
v -20.000 -7.000 -5.500
v -20.000 -6.000 -5.500
v -20.000 -6.000 -4.500
v -20.000 -7.000 -4.500
v -20.000 -6.000 -3.500
v -20.000 -6.000 3.500
v -20.000 -6.000 4.500
v -20.000 -7.000 4.500
v -20.000 -6.000 5.500
v -20.000 -7.000 5.500
v -20.000 -6.000 -6.500
v -20.000 -5.000 -6.500
v -20.000 -5.000 -5.500
v -20.000 -5.000 -4.500
v -20.000 -5.000 4.500
v -20.000 -5.000 5.500
v -20.000 -5.000 6.500
v -20.000 -6.000 6.500
v -20.000 -5.000 -7.500
v -20.000 -4.000 -7.500
v -20.000 -4.000 -6.500
v -20.000 -4.000 -5.500
v -20.000 -4.000 5.500
v -20.000 -4.000 6.500
v -20.000 -4.000 7.500
v -20.000 -5.000 7.500
v -20.000 -3.000 -7.500
v -20.000 -3.000 -6.500
v -20.000 -3.000 6.500
v -20.000 -3.000 7.500
v -20.000 -3.000 -8.500
v -20.000 -2.000 -8.500
v -20.000 -2.000 -7.500
v -20.000 -2.000 7.500
v -20.000 -2.000 8.500
v -20.000 -3.000 8.500
v -20.000 -1.000 -8.500
v -20.000 -1.000 -7.500
v -20.000 -1.000 7.500
v -20.000 -1.000 8.500
v -20.000 0.000 -8.500
v -20.000 0.000 -7.500
v -20.000 0.000 7.500
v -20.000 0.000 8.500
v -20.000 1.000 -8.500
v -20.000 1.000 -7.500
v -20.000 1.000 7.500
v -20.000 1.000 8.500
v -20.000 2.000 -8.500
v -20.000 2.000 -7.500
v -20.000 2.000 7.500
v -20.000 2.000 8.500
v -20.000 3.000 -8.500
v -20.000 3.000 -7.500
v -20.000 3.000 7.500
v -20.000 3.000 8.500
v -20.000 4.000 -7.500
v -20.000 4.000 -6.500
v -20.000 3.000 -6.500
v -20.000 3.000 6.500
v -20.000 4.000 6.500
v -20.000 4.000 7.500
v -20.000 5.000 -7.500
v -20.000 5.000 -6.500
v -20.000 5.000 -5.500
v -20.000 4.000 -5.500
v -20.000 4.000 5.500
v -20.000 5.000 5.500
v -20.000 5.000 6.500
v -20.000 5.000 7.500
v -20.000 6.000 -6.500
v -20.000 6.000 -5.500
v -20.000 6.000 -4.500
v -20.000 5.000 -4.500
v -20.000 5.000 4.500
v -20.000 6.000 4.500
v -20.000 6.000 5.500
v -20.000 6.000 6.500
v -20.000 7.000 -5.500
v -20.000 7.000 -4.500
v -20.000 7.000 -3.500
v -20.000 6.000 -3.500
v -20.000 6.000 3.500
v -20.000 7.000 3.500
v -20.000 7.000 4.500
v -20.000 7.000 5.500
v -20.000 8.000 -3.500
v -20.000 8.000 -2.500
v -20.000 7.000 -2.500
v -20.000 8.000 -1.500
v -20.000 7.000 -1.500
v -20.000 8.000 -0.500
v -20.000 7.000 -0.500
v -20.000 8.000 0.500
v -20.000 7.000 0.500
v -20.000 8.000 1.500
v -20.000 7.000 1.500
v -20.000 8.000 2.500
v -20.000 7.000 2.500
v -20.000 8.000 3.500
v -19.000 -7.000 -3.500
v -19.000 -7.000 -2.500
v -19.000 -6.000 -3.500
v -19.000 -7.000 -1.500
v -19.000 -7.000 -0.500
v -19.000 -7.000 0.500
v -19.000 -7.000 1.500
v -19.000 -7.000 2.500
v -19.000 -7.000 3.500
v -19.000 -6.000 3.500
v -19.000 -6.000 -4.500
v -19.000 -5.000 -4.500
v -19.000 -6.000 4.500
v -19.000 -5.000 4.500
v -19.000 -5.000 -5.500
v -19.000 -4.000 -5.500
v -19.000 -5.000 5.500
v -19.000 -4.000 5.500
v -19.000 -4.000 -6.500
v -19.000 -3.000 -6.500
v -19.000 -4.000 6.500
v -19.000 -3.000 6.500
v -19.000 -3.000 -7.500
v -19.000 -2.000 -7.500
v -19.000 -3.000 7.500
v -19.000 -2.000 7.500
v -19.000 -1.000 -7.500
v -19.000 -1.000 7.500
v -19.000 0.000 -7.500
v -19.000 0.000 7.500
v -19.000 1.000 -7.500
v -19.000 1.000 7.500
v -19.000 2.000 -7.500
v -19.000 2.000 7.500
v -19.000 3.000 -6.500
v -19.000 3.000 -7.500
v -19.000 3.000 7.500
v -19.000 3.000 6.500
v -19.000 4.000 -5.500
v -19.000 4.000 -6.500
v -19.000 4.000 6.500
v -19.000 4.000 5.500
v -19.000 5.000 -4.500
v -19.000 5.000 -5.500
v -19.000 5.000 5.500
v -19.000 5.000 4.500
v -19.000 6.000 -3.500
v -19.000 6.000 -4.500
v -19.000 6.000 4.500
v -19.000 6.000 3.500
v -19.000 7.000 -2.500
v -19.000 7.000 -3.500
v -19.000 7.000 -1.500
v -19.000 7.000 -0.500
v -19.000 7.000 0.500
v -19.000 7.000 1.500
v -19.000 7.000 2.500
v -19.000 7.000 3.500
v -19.000 -8.000 -2.500
v -19.000 -8.000 -3.500
v -18.000 -8.000 -3.500
v -18.000 -8.000 -2.500
v -18.000 -7.000 -3.500
v -19.000 -8.000 -1.500
v -18.000 -8.000 -1.500
v -19.000 -8.000 -0.500
v -18.000 -8.000 -0.500
v -19.000 -8.000 0.500
v -18.000 -8.000 0.500
v -19.000 -8.000 1.500
v -18.000 -8.000 1.500
v -19.000 -8.000 2.500
v -18.000 -8.000 2.500
v -19.000 -8.000 3.500
v -18.000 -8.000 3.500
v -18.000 -7.000 3.500
v -19.000 -7.000 -4.500
v -19.000 -6.000 -5.500
v -19.000 -7.000 -5.500
v -18.000 -7.000 -5.500
v -18.000 -7.000 -4.500
v -18.000 -6.000 -5.500
v -19.000 -7.000 4.500
v -18.000 -7.000 4.500
v -19.000 -7.000 5.500
v -19.000 -6.000 5.500
v -18.000 -7.000 5.500
v -18.000 -6.000 5.500
v -19.000 -5.000 -6.500
v -19.000 -6.000 -6.500
v -18.000 -6.000 -6.500
v -18.000 -5.000 -6.500
v -19.000 -6.000 6.500
v -19.000 -5.000 6.500
v -18.000 -6.000 6.500
v -18.000 -5.000 6.500
v -19.000 -4.000 -7.500
v -19.000 -5.000 -7.500
v -18.000 -5.000 -7.500
v -18.000 -4.000 -7.500
v -19.000 -5.000 7.500
v -19.000 -4.000 7.500
v -18.000 -5.000 7.500
v -18.000 -4.000 7.500
v -18.000 -3.000 -7.500
v -18.000 -3.000 7.500
v -19.000 -2.000 -8.500
v -19.000 -3.000 -8.500
v -18.000 -3.000 -8.500
v -18.000 -2.000 -8.500
v -19.000 -3.000 8.500
v -19.000 -2.000 8.500
v -18.000 -3.000 8.500
v -18.000 -2.000 8.500
v -19.000 -1.000 -8.500
v -18.000 -1.000 -8.500
v -19.000 -1.000 8.500
v -18.000 -1.000 8.500
v -19.000 0.000 -8.500
v -18.000 0.000 -8.500
v -19.000 0.000 8.500
v -18.000 0.000 8.500
v -19.000 1.000 -8.500
v -18.000 1.000 -8.500
v -19.000 1.000 8.500
v -18.000 1.000 8.500
v -19.000 2.000 -8.500
v -18.000 2.000 -8.500
v -19.000 2.000 8.500
v -18.000 2.000 8.500
v -19.000 3.000 -8.500
v -18.000 3.000 -7.500
v -18.000 3.000 -8.500
v -19.000 3.000 8.500
v -18.000 3.000 8.500
v -18.000 3.000 7.500
v -19.000 4.000 -7.500
v -18.000 4.000 -7.500
v -19.000 4.000 7.500
v -18.000 4.000 7.500
v -19.000 5.000 -6.500
v -19.000 5.000 -7.500
v -18.000 5.000 -6.500
v -18.000 5.000 -7.500
v -19.000 5.000 6.500
v -19.000 5.000 7.500
v -18.000 5.000 7.500
v -18.000 5.000 6.500
v -19.000 6.000 -5.500
v -19.000 6.000 -6.500
v -18.000 6.000 -5.500
v -18.000 6.000 -6.500
v -19.000 6.000 5.500
v -19.000 6.000 6.500
v -18.000 6.000 6.500
v -18.000 6.000 5.500
v -19.000 7.000 -4.500
v -19.000 7.000 -5.500
v -18.000 7.000 -4.500
v -18.000 7.000 -5.500
v -18.000 7.000 -3.500
v -19.000 7.000 4.500
v -18.000 7.000 4.500
v -18.000 7.000 3.500
v -19.000 7.000 5.500
v -18.000 7.000 5.500
v -19.000 8.000 -2.500
v -19.000 8.000 -3.500
v -18.000 8.000 -2.500
v -18.000 8.000 -3.500
v -19.000 8.000 -1.500
v -18.000 8.000 -1.500
v -19.000 8.000 -0.500
v -18.000 8.000 -0.500
v -19.000 8.000 0.500
v -18.000 8.000 0.500
v -19.000 8.000 1.500
v -18.000 8.000 1.500
v -19.000 8.000 2.500
v -18.000 8.000 2.500
v -19.000 8.000 3.500
v -18.000 8.000 3.500
v -17.000 -8.000 -3.500
v -17.000 -8.000 -2.500
v -17.000 -7.000 -3.500
v -17.000 -8.000 -1.500
v -17.000 -8.000 -0.500
v -17.000 -8.000 0.500
v -17.000 -8.000 1.500
v -17.000 -8.000 2.500
v -17.000 -8.000 3.500
v -17.000 -7.000 3.500
v -17.000 -7.000 -5.500
v -17.000 -7.000 -4.500
v -17.000 -6.000 -5.500
v -17.000 -7.000 4.500
v -17.000 -7.000 5.500
v -17.000 -6.000 5.500
v -17.000 -6.000 -6.500
v -17.000 -5.000 -6.500
v -17.000 -6.000 6.500
v -17.000 -5.000 6.500
v -17.000 -5.000 -7.500
v -17.000 -4.000 -7.500
v -17.000 -5.000 7.500
v -17.000 -4.000 7.500
v -17.000 -3.000 -7.500
v -17.000 -3.000 7.500
v -17.000 -3.000 -8.500
v -17.000 -2.000 -8.500
v -17.000 -3.000 8.500
v -17.000 -2.000 8.500
v -17.000 -1.000 -8.500
v -17.000 -1.000 8.500
v -17.000 0.000 -8.500
v -17.000 0.000 8.500
v -17.000 1.000 -8.500
v -17.000 1.000 8.500
v -17.000 2.000 -8.500
v -17.000 2.000 8.500
v -17.000 3.000 -7.500
v -17.000 3.000 -8.500
v -17.000 3.000 8.500
v -17.000 3.000 7.500
v -17.000 4.000 -7.500
v -17.000 4.000 7.500
v -17.000 5.000 -6.500
v -17.000 5.000 -7.500
v -17.000 5.000 7.500
v -17.000 5.000 6.500
v -17.000 6.000 -5.500
v -17.000 6.000 -6.500
v -17.000 6.000 6.500
v -17.000 6.000 5.500
v -17.000 7.000 -4.500
v -17.000 7.000 -5.500
v -17.000 7.000 -3.500
v -17.000 7.000 4.500
v -17.000 7.000 3.500
v -17.000 7.000 5.500
v -17.000 8.000 -2.500
v -17.000 8.000 -3.500
v -17.000 8.000 -1.500
v -17.000 8.000 -0.500
v -17.000 8.000 0.500
v -17.000 8.000 1.500
v -17.000 8.000 2.500
v -17.000 8.000 3.500
v -16.000 -9.000 -3.500
v -16.000 -8.000 -3.500
v -16.000 -8.000 -2.500
v -16.000 -9.000 -2.500
v -17.000 -9.000 -2.500
v -17.000 -9.000 -3.500
v -16.000 -8.000 -1.500
v -16.000 -9.000 -1.500
v -17.000 -9.000 -1.500
v -16.000 -8.000 -0.500
v -16.000 -9.000 -0.500
v -17.000 -9.000 -0.500
v -16.000 -8.000 0.500
v -16.000 -9.000 0.500
v -17.000 -9.000 0.500
v -16.000 -8.000 1.500
v -16.000 -9.000 1.500
v -17.000 -9.000 1.500
v -16.000 -8.000 2.500
v -16.000 -9.000 2.500
v -17.000 -9.000 2.500
v -16.000 -8.000 3.500
v -16.000 -9.000 3.500
v -17.000 -9.000 3.500
v -16.000 -8.000 -5.500
v -16.000 -7.000 -5.500
v -16.000 -7.000 -4.500
v -16.000 -8.000 -4.500
v -17.000 -8.000 -4.500
v -17.000 -8.000 -5.500
v -16.000 -7.000 -3.500
v -16.000 -7.000 3.500
v -16.000 -7.000 4.500
v -16.000 -8.000 4.500
v -17.000 -8.000 4.500
v -16.000 -7.000 5.500
v -16.000 -8.000 5.500
v -17.000 -8.000 5.500
v -16.000 -7.000 -6.500
v -16.000 -6.000 -6.500
v -16.000 -6.000 -5.500
v -17.000 -7.000 -6.500
v -16.000 -6.000 5.500
v -16.000 -6.000 6.500
v -16.000 -7.000 6.500
v -17.000 -7.000 6.500
v -16.000 -6.000 -7.500
v -16.000 -5.000 -7.500
v -16.000 -5.000 -6.500
v -17.000 -6.000 -7.500
v -16.000 -5.000 6.500
v -16.000 -5.000 7.500
v -16.000 -6.000 7.500
v -17.000 -6.000 7.500
v -16.000 -5.000 -8.500
v -16.000 -4.000 -8.500
v -16.000 -4.000 -7.500
v -17.000 -4.000 -8.500
v -17.000 -5.000 -8.500
v -16.000 -4.000 7.500
v -16.000 -4.000 8.500
v -16.000 -5.000 8.500
v -17.000 -5.000 8.500
v -17.000 -4.000 8.500
v -16.000 -3.000 -8.500
v -16.000 -3.000 -7.500
v -16.000 -3.000 7.500
v -16.000 -3.000 8.500
v -16.000 -3.000 -9.500
v -16.000 -2.000 -9.500
v -16.000 -2.000 -8.500
v -17.000 -2.000 -9.500
v -17.000 -3.000 -9.500
v -16.000 -2.000 8.500
v -16.000 -2.000 9.500
v -16.000 -3.000 9.500
v -17.000 -3.000 9.500
v -17.000 -2.000 9.500
v -16.000 -1.000 -9.500
v -16.000 -1.000 -8.500
v -17.000 -1.000 -9.500
v -16.000 -1.000 8.500
v -16.000 -1.000 9.500
v -17.000 -1.000 9.500
v -16.000 0.000 -9.500
v -16.000 0.000 -8.500
v -17.000 0.000 -9.500
v -16.000 0.000 8.500
v -16.000 0.000 9.500
v -17.000 0.000 9.500
v -16.000 1.000 -9.500
v -16.000 1.000 -8.500
v -17.000 1.000 -9.500
v -16.000 1.000 8.500
v -16.000 1.000 9.500
v -17.000 1.000 9.500
v -16.000 2.000 -9.500
v -16.000 2.000 -8.500
v -17.000 2.000 -9.500
v -16.000 2.000 8.500
v -16.000 2.000 9.500
v -17.000 2.000 9.500
v -16.000 3.000 -9.500
v -16.000 3.000 -8.500
v -17.000 3.000 -9.500
v -16.000 3.000 8.500
v -16.000 3.000 9.500
v -17.000 3.000 9.500
v -16.000 4.000 -8.500
v -16.000 4.000 -7.500
v -16.000 3.000 -7.500
v -17.000 4.000 -8.500
v -16.000 3.000 7.500
v -16.000 4.000 7.500
v -16.000 4.000 8.500
v -17.000 4.000 8.500
v -16.000 5.000 -8.500
v -16.000 5.000 -7.500
v -17.000 5.000 -8.500
v -16.000 5.000 7.500
v -16.000 5.000 8.500
v -17.000 5.000 8.500
v -16.000 6.000 -7.500
v -16.000 6.000 -6.500
v -16.000 5.000 -6.500
v -17.000 6.000 -7.500
v -16.000 5.000 6.500
v -16.000 6.000 6.500
v -16.000 6.000 7.500
v -17.000 6.000 7.500
v -16.000 7.000 -6.500
v -16.000 7.000 -5.500
v -16.000 6.000 -5.500
v -17.000 7.000 -6.500
v -16.000 6.000 5.500
v -16.000 7.000 5.500
v -16.000 7.000 6.500
v -17.000 7.000 6.500
v -16.000 8.000 -5.500
v -16.000 8.000 -4.500
v -16.000 7.000 -4.500
v -17.000 8.000 -4.500
v -17.000 8.000 -5.500
v -16.000 8.000 -3.500
v -16.000 7.000 -3.500
v -16.000 7.000 3.500
v -16.000 8.000 3.500
v -16.000 8.000 4.500
v -16.000 7.000 4.500
v -17.000 8.000 4.500
v -16.000 8.000 5.500
v -17.000 8.000 5.500
v -16.000 9.000 -3.500
v -16.000 9.000 -2.500
v -16.000 8.000 -2.500
v -17.000 9.000 -2.500
v -17.000 9.000 -3.500
v -16.000 9.000 -1.500
v -16.000 8.000 -1.500
v -17.000 9.000 -1.500
v -16.000 9.000 -0.500
v -16.000 8.000 -0.500
v -17.000 9.000 -0.500
v -16.000 9.000 0.500
v -16.000 8.000 0.500
v -17.000 9.000 0.500
v -16.000 9.000 1.500
v -16.000 8.000 1.500
v -17.000 9.000 1.500
v -16.000 9.000 2.500
v -16.000 8.000 2.500
v -17.000 9.000 2.500
v -16.000 9.000 3.500
v -17.000 9.000 3.500
v -15.000 -8.000 -3.500
v -15.000 -8.000 -2.500
v -15.000 -7.000 -3.500
v -15.000 -8.000 -1.500
v -15.000 -8.000 -0.500
v -15.000 -8.000 0.500
v -15.000 -8.000 1.500
v -15.000 -8.000 2.500
v -15.000 -8.000 3.500
v -15.000 -7.000 3.500
v -15.000 -7.000 -5.500
v -15.000 -7.000 -4.500
v -15.000 -6.000 -5.500
v -15.000 -7.000 4.500
v -15.000 -7.000 5.500
v -15.000 -6.000 5.500
v -15.000 -6.000 -6.500
v -15.000 -5.000 -6.500
v -15.000 -6.000 6.500
v -15.000 -5.000 6.500
v -15.000 -5.000 -7.500
v -15.000 -4.000 -7.500
v -15.000 -5.000 7.500
v -15.000 -4.000 7.500
v -15.000 -3.000 -7.500
v -15.000 -3.000 7.500
v -15.000 -3.000 -8.500
v -15.000 -2.000 -8.500
v -15.000 -3.000 8.500
v -15.000 -2.000 8.500
v -15.000 -1.000 -8.500
v -15.000 -1.000 8.500
v -15.000 0.000 -8.500
v -15.000 0.000 8.500
v -15.000 1.000 -8.500
v -15.000 1.000 8.500
v -15.000 2.000 -8.500
v -15.000 2.000 8.500
v -15.000 3.000 -7.500
v -15.000 3.000 -8.500
v -15.000 3.000 8.500
v -15.000 3.000 7.500
v -15.000 4.000 -7.500
v -15.000 4.000 7.500
v -15.000 5.000 -6.500
v -15.000 5.000 -7.500
v -15.000 5.000 7.500
v -15.000 5.000 6.500
v -15.000 6.000 -5.500
v -15.000 6.000 -6.500
v -15.000 6.000 6.500
v -15.000 6.000 5.500
v -15.000 7.000 -4.500
v -15.000 7.000 -5.500
v -15.000 7.000 -3.500
v -15.000 7.000 4.500
v -15.000 7.000 3.500
v -15.000 7.000 5.500
v -15.000 8.000 -2.500
v -15.000 8.000 -3.500
v -15.000 8.000 -1.500
v -15.000 8.000 -0.500
v -15.000 8.000 0.500
v -15.000 8.000 1.500
v -15.000 8.000 2.500
v -15.000 8.000 3.500
v -14.000 -8.000 -3.500
v -14.000 -7.000 -3.500
v -14.000 -7.000 -2.500
v -14.000 -8.000 -2.500
v -14.000 -7.000 -1.500
v -14.000 -8.000 -1.500
v -14.000 -7.000 -0.500
v -14.000 -8.000 -0.500
v -14.000 -7.000 0.500
v -14.000 -8.000 0.500
v -14.000 -7.000 1.500
v -14.000 -8.000 1.500
v -14.000 -7.000 2.500
v -14.000 -8.000 2.500
v -14.000 -7.000 3.500
v -14.000 -8.000 3.500
v -14.000 -7.000 -5.500
v -14.000 -6.000 -5.500
v -14.000 -6.000 -4.500
v -14.000 -7.000 -4.500
v -14.000 -6.000 -3.500
v -14.000 -6.000 -2.500
v -14.000 -6.000 -1.500
v -14.000 -6.000 -0.500
v -14.000 -6.000 0.500
v -14.000 -6.000 1.500
v -14.000 -6.000 2.500
v -14.000 -6.000 3.500
v -14.000 -6.000 4.500
v -14.000 -7.000 4.500
v -14.000 -6.000 5.500
v -14.000 -7.000 5.500
v -14.000 -6.000 -6.500
v -14.000 -5.000 -6.500
v -14.000 -5.000 -5.500
v -14.000 -5.000 -4.500
v -14.000 -5.000 -3.500
v -14.000 -5.000 -2.500
v -14.000 -5.000 -1.500
v -14.000 -5.000 -0.500
v -14.000 -5.000 0.500
v -14.000 -5.000 1.500
v -14.000 -5.000 2.500
v -14.000 -5.000 3.500
v -14.000 -5.000 4.500
v -14.000 -5.000 5.500
v -14.000 -5.000 6.500
v -14.000 -6.000 6.500
v -14.000 -5.000 -7.500
v -14.000 -4.000 -7.500
v -14.000 -4.000 -6.500
v -14.000 -4.000 -5.500
v -14.000 -4.000 -4.500
v -14.000 -4.000 -3.500
v -14.000 -4.000 -2.500
v -14.000 -4.000 -1.500
v -14.000 -4.000 -0.500
v -14.000 -4.000 0.500
v -14.000 -4.000 1.500
v -14.000 -4.000 2.500
v -14.000 -4.000 3.500
v -14.000 -4.000 4.500
v -14.000 -4.000 5.500
v -14.000 -4.000 6.500
v -14.000 -4.000 7.500
v -14.000 -5.000 7.500
v -14.000 -3.000 -7.500
v -14.000 -3.000 -6.500
v -14.000 -3.000 -5.500
v -14.000 -3.000 -4.500
v -14.000 -3.000 -3.500
v -14.000 -3.000 -2.500
v -14.000 -3.000 -1.500
v -14.000 -3.000 -0.500
v -14.000 -3.000 0.500
v -14.000 -3.000 1.500
v -14.000 -3.000 2.500
v -14.000 -3.000 3.500
v -14.000 -3.000 4.500
v -14.000 -3.000 5.500
v -14.000 -3.000 6.500
v -14.000 -3.000 7.500
v -14.000 -3.000 -8.500
v -14.000 -2.000 -8.500
v -14.000 -2.000 -7.500
v -14.000 -2.000 -6.500
v -14.000 -2.000 -5.500
v -14.000 -2.000 -4.500
v -14.000 -2.000 -3.500
v -14.000 -2.000 -2.500
v -14.000 -2.000 -1.500
v -14.000 -2.000 -0.500
v -14.000 -2.000 0.500
v -14.000 -2.000 1.500
v -14.000 -2.000 2.500
v -14.000 -2.000 3.500
v -14.000 -2.000 4.500
v -14.000 -2.000 5.500
v -14.000 -2.000 6.500
v -14.000 -2.000 7.500
v -14.000 -2.000 8.500
v -14.000 -3.000 8.500
v -14.000 -1.000 -8.500
v -14.000 -1.000 -7.500
v -14.000 -1.000 -6.500
v -14.000 -1.000 -5.500
v -14.000 -1.000 -4.500
v -14.000 -1.000 -3.500
v -14.000 -1.000 -2.500
v -14.000 -1.000 -1.500
v -14.000 -1.000 1.500
v -14.000 -1.000 2.500
v -14.000 -1.000 3.500
v -14.000 -1.000 4.500
v -14.000 -1.000 5.500
v -14.000 -1.000 6.500
v -14.000 -1.000 7.500
v -14.000 -1.000 8.500
v -14.000 0.000 -8.500
v -14.000 0.000 -7.500
v -14.000 0.000 -6.500
v -14.000 0.000 -5.500
v -14.000 0.000 -4.500
v -14.000 0.000 -3.500
v -14.000 0.000 -2.500
v -14.000 0.000 2.500
v -14.000 0.000 3.500
v -14.000 0.000 4.500
v -14.000 0.000 5.500
v -14.000 0.000 6.500
v -14.000 0.000 7.500
v -14.000 0.000 8.500
v -14.000 1.000 -8.500
v -14.000 1.000 -7.500
v -14.000 1.000 -6.500
v -14.000 1.000 -5.500
v -14.000 1.000 -4.500
v -14.000 1.000 -3.500
v -14.000 1.000 -2.500
v -14.000 1.000 2.500
v -14.000 1.000 3.500
v -14.000 1.000 4.500
v -14.000 1.000 5.500
v -14.000 1.000 6.500
v -14.000 1.000 7.500
v -14.000 1.000 8.500
v -14.000 2.000 -8.500
v -14.000 2.000 -7.500
v -14.000 2.000 -6.500
v -14.000 2.000 -5.500
v -14.000 2.000 -4.500
v -14.000 2.000 -3.500
v -14.000 2.000 -2.500
v -14.000 2.000 -1.500
v -14.000 1.000 -1.500
v -14.000 1.000 1.500
v -14.000 2.000 1.500
v -14.000 2.000 2.500
v -14.000 2.000 3.500
v -14.000 2.000 4.500
v -14.000 2.000 5.500
v -14.000 2.000 6.500
v -14.000 2.000 7.500
v -14.000 2.000 8.500
v -14.000 3.000 -8.500
v -14.000 3.000 -7.500
v -14.000 3.000 -6.500
v -14.000 3.000 -5.500
v -14.000 3.000 -4.500
v -14.000 3.000 -3.500
v -14.000 3.000 -2.500
v -14.000 3.000 -1.500
v -14.000 3.000 -0.500
v -14.000 2.000 -0.500
v -14.000 3.000 0.500
v -14.000 2.000 0.500
v -14.000 3.000 1.500
v -14.000 3.000 2.500
v -14.000 3.000 3.500
v -14.000 3.000 4.500
v -14.000 3.000 5.500
v -14.000 3.000 6.500
v -14.000 3.000 7.500
v -14.000 3.000 8.500
v -14.000 4.000 -7.500
v -14.000 4.000 -6.500
v -14.000 4.000 -5.500
v -14.000 4.000 -4.500
v -14.000 4.000 -3.500
v -14.000 4.000 -2.500
v -14.000 4.000 -1.500
v -14.000 4.000 -0.500
v -14.000 4.000 0.500
v -14.000 4.000 1.500
v -14.000 4.000 2.500
v -14.000 4.000 3.500
v -14.000 4.000 4.500
v -14.000 4.000 5.500
v -14.000 4.000 6.500
v -14.000 4.000 7.500
v -14.000 5.000 -7.500
v -14.000 5.000 -6.500
v -14.000 5.000 -5.500
v -14.000 5.000 -4.500
v -14.000 5.000 -3.500
v -14.000 5.000 -2.500
v -14.000 5.000 -1.500
v -14.000 5.000 -0.500
v -14.000 5.000 0.500
v -14.000 5.000 1.500
v -14.000 5.000 2.500
v -14.000 5.000 3.500
v -14.000 5.000 4.500
v -14.000 5.000 5.500
v -14.000 5.000 6.500
v -14.000 5.000 7.500
v -14.000 6.000 -6.500
v -14.000 6.000 -5.500
v -14.000 6.000 -4.500
v -14.000 6.000 -3.500
v -14.000 6.000 -2.500
v -14.000 6.000 -1.500
v -14.000 6.000 -0.500
v -14.000 6.000 0.500
v -14.000 6.000 1.500
v -14.000 6.000 2.500
v -14.000 6.000 3.500
v -14.000 6.000 4.500
v -14.000 6.000 5.500
v -14.000 6.000 6.500
v -14.000 7.000 -5.500
v -14.000 7.000 -4.500
v -14.000 7.000 -3.500
v -14.000 7.000 -2.500
v -14.000 7.000 -1.500
v -14.000 7.000 -0.500
v -14.000 7.000 0.500
v -14.000 7.000 1.500
v -14.000 7.000 2.500
v -14.000 7.000 3.500
v -14.000 7.000 4.500
v -14.000 7.000 5.500
v -14.000 8.000 -3.500
v -14.000 8.000 -2.500
v -14.000 8.000 -1.500
v -14.000 8.000 -0.500
v -14.000 8.000 0.500
v -14.000 8.000 1.500
v -14.000 8.000 2.500
v -14.000 8.000 3.500
v -13.000 -2.000 -1.500
v -13.000 -2.000 -0.500
v -13.000 -1.000 -1.500
v -13.000 -2.000 0.500
v -13.000 -2.000 1.500
v -13.000 -1.000 1.500
v -13.000 -1.000 -2.500
v -13.000 0.000 -2.500
v -13.000 -1.000 2.500
v -13.000 0.000 2.500
v -13.000 1.000 -1.500
v -13.000 1.000 -2.500
v -13.000 1.000 2.500
v -13.000 1.000 1.500
v -13.000 2.000 -0.500
v -13.000 2.000 -1.500
v -13.000 2.000 0.500
v -13.000 2.000 1.500
v -12.000 -2.000 -1.500
v -12.000 -2.000 -0.500
v -12.000 -1.000 -1.500
v -12.000 -2.000 0.500
v -12.000 -2.000 1.500
v -12.000 -1.000 1.500
v -12.000 -1.000 -2.500
v -12.000 0.000 -2.500
v -12.000 -1.000 2.500
v -12.000 0.000 2.500
v -12.000 1.000 -1.500
v -12.000 1.000 -2.500
v -12.000 1.000 2.500
v -12.000 1.000 1.500
v -12.000 2.000 -0.500
v -12.000 2.000 -1.500
v -12.000 2.000 0.500
v -12.000 2.000 1.500
v -11.000 -2.000 -1.500
v -11.000 -2.000 -0.500
v -11.000 -1.000 -1.500
v -11.000 -2.000 0.500
v -11.000 -2.000 1.500
v -11.000 -1.000 1.500
v -11.000 -1.000 -2.500
v -11.000 0.000 -2.500
v -11.000 -1.000 2.500
v -11.000 0.000 2.500
v -11.000 1.000 -1.500
v -11.000 1.000 -2.500
v -11.000 1.000 2.500
v -11.000 1.000 1.500
v -11.000 2.000 -0.500
v -11.000 2.000 -1.500
v -11.000 2.000 0.500
v -11.000 2.000 1.500
v -10.000 -2.000 -1.500
v -10.000 -2.000 -0.500
v -10.000 -1.000 -1.500
v -10.000 -2.000 0.500
v -10.000 -2.000 1.500
v -10.000 -1.000 1.500
v -10.000 -1.000 -2.500
v -10.000 0.000 -2.500
v -10.000 -1.000 2.500
v -10.000 0.000 2.500
v -10.000 1.000 -1.500
v -10.000 1.000 -2.500
v -10.000 1.000 2.500
v -10.000 1.000 1.500
v -10.000 2.000 -0.500
v -10.000 2.000 -1.500
v -10.000 2.000 0.500
v -10.000 2.000 1.500
v -10.000 -8.000 -2.500
v -10.000 -7.000 -2.500
v -10.000 -7.000 -3.500
v -10.000 -8.000 -3.500
v -9.000 -8.000 -3.500
v -9.000 -8.000 -2.500
v -9.000 -7.000 -3.500
v -10.000 -8.000 -1.500
v -10.000 -7.000 -1.500
v -9.000 -8.000 -1.500
v -10.000 -8.000 -0.500
v -10.000 -7.000 -0.500
v -9.000 -8.000 -0.500
v -10.000 -8.000 0.500
v -10.000 -7.000 0.500
v -9.000 -8.000 0.500
v -10.000 -8.000 1.500
v -10.000 -7.000 1.500
v -9.000 -8.000 1.500
v -10.000 -8.000 2.500
v -10.000 -7.000 2.500
v -9.000 -8.000 2.500
v -10.000 -8.000 3.500
v -10.000 -7.000 3.500
v -9.000 -8.000 3.500
v -9.000 -7.000 3.500
v -10.000 -7.000 -4.500
v -10.000 -6.000 -4.500
v -10.000 -6.000 -5.500
v -10.000 -7.000 -5.500
v -9.000 -7.000 -5.500
v -9.000 -7.000 -4.500
v -9.000 -6.000 -5.500
v -10.000 -6.000 -3.500
v -10.000 -6.000 -2.500
v -10.000 -6.000 -1.500
v -10.000 -6.000 -0.500
v -10.000 -6.000 0.500
v -10.000 -6.000 1.500
v -10.000 -6.000 2.500
v -10.000 -6.000 3.500
v -10.000 -7.000 4.500
v -10.000 -6.000 4.500
v -9.000 -7.000 4.500
v -10.000 -7.000 5.500
v -10.000 -6.000 5.500
v -9.000 -7.000 5.500
v -9.000 -6.000 5.500
v -10.000 -5.000 -5.500
v -10.000 -5.000 -6.500
v -10.000 -6.000 -6.500
v -9.000 -6.000 -6.500
v -9.000 -5.000 -6.500
v -10.000 -5.000 -4.500
v -10.000 -5.000 -3.500
v -10.000 -5.000 -2.500
v -10.000 -5.000 -1.500
v -10.000 -5.000 -0.500
v -10.000 -5.000 0.500
v -10.000 -5.000 1.500
v -10.000 -5.000 2.500
v -10.000 -5.000 3.500
v -10.000 -5.000 4.500
v -10.000 -5.000 5.500
v -10.000 -6.000 6.500
v -10.000 -5.000 6.500
v -9.000 -6.000 6.500
v -9.000 -5.000 6.500
v -10.000 -4.000 -6.500
v -10.000 -4.000 -7.500
v -10.000 -5.000 -7.500
v -9.000 -5.000 -7.500
v -9.000 -4.000 -7.500
v -10.000 -4.000 -5.500
v -10.000 -4.000 -4.500
v -10.000 -4.000 -3.500
v -10.000 -4.000 -2.500
v -10.000 -4.000 -1.500
v -10.000 -4.000 -0.500
v -10.000 -4.000 0.500
v -10.000 -4.000 1.500
v -10.000 -4.000 2.500
v -10.000 -4.000 3.500
v -10.000 -4.000 4.500
v -10.000 -4.000 5.500
v -10.000 -4.000 6.500
v -10.000 -5.000 7.500
v -10.000 -4.000 7.500
v -9.000 -5.000 7.500
v -9.000 -4.000 7.500
v -10.000 -3.000 -6.500
v -10.000 -3.000 -7.500
v -9.000 -3.000 -7.500
v -10.000 -3.000 -5.500
v -10.000 -3.000 -4.500
v -10.000 -3.000 -3.500
v -10.000 -3.000 -2.500
v -10.000 -3.000 -1.500
v -10.000 -3.000 -0.500
v -10.000 -3.000 0.500
v -10.000 -3.000 1.500
v -10.000 -3.000 2.500
v -10.000 -3.000 3.500
v -10.000 -3.000 4.500
v -10.000 -3.000 5.500
v -10.000 -3.000 6.500
v -10.000 -3.000 7.500
v -9.000 -3.000 7.500
v -10.000 -2.000 -7.500
v -10.000 -2.000 -8.500
v -10.000 -3.000 -8.500
v -9.000 -3.000 -8.500
v -9.000 -2.000 -8.500
v -10.000 -2.000 -6.500
v -10.000 -2.000 -5.500
v -10.000 -2.000 -4.500
v -10.000 -2.000 -3.500
v -10.000 -2.000 -2.500
v -10.000 -2.000 2.500
v -10.000 -2.000 3.500
v -10.000 -2.000 4.500
v -10.000 -2.000 5.500
v -10.000 -2.000 6.500
v -10.000 -2.000 7.500
v -10.000 -3.000 8.500
v -10.000 -2.000 8.500
v -9.000 -3.000 8.500
v -9.000 -2.000 8.500
v -10.000 -1.000 -7.500
v -10.000 -1.000 -8.500
v -9.000 -1.000 -8.500
v -10.000 -1.000 -6.500
v -10.000 -1.000 -5.500
v -10.000 -1.000 -4.500
v -10.000 -1.000 -3.500
v -10.000 -1.000 3.500
v -10.000 -1.000 4.500
v -10.000 -1.000 5.500
v -10.000 -1.000 6.500
v -10.000 -1.000 7.500
v -10.000 -1.000 8.500
v -9.000 -1.000 8.500
v -10.000 0.000 -7.500
v -10.000 0.000 -8.500
v -9.000 0.000 -8.500
v -10.000 0.000 -6.500
v -10.000 0.000 -5.500
v -10.000 0.000 -4.500
v -10.000 0.000 -3.500
v -10.000 0.000 3.500
v -10.000 0.000 4.500
v -10.000 0.000 5.500
v -10.000 0.000 6.500
v -10.000 0.000 7.500
v -10.000 0.000 8.500
v -9.000 0.000 8.500
v -10.000 1.000 -7.500
v -10.000 1.000 -8.500
v -9.000 1.000 -8.500
v -10.000 1.000 -6.500
v -10.000 1.000 -5.500
v -10.000 1.000 -4.500
v -10.000 1.000 -3.500
v -10.000 1.000 3.500
v -10.000 1.000 4.500
v -10.000 1.000 5.500
v -10.000 1.000 6.500
v -10.000 1.000 7.500
v -10.000 1.000 8.500
v -9.000 1.000 8.500
v -10.000 2.000 -7.500
v -10.000 2.000 -8.500
v -9.000 2.000 -8.500
v -10.000 2.000 -6.500
v -10.000 2.000 -5.500
v -10.000 2.000 -4.500
v -10.000 2.000 -3.500
v -10.000 2.000 -2.500
v -10.000 2.000 2.500
v -10.000 2.000 3.500
v -10.000 2.000 4.500
v -10.000 2.000 5.500
v -10.000 2.000 6.500
v -10.000 2.000 7.500
v -10.000 2.000 8.500
v -9.000 2.000 8.500
v -10.000 3.000 -7.500
v -10.000 3.000 -8.500
v -9.000 3.000 -7.500
v -9.000 3.000 -8.500
v -10.000 3.000 -6.500
v -10.000 3.000 -5.500
v -10.000 3.000 -4.500
v -10.000 3.000 -3.500
v -10.000 3.000 -2.500
v -10.000 3.000 -1.500
v -10.000 3.000 -0.500
v -10.000 3.000 0.500
v -10.000 3.000 1.500
v -10.000 3.000 2.500
v -10.000 3.000 3.500
v -10.000 3.000 4.500
v -10.000 3.000 5.500
v -10.000 3.000 6.500
v -10.000 3.000 7.500
v -10.000 3.000 8.500
v -9.000 3.000 8.500
v -9.000 3.000 7.500
v -10.000 4.000 -6.500
v -10.000 4.000 -7.500
v -9.000 4.000 -7.500
v -10.000 4.000 -5.500
v -10.000 4.000 -4.500
v -10.000 4.000 -3.500
v -10.000 4.000 -2.500
v -10.000 4.000 -1.500
v -10.000 4.000 -0.500
v -10.000 4.000 0.500
v -10.000 4.000 1.500
v -10.000 4.000 2.500
v -10.000 4.000 3.500
v -10.000 4.000 4.500
v -10.000 4.000 5.500
v -10.000 4.000 6.500
v -10.000 4.000 7.500
v -9.000 4.000 7.500
v -10.000 5.000 -6.500
v -10.000 5.000 -7.500
v -9.000 5.000 -6.500
v -9.000 5.000 -7.500
v -10.000 5.000 -5.500
v -10.000 5.000 -4.500
v -10.000 5.000 -3.500
v -10.000 5.000 -2.500
v -10.000 5.000 -1.500
v -10.000 5.000 -0.500
v -10.000 5.000 0.500
v -10.000 5.000 1.500
v -10.000 5.000 2.500
v -10.000 5.000 3.500
v -10.000 5.000 4.500
v -10.000 5.000 5.500
v -10.000 5.000 6.500
v -10.000 5.000 7.500
v -9.000 5.000 7.500
v -9.000 5.000 6.500
v -10.000 6.000 -5.500
v -10.000 6.000 -6.500
v -9.000 6.000 -5.500
v -9.000 6.000 -6.500
v -10.000 6.000 -4.500
v -10.000 6.000 -3.500
v -10.000 6.000 -2.500
v -10.000 6.000 -1.500
v -10.000 6.000 -0.500
v -10.000 6.000 0.500
v -10.000 6.000 1.500
v -10.000 6.000 2.500
v -10.000 6.000 3.500
v -10.000 6.000 4.500
v -10.000 6.000 5.500
v -10.000 6.000 6.500
v -9.000 6.000 6.500
v -9.000 6.000 5.500
v -10.000 7.000 -4.500
v -10.000 7.000 -5.500
v -9.000 7.000 -4.500
v -9.000 7.000 -5.500
v -10.000 7.000 -3.500
v -9.000 7.000 -3.500
v -10.000 7.000 -2.500
v -10.000 7.000 -1.500
v -10.000 7.000 -0.500
v -10.000 7.000 0.500
v -10.000 7.000 1.500
v -10.000 7.000 2.500
v -10.000 7.000 3.500
v -10.000 7.000 4.500
v -9.000 7.000 4.500
v -9.000 7.000 3.500
v -10.000 7.000 5.500
v -9.000 7.000 5.500
v -10.000 8.000 -2.500
v -10.000 8.000 -3.500
v -9.000 8.000 -2.500
v -9.000 8.000 -3.500
v -10.000 8.000 -1.500
v -9.000 8.000 -1.500
v -10.000 8.000 -0.500
v -9.000 8.000 -0.500
v -10.000 8.000 0.500
v -9.000 8.000 0.500
v -10.000 8.000 1.500
v -9.000 8.000 1.500
v -10.000 8.000 2.500
v -9.000 8.000 2.500
v -10.000 8.000 3.500
v -9.000 8.000 3.500
v -8.000 -8.000 -3.500
v -8.000 -7.000 -3.500
v -8.000 -7.000 -2.500
v -8.000 -8.000 -2.500
v -8.000 -7.000 -1.500
v -8.000 -8.000 -1.500
v -8.000 -8.000 -0.500
v -8.000 -8.000 0.500
v -8.000 -8.000 1.500
v -8.000 -7.000 1.500
v -8.000 -7.000 2.500
v -8.000 -8.000 2.500
v -8.000 -7.000 3.500
v -8.000 -8.000 3.500
v -8.000 -7.000 -5.500
v -8.000 -6.000 -5.500
v -8.000 -6.000 -4.500
v -8.000 -7.000 -4.500
v -8.000 -6.000 -3.500
v -8.000 -6.000 -2.500
v -8.000 -6.000 2.500
v -8.000 -6.000 3.500
v -8.000 -6.000 4.500
v -8.000 -7.000 4.500
v -8.000 -6.000 5.500
v -8.000 -7.000 5.500
v -8.000 -6.000 -6.500
v -8.000 -5.000 -6.500
v -8.000 -5.000 -5.500
v -8.000 -5.000 -4.500
v -8.000 -5.000 -3.500
v -8.000 -5.000 -2.500
v -8.000 -5.000 2.500
v -8.000 -5.000 3.500
v -8.000 -5.000 4.500
v -8.000 -5.000 5.500
v -8.000 -5.000 6.500
v -8.000 -6.000 6.500
v -8.000 -5.000 -7.500
v -8.000 -4.000 -7.500
v -8.000 -4.000 -6.500
v -8.000 -4.000 -5.500
v -8.000 -4.000 -4.500
v -8.000 -4.000 -3.500
v -8.000 -4.000 3.500
v -8.000 -4.000 4.500
v -8.000 -4.000 5.500
v -8.000 -4.000 6.500
v -8.000 -4.000 7.500
v -8.000 -5.000 7.500
v -8.000 -3.000 -7.500
v -8.000 -3.000 -6.500
v -8.000 -3.000 -5.500
v -8.000 -3.000 -4.500
v -8.000 -3.000 -3.500
v -8.000 -3.000 3.500
v -8.000 -3.000 4.500
v -8.000 -3.000 5.500
v -8.000 -3.000 6.500
v -8.000 -3.000 7.500
v -8.000 -3.000 -8.500
v -8.000 -2.000 -8.500
v -8.000 -2.000 -7.500
v -8.000 -2.000 -6.500
v -8.000 -2.000 -5.500
v -8.000 -2.000 -4.500
v -8.000 -2.000 -3.500
v -8.000 -2.000 3.500
v -8.000 -2.000 4.500
v -8.000 -2.000 5.500
v -8.000 -2.000 6.500
v -8.000 -2.000 7.500
v -8.000 -2.000 8.500
v -8.000 -3.000 8.500
v -8.000 -1.000 -8.500
v -8.000 -1.000 -7.500
v -8.000 -1.000 -6.500
v -8.000 -1.000 -5.500
v -8.000 -1.000 -4.500
v -8.000 -1.000 -3.500
v -8.000 -1.000 3.500
v -8.000 -1.000 4.500
v -8.000 -1.000 5.500
v -8.000 -1.000 6.500
v -8.000 -1.000 7.500
v -8.000 -1.000 8.500
v -8.000 0.000 -8.500
v -8.000 0.000 -7.500
v -8.000 0.000 -6.500
v -8.000 0.000 -5.500
v -8.000 0.000 -4.500
v -8.000 0.000 -3.500
v -8.000 0.000 3.500
v -8.000 0.000 4.500
v -8.000 0.000 5.500
v -8.000 0.000 6.500
v -8.000 0.000 7.500
v -8.000 0.000 8.500
v -8.000 1.000 -8.500
v -8.000 1.000 -7.500
v -8.000 1.000 -6.500
v -8.000 1.000 -5.500
v -8.000 1.000 -4.500
v -8.000 1.000 -3.500
v -8.000 1.000 3.500
v -8.000 1.000 4.500
v -8.000 1.000 5.500
v -8.000 1.000 6.500
v -8.000 1.000 7.500
v -8.000 1.000 8.500
v -8.000 2.000 -8.500
v -8.000 2.000 -7.500
v -8.000 2.000 -6.500
v -8.000 2.000 -5.500
v -8.000 2.000 -4.500
v -8.000 2.000 -3.500
v -8.000 2.000 3.500
v -8.000 2.000 4.500
v -8.000 2.000 5.500
v -8.000 2.000 6.500
v -8.000 2.000 7.500
v -8.000 2.000 8.500
v -8.000 3.000 -8.500
v -8.000 3.000 -7.500
v -8.000 3.000 -6.500
v -8.000 3.000 -5.500
v -8.000 3.000 -4.500
v -8.000 3.000 -3.500
v -8.000 3.000 3.500
v -8.000 3.000 4.500
v -8.000 3.000 5.500
v -8.000 3.000 6.500
v -8.000 3.000 7.500
v -8.000 3.000 8.500
v -8.000 4.000 -7.500
v -8.000 4.000 -6.500
v -8.000 4.000 -5.500
v -8.000 4.000 -4.500
v -8.000 4.000 -3.500
v -8.000 4.000 3.500
v -8.000 4.000 4.500
v -8.000 4.000 5.500
v -8.000 4.000 6.500
v -8.000 4.000 7.500
v -8.000 5.000 -7.500
v -8.000 5.000 -6.500
v -8.000 5.000 -5.500
v -8.000 5.000 -4.500
v -8.000 5.000 -3.500
v -8.000 5.000 3.500
v -8.000 5.000 4.500
v -8.000 5.000 5.500
v -8.000 5.000 6.500
v -8.000 5.000 7.500
v -8.000 6.000 -6.500
v -8.000 6.000 -5.500
v -8.000 6.000 -4.500
v -8.000 6.000 -3.500
v -8.000 6.000 -2.500
v -8.000 5.000 -2.500
v -8.000 5.000 2.500
v -8.000 6.000 2.500
v -8.000 6.000 3.500
v -8.000 6.000 4.500
v -8.000 6.000 5.500
v -8.000 6.000 6.500
v -8.000 7.000 -5.500
v -8.000 7.000 -4.500
v -8.000 7.000 -3.500
v -8.000 7.000 -2.500
v -8.000 7.000 2.500
v -8.000 7.000 3.500
v -8.000 7.000 4.500
v -8.000 7.000 5.500
v -8.000 8.000 -3.500
v -8.000 8.000 -2.500
v -8.000 8.000 -1.500
v -8.000 7.000 -1.500
v -8.000 8.000 -0.500
v -8.000 8.000 0.500
v -8.000 8.000 1.500
v -8.000 7.000 1.500
v -8.000 8.000 2.500
v -8.000 8.000 3.500
v -7.000 -8.000 -1.500
v -7.000 -8.000 -0.500
v -7.000 -7.000 -1.500
v -7.000 -8.000 0.500
v -7.000 -8.000 1.500
v -7.000 -7.000 1.500
v -7.000 -7.000 -2.500
v -7.000 -6.000 -2.500
v -7.000 -7.000 2.500
v -7.000 -6.000 2.500
v -7.000 -5.000 -2.500
v -7.000 -5.000 2.500
v -7.000 -5.000 -3.500
v -7.000 -4.000 -3.500
v -7.000 -5.000 3.500
v -7.000 -4.000 3.500
v -7.000 -3.000 -3.500
v -7.000 -3.000 3.500
v -7.000 -2.000 -3.500
v -7.000 -2.000 3.500
v -7.000 -1.000 -3.500
v -7.000 -1.000 3.500
v -7.000 0.000 -3.500
v -7.000 0.000 3.500
v -7.000 1.000 -3.500
v -7.000 1.000 3.500
v -7.000 2.000 -3.500
v -7.000 2.000 3.500
v -7.000 3.000 -3.500
v -7.000 3.000 3.500
v -7.000 4.000 -3.500
v -7.000 4.000 3.500
v -7.000 5.000 -2.500
v -7.000 5.000 -3.500
v -7.000 5.000 3.500
v -7.000 5.000 2.500
v -7.000 6.000 -2.500
v -7.000 6.000 2.500
v -7.000 7.000 -1.500
v -7.000 7.000 -2.500
v -7.000 7.000 2.500
v -7.000 7.000 1.500
v -7.000 8.000 -0.500
v -7.000 8.000 -1.500
v -7.000 8.000 0.500
v -7.000 8.000 1.500
v -6.000 -8.000 -1.500
v -6.000 -8.000 -0.500
v -6.000 -7.000 -1.500
v -6.000 -8.000 0.500
v -6.000 -8.000 1.500
v -6.000 -7.000 1.500
v -6.000 -7.000 -2.500
v -6.000 -6.000 -2.500
v -6.000 -7.000 2.500
v -6.000 -6.000 2.500
v -6.000 -5.000 -2.500
v -6.000 -5.000 2.500
v -6.000 -5.000 -3.500
v -6.000 -4.000 -3.500
v -6.000 -5.000 3.500
v -6.000 -4.000 3.500
v -6.000 -3.000 -3.500
v -6.000 -3.000 3.500
v -6.000 -2.000 -3.500
v -6.000 -2.000 3.500
v -6.000 -1.000 -3.500
v -6.000 -1.000 3.500
v -6.000 0.000 -3.500
v -6.000 0.000 3.500
v -6.000 1.000 -3.500
v -6.000 1.000 3.500
v -6.000 2.000 -3.500
v -6.000 2.000 3.500
v -6.000 3.000 -3.500
v -6.000 3.000 3.500
v -6.000 4.000 -3.500
v -6.000 4.000 3.500
v -6.000 5.000 -2.500
v -6.000 5.000 -3.500
v -6.000 5.000 3.500
v -6.000 5.000 2.500
v -6.000 6.000 -2.500
v -6.000 6.000 2.500
v -6.000 7.000 -1.500
v -6.000 7.000 -2.500
v -6.000 7.000 2.500
v -6.000 7.000 1.500
v -6.000 8.000 -0.500
v -6.000 8.000 -1.500
v -6.000 8.000 0.500
v -6.000 8.000 1.500
v -5.000 -8.000 -1.500
v -5.000 -8.000 -0.500
v -5.000 -7.000 -1.500
v -5.000 -8.000 0.500
v -5.000 -8.000 1.500
v -5.000 -7.000 1.500
v -5.000 -7.000 -2.500
v -5.000 -6.000 -2.500
v -5.000 -7.000 2.500
v -5.000 -6.000 2.500
v -5.000 -5.000 -2.500
v -5.000 -5.000 2.500
v -5.000 -5.000 -3.500
v -5.000 -4.000 -3.500
v -5.000 -5.000 3.500
v -5.000 -4.000 3.500
v -5.000 -3.000 -3.500
v -5.000 -3.000 3.500
v -5.000 -2.000 -3.500
v -5.000 -2.000 3.500
v -5.000 -1.000 -3.500
v -5.000 -1.000 3.500
v -5.000 0.000 -3.500
v -5.000 0.000 3.500
v -5.000 1.000 -3.500
v -5.000 1.000 3.500
v -5.000 2.000 -3.500
v -5.000 2.000 3.500
v -5.000 3.000 -3.500
v -5.000 3.000 3.500
v -5.000 4.000 -3.500
v -5.000 4.000 3.500
v -5.000 5.000 -2.500
v -5.000 5.000 -3.500
v -5.000 5.000 3.500
v -5.000 5.000 2.500
v -5.000 6.000 -2.500
v -5.000 6.000 2.500
v -5.000 7.000 -1.500
v -5.000 7.000 -2.500
v -5.000 7.000 2.500
v -5.000 7.000 1.500
v -5.000 8.000 -0.500
v -5.000 8.000 -1.500
v -5.000 8.000 0.500
v -5.000 8.000 1.500
v -4.000 -8.000 -1.500
v -4.000 -7.000 -1.500
v -4.000 -7.000 -0.500
v -4.000 -8.000 -0.500
v -4.000 -7.000 0.500
v -4.000 -8.000 0.500
v -4.000 -7.000 1.500
v -4.000 -8.000 1.500
v -4.000 -7.000 -2.500
v -4.000 -6.000 -2.500
v -4.000 -6.000 -1.500
v -4.000 -6.000 1.500
v -4.000 -6.000 2.500
v -4.000 -7.000 2.500
v -4.000 -5.000 -2.500
v -4.000 -5.000 2.500
v -4.000 -5.000 -3.500
v -4.000 -4.000 -3.500
v -4.000 -4.000 -2.500
v -4.000 -4.000 2.500
v -4.000 -4.000 3.500
v -4.000 -5.000 3.500
v -4.000 -3.000 -3.500
v -4.000 -3.000 3.500
v -4.000 -2.000 -3.500
v -4.000 -2.000 3.500
v -4.000 -1.000 -3.500
v -4.000 -1.000 3.500
v -4.000 0.000 -3.500
v -4.000 0.000 3.500
v -4.000 1.000 -3.500
v -4.000 1.000 3.500
v -4.000 2.000 -3.500
v -4.000 2.000 3.500
v -4.000 3.000 -3.500
v -4.000 3.000 3.500
v -4.000 4.000 -3.500
v -4.000 4.000 3.500
v -4.000 5.000 -3.500
v -4.000 5.000 -2.500
v -4.000 4.000 -2.500
v -4.000 4.000 2.500
v -4.000 5.000 2.500
v -4.000 5.000 3.500
v -4.000 6.000 -2.500
v -4.000 6.000 2.500
v -4.000 7.000 -2.500
v -4.000 7.000 -1.500
v -4.000 6.000 -1.500
v -4.000 6.000 1.500
v -4.000 7.000 1.500
v -4.000 7.000 2.500
v -4.000 8.000 -1.500
v -4.000 8.000 -0.500
v -4.000 7.000 -0.500
v -4.000 8.000 0.500
v -4.000 7.000 0.500
v -4.000 8.000 1.500
v -3.000 -7.000 -1.500
v -3.000 -7.000 -0.500
v -3.000 -6.000 -1.500
v -3.000 -7.000 0.500
v -3.000 -7.000 1.500
v -3.000 -6.000 1.500
v -3.000 -6.000 -2.500
v -3.000 -5.000 -2.500
v -3.000 -6.000 2.500
v -3.000 -5.000 2.500
v -3.000 -4.000 -2.500
v -3.000 -4.000 2.500
v -3.000 -4.000 -3.500
v -3.000 -3.000 -3.500
v -3.000 -4.000 3.500
v -3.000 -3.000 3.500
v -3.000 -2.000 -3.500
v -3.000 -2.000 3.500
v -3.000 -1.000 -3.500
v -3.000 -1.000 3.500
v -3.000 0.000 -3.500
v -3.000 0.000 3.500
v -3.000 1.000 -3.500
v -3.000 1.000 3.500
v -3.000 2.000 -3.500
v -3.000 2.000 3.500
v -3.000 3.000 -3.500
v -3.000 3.000 3.500
v -3.000 4.000 -2.500
v -3.000 4.000 -3.500
v -3.000 4.000 3.500
v -3.000 4.000 2.500
v -3.000 5.000 -2.500
v -3.000 5.000 2.500
v -3.000 6.000 -1.500
v -3.000 6.000 -2.500
v -3.000 6.000 2.500
v -3.000 6.000 1.500
v -3.000 7.000 -0.500
v -3.000 7.000 -1.500
v -3.000 7.000 0.500
v -3.000 7.000 1.500
v -2.000 -7.000 -1.500
v -2.000 -7.000 -0.500
v -2.000 -6.000 -1.500
v -2.000 -7.000 0.500
v -2.000 -7.000 1.500
v -2.000 -6.000 1.500
v -2.000 -6.000 -2.500
v -2.000 -5.000 -2.500
v -2.000 -6.000 2.500
v -2.000 -5.000 2.500
v -2.000 -4.000 -2.500
v -2.000 -4.000 2.500
v -2.000 -4.000 -3.500
v -2.000 -3.000 -3.500
v -2.000 -4.000 3.500
v -2.000 -3.000 3.500
v -2.000 -2.000 -3.500
v -2.000 -2.000 3.500
v -2.000 -1.000 -3.500
v -2.000 -1.000 3.500
v -2.000 0.000 -3.500
v -2.000 0.000 3.500
v -2.000 1.000 -3.500
v -2.000 1.000 3.500
v -2.000 2.000 -3.500
v -2.000 2.000 3.500
v -2.000 3.000 -3.500
v -2.000 3.000 3.500
v -2.000 4.000 -2.500
v -2.000 4.000 -3.500
v -2.000 4.000 3.500
v -2.000 4.000 2.500
v -2.000 5.000 -2.500
v -2.000 5.000 2.500
v -2.000 6.000 -1.500
v -2.000 6.000 -2.500
v -2.000 6.000 2.500
v -2.000 6.000 1.500
v -2.000 7.000 -0.500
v -2.000 7.000 -1.500
v -2.000 7.000 0.500
v -2.000 7.000 1.500
v -1.000 -7.000 -1.500
v -1.000 -7.000 -0.500
v -1.000 -6.000 -1.500
v -1.000 -7.000 0.500
v -1.000 -7.000 1.500
v -1.000 -6.000 1.500
v -1.000 -6.000 -2.500
v -1.000 -5.000 -2.500
v -1.000 -6.000 2.500
v -1.000 -5.000 2.500
v -1.000 -4.000 -2.500
v -1.000 -4.000 2.500
v -1.000 -4.000 -3.500
v -1.000 -3.000 -3.500
v -1.000 -4.000 3.500
v -1.000 -3.000 3.500
v -1.000 -2.000 -3.500
v -1.000 -2.000 3.500
v -1.000 -1.000 -3.500
v -1.000 -1.000 3.500
v -1.000 0.000 -3.500
v -1.000 0.000 3.500
v -1.000 1.000 -3.500
v -1.000 1.000 3.500
v -1.000 2.000 -3.500
v -1.000 2.000 3.500
v -1.000 3.000 -3.500
v -1.000 3.000 3.500
v -1.000 4.000 -2.500
v -1.000 4.000 -3.500
v -1.000 4.000 3.500
v -1.000 4.000 2.500
v -1.000 5.000 -2.500
v -1.000 5.000 2.500
v -1.000 6.000 -1.500
v -1.000 6.000 -2.500
v -1.000 6.000 2.500
v -1.000 6.000 1.500
v -1.000 7.000 -0.500
v -1.000 7.000 -1.500
v -1.000 7.000 0.500
v -1.000 7.000 1.500
v 0.000 -7.000 -1.500
v 0.000 -7.000 -0.500
v 0.000 -6.000 -1.500
v 0.000 -7.000 0.500
v 0.000 -7.000 1.500
v 0.000 -6.000 1.500
v 0.000 -6.000 -2.500
v 0.000 -5.000 -2.500
v 0.000 -6.000 2.500
v 0.000 -5.000 2.500
v 0.000 -4.000 -2.500
v 0.000 -4.000 2.500
v 0.000 -4.000 -3.500
v 0.000 -3.000 -3.500
v 0.000 -4.000 3.500
v 0.000 -3.000 3.500
v 0.000 -2.000 -3.500
v 0.000 -2.000 3.500
v 0.000 -1.000 -3.500
v 0.000 -1.000 3.500
v 0.000 0.000 -3.500
v 0.000 0.000 3.500
v 0.000 1.000 -3.500
v 0.000 1.000 3.500
v 0.000 2.000 -3.500
v 0.000 2.000 3.500
v 0.000 3.000 -3.500
v 0.000 3.000 3.500
v 0.000 4.000 -2.500
v 0.000 4.000 -3.500
v 0.000 4.000 3.500
v 0.000 4.000 2.500
v 0.000 5.000 -2.500
v 0.000 5.000 2.500
v 0.000 6.000 -1.500
v 0.000 6.000 -2.500
v 0.000 6.000 2.500
v 0.000 6.000 1.500
v 0.000 7.000 -0.500
v 0.000 7.000 -1.500
v 0.000 7.000 0.500
v 0.000 7.000 1.500
v 1.000 -7.000 -1.500
v 1.000 -6.000 -1.500
v 1.000 -6.000 -0.500
v 1.000 -7.000 -0.500
v 1.000 -6.000 0.500
v 1.000 -7.000 0.500
v 1.000 -6.000 1.500
v 1.000 -7.000 1.500
v 1.000 -6.000 -2.500
v 1.000 -5.000 -2.500
v 1.000 -5.000 -1.500
v 1.000 -5.000 1.500
v 1.000 -5.000 2.500
v 1.000 -6.000 2.500
v 1.000 -4.000 -2.500
v 1.000 -4.000 2.500
v 1.000 -4.000 -3.500
v 1.000 -3.000 -3.500
v 1.000 -3.000 -2.500
v 1.000 -3.000 2.500
v 1.000 -3.000 3.500
v 1.000 -4.000 3.500
v 1.000 -2.000 -3.500
v 1.000 -2.000 -2.500
v 1.000 -2.000 2.500
v 1.000 -2.000 3.500
v 1.000 -1.000 -3.500
v 1.000 -1.000 -2.500
v 1.000 -1.000 2.500
v 1.000 -1.000 3.500
v 1.000 0.000 -3.500
v 1.000 0.000 3.500
v 1.000 1.000 -3.500
v 1.000 1.000 3.500
v 1.000 2.000 -3.500
v 1.000 2.000 -2.500
v 1.000 1.000 -2.500
v 1.000 1.000 2.500
v 1.000 2.000 2.500
v 1.000 2.000 3.500
v 1.000 3.000 -3.500
v 1.000 3.000 -2.500
v 1.000 3.000 2.500
v 1.000 3.000 3.500
v 1.000 4.000 -3.500
v 1.000 4.000 -2.500
v 1.000 4.000 2.500
v 1.000 4.000 3.500
v 1.000 5.000 -2.500
v 1.000 5.000 2.500
v 1.000 6.000 -2.500
v 1.000 6.000 -1.500
v 1.000 5.000 -1.500
v 1.000 5.000 1.500
v 1.000 6.000 1.500
v 1.000 6.000 2.500
v 1.000 7.000 -1.500
v 1.000 7.000 -0.500
v 1.000 6.000 -0.500
v 1.000 7.000 0.500
v 1.000 6.000 0.500
v 1.000 7.000 1.500
v 2.000 -6.000 -1.500
v 2.000 -6.000 -0.500
v 2.000 -5.000 -1.500
v 2.000 -6.000 0.500
v 2.000 -6.000 1.500
v 2.000 -5.000 1.500
v 2.000 -5.000 -2.500
v 2.000 -4.000 -2.500
v 2.000 -5.000 2.500
v 2.000 -4.000 2.500
v 2.000 -3.000 -2.500
v 2.000 -3.000 2.500
v 2.000 -2.000 -2.500
v 2.000 -2.000 2.500
v 2.000 -1.000 -2.500
v 2.000 -1.000 2.500
v 2.000 -1.000 -3.500
v 2.000 0.000 -3.500
v 2.000 -1.000 3.500
v 2.000 0.000 3.500
v 2.000 1.000 -2.500
v 2.000 1.000 -3.500
v 2.000 1.000 3.500
v 2.000 1.000 2.500
v 2.000 2.000 -2.500
v 2.000 2.000 2.500
v 2.000 3.000 -2.500
v 2.000 3.000 2.500
v 2.000 4.000 -2.500
v 2.000 4.000 2.500
v 2.000 5.000 -1.500
v 2.000 5.000 -2.500
v 2.000 5.000 2.500
v 2.000 5.000 1.500
v 2.000 6.000 -0.500
v 2.000 6.000 -1.500
v 2.000 6.000 0.500
v 2.000 6.000 1.500
v 3.000 -6.000 -1.500
v 3.000 -6.000 -0.500
v 3.000 -5.000 -1.500
v 3.000 -6.000 0.500
v 3.000 -6.000 1.500
v 3.000 -5.000 1.500
v 3.000 -5.000 -2.500
v 3.000 -4.000 -2.500
v 3.000 -5.000 2.500
v 3.000 -4.000 2.500
v 3.000 -3.000 -2.500
v 3.000 -3.000 2.500
v 3.000 -2.000 -2.500
v 3.000 -2.000 2.500
v 3.000 -1.000 -2.500
v 3.000 -1.000 2.500
v 3.000 -1.000 -3.500
v 3.000 0.000 -3.500
v 3.000 -1.000 3.500
v 3.000 0.000 3.500
v 3.000 1.000 -2.500
v 3.000 1.000 -3.500
v 3.000 1.000 3.500
v 3.000 1.000 2.500
v 3.000 2.000 -2.500
v 3.000 2.000 2.500
v 3.000 3.000 -2.500
v 3.000 3.000 2.500
v 3.000 4.000 -2.500
v 3.000 4.000 2.500
v 3.000 5.000 -1.500
v 3.000 5.000 -2.500
v 3.000 5.000 2.500
v 3.000 5.000 1.500
v 3.000 6.000 -0.500
v 3.000 6.000 -1.500
v 3.000 6.000 0.500
v 3.000 6.000 1.500
v 4.000 -6.000 -1.500
v 4.000 -6.000 -0.500
v 4.000 -5.000 -1.500
v 4.000 -6.000 0.500
v 4.000 -6.000 1.500
v 4.000 -5.000 1.500
v 4.000 -5.000 -2.500
v 4.000 -4.000 -2.500
v 4.000 -5.000 2.500
v 4.000 -4.000 2.500
v 4.000 -3.000 -2.500
v 4.000 -3.000 2.500
v 4.000 -2.000 -2.500
v 4.000 -2.000 2.500
v 4.000 -1.000 -2.500
v 4.000 -1.000 2.500
v 4.000 -1.000 -3.500
v 4.000 0.000 -3.500
v 4.000 -1.000 3.500
v 4.000 0.000 3.500
v 4.000 1.000 -2.500
v 4.000 1.000 -3.500
v 4.000 1.000 3.500
v 4.000 1.000 2.500
v 4.000 2.000 -2.500
v 4.000 2.000 2.500
v 4.000 3.000 -2.500
v 4.000 3.000 2.500
v 4.000 4.000 -2.500
v 4.000 4.000 2.500
v 4.000 5.000 -1.500
v 4.000 5.000 -2.500
v 4.000 5.000 2.500
v 4.000 5.000 1.500
v 4.000 6.000 -0.500
v 4.000 6.000 -1.500
v 4.000 6.000 0.500
v 4.000 6.000 1.500
v 5.000 -6.000 -1.500
v 5.000 -6.000 -0.500
v 5.000 -5.000 -1.500
v 5.000 -6.000 0.500
v 5.000 -6.000 1.500
v 5.000 -5.000 1.500
v 5.000 -5.000 -2.500
v 5.000 -4.000 -2.500
v 5.000 -5.000 2.500
v 5.000 -4.000 2.500
v 5.000 -3.000 -2.500
v 5.000 -3.000 2.500
v 5.000 -2.000 -2.500
v 5.000 -2.000 2.500
v 5.000 -1.000 -2.500
v 5.000 -1.000 2.500
v 5.000 -1.000 -3.500
v 5.000 0.000 -3.500
v 5.000 -1.000 3.500
v 5.000 0.000 3.500
v 5.000 1.000 -2.500
v 5.000 1.000 -3.500
v 5.000 1.000 3.500
v 5.000 1.000 2.500
v 5.000 2.000 -2.500
v 5.000 2.000 2.500
v 5.000 3.000 -2.500
v 5.000 3.000 2.500
v 5.000 4.000 -2.500
v 5.000 4.000 2.500
v 5.000 5.000 -1.500
v 5.000 5.000 -2.500
v 5.000 5.000 2.500
v 5.000 5.000 1.500
v 5.000 6.000 -0.500
v 5.000 6.000 -1.500
v 5.000 6.000 0.500
v 5.000 6.000 1.500
v 6.000 -6.000 -1.500
v 6.000 -6.000 -0.500
v 6.000 -5.000 -1.500
v 6.000 -6.000 0.500
v 6.000 -6.000 1.500
v 6.000 -5.000 1.500
v 6.000 -5.000 -2.500
v 6.000 -4.000 -2.500
v 6.000 -5.000 2.500
v 6.000 -4.000 2.500
v 6.000 -3.000 -2.500
v 6.000 -3.000 2.500
v 6.000 -2.000 -2.500
v 6.000 -2.000 2.500
v 6.000 -1.000 -2.500
v 6.000 -1.000 2.500
v 6.000 -1.000 -3.500
v 6.000 0.000 -3.500
v 6.000 -1.000 3.500
v 6.000 0.000 3.500
v 6.000 1.000 -2.500
v 6.000 1.000 -3.500
v 6.000 1.000 3.500
v 6.000 1.000 2.500
v 6.000 2.000 -2.500
v 6.000 2.000 2.500
v 6.000 3.000 -2.500
v 6.000 3.000 2.500
v 6.000 4.000 -2.500
v 6.000 4.000 2.500
v 6.000 5.000 -1.500
v 6.000 5.000 -2.500
v 6.000 5.000 2.500
v 6.000 5.000 1.500
v 6.000 6.000 -0.500
v 6.000 6.000 -1.500
v 6.000 6.000 0.500
v 6.000 6.000 1.500
v 7.000 -6.000 -1.500
v 7.000 -6.000 -0.500
v 7.000 -5.000 -1.500
v 7.000 -6.000 0.500
v 7.000 -6.000 1.500
v 7.000 -5.000 1.500
v 7.000 -5.000 -2.500
v 7.000 -4.000 -2.500
v 7.000 -5.000 2.500
v 7.000 -4.000 2.500
v 7.000 -3.000 -2.500
v 7.000 -3.000 2.500
v 7.000 -2.000 -2.500
v 7.000 -2.000 2.500
v 7.000 -1.000 -2.500
v 7.000 -1.000 2.500
v 7.000 -1.000 -3.500
v 7.000 0.000 -3.500
v 7.000 -1.000 3.500
v 7.000 0.000 3.500
v 7.000 1.000 -2.500
v 7.000 1.000 -3.500
v 7.000 1.000 3.500
v 7.000 1.000 2.500
v 7.000 2.000 -2.500
v 7.000 2.000 2.500
v 7.000 3.000 -2.500
v 7.000 3.000 2.500
v 7.000 4.000 -2.500
v 7.000 4.000 2.500
v 7.000 5.000 -1.500
v 7.000 5.000 -2.500
v 7.000 5.000 2.500
v 7.000 5.000 1.500
v 7.000 6.000 -0.500
v 7.000 6.000 -1.500
v 7.000 6.000 0.500
v 7.000 6.000 1.500
v 7.000 -7.000 -0.500
v 7.000 -7.000 -1.500
v 8.000 -7.000 -1.500
v 8.000 -7.000 -0.500
v 8.000 -6.000 -1.500
v 7.000 -7.000 0.500
v 8.000 -7.000 0.500
v 7.000 -7.000 1.500
v 8.000 -7.000 1.500
v 8.000 -6.000 1.500
v 7.000 -6.000 -2.500
v 8.000 -6.000 -2.500
v 8.000 -5.000 -2.500
v 7.000 -6.000 2.500
v 8.000 -6.000 2.500
v 8.000 -5.000 2.500
v 8.000 -4.000 -2.500
v 8.000 -4.000 2.500
v 7.000 -3.000 -3.500
v 7.000 -4.000 -3.500
v 8.000 -4.000 -3.500
v 8.000 -3.000 -3.500
v 7.000 -4.000 3.500
v 7.000 -3.000 3.500
v 8.000 -4.000 3.500
v 8.000 -3.000 3.500
v 7.000 -2.000 -3.500
v 8.000 -2.000 -3.500
v 7.000 -2.000 3.500
v 8.000 -2.000 3.500
v 8.000 -1.000 -3.500
v 8.000 -1.000 3.500
v 8.000 0.000 -3.500
v 8.000 0.000 3.500
v 8.000 1.000 -3.500
v 8.000 1.000 3.500
v 7.000 2.000 -3.500
v 8.000 2.000 -3.500
v 7.000 2.000 3.500
v 8.000 2.000 3.500
v 7.000 3.000 -3.500
v 8.000 3.000 -3.500
v 7.000 3.000 3.500
v 8.000 3.000 3.500
v 7.000 4.000 -3.500
v 8.000 4.000 -2.500
v 8.000 4.000 -3.500
v 7.000 4.000 3.500
v 8.000 4.000 3.500
v 8.000 4.000 2.500
v 8.000 5.000 -2.500
v 8.000 5.000 2.500
v 7.000 6.000 -2.500
v 8.000 6.000 -1.500
v 8.000 6.000 -2.500
v 7.000 6.000 2.500
v 8.000 6.000 2.500
v 8.000 6.000 1.500
v 7.000 7.000 -0.500
v 7.000 7.000 -1.500
v 8.000 7.000 -0.500
v 8.000 7.000 -1.500
v 7.000 7.000 0.500
v 8.000 7.000 0.500
v 7.000 7.000 1.500
v 8.000 7.000 1.500
v 9.000 -7.000 -1.500
v 9.000 -7.000 -0.500
v 9.000 -6.000 -1.500
v 9.000 -7.000 0.500
v 9.000 -7.000 1.500
v 9.000 -6.000 1.500
v 9.000 -6.000 -2.500
v 9.000 -5.000 -2.500
v 9.000 -6.000 2.500
v 9.000 -5.000 2.500
v 9.000 -4.000 -2.500
v 9.000 -4.000 2.500
v 9.000 -4.000 -3.500
v 9.000 -3.000 -3.500
v 9.000 -4.000 3.500
v 9.000 -3.000 3.500
v 9.000 -2.000 -3.500
v 9.000 -2.000 3.500
v 9.000 -1.000 -3.500
v 9.000 -1.000 3.500
v 9.000 0.000 -3.500
v 9.000 0.000 3.500
v 9.000 1.000 -3.500
v 9.000 1.000 3.500
v 9.000 2.000 -3.500
v 9.000 2.000 3.500
v 9.000 3.000 -3.500
v 9.000 3.000 3.500
v 9.000 4.000 -2.500
v 9.000 4.000 -3.500
v 9.000 4.000 3.500
v 9.000 4.000 2.500
v 9.000 5.000 -2.500
v 9.000 5.000 2.500
v 9.000 6.000 -1.500
v 9.000 6.000 -2.500
v 9.000 6.000 2.500
v 9.000 6.000 1.500
v 9.000 7.000 -0.500
v 9.000 7.000 -1.500
v 9.000 7.000 0.500
v 9.000 7.000 1.500
v 10.000 -7.000 -1.500
v 10.000 -7.000 -0.500
v 10.000 -6.000 -1.500
v 10.000 -7.000 0.500
v 10.000 -7.000 1.500
v 10.000 -6.000 1.500
v 10.000 -6.000 -2.500
v 10.000 -5.000 -2.500
v 10.000 -6.000 2.500
v 10.000 -5.000 2.500
v 10.000 -4.000 -2.500
v 10.000 -4.000 2.500
v 10.000 -4.000 -3.500
v 10.000 -3.000 -3.500
v 10.000 -4.000 3.500
v 10.000 -3.000 3.500
v 10.000 -2.000 -3.500
v 10.000 -2.000 3.500
v 10.000 -1.000 -3.500
v 10.000 -1.000 3.500
v 10.000 0.000 -3.500
v 10.000 0.000 3.500
v 10.000 1.000 -3.500
v 10.000 1.000 3.500
v 10.000 2.000 -3.500
v 10.000 2.000 3.500
v 10.000 3.000 -3.500
v 10.000 3.000 3.500
v 10.000 4.000 -2.500
v 10.000 4.000 -3.500
v 10.000 4.000 3.500
v 10.000 4.000 2.500
v 10.000 5.000 -2.500
v 10.000 5.000 2.500
v 10.000 6.000 -1.500
v 10.000 6.000 -2.500
v 10.000 6.000 2.500
v 10.000 6.000 1.500
v 10.000 7.000 -0.500
v 10.000 7.000 -1.500
v 10.000 7.000 0.500
v 10.000 7.000 1.500
v 11.000 -7.000 -1.500
v 11.000 -7.000 -0.500
v 11.000 -6.000 -1.500
v 11.000 -7.000 0.500
v 11.000 -7.000 1.500
v 11.000 -6.000 1.500
v 11.000 -6.000 -2.500
v 11.000 -5.000 -2.500
v 11.000 -6.000 2.500
v 11.000 -5.000 2.500
v 11.000 -4.000 -2.500
v 11.000 -4.000 2.500
v 11.000 -4.000 -3.500
v 11.000 -3.000 -3.500
v 11.000 -4.000 3.500
v 11.000 -3.000 3.500
v 11.000 -2.000 -3.500
v 11.000 -2.000 3.500
v 11.000 -1.000 -3.500
v 11.000 -1.000 3.500
v 11.000 0.000 -3.500
v 11.000 0.000 3.500
v 11.000 1.000 -3.500
v 11.000 1.000 3.500
v 11.000 2.000 -3.500
v 11.000 2.000 3.500
v 11.000 3.000 -3.500
v 11.000 3.000 3.500
v 11.000 4.000 -2.500
v 11.000 4.000 -3.500
v 11.000 4.000 3.500
v 11.000 4.000 2.500
v 11.000 5.000 -2.500
v 11.000 5.000 2.500
v 11.000 6.000 -1.500
v 11.000 6.000 -2.500
v 11.000 6.000 2.500
v 11.000 6.000 1.500
v 11.000 7.000 -0.500
v 11.000 7.000 -1.500
v 11.000 7.000 0.500
v 11.000 7.000 1.500
v 12.000 -7.000 -1.500
v 12.000 -7.000 -0.500
v 12.000 -6.000 -1.500
v 12.000 -7.000 0.500
v 12.000 -7.000 1.500
v 12.000 -6.000 1.500
v 12.000 -6.000 -2.500
v 12.000 -5.000 -2.500
v 12.000 -6.000 2.500
v 12.000 -5.000 2.500
v 12.000 -4.000 -2.500
v 12.000 -4.000 2.500
v 12.000 -4.000 -3.500
v 12.000 -3.000 -3.500
v 12.000 -4.000 3.500
v 12.000 -3.000 3.500
v 12.000 -2.000 -3.500
v 12.000 -2.000 3.500
v 12.000 -1.000 -3.500
v 12.000 -1.000 3.500
v 12.000 0.000 -3.500
v 12.000 0.000 3.500
v 12.000 1.000 -3.500
v 12.000 1.000 3.500
v 12.000 2.000 -3.500
v 12.000 2.000 3.500
v 12.000 3.000 -3.500
v 12.000 3.000 3.500
v 12.000 4.000 -2.500
v 12.000 4.000 -3.500
v 12.000 4.000 3.500
v 12.000 4.000 2.500
v 12.000 5.000 -2.500
v 12.000 5.000 2.500
v 12.000 6.000 -1.500
v 12.000 6.000 -2.500
v 12.000 6.000 2.500
v 12.000 6.000 1.500
v 12.000 7.000 -0.500
v 12.000 7.000 -1.500
v 12.000 7.000 0.500
v 12.000 7.000 1.500
v 13.000 -7.000 -1.500
v 13.000 -7.000 -0.500
v 13.000 -6.000 -1.500
v 13.000 -7.000 0.500
v 13.000 -7.000 1.500
v 13.000 -6.000 1.500
v 13.000 -6.000 -2.500
v 13.000 -5.000 -2.500
v 13.000 -6.000 2.500
v 13.000 -5.000 2.500
v 13.000 -4.000 -2.500
v 13.000 -4.000 2.500
v 13.000 -4.000 -3.500
v 13.000 -3.000 -3.500
v 13.000 -4.000 3.500
v 13.000 -3.000 3.500
v 13.000 -2.000 -3.500
v 13.000 -2.000 3.500
v 13.000 -1.000 -3.500
v 13.000 -1.000 3.500
v 13.000 0.000 -3.500
v 13.000 0.000 3.500
v 13.000 1.000 -3.500
v 13.000 1.000 3.500
v 13.000 2.000 -3.500
v 13.000 2.000 3.500
v 13.000 3.000 -3.500
v 13.000 3.000 3.500
v 13.000 4.000 -2.500
v 13.000 4.000 -3.500
v 13.000 4.000 3.500
v 13.000 4.000 2.500
v 13.000 5.000 -2.500
v 13.000 5.000 2.500
v 13.000 6.000 -1.500
v 13.000 6.000 -2.500
v 13.000 6.000 2.500
v 13.000 6.000 1.500
v 13.000 7.000 -0.500
v 13.000 7.000 -1.500
v 13.000 7.000 0.500
v 13.000 7.000 1.500
v 14.000 -7.000 -1.500
v 14.000 -7.000 -0.500
v 14.000 -6.000 -1.500
v 14.000 -7.000 0.500
v 14.000 -7.000 1.500
v 14.000 -6.000 1.500
v 14.000 -6.000 -2.500
v 14.000 -5.000 -2.500
v 14.000 -6.000 2.500
v 14.000 -5.000 2.500
v 14.000 -4.000 -2.500
v 14.000 -4.000 2.500
v 14.000 -4.000 -3.500
v 14.000 -3.000 -3.500
v 14.000 -4.000 3.500
v 14.000 -3.000 3.500
v 14.000 -2.000 -3.500
v 14.000 -2.000 3.500
v 14.000 -1.000 -3.500
v 14.000 -1.000 3.500
v 14.000 0.000 -3.500
v 14.000 0.000 3.500
v 14.000 1.000 -3.500
v 14.000 1.000 3.500
v 14.000 2.000 -3.500
v 14.000 2.000 3.500
v 14.000 3.000 -3.500
v 14.000 3.000 3.500
v 14.000 4.000 -2.500
v 14.000 4.000 -3.500
v 14.000 4.000 3.500
v 14.000 4.000 2.500
v 14.000 5.000 -2.500
v 14.000 5.000 2.500
v 14.000 6.000 -1.500
v 14.000 6.000 -2.500
v 14.000 6.000 2.500
v 14.000 6.000 1.500
v 14.000 7.000 -0.500
v 14.000 7.000 -1.500
v 14.000 7.000 0.500
v 14.000 7.000 1.500
v 15.000 -7.000 -1.500
v 15.000 -7.000 -0.500
v 15.000 -6.000 -1.500
v 15.000 -7.000 0.500
v 15.000 -7.000 1.500
v 15.000 -6.000 1.500
v 15.000 -6.000 -2.500
v 15.000 -5.000 -2.500
v 15.000 -6.000 2.500
v 15.000 -5.000 2.500
v 15.000 -4.000 -2.500
v 15.000 -4.000 2.500
v 15.000 -4.000 -3.500
v 15.000 -3.000 -3.500
v 15.000 -4.000 3.500
v 15.000 -3.000 3.500
v 15.000 -2.000 -3.500
v 15.000 -2.000 3.500
v 15.000 -1.000 -3.500
v 15.000 -1.000 3.500
v 15.000 0.000 -3.500
v 15.000 0.000 3.500
v 15.000 1.000 -3.500
v 15.000 1.000 3.500
v 15.000 2.000 -3.500
v 15.000 2.000 3.500
v 15.000 3.000 -3.500
v 15.000 3.000 3.500
v 15.000 4.000 -2.500
v 15.000 4.000 -3.500
v 15.000 4.000 3.500
v 15.000 4.000 2.500
v 15.000 5.000 -2.500
v 15.000 5.000 2.500
v 15.000 6.000 -1.500
v 15.000 6.000 -2.500
v 15.000 6.000 2.500
v 15.000 6.000 1.500
v 15.000 7.000 -0.500
v 15.000 7.000 -1.500
v 15.000 7.000 0.500
v 15.000 7.000 1.500
v 15.000 -8.000 -0.500
v 15.000 -8.000 -1.500
v 16.000 -8.000 -1.500
v 16.000 -8.000 -0.500
v 16.000 -7.000 -1.500
v 15.000 -8.000 0.500
v 16.000 -8.000 0.500
v 15.000 -8.000 1.500
v 16.000 -8.000 1.500
v 16.000 -7.000 1.500
v 15.000 -7.000 -2.500
v 16.000 -7.000 -2.500
v 16.000 -6.000 -2.500
v 15.000 -7.000 2.500
v 16.000 -7.000 2.500
v 16.000 -6.000 2.500
v 16.000 -5.000 -2.500
v 16.000 -5.000 2.500
v 15.000 -5.000 -3.500
v 16.000 -5.000 -3.500
v 16.000 -4.000 -3.500
v 15.000 -5.000 3.500
v 16.000 -5.000 3.500
v 16.000 -4.000 3.500
v 16.000 -3.000 -3.500
v 16.000 -3.000 3.500
v 16.000 -2.000 -3.500
v 16.000 -2.000 3.500
v 16.000 -1.000 -3.500
v 16.000 -1.000 3.500
v 16.000 0.000 -3.500
v 16.000 0.000 3.500
v 16.000 1.000 -3.500
v 16.000 1.000 3.500
v 16.000 2.000 -3.500
v 16.000 2.000 3.500
v 16.000 3.000 -3.500
v 16.000 3.000 3.500
v 16.000 4.000 -3.500
v 16.000 4.000 3.500
v 15.000 5.000 -3.500
v 16.000 5.000 -2.500
v 16.000 5.000 -3.500
v 15.000 5.000 3.500
v 16.000 5.000 3.500
v 16.000 5.000 2.500
v 16.000 6.000 -2.500
v 16.000 6.000 2.500
v 15.000 7.000 -2.500
v 16.000 7.000 -1.500
v 16.000 7.000 -2.500
v 15.000 7.000 2.500
v 16.000 7.000 2.500
v 16.000 7.000 1.500
v 15.000 8.000 -0.500
v 15.000 8.000 -1.500
v 16.000 8.000 -0.500
v 16.000 8.000 -1.500
v 15.000 8.000 0.500
v 16.000 8.000 0.500
v 15.000 8.000 1.500
v 16.000 8.000 1.500
v 17.000 -8.000 -1.500
v 17.000 -8.000 -0.500
v 17.000 -7.000 -1.500
v 17.000 -8.000 0.500
v 17.000 -8.000 1.500
v 17.000 -7.000 1.500
v 17.000 -7.000 -2.500
v 17.000 -6.000 -2.500
v 17.000 -7.000 2.500
v 17.000 -6.000 2.500
v 17.000 -5.000 -2.500
v 17.000 -5.000 2.500
v 17.000 -5.000 -3.500
v 17.000 -4.000 -3.500
v 17.000 -5.000 3.500
v 17.000 -4.000 3.500
v 17.000 -3.000 -3.500
v 17.000 -3.000 3.500
v 17.000 -2.000 -3.500
v 17.000 -2.000 3.500
v 17.000 -1.000 -3.500
v 17.000 -1.000 3.500
v 17.000 0.000 -3.500
v 17.000 0.000 3.500
v 17.000 1.000 -3.500
v 17.000 1.000 3.500
v 17.000 2.000 -3.500
v 17.000 2.000 3.500
v 17.000 3.000 -3.500
v 17.000 3.000 3.500
v 17.000 4.000 -3.500
v 17.000 4.000 3.500
v 17.000 5.000 -2.500
v 17.000 5.000 -3.500
v 17.000 5.000 3.500
v 17.000 5.000 2.500
v 17.000 6.000 -2.500
v 17.000 6.000 2.500
v 17.000 7.000 -1.500
v 17.000 7.000 -2.500
v 17.000 7.000 2.500
v 17.000 7.000 1.500
v 17.000 8.000 -0.500
v 17.000 8.000 -1.500
v 17.000 8.000 0.500
v 17.000 8.000 1.500
v 18.000 -8.000 -1.500
v 18.000 -8.000 -0.500
v 18.000 -7.000 -1.500
v 18.000 -8.000 0.500
v 18.000 -8.000 1.500
v 18.000 -7.000 1.500
v 18.000 -7.000 -2.500
v 18.000 -6.000 -2.500
v 18.000 -7.000 2.500
v 18.000 -6.000 2.500
v 18.000 -5.000 -2.500
v 18.000 -5.000 2.500
v 18.000 -5.000 -3.500
v 18.000 -4.000 -3.500
v 18.000 -5.000 3.500
v 18.000 -4.000 3.500
v 18.000 -3.000 -3.500
v 18.000 -3.000 3.500
v 18.000 -2.000 -3.500
v 18.000 -2.000 3.500
v 18.000 -1.000 -3.500
v 18.000 -1.000 3.500
v 18.000 0.000 -3.500
v 18.000 0.000 3.500
v 18.000 1.000 -3.500
v 18.000 1.000 3.500
v 18.000 2.000 -3.500
v 18.000 2.000 3.500
v 18.000 3.000 -3.500
v 18.000 3.000 3.500
v 18.000 4.000 -3.500
v 18.000 4.000 3.500
v 18.000 5.000 -2.500
v 18.000 5.000 -3.500
v 18.000 5.000 3.500
v 18.000 5.000 2.500
v 18.000 6.000 -2.500
v 18.000 6.000 2.500
v 18.000 7.000 -1.500
v 18.000 7.000 -2.500
v 18.000 7.000 2.500
v 18.000 7.000 1.500
v 18.000 8.000 -0.500
v 18.000 8.000 -1.500
v 18.000 8.000 0.500
v 18.000 8.000 1.500
v 19.000 -8.000 -1.500
v 19.000 -8.000 -0.500
v 19.000 -7.000 -1.500
v 19.000 -8.000 0.500
v 19.000 -8.000 1.500
v 19.000 -7.000 1.500
v 19.000 -7.000 -2.500
v 19.000 -6.000 -2.500
v 19.000 -7.000 2.500
v 19.000 -6.000 2.500
v 19.000 -5.000 -2.500
v 19.000 -5.000 2.500
v 19.000 -5.000 -3.500
v 19.000 -4.000 -3.500
v 19.000 -5.000 3.500
v 19.000 -4.000 3.500
v 19.000 -3.000 -3.500
v 19.000 -3.000 3.500
v 19.000 -2.000 -3.500
v 19.000 -2.000 3.500
v 19.000 -1.000 -3.500
v 19.000 -1.000 3.500
v 19.000 0.000 -3.500
v 19.000 0.000 3.500
v 19.000 1.000 -3.500
v 19.000 1.000 3.500
v 19.000 2.000 -3.500
v 19.000 2.000 3.500
v 19.000 3.000 -3.500
v 19.000 3.000 3.500
v 19.000 4.000 -3.500
v 19.000 4.000 3.500
v 19.000 5.000 -2.500
v 19.000 5.000 -3.500
v 19.000 5.000 3.500
v 19.000 5.000 2.500
v 19.000 6.000 -2.500
v 19.000 6.000 2.500
v 19.000 7.000 -1.500
v 19.000 7.000 -2.500
v 19.000 7.000 2.500
v 19.000 7.000 1.500
v 19.000 8.000 -0.500
v 19.000 8.000 -1.500
v 19.000 8.000 0.500
v 19.000 8.000 1.500
v 20.000 -8.000 -1.500
v 20.000 -8.000 -0.500
v 20.000 -7.000 -1.500
v 20.000 -8.000 0.500
v 20.000 -8.000 1.500
v 20.000 -7.000 1.500
v 20.000 -7.000 -2.500
v 20.000 -6.000 -2.500
v 20.000 -7.000 2.500
v 20.000 -6.000 2.500
v 20.000 -5.000 -2.500
v 20.000 -5.000 2.500
v 20.000 -5.000 -3.500
v 20.000 -4.000 -3.500
v 20.000 -5.000 3.500
v 20.000 -4.000 3.500
v 20.000 -3.000 -3.500
v 20.000 -3.000 3.500
v 20.000 -2.000 -3.500
v 20.000 -2.000 3.500
v 20.000 -1.000 -3.500
v 20.000 -1.000 3.500
v 20.000 0.000 -3.500
v 20.000 0.000 3.500
v 20.000 1.000 -3.500
v 20.000 1.000 3.500
v 20.000 2.000 -3.500
v 20.000 2.000 3.500
v 20.000 3.000 -3.500
v 20.000 3.000 3.500
v 20.000 4.000 -3.500
v 20.000 4.000 3.500
v 20.000 5.000 -2.500
v 20.000 5.000 -3.500
v 20.000 5.000 3.500
v 20.000 5.000 2.500
v 20.000 6.000 -2.500
v 20.000 6.000 2.500
v 20.000 7.000 -1.500
v 20.000 7.000 -2.500
v 20.000 7.000 2.500
v 20.000 7.000 1.500
v 20.000 8.000 -0.500
v 20.000 8.000 -1.500
v 20.000 8.000 0.500
v 20.000 8.000 1.500
v 20.000 -9.000 -0.500
v 20.000 -9.000 -1.500
v 21.000 -9.000 -1.500
v 21.000 -9.000 -0.500
v 21.000 -8.000 -1.500
v 20.000 -9.000 0.500
v 21.000 -9.000 0.500
v 20.000 -9.000 1.500
v 21.000 -9.000 1.500
v 21.000 -8.000 1.500
v 20.000 -8.000 -2.500
v 21.000 -8.000 -2.500
v 21.000 -7.000 -2.500
v 20.000 -8.000 2.500
v 21.000 -8.000 2.500
v 21.000 -7.000 2.500
v 20.000 -6.000 -3.500
v 20.000 -7.000 -3.500
v 21.000 -7.000 -3.500
v 21.000 -6.000 -3.500
v 20.000 -7.000 3.500
v 20.000 -6.000 3.500
v 21.000 -7.000 3.500
v 21.000 -6.000 3.500
v 21.000 -5.000 -3.500
v 21.000 -5.000 3.500
v 21.000 -4.000 -3.500
v 21.000 -4.000 3.500
v 21.000 -3.000 -3.500
v 21.000 -3.000 3.500
v 20.000 -2.000 -4.500
v 20.000 -3.000 -4.500
v 21.000 -3.000 -4.500
v 21.000 -2.000 -4.500
v 20.000 -3.000 4.500
v 20.000 -2.000 4.500
v 21.000 -3.000 4.500
v 21.000 -2.000 4.500
v 20.000 -1.000 -4.500
v 21.000 -1.000 -4.500
v 20.000 -1.000 4.500
v 21.000 -1.000 4.500
v 20.000 0.000 -4.500
v 21.000 0.000 -4.500
v 20.000 0.000 4.500
v 21.000 0.000 4.500
v 20.000 1.000 -4.500
v 21.000 1.000 -4.500
v 20.000 1.000 4.500
v 21.000 1.000 4.500
v 20.000 2.000 -4.500
v 21.000 2.000 -4.500
v 20.000 2.000 4.500
v 21.000 2.000 4.500
v 20.000 3.000 -4.500
v 21.000 3.000 -3.500
v 21.000 3.000 -4.500
v 20.000 3.000 4.500
v 21.000 3.000 4.500
v 21.000 3.000 3.500
v 21.000 4.000 -3.500
v 21.000 4.000 3.500
v 21.000 5.000 -3.500
v 21.000 5.000 3.500
v 20.000 6.000 -3.500
v 21.000 6.000 -3.500
v 20.000 6.000 3.500
v 21.000 6.000 3.500
v 20.000 7.000 -3.500
v 21.000 7.000 -2.500
v 21.000 7.000 -3.500
v 20.000 7.000 3.500
v 21.000 7.000 3.500
v 21.000 7.000 2.500
v 20.000 8.000 -2.500
v 21.000 8.000 -1.500
v 21.000 8.000 -2.500
v 20.000 8.000 2.500
v 21.000 8.000 2.500
v 21.000 8.000 1.500
v 20.000 9.000 -0.500
v 20.000 9.000 -1.500
v 21.000 9.000 -0.500
v 21.000 9.000 -1.500
v 20.000 9.000 0.500
v 21.000 9.000 0.500
v 20.000 9.000 1.500
v 21.000 9.000 1.500
v 22.000 -9.000 -1.500
v 22.000 -9.000 -0.500
v 22.000 -8.000 -1.500
v 22.000 -9.000 0.500
v 22.000 -9.000 1.500
v 22.000 -8.000 1.500
v 22.000 -8.000 -2.500
v 22.000 -7.000 -2.500
v 22.000 -8.000 2.500
v 22.000 -7.000 2.500
v 22.000 -7.000 -3.500
v 22.000 -6.000 -3.500
v 22.000 -7.000 3.500
v 22.000 -6.000 3.500
v 22.000 -5.000 -3.500
v 22.000 -5.000 3.500
v 22.000 -4.000 -3.500
v 22.000 -4.000 3.500
v 22.000 -3.000 -3.500
v 22.000 -3.000 3.500
v 22.000 -3.000 -4.500
v 22.000 -2.000 -4.500
v 22.000 -3.000 4.500
v 22.000 -2.000 4.500
v 22.000 -1.000 -4.500
v 22.000 -1.000 4.500
v 22.000 0.000 -4.500
v 22.000 0.000 4.500
v 22.000 1.000 -4.500
v 22.000 1.000 4.500
v 22.000 2.000 -4.500
v 22.000 2.000 4.500
v 22.000 3.000 -3.500
v 22.000 3.000 -4.500
v 22.000 3.000 4.500
v 22.000 3.000 3.500
v 22.000 4.000 -3.500
v 22.000 4.000 3.500
v 22.000 5.000 -3.500
v 22.000 5.000 3.500
v 22.000 6.000 -3.500
v 22.000 6.000 3.500
v 22.000 7.000 -2.500
v 22.000 7.000 -3.500
v 22.000 7.000 3.500
v 22.000 7.000 2.500
v 22.000 8.000 -1.500
v 22.000 8.000 -2.500
v 22.000 8.000 2.500
v 22.000 8.000 1.500
v 22.000 9.000 -0.500
v 22.000 9.000 -1.500
v 22.000 9.000 0.500
v 22.000 9.000 1.500
v 23.000 -9.000 -1.500
v 23.000 -8.000 -1.500
v 23.000 -8.000 -0.500
v 23.000 -9.000 -0.500
v 23.000 -8.000 0.500
v 23.000 -9.000 0.500
v 23.000 -8.000 1.500
v 23.000 -9.000 1.500
v 23.000 -8.000 -2.500
v 23.000 -7.000 -2.500
v 23.000 -7.000 -1.500
v 23.000 -7.000 -0.500
v 23.000 -7.000 0.500
v 23.000 -7.000 1.500
v 23.000 -7.000 2.500
v 23.000 -8.000 2.500
v 23.000 -7.000 -3.500
v 23.000 -6.000 -3.500
v 23.000 -6.000 -2.500
v 23.000 -6.000 -1.500
v 23.000 -6.000 -0.500
v 23.000 -6.000 0.500
v 23.000 -6.000 1.500
v 23.000 -6.000 2.500
v 23.000 -6.000 3.500
v 23.000 -7.000 3.500
v 23.000 -5.000 -3.500
v 23.000 -5.000 -2.500
v 23.000 -5.000 -1.500
v 23.000 -5.000 -0.500
v 23.000 -5.000 0.500
v 23.000 -5.000 1.500
v 23.000 -5.000 2.500
v 23.000 -5.000 3.500
v 23.000 -4.000 -3.500
v 23.000 -4.000 -2.500
v 23.000 -4.000 -1.500
v 23.000 -4.000 -0.500
v 23.000 -4.000 0.500
v 23.000 -4.000 1.500
v 23.000 -4.000 2.500
v 23.000 -4.000 3.500
v 23.000 -3.000 -3.500
v 23.000 -3.000 -2.500
v 23.000 -3.000 -1.500
v 23.000 -3.000 -0.500
v 23.000 -3.000 0.500
v 23.000 -3.000 1.500
v 23.000 -3.000 2.500
v 23.000 -3.000 3.500
v 23.000 -3.000 -4.500
v 23.000 -2.000 -4.500
v 23.000 -2.000 -3.500
v 23.000 -2.000 -2.500
v 23.000 -2.000 -1.500
v 23.000 -2.000 -0.500
v 23.000 -2.000 0.500
v 23.000 -2.000 1.500
v 23.000 -2.000 2.500
v 23.000 -2.000 3.500
v 23.000 -2.000 4.500
v 23.000 -3.000 4.500
v 23.000 -1.000 -4.500
v 23.000 -1.000 -3.500
v 23.000 -1.000 -2.500
v 23.000 -1.000 -1.500
v 23.000 -1.000 -0.500
v 23.000 -1.000 0.500
v 23.000 -1.000 1.500
v 23.000 -1.000 2.500
v 23.000 -1.000 3.500
v 23.000 -1.000 4.500
v 23.000 0.000 -4.500
v 23.000 0.000 -3.500
v 23.000 0.000 -2.500
v 23.000 0.000 -1.500
v 23.000 0.000 -0.500
v 23.000 0.000 0.500
v 23.000 0.000 1.500
v 23.000 0.000 2.500
v 23.000 0.000 3.500
v 23.000 0.000 4.500
v 23.000 1.000 -4.500
v 23.000 1.000 -3.500
v 23.000 1.000 -2.500
v 23.000 1.000 -1.500
v 23.000 1.000 -0.500
v 23.000 1.000 0.500
v 23.000 1.000 1.500
v 23.000 1.000 2.500
v 23.000 1.000 3.500
v 23.000 1.000 4.500
v 23.000 2.000 -4.500
v 23.000 2.000 -3.500
v 23.000 2.000 -2.500
v 23.000 2.000 -1.500
v 23.000 2.000 -0.500
v 23.000 2.000 0.500
v 23.000 2.000 1.500
v 23.000 2.000 2.500
v 23.000 2.000 3.500
v 23.000 2.000 4.500
v 23.000 3.000 -4.500
v 23.000 3.000 -3.500
v 23.000 3.000 -2.500
v 23.000 3.000 -1.500
v 23.000 3.000 -0.500
v 23.000 3.000 0.500
v 23.000 3.000 1.500
v 23.000 3.000 2.500
v 23.000 3.000 3.500
v 23.000 3.000 4.500
v 23.000 4.000 -3.500
v 23.000 4.000 -2.500
v 23.000 4.000 -1.500
v 23.000 4.000 -0.500
v 23.000 4.000 0.500
v 23.000 4.000 1.500
v 23.000 4.000 2.500
v 23.000 4.000 3.500
v 23.000 5.000 -3.500
v 23.000 5.000 -2.500
v 23.000 5.000 -1.500
v 23.000 5.000 -0.500
v 23.000 5.000 0.500
v 23.000 5.000 1.500
v 23.000 5.000 2.500
v 23.000 5.000 3.500
v 23.000 6.000 -3.500
v 23.000 6.000 -2.500
v 23.000 6.000 -1.500
v 23.000 6.000 -0.500
v 23.000 6.000 0.500
v 23.000 6.000 1.500
v 23.000 6.000 2.500
v 23.000 6.000 3.500
v 23.000 7.000 -3.500
v 23.000 7.000 -2.500
v 23.000 7.000 -1.500
v 23.000 7.000 -0.500
v 23.000 7.000 0.500
v 23.000 7.000 1.500
v 23.000 7.000 2.500
v 23.000 7.000 3.500
v 23.000 8.000 -2.500
v 23.000 8.000 -1.500
v 23.000 8.000 -0.500
v 23.000 8.000 0.500
v 23.000 8.000 1.500
v 23.000 8.000 2.500
v 23.000 9.000 -1.500
v 23.000 9.000 -0.500
v 23.000 9.000 0.500
v 23.000 9.000 1.500
f 1 2 3 4
f 1 4 5 6
f 5 4 3 7
f 8 9 2 1
f 8 1 6 10
f 11 12 9 8
f 11 8 10 13
f 14 15 12 11
f 14 11 13 16
f 17 18 15 14
f 17 14 16 19
f 20 21 18 17
f 20 17 19 22
f 23 24 21 20
f 23 20 22 25
f 23 25 26 24
f 27 28 29 30
f 27 30 31 32
f 31 30 29 33
f 3 34 28 27
f 3 27 32 7
f 2 35 34 3
f 9 36 35 2
f 12 37 36 9
f 15 38 37 12
f 18 39 38 15
f 21 40 39 18
f 24 41 40 21
f 42 43 41 24
f 42 24 26 44
f 45 46 43 42
f 45 42 44 47
f 45 47 48 46
f 29 49 50 51
f 29 51 52 33
f 52 51 50 53
f 28 54 49 29
f 34 55 54 28
f 35 56 55 34
f 36 57 56 35
f 37 58 57 36
f 38 59 58 37
f 39 60 59 38
f 40 61 60 39
f 41 62 61 40
f 43 63 62 41
f 46 64 63 43
f 65 66 64 46
f 65 46 48 67
f 65 67 68 66
f 50 69 70 71
f 50 71 72 53
f 72 71 70 73
f 49 74 69 50
f 54 75 74 49
f 55 76 75 54
f 56 77 76 55
f 57 78 77 56
f 58 79 78 57
f 59 80 79 58
f 60 81 80 59
f 61 82 81 60
f 62 83 82 61
f 63 84 83 62
f 64 85 84 63
f 66 86 85 64
f 87 88 86 66
f 87 66 68 89
f 87 89 90 88
f 69 91 92 70
f 73 70 92 93
f 74 94 91 69
f 75 95 94 74
f 76 96 95 75
f 77 97 96 76
f 78 98 97 77
f 79 99 98 78
f 80 100 99 79
f 81 101 100 80
f 82 102 101 81
f 83 103 102 82
f 84 104 103 83
f 85 105 104 84
f 86 106 105 85
f 88 107 106 86
f 88 90 108 107
f 92 109 110 111
f 92 111 112 93
f 112 111 110 113
f 91 114 109 92
f 94 115 114 91
f 95 116 115 94
f 96 117 116 95
f 97 118 117 96
f 98 119 118 97
f 99 120 119 98
f 100 121 120 99
f 101 122 121 100
f 102 123 122 101
f 103 124 123 102
f 104 125 124 103
f 105 126 125 104
f 106 127 126 105
f 107 128 127 106
f 129 130 128 107
f 129 107 108 131
f 129 131 132 130
f 109 133 134 110
f 113 110 134 135
f 114 136 133 109
f 115 137 136 114
f 116 138 137 115
f 117 139 138 116
f 118 140 139 117
f 119 141 140 118
f 120 142 141 119
f 121 143 142 120
f 122 144 143 121
f 123 145 144 122
f 124 146 145 123
f 125 147 146 124
f 126 148 147 125
f 127 149 148 126
f 128 150 149 127
f 130 151 150 128
f 130 132 152 151
f 133 153 154 134
f 135 134 154 155
f 136 156 153 133
f 137 157 156 136
f 138 158 157 137
f 139 159 158 138
f 140 160 159 139
f 141 161 160 140
f 142 162 161 141
f 143 163 162 142
f 144 164 163 143
f 145 165 164 144
f 146 166 165 145
f 147 167 166 146
f 148 168 167 147
f 149 169 168 148
f 150 170 169 149
f 151 171 170 150
f 151 152 172 171
f 153 173 174 154
f 155 154 174 175
f 156 176 173 153
f 157 177 176 156
f 158 178 177 157
f 159 179 178 158
f 160 180 179 159
f 161 181 180 160
f 162 182 181 161
f 163 183 182 162
f 164 184 183 163
f 165 185 184 164
f 166 186 185 165
f 167 187 186 166
f 168 188 187 167
f 169 189 188 168
f 170 190 189 169
f 171 191 190 170
f 171 172 192 191
f 173 193 194 174
f 175 174 194 195
f 176 196 193 173
f 177 197 196 176
f 178 198 197 177
f 179 199 198 178
f 180 200 199 179
f 181 201 200 180
f 182 202 201 181
f 183 203 202 182
f 184 204 203 183
f 185 205 204 184
f 186 206 205 185
f 187 207 206 186
f 188 208 207 187
f 189 209 208 188
f 190 210 209 189
f 191 211 210 190
f 191 192 212 211
f 193 213 214 194
f 214 213 215 216
f 195 194 214 216
f 196 217 213 193
f 197 218 217 196
f 198 219 218 197
f 199 220 219 198
f 200 221 220 199
f 201 222 221 200
f 202 223 222 201
f 203 224 223 202
f 204 225 224 203
f 205 226 225 204
f 206 227 226 205
f 207 228 227 206
f 208 229 228 207
f 209 230 229 208
f 210 231 230 209
f 211 232 231 210
f 231 232 233 234
f 211 212 233 232
f 217 235 236 213
f 215 213 236 237
f 218 238 235 217
f 219 239 238 218
f 220 240 239 219
f 221 241 240 220
f 222 242 241 221
f 223 243 242 222
f 224 244 243 223
f 225 245 244 224
f 226 246 245 225
f 227 247 246 226
f 228 248 247 227
f 229 249 248 228
f 230 250 249 229
f 231 251 250 230
f 231 234 252 251
f 235 253 254 236
f 254 253 255 256
f 237 236 254 256
f 238 257 253 235
f 239 258 257 238
f 240 259 258 239
f 241 260 259 240
f 242 261 260 241
f 243 262 261 242
f 244 263 262 243
f 245 264 263 244
f 246 265 264 245
f 247 266 265 246
f 248 267 266 247
f 249 268 267 248
f 250 269 268 249
f 251 270 269 250
f 269 270 271 272
f 251 252 271 270
f 257 273 274 253
f 274 273 275 276
f 255 253 274 276
f 258 277 273 257
f 259 278 277 258
f 260 279 278 259
f 261 280 279 260
f 262 281 280 261
f 263 282 281 262
f 264 283 282 263
f 265 284 283 264
f 266 285 284 265
f 267 286 285 266
f 268 287 286 267
f 269 288 287 268
f 287 288 289 290
f 269 272 289 288
f 277 291 292 273
f 292 291 293 294
f 275 273 292 294
f 278 295 291 277
f 291 295 296 293
f 279 297 295 278
f 280 298 297 279
f 281 299 298 280
f 282 300 299 281
f 283 301 300 282
f 284 302 301 283
f 285 303 302 284
f 286 304 303 285
f 303 304 305 306
f 287 307 304 286
f 304 307 308 305
f 287 290 308 307
f 297 309 310 295
f 310 309 311 312
f 296 295 310 312
f 298 313 309 297
f 309 313 314 311
f 299 315 313 298
f 313 315 316 314
f 300 317 315 299
f 315 317 318 316
f 301 319 317 300
f 317 319 320 318
f 302 321 319 301
f 319 321 322 320
f 303 323 321 302
f 321 323 324 322
f 303 306 324 323
f 325 326 327 328
f 329 6 5 330
f 329 330 325 328
f 325 330 5 326
f 328 327 331 332
f 333 10 6 329
f 333 329 328 332
f 332 331 334 335
f 336 13 10 333
f 336 333 332 335
f 335 334 337 338
f 339 16 13 336
f 339 336 335 338
f 338 337 340 341
f 342 19 16 339
f 342 339 338 341
f 341 340 343 344
f 345 22 19 342
f 345 342 341 344
f 344 343 346 347
f 348 25 22 345
f 348 345 344 347
f 348 347 346 25
f 349 350 351 352
f 353 32 31 354
f 353 354 349 352
f 349 354 31 350
f 352 351 355 326
f 5 7 32 353
f 5 353 352 326
f 346 356 357 358
f 359 44 26 25
f 359 25 346 358
f 358 357 360 361
f 362 47 44 359
f 362 359 358 361
f 362 361 360 47
f 363 364 365 350
f 31 33 52 366
f 31 366 363 350
f 363 366 52 364
f 360 367 368 369
f 370 67 48 47
f 370 47 360 369
f 370 369 368 67
f 371 372 373 364
f 52 53 72 374
f 52 374 371 364
f 371 374 72 372
f 368 375 376 377
f 378 89 68 67
f 378 67 368 377
f 378 377 376 89
f 379 380 381 372
f 72 73 382 383
f 72 383 379 372
f 379 383 382 380
f 376 384 385 386
f 387 388 90 89
f 387 89 376 386
f 387 386 385 388
f 380 389 390 381
f 73 93 112 382
f 380 382 112 389
f 384 391 392 385
f 388 131 108 90
f 388 385 392 131
f 393 394 395 389
f 112 113 396 397
f 112 397 393 389
f 393 397 396 394
f 392 398 399 400
f 401 402 132 131
f 401 131 392 400
f 401 400 399 402
f 394 403 404 395
f 113 135 405 396
f 394 396 405 403
f 398 406 407 399
f 402 408 152 132
f 402 399 407 408
f 403 409 410 404
f 135 155 411 405
f 403 405 411 409
f 406 412 413 407
f 408 414 172 152
f 408 407 413 414
f 409 415 416 410
f 155 175 417 411
f 409 411 417 415
f 412 418 419 413
f 414 420 192 172
f 414 413 419 420
f 415 421 422 416
f 175 195 423 417
f 415 417 423 421
f 418 424 425 419
f 420 426 212 192
f 420 419 425 426
f 421 427 428 422
f 195 216 429 423
f 429 216 428 427
f 421 423 429 427
f 424 430 431 425
f 426 432 233 212
f 233 432 431 430
f 426 425 431 432
f 428 433 434 435
f 215 237 436 216
f 428 216 436 433
f 437 438 439 430
f 233 440 252 234
f 233 430 439 440
f 433 441 442 434
f 237 256 443 436
f 443 256 442 441
f 433 436 443 441
f 438 444 445 439
f 440 446 271 252
f 271 446 445 444
f 440 439 445 446
f 442 447 448 449
f 255 276 450 256
f 450 276 448 447
f 442 256 450 447
f 451 452 453 444
f 271 454 289 272
f 289 454 453 452
f 271 444 453 454
f 448 455 456 457
f 275 294 458 276
f 458 294 456 455
f 448 276 458 455
f 459 460 461 452
f 289 462 308 290
f 308 462 461 460
f 289 452 461 462
f 456 463 464 465
f 293 466 467 294
f 467 466 464 463
f 456 294 467 463
f 465 464 468 469
f 296 312 466 293
f 466 312 468 464
f 470 471 472 473
f 305 474 324 306
f 324 474 472 471
f 473 472 475 460
f 308 476 474 305
f 474 476 475 472
f 308 460 475 476
f 468 477 478 479
f 311 480 481 312
f 481 480 478 477
f 468 312 481 477
f 479 478 482 483
f 314 484 480 311
f 480 484 482 478
f 483 482 485 486
f 316 487 484 314
f 484 487 485 482
f 486 485 488 489
f 318 490 487 316
f 487 490 488 485
f 489 488 491 492
f 320 493 490 318
f 490 493 491 488
f 492 491 494 495
f 322 496 493 320
f 493 496 494 491
f 495 494 497 471
f 324 498 496 322
f 496 498 497 494
f 324 471 497 498
f 499 500 501 502
f 327 326 499 502
f 499 326 355 500
f 502 501 503 504
f 331 327 502 504
f 504 503 505 506
f 334 331 504 506
f 506 505 507 508
f 337 334 506 508
f 508 507 509 510
f 340 337 508 510
f 510 509 511 512
f 343 340 510 512
f 512 511 513 514
f 346 343 512 514
f 346 514 513 356
f 515 516 517 518
f 351 350 515 518
f 515 350 365 516
f 518 517 519 500
f 355 351 518 500
f 513 520 521 522
f 357 356 513 522
f 522 521 523 524
f 360 357 522 524
f 360 524 523 367
f 525 526 527 516
f 365 364 525 516
f 525 364 373 526
f 516 527 528 517
f 521 529 530 523
f 523 530 531 532
f 368 367 523 532
f 368 532 531 375
f 533 534 535 526
f 373 372 533 526
f 533 372 381 534
f 526 535 536 527
f 530 537 538 531
f 531 538 539 540
f 376 375 531 540
f 376 540 539 384
f 534 541 542 535
f 534 381 390 541
f 538 543 544 539
f 384 539 544 391
f 545 546 547 541
f 390 389 545 541
f 545 389 395 546
f 544 548 549 550
f 392 391 544 550
f 392 550 549 398
f 546 551 552 547
f 546 395 404 551
f 548 553 554 549
f 398 549 554 406
f 551 555 556 552
f 551 404 410 555
f 553 557 558 554
f 406 554 558 412
f 555 559 560 556
f 555 410 416 559
f 557 561 562 558
f 412 558 562 418
f 559 563 564 560
f 559 416 422 563
f 561 565 566 562
f 418 562 566 424
f 563 567 568 564
f 428 435 568 567
f 563 422 428 567
f 565 569 570 566
f 437 430 570 569
f 424 566 570 430
f 568 571 572 573
f 568 435 434 571
f 574 575 576 569
f 437 569 576 438
f 571 577 578 572
f 442 449 578 577
f 571 434 442 577
f 572 578 579 580
f 581 582 583 575
f 575 583 584 576
f 451 444 584 583
f 438 576 584 444
f 578 585 586 579
f 448 457 586 585
f 578 449 448 585
f 579 586 587 588
f 589 590 591 582
f 582 591 592 583
f 459 452 592 591
f 451 583 592 452
f 586 593 594 587
f 456 465 594 593
f 586 457 456 593
f 587 594 595 596
f 465 469 595 594
f 597 598 599 590
f 470 473 599 598
f 590 599 600 591
f 473 460 600 599
f 459 591 600 460
f 595 601 602 603
f 468 479 602 601
f 595 469 468 601
f 603 602 604 605
f 479 483 604 602
f 605 604 606 607
f 483 486 606 604
f 607 606 608 609
f 486 489 608 606
f 609 608 610 611
f 489 492 610 608
f 611 610 612 613
f 492 495 612 610
f 613 612 614 598
f 495 471 614 612
f 470 598 614 471
f 501 500 615 616
f 615 500 519 617
f 503 501 616 618
f 505 503 618 619
f 507 505 619 620
f 509 507 620 621
f 511 509 621 622
f 513 511 622 623
f 513 623 624 520
f 519 517 625 617
f 625 517 528 626
f 521 520 624 627
f 521 627 628 529
f 528 527 629 626
f 629 527 536 630
f 530 529 628 631
f 530 631 632 537
f 536 535 633 630
f 633 535 542 634
f 538 537 632 635
f 538 635 636 543
f 542 541 637 634
f 637 541 547 638
f 544 543 636 639
f 544 639 640 548
f 638 547 552 641
f 548 640 642 553
f 641 552 556 643
f 553 642 644 557
f 643 556 560 645
f 557 644 646 561
f 645 560 564 647
f 561 646 648 565
f 568 573 649 650
f 647 564 568 650
f 574 569 651 652
f 565 648 651 569
f 572 580 653 654
f 649 573 572 654
f 581 575 655 656
f 574 652 655 575
f 579 588 657 658
f 653 580 579 658
f 589 582 659 660
f 581 656 659 582
f 587 596 661 662
f 657 588 587 662
f 597 590 663 664
f 589 660 663 590
f 595 603 665 666
f 661 596 595 666
f 603 605 667 665
f 605 607 668 667
f 607 609 669 668
f 609 611 670 669
f 611 613 671 670
f 613 598 672 671
f 597 664 672 598
f 673 616 615 674
f 673 674 675 676
f 675 674 615 677
f 678 618 616 673
f 678 673 676 679
f 680 619 618 678
f 680 678 679 681
f 682 620 619 680
f 682 680 681 683
f 684 621 620 682
f 684 682 683 685
f 686 622 621 684
f 686 684 685 687
f 688 623 622 686
f 688 686 687 689
f 688 689 690 623
f 691 625 692 693
f 691 693 694 695
f 694 693 692 696
f 615 617 625 691
f 615 691 695 677
f 697 627 624 623
f 697 623 690 698
f 699 700 627 697
f 699 697 698 701
f 699 701 702 700
f 692 629 703 704
f 692 704 705 696
f 705 704 703 706
f 625 626 629 692
f 700 631 628 627
f 707 708 631 700
f 707 700 702 709
f 707 709 710 708
f 703 633 711 712
f 703 712 713 706
f 713 712 711 714
f 629 630 633 703
f 708 635 632 631
f 715 716 635 708
f 715 708 710 717
f 715 717 718 716
f 633 634 637 711
f 714 711 637 719
f 716 639 636 635
f 716 718 720 639
f 637 638 721 722
f 637 722 723 719
f 723 722 721 724
f 725 726 640 639
f 725 639 720 727
f 725 727 728 726
f 638 641 729 721
f 724 721 729 730
f 726 731 642 640
f 726 728 732 731
f 641 643 733 729
f 730 729 733 734
f 731 735 644 642
f 731 732 736 735
f 643 645 737 733
f 734 733 737 738
f 735 739 646 644
f 735 736 740 739
f 645 647 741 737
f 738 737 741 742
f 739 743 648 646
f 739 740 744 743
f 647 650 745 741
f 745 650 746 747
f 742 741 745 747
f 743 748 651 648
f 651 748 749 750
f 743 744 749 748
f 649 654 751 650
f 746 650 751 752
f 651 753 655 652
f 651 750 754 753
f 654 755 756 751
f 756 755 757 758
f 752 751 756 758
f 653 658 755 654
f 655 759 659 656
f 753 760 759 655
f 759 760 761 762
f 753 754 761 760
f 658 763 764 755
f 764 763 765 766
f 757 755 764 766
f 657 662 763 658
f 659 767 663 660
f 759 768 767 659
f 767 768 769 770
f 759 762 769 768
f 662 771 772 763
f 772 771 773 774
f 765 763 772 774
f 661 666 771 662
f 771 666 775 773
f 663 776 672 664
f 672 776 777 778
f 767 779 776 663
f 776 779 780 777
f 767 770 780 779
f 665 781 782 666
f 782 781 783 784
f 775 666 782 784
f 667 785 781 665
f 781 785 786 783
f 668 787 785 667
f 785 787 788 786
f 669 789 787 668
f 787 789 790 788
f 670 791 789 669
f 789 791 792 790
f 671 793 791 670
f 791 793 794 792
f 672 795 793 671
f 793 795 796 794
f 672 778 796 795
f 676 675 797 798
f 797 675 677 799
f 679 676 798 800
f 681 679 800 801
f 683 681 801 802
f 685 683 802 803
f 687 685 803 804
f 689 687 804 805
f 689 805 806 690
f 695 694 807 808
f 807 694 696 809
f 677 695 808 799
f 698 690 806 810
f 701 698 810 811
f 701 811 812 702
f 696 705 813 809
f 813 705 706 814
f 709 702 812 815
f 709 815 816 710
f 706 713 817 814
f 817 713 714 818
f 717 710 816 819
f 717 819 820 718
f 818 714 719 821
f 718 820 822 720
f 719 723 823 821
f 823 723 724 824
f 727 720 822 825
f 727 825 826 728
f 824 724 730 827
f 728 826 828 732
f 827 730 734 829
f 732 828 830 736
f 829 734 738 831
f 736 830 832 740
f 831 738 742 833
f 740 832 834 744
f 747 746 835 836
f 833 742 747 836
f 750 749 837 838
f 744 834 837 749
f 835 746 752 839
f 750 838 840 754
f 758 757 841 842
f 839 752 758 842
f 762 761 843 844
f 754 840 843 761
f 766 765 845 846
f 841 757 766 846
f 770 769 847 848
f 762 844 847 769
f 774 773 849 850
f 845 765 774 850
f 773 775 851 849
f 778 777 852 853
f 777 780 854 852
f 770 848 854 780
f 784 783 855 856
f 851 775 784 856
f 783 786 857 855
f 786 788 858 857
f 788 790 859 858
f 790 792 860 859
f 792 794 861 860
f 794 796 862 861
f 778 853 862 796
f 863 864 865 866
f 867 798 797 868
f 867 868 863 866
f 863 868 797 864
f 866 865 869 870
f 871 800 798 867
f 871 867 866 870
f 870 869 872 873
f 874 801 800 871
f 874 871 870 873
f 873 872 875 876
f 877 802 801 874
f 877 874 873 876
f 876 875 878 879
f 880 803 802 877
f 880 877 876 879
f 879 878 881 882
f 883 804 803 880
f 883 880 879 882
f 882 881 884 885
f 886 805 804 883
f 886 883 882 885
f 886 885 884 805
f 887 888 889 890
f 891 808 807 892
f 891 892 887 890
f 887 892 807 888
f 890 889 893 864
f 797 799 808 891
f 797 891 890 864
f 884 894 895 896
f 897 810 806 805
f 897 805 884 896
f 896 895 898 899
f 900 811 810 897
f 900 897 896 899
f 900 899 898 811
f 901 902 903 888
f 807 809 813 904
f 807 904 901 888
f 901 904 813 902
f 898 905 906 907
f 908 815 812 811
f 908 811 898 907
f 908 907 906 815
f 909 910 911 902
f 813 814 817 912
f 813 912 909 902
f 909 912 817 910
f 906 913 914 915
f 916 819 816 815
f 916 815 906 915
f 916 915 914 819
f 917 918 919 910
f 817 818 920 921
f 817 921 917 910
f 917 921 920 918
f 914 922 923 924
f 925 926 820 819
f 925 819 914 924
f 925 924 923 926
f 918 927 928 919
f 818 821 823 920
f 918 920 823 927
f 922 929 930 923
f 926 825 822 820
f 926 923 930 825
f 931 932 933 927
f 823 824 934 935
f 823 935 931 927
f 931 935 934 932
f 930 936 937 938
f 939 940 826 825
f 939 825 930 938
f 939 938 937 940
f 932 941 942 933
f 824 827 943 934
f 932 934 943 941
f 936 944 945 937
f 940 946 828 826
f 940 937 945 946
f 941 947 948 942
f 827 829 949 943
f 941 943 949 947
f 944 950 951 945
f 946 952 830 828
f 946 945 951 952
f 947 953 954 948
f 829 831 955 949
f 947 949 955 953
f 950 956 957 951
f 952 958 832 830
f 952 951 957 958
f 953 959 960 954
f 831 833 961 955
f 953 955 961 959
f 956 962 963 957
f 958 964 834 832
f 958 957 963 964
f 959 965 966 960
f 833 836 967 961
f 967 836 966 965
f 959 961 967 965
f 962 968 969 963
f 964 970 837 834
f 837 970 969 968
f 964 963 969 970
f 966 971 972 973
f 835 839 974 836
f 966 836 974 971
f 975 976 977 968
f 837 978 840 838
f 837 968 977 978
f 971 979 980 972
f 839 842 981 974
f 981 842 980 979
f 971 974 981 979
f 976 982 983 977
f 978 984 843 840
f 843 984 983 982
f 978 977 983 984
f 980 985 986 987
f 841 846 988 842
f 988 846 986 985
f 980 842 988 985
f 989 990 991 982
f 843 992 847 844
f 847 992 991 990
f 843 982 991 992
f 986 993 994 995
f 845 850 996 846
f 996 850 994 993
f 986 846 996 993
f 997 998 999 990
f 847 1000 854 848
f 854 1000 999 998
f 847 990 999 1000
f 994 1001 1002 1003
f 849 1004 1005 850
f 1005 1004 1002 1001
f 994 850 1005 1001
f 1003 1002 1006 1007
f 851 856 1004 849
f 1004 856 1006 1002
f 1008 1009 1010 1011
f 852 1012 862 853
f 862 1012 1010 1009
f 1011 1010 1013 998
f 854 1014 1012 852
f 1012 1014 1013 1010
f 854 998 1013 1014
f 1006 1015 1016 1017
f 855 1018 1019 856
f 1019 1018 1016 1015
f 1006 856 1019 1015
f 1017 1016 1020 1021
f 857 1022 1018 855
f 1018 1022 1020 1016
f 1021 1020 1023 1024
f 858 1025 1022 857
f 1022 1025 1023 1020
f 1024 1023 1026 1027
f 859 1028 1025 858
f 1025 1028 1026 1023
f 1027 1026 1029 1030
f 860 1031 1028 859
f 1028 1031 1029 1026
f 1030 1029 1032 1033
f 861 1034 1031 860
f 1031 1034 1032 1029
f 1033 1032 1035 1009
f 862 1036 1034 861
f 1034 1036 1035 1032
f 862 1009 1035 1036
f 865 864 1037 1038
f 1037 864 893 1039
f 869 865 1038 1040
f 872 869 1040 1041
f 875 872 1041 1042
f 878 875 1042 1043
f 881 878 1043 1044
f 884 881 1044 1045
f 884 1045 1046 894
f 889 888 1047 1048
f 1047 888 903 1049
f 893 889 1048 1039
f 895 894 1046 1050
f 898 895 1050 1051
f 898 1051 1052 905
f 903 902 1053 1049
f 1053 902 911 1054
f 906 905 1052 1055
f 906 1055 1056 913
f 911 910 1057 1054
f 1057 910 919 1058
f 914 913 1056 1059
f 914 1059 1060 922
f 1058 919 928 1061
f 922 1060 1062 929
f 928 927 1063 1061
f 1063 927 933 1064
f 930 929 1062 1065
f 930 1065 1066 936
f 1064 933 942 1067
f 936 1066 1068 944
f 1067 942 948 1069
f 944 1068 1070 950
f 1069 948 954 1071
f 950 1070 1072 956
f 1071 954 960 1073
f 956 1072 1074 962
f 966 973 1075 1076
f 1073 960 966 1076
f 975 968 1077 1078
f 962 1074 1077 968
f 1075 973 972 1079
f 975 1078 1080 976
f 980 987 1081 1082
f 1079 972 980 1082
f 989 982 1083 1084
f 976 1080 1083 982
f 986 995 1085 1086
f 1081 987 986 1086
f 997 990 1087 1088
f 989 1084 1087 990
f 994 1003 1089 1090
f 1085 995 994 1090
f 1003 1007 1091 1089
f 1008 1011 1092 1093
f 1011 998 1094 1092
f 997 1088 1094 998
f 1006 1017 1095 1096
f 1091 1007 1006 1096
f 1017 1021 1097 1095
f 1021 1024 1098 1097
f 1024 1027 1099 1098
f 1027 1030 1100 1099
f 1030 1033 1101 1100
f 1033 1009 1102 1101
f 1008 1093 1102 1009
f 1103 1104 1105 1106
f 1038 1037 1103 1106
f 1103 1037 1039 1104
f 1106 1105 1107 1108
f 1040 1038 1106 1108
f 1108 1107 1109 1110
f 1041 1040 1108 1110
f 1110 1109 1111 1112
f 1042 1041 1110 1112
f 1112 1111 1113 1114
f 1043 1042 1112 1114
f 1114 1113 1115 1116
f 1044 1043 1114 1116
f 1116 1115 1117 1118
f 1045 1044 1116 1118
f 1045 1118 1117 1046
f 1119 1120 1121 1122
f 1048 1047 1119 1122
f 1119 1047 1049 1120
f 1122 1121 1123 1104
f 1039 1048 1122 1104
f 1104 1123 1124 1105
f 1105 1124 1125 1107
f 1107 1125 1126 1109
f 1109 1126 1127 1111
f 1111 1127 1128 1113
f 1113 1128 1129 1115
f 1115 1129 1130 1117
f 1117 1130 1131 1132
f 1050 1046 1117 1132
f 1132 1131 1133 1134
f 1051 1050 1132 1134
f 1051 1134 1133 1052
f 1135 1136 1137 1120
f 1049 1053 1135 1120
f 1135 1053 1054 1136
f 1120 1137 1138 1121
f 1121 1138 1139 1123
f 1123 1139 1140 1124
f 1124 1140 1141 1125
f 1125 1141 1142 1126
f 1126 1142 1143 1127
f 1127 1143 1144 1128
f 1128 1144 1145 1129
f 1129 1145 1146 1130
f 1130 1146 1147 1131
f 1131 1147 1148 1133
f 1133 1148 1149 1150
f 1055 1052 1133 1150
f 1055 1150 1149 1056
f 1151 1152 1153 1136
f 1054 1057 1151 1136
f 1151 1057 1058 1152
f 1136 1153 1154 1137
f 1137 1154 1155 1138
f 1138 1155 1156 1139
f 1139 1156 1157 1140
f 1140 1157 1158 1141
f 1141 1158 1159 1142
f 1142 1159 1160 1143
f 1143 1160 1161 1144
f 1144 1161 1162 1145
f 1145 1162 1163 1146
f 1146 1163 1164 1147
f 1147 1164 1165 1148
f 1148 1165 1166 1149
f 1149 1166 1167 1168
f 1059 1056 1149 1168
f 1059 1168 1167 1060
f 1152 1169 1170 1153
f 1152 1058 1061 1169
f 1153 1170 1171 1154
f 1154 1171 1172 1155
f 1155 1172 1173 1156
f 1156 1173 1174 1157
f 1157 1174 1175 1158
f 1158 1175 1176 1159
f 1159 1176 1177 1160
f 1160 1177 1178 1161
f 1161 1178 1179 1162
f 1162 1179 1180 1163
f 1163 1180 1181 1164
f 1164 1181 1182 1165
f 1165 1182 1183 1166
f 1166 1183 1184 1167
f 1060 1167 1184 1062
f 1185 1186 1187 1169
f 1061 1063 1185 1169
f 1185 1063 1064 1186
f 1169 1187 1188 1170
f 1170 1188 1189 1171
f 1171 1189 1190 1172
f 1172 1190 1191 1173
f 1173 1191 1192 1174
f 1174 1192 1193 1175
f 1175 1193 1194 1176
f 1176 1194 1195 1177
f 1177 1195 1196 1178
f 1178 1196 1197 1179
f 1179 1197 1198 1180
f 1180 1198 1199 1181
f 1181 1199 1200 1182
f 1182 1200 1201 1183
f 1183 1201 1202 1184
f 1184 1202 1203 1204
f 1065 1062 1184 1204
f 1065 1204 1203 1066
f 1186 1205 1206 1187
f 1186 1064 1067 1205
f 1187 1206 1207 1188
f 1188 1207 1208 1189
f 1189 1208 1209 1190
f 1190 1209 1210 1191
f 1191 1210 1211 1192
f 1192 1211 1212 1193
f 1196 1213 1214 1197
f 1197 1214 1215 1198
f 1198 1215 1216 1199
f 1199 1216 1217 1200
f 1200 1217 1218 1201
f 1201 1218 1219 1202
f 1202 1219 1220 1203
f 1066 1203 1220 1068
f 1205 1221 1222 1206
f 1205 1067 1069 1221
f 1206 1222 1223 1207
f 1207 1223 1224 1208
f 1208 1224 1225 1209
f 1209 1225 1226 1210
f 1210 1226 1227 1211
f 1214 1228 1229 1215
f 1215 1229 1230 1216
f 1216 1230 1231 1217
f 1217 1231 1232 1218
f 1218 1232 1233 1219
f 1219 1233 1234 1220
f 1068 1220 1234 1070
f 1221 1235 1236 1222
f 1221 1069 1071 1235
f 1222 1236 1237 1223
f 1223 1237 1238 1224
f 1224 1238 1239 1225
f 1225 1239 1240 1226
f 1226 1240 1241 1227
f 1228 1242 1243 1229
f 1229 1243 1244 1230
f 1230 1244 1245 1231
f 1231 1245 1246 1232
f 1232 1246 1247 1233
f 1233 1247 1248 1234
f 1070 1234 1248 1072
f 1235 1249 1250 1236
f 1235 1071 1073 1249
f 1236 1250 1251 1237
f 1237 1251 1252 1238
f 1238 1252 1253 1239
f 1239 1253 1254 1240
f 1240 1254 1255 1241
f 1241 1255 1256 1257
f 1258 1259 1260 1242
f 1242 1260 1261 1243
f 1243 1261 1262 1244
f 1244 1262 1263 1245
f 1245 1263 1264 1246
f 1246 1264 1265 1247
f 1247 1265 1266 1248
f 1072 1248 1266 1074
f 1249 1267 1268 1250
f 1076 1075 1268 1267
f 1249 1073 1076 1267
f 1250 1268 1269 1251
f 1251 1269 1270 1252
f 1252 1270 1271 1253
f 1253 1271 1272 1254
f 1254 1272 1273 1255
f 1255 1273 1274 1256
f 1256 1274 1275 1276
f 1276 1275 1277 1278
f 1278 1277 1279 1259
f 1259 1279 1280 1260
f 1260 1280 1281 1261
f 1261 1281 1282 1262
f 1262 1282 1283 1263
f 1263 1283 1284 1264
f 1264 1284 1285 1265
f 1265 1285 1286 1266
f 1078 1077 1286 1285
f 1074 1266 1286 1077
f 1268 1287 1288 1269
f 1268 1075 1079 1287
f 1269 1288 1289 1270
f 1270 1289 1290 1271
f 1271 1290 1291 1272
f 1272 1291 1292 1273
f 1273 1292 1293 1274
f 1274 1293 1294 1275
f 1275 1294 1295 1277
f 1277 1295 1296 1279
f 1279 1296 1297 1280
f 1280 1297 1298 1281
f 1281 1298 1299 1282
f 1282 1299 1300 1283
f 1283 1300 1301 1284
f 1284 1301 1302 1285
f 1078 1285 1302 1080
f 1287 1303 1304 1288
f 1082 1081 1304 1303
f 1287 1079 1082 1303
f 1288 1304 1305 1289
f 1289 1305 1306 1290
f 1290 1306 1307 1291
f 1291 1307 1308 1292
f 1292 1308 1309 1293
f 1293 1309 1310 1294
f 1294 1310 1311 1295
f 1295 1311 1312 1296
f 1296 1312 1313 1297
f 1297 1313 1314 1298
f 1298 1314 1315 1299
f 1299 1315 1316 1300
f 1300 1316 1317 1301
f 1301 1317 1318 1302
f 1084 1083 1318 1317
f 1080 1302 1318 1083
f 1304 1319 1320 1305
f 1086 1085 1320 1319
f 1304 1081 1086 1319
f 1305 1320 1321 1306
f 1306 1321 1322 1307
f 1307 1322 1323 1308
f 1308 1323 1324 1309
f 1309 1324 1325 1310
f 1310 1325 1326 1311
f 1311 1326 1327 1312
f 1312 1327 1328 1313
f 1313 1328 1329 1314
f 1314 1329 1330 1315
f 1315 1330 1331 1316
f 1316 1331 1332 1317
f 1088 1087 1332 1331
f 1084 1317 1332 1087
f 1320 1333 1334 1321
f 1090 1089 1334 1333
f 1320 1085 1090 1333
f 1321 1334 1335 1322
f 1089 1091 1335 1334
f 1322 1335 1336 1323
f 1323 1336 1337 1324
f 1324 1337 1338 1325
f 1325 1338 1339 1326
f 1326 1339 1340 1327
f 1327 1340 1341 1328
f 1328 1341 1342 1329
f 1329 1342 1343 1330
f 1093 1092 1343 1342
f 1330 1343 1344 1331
f 1092 1094 1344 1343
f 1088 1331 1344 1094
f 1335 1345 1346 1336
f 1096 1095 1346 1345
f 1335 1091 1096 1345
f 1336 1346 1347 1337
f 1095 1097 1347 1346
f 1337 1347 1348 1338
f 1097 1098 1348 1347
f 1338 1348 1349 1339
f 1098 1099 1349 1348
f 1339 1349 1350 1340
f 1099 1100 1350 1349
f 1340 1350 1351 1341
f 1100 1101 1351 1350
f 1341 1351 1352 1342
f 1101 1102 1352 1351
f 1093 1342 1352 1102
f 1194 1193 1353 1354
f 1353 1193 1212 1355
f 1195 1194 1354 1356
f 1196 1195 1356 1357
f 1196 1357 1358 1213
f 1212 1211 1359 1355
f 1359 1211 1227 1360
f 1214 1213 1358 1361
f 1214 1361 1362 1228
f 1241 1257 1363 1364
f 1360 1227 1241 1364
f 1258 1242 1365 1366
f 1228 1362 1365 1242
f 1256 1276 1367 1368
f 1363 1257 1256 1368
f 1276 1278 1369 1367
f 1278 1259 1370 1369
f 1258 1366 1370 1259
f 1354 1353 1371 1372
f 1371 1353 1355 1373
f 1356 1354 1372 1374
f 1357 1356 1374 1375
f 1357 1375 1376 1358
f 1355 1359 1377 1373
f 1377 1359 1360 1378
f 1361 1358 1376 1379
f 1361 1379 1380 1362
f 1364 1363 1381 1382
f 1378 1360 1364 1382
f 1366 1365 1383 1384
f 1362 1380 1383 1365
f 1368 1367 1385 1386
f 1381 1363 1368 1386
f 1367 1369 1387 1385
f 1369 1370 1388 1387
f 1366 1384 1388 1370
f 1372 1371 1389 1390
f 1389 1371 1373 1391
f 1374 1372 1390 1392
f 1375 1374 1392 1393
f 1375 1393 1394 1376
f 1373 1377 1395 1391
f 1395 1377 1378 1396
f 1379 1376 1394 1397
f 1379 1397 1398 1380
f 1382 1381 1399 1400
f 1396 1378 1382 1400
f 1384 1383 1401 1402
f 1380 1398 1401 1383
f 1386 1385 1403 1404
f 1399 1381 1386 1404
f 1385 1387 1405 1403
f 1387 1388 1406 1405
f 1384 1402 1406 1388
f 1390 1389 1407 1408
f 1407 1389 1391 1409
f 1392 1390 1408 1410
f 1393 1392 1410 1411
f 1393 1411 1412 1394
f 1391 1395 1413 1409
f 1413 1395 1396 1414
f 1397 1394 1412 1415
f 1397 1415 1416 1398
f 1400 1399 1417 1418
f 1414 1396 1400 1418
f 1402 1401 1419 1420
f 1398 1416 1419 1401
f 1404 1403 1421 1422
f 1417 1399 1404 1422
f 1403 1405 1423 1421
f 1405 1406 1424 1423
f 1402 1420 1424 1406
f 1425 1426 1427 1428
f 1425 1428 1429 1430
f 1429 1428 1427 1431
f 1432 1433 1426 1425
f 1432 1425 1430 1434
f 1435 1436 1433 1432
f 1435 1432 1434 1437
f 1438 1439 1436 1435
f 1438 1435 1437 1440
f 1441 1442 1439 1438
f 1441 1438 1440 1443
f 1444 1445 1442 1441
f 1444 1441 1443 1446
f 1447 1448 1445 1444
f 1447 1444 1446 1449
f 1447 1449 1450 1448
f 1451 1452 1453 1454
f 1451 1454 1455 1456
f 1455 1454 1453 1457
f 1427 1458 1452 1451
f 1427 1451 1456 1431
f 1426 1459 1458 1427
f 1433 1460 1459 1426
f 1436 1461 1460 1433
f 1439 1462 1461 1436
f 1442 1463 1462 1439
f 1445 1464 1463 1442
f 1448 1465 1464 1445
f 1466 1467 1465 1448
f 1466 1448 1450 1468
f 1469 1470 1467 1466
f 1469 1466 1468 1471
f 1469 1471 1472 1470
f 1453 1473 1474 1475
f 1453 1475 1476 1457
f 1476 1475 1474 1477
f 1452 1478 1473 1453
f 1458 1479 1478 1452
f 1459 1480 1479 1458
f 1460 1481 1480 1459
f 1461 1482 1481 1460
f 1462 1483 1482 1461
f 1463 1484 1483 1462
f 1464 1485 1484 1463
f 1465 1486 1485 1464
f 1467 1487 1486 1465
f 1470 1488 1487 1467
f 1489 1490 1488 1470
f 1489 1470 1472 1491
f 1489 1491 1492 1490
f 1474 1493 1494 1495
f 1474 1495 1496 1477
f 1496 1495 1494 1497
f 1473 1498 1493 1474
f 1478 1499 1498 1473
f 1479 1500 1499 1478
f 1480 1501 1500 1479
f 1481 1502 1501 1480
f 1482 1503 1502 1481
f 1483 1504 1503 1482
f 1484 1505 1504 1483
f 1485 1506 1505 1484
f 1486 1507 1506 1485
f 1487 1508 1507 1486
f 1488 1509 1508 1487
f 1490 1510 1509 1488
f 1511 1512 1510 1490
f 1511 1490 1492 1513
f 1511 1513 1514 1512
f 1493 1515 1516 1494
f 1497 1494 1516 1517
f 1498 1518 1515 1493
f 1499 1519 1518 1498
f 1500 1520 1519 1499
f 1501 1521 1520 1500
f 1502 1522 1521 1501
f 1503 1523 1522 1502
f 1504 1524 1523 1503
f 1505 1525 1524 1504
f 1506 1526 1525 1505
f 1507 1527 1526 1506
f 1508 1528 1527 1507
f 1509 1529 1528 1508
f 1510 1530 1529 1509
f 1512 1531 1530 1510
f 1512 1514 1532 1531
f 1516 1533 1534 1535
f 1516 1535 1536 1517
f 1536 1535 1534 1537
f 1515 1538 1533 1516
f 1518 1539 1538 1515
f 1519 1540 1539 1518
f 1520 1541 1540 1519
f 1521 1542 1541 1520
f 1522 1407 1542 1521
f 1523 1408 1407 1522
f 1524 1410 1408 1523
f 1525 1411 1410 1524
f 1526 1543 1411 1525
f 1527 1544 1543 1526
f 1528 1545 1544 1527
f 1529 1546 1545 1528
f 1530 1547 1546 1529
f 1531 1548 1547 1530
f 1549 1550 1548 1531
f 1549 1531 1532 1551
f 1549 1551 1552 1550
f 1533 1553 1554 1534
f 1537 1534 1554 1555
f 1538 1556 1553 1533
f 1539 1557 1556 1538
f 1540 1558 1557 1539
f 1541 1559 1558 1540
f 1542 1413 1559 1541
f 1407 1409 1413 1542
f 1543 1415 1412 1411
f 1544 1560 1415 1543
f 1545 1561 1560 1544
f 1546 1562 1561 1545
f 1547 1563 1562 1546
f 1548 1564 1563 1547
f 1550 1565 1564 1548
f 1550 1552 1566 1565
f 1553 1567 1568 1554
f 1555 1554 1568 1569
f 1556 1570 1567 1553
f 1557 1571 1570 1556
f 1558 1572 1571 1557
f 1559 1573 1572 1558
f 1413 1414 1573 1559
f 1560 1574 1416 1415
f 1561 1575 1574 1560
f 1562 1576 1575 1561
f 1563 1577 1576 1562
f 1564 1578 1577 1563
f 1565 1579 1578 1564
f 1565 1566 1580 1579
f 1567 1581 1582 1568
f 1569 1568 1582 1583
f 1570 1584 1581 1567
f 1571 1585 1584 1570
f 1572 1586 1585 1571
f 1573 1587 1586 1572
f 1414 1418 1587 1573
f 1574 1588 1419 1416
f 1575 1589 1588 1574
f 1576 1590 1589 1575
f 1577 1591 1590 1576
f 1578 1592 1591 1577
f 1579 1593 1592 1578
f 1579 1580 1594 1593
f 1581 1595 1596 1582
f 1583 1582 1596 1597
f 1584 1598 1595 1581
f 1585 1599 1598 1584
f 1586 1600 1599 1585
f 1587 1601 1600 1586
f 1418 1602 1601 1587
f 1417 1422 1602 1418
f 1419 1603 1424 1420
f 1588 1604 1603 1419
f 1589 1605 1604 1588
f 1590 1606 1605 1589
f 1591 1607 1606 1590
f 1592 1608 1607 1591
f 1593 1609 1608 1592
f 1593 1594 1610 1609
f 1595 1611 1612 1596
f 1612 1611 1613 1614
f 1597 1596 1612 1614
f 1598 1615 1611 1595
f 1599 1616 1615 1598
f 1600 1617 1616 1599
f 1601 1618 1617 1600
f 1602 1619 1618 1601
f 1422 1620 1619 1602
f 1421 1621 1620 1422
f 1423 1622 1621 1421
f 1424 1623 1622 1423
f 1603 1624 1623 1424
f 1604 1625 1624 1603
f 1605 1626 1625 1604
f 1606 1627 1626 1605
f 1607 1628 1627 1606
f 1608 1629 1628 1607
f 1609 1630 1629 1608
f 1629 1630 1631 1632
f 1609 1610 1631 1630
f 1615 1633 1634 1611
f 1613 1611 1634 1635
f 1616 1636 1633 1615
f 1617 1637 1636 1616
f 1618 1638 1637 1617
f 1619 1639 1638 1618
f 1620 1640 1639 1619
f 1621 1641 1640 1620
f 1622 1642 1641 1621
f 1623 1643 1642 1622
f 1624 1644 1643 1623
f 1625 1645 1644 1624
f 1626 1646 1645 1625
f 1627 1647 1646 1626
f 1628 1648 1647 1627
f 1629 1649 1648 1628
f 1629 1632 1650 1649
f 1633 1651 1652 1634
f 1652 1651 1653 1654
f 1635 1634 1652 1654
f 1636 1655 1651 1633
f 1637 1656 1655 1636
f 1638 1657 1656 1637
f 1639 1658 1657 1638
f 1640 1659 1658 1639
f 1641 1660 1659 1640
f 1642 1661 1660 1641
f 1643 1662 1661 1642
f 1644 1663 1662 1643
f 1645 1664 1663 1644
f 1646 1665 1664 1645
f 1647 1666 1665 1646
f 1648 1667 1666 1647
f 1649 1668 1667 1648
f 1667 1668 1669 1670
f 1649 1650 1669 1668
f 1655 1671 1672 1651
f 1672 1671 1673 1674
f 1653 1651 1672 1674
f 1656 1675 1671 1655
f 1657 1676 1675 1656
f 1658 1677 1676 1657
f 1659 1678 1677 1658
f 1660 1679 1678 1659
f 1661 1680 1679 1660
f 1662 1681 1680 1661
f 1663 1682 1681 1662
f 1664 1683 1682 1663
f 1665 1684 1683 1664
f 1666 1685 1684 1665
f 1667 1686 1685 1666
f 1685 1686 1687 1688
f 1667 1670 1687 1686
f 1675 1689 1690 1671
f 1690 1689 1691 1692
f 1673 1671 1690 1692
f 1676 1693 1689 1675
f 1689 1693 1694 1691
f 1677 1695 1693 1676
f 1678 1696 1695 1677
f 1679 1697 1696 1678
f 1680 1698 1697 1679
f 1681 1699 1698 1680
f 1682 1700 1699 1681
f 1683 1701 1700 1682
f 1684 1702 1701 1683
f 1701 1702 1703 1704
f 1685 1705 1702 1684
f 1702 1705 1706 1703
f 1685 1688 1706 1705
f 1695 1707 1708 1693
f 1708 1707 1709 1710
f 1694 1693 1708 1710
f 1696 1711 1707 1695
f 1707 1711 1712 1709
f 1697 1713 1711 1696
f 1711 1713 1714 1712
f 1698 1715 1713 1697
f 1713 1715 1716 1714
f 1699 1717 1715 1698
f 1715 1717 1718 1716
f 1700 1719 1717 1699
f 1717 1719 1720 1718
f 1701 1721 1719 1700
f 1719 1721 1722 1720
f 1701 1704 1722 1721
f 1723 1724 1725 1726
f 1430 1429 1723 1726
f 1723 1429 1431 1724
f 1726 1725 1727 1728
f 1434 1430 1726 1728
f 1437 1434 1728 1729
f 1440 1437 1729 1730
f 1443 1440 1730 1731
f 1731 1732 1733 1734
f 1446 1443 1731 1734
f 1734 1733 1735 1736
f 1449 1446 1734 1736
f 1449 1736 1735 1450
f 1737 1738 1739 1740
f 1456 1455 1737 1740
f 1737 1455 1457 1738
f 1740 1739 1741 1724
f 1431 1456 1740 1724
f 1724 1741 1742 1725
f 1733 1743 1744 1735
f 1735 1744 1745 1746
f 1468 1450 1735 1746
f 1746 1745 1747 1748
f 1471 1468 1746 1748
f 1471 1748 1747 1472
f 1749 1750 1751 1738
f 1457 1476 1749 1738
f 1749 1476 1477 1750
f 1738 1751 1752 1739
f 1739 1752 1753 1741
f 1741 1753 1754 1742
f 1743 1755 1756 1744
f 1744 1756 1757 1745
f 1745 1757 1758 1747
f 1747 1758 1759 1760
f 1491 1472 1747 1760
f 1491 1760 1759 1492
f 1761 1762 1763 1750
f 1477 1496 1761 1750
f 1761 1496 1497 1762
f 1750 1763 1764 1751
f 1751 1764 1765 1752
f 1752 1765 1766 1753
f 1756 1767 1768 1757
f 1757 1768 1769 1758
f 1758 1769 1770 1759
f 1759 1770 1771 1772
f 1513 1492 1759 1772
f 1513 1772 1771 1514
f 1762 1773 1774 1763
f 1762 1497 1517 1773
f 1763 1774 1775 1764
f 1764 1775 1776 1765
f 1765 1776 1777 1766
f 1767 1778 1779 1768
f 1768 1779 1780 1769
f 1769 1780 1781 1770
f 1770 1781 1782 1771
f 1514 1771 1782 1532
f 1783 1784 1785 1773
f 1517 1536 1783 1773
f 1783 1536 1537 1784
f 1773 1785 1786 1774
f 1774 1786 1787 1775
f 1775 1787 1788 1776
f 1776 1788 1789 1777
f 1778 1790 1791 1779
f 1779 1791 1792 1780
f 1780 1792 1793 1781
f 1781 1793 1794 1782
f 1782 1794 1795 1796
f 1551 1532 1782 1796
f 1551 1796 1795 1552
f 1784 1797 1798 1785
f 1784 1537 1555 1797
f 1785 1798 1799 1786
f 1786 1799 1800 1787
f 1787 1800 1801 1788
f 1788 1801 1802 1789
f 1790 1803 1804 1791
f 1791 1804 1805 1792
f 1792 1805 1806 1793
f 1793 1806 1807 1794
f 1794 1807 1808 1795
f 1552 1795 1808 1566
f 1797 1809 1810 1798
f 1797 1555 1569 1809
f 1798 1810 1811 1799
f 1799 1811 1812 1800
f 1800 1812 1813 1801
f 1801 1813 1814 1802
f 1803 1815 1816 1804
f 1804 1816 1817 1805
f 1805 1817 1818 1806
f 1806 1818 1819 1807
f 1807 1819 1820 1808
f 1566 1808 1820 1580
f 1809 1821 1822 1810
f 1809 1569 1583 1821
f 1810 1822 1823 1811
f 1811 1823 1824 1812
f 1812 1824 1825 1813
f 1813 1825 1826 1814
f 1815 1827 1828 1816
f 1816 1828 1829 1817
f 1817 1829 1830 1818
f 1818 1830 1831 1819
f 1819 1831 1832 1820
f 1580 1820 1832 1594
f 1821 1833 1834 1822
f 1821 1583 1597 1833
f 1822 1834 1835 1823
f 1823 1835 1836 1824
f 1824 1836 1837 1825
f 1825 1837 1838 1826
f 1827 1839 1840 1828
f 1828 1840 1841 1829
f 1829 1841 1842 1830
f 1830 1842 1843 1831
f 1831 1843 1844 1832
f 1594 1832 1844 1610
f 1833 1845 1846 1834
f 1614 1613 1846 1845
f 1833 1597 1614 1845
f 1834 1846 1847 1835
f 1835 1847 1848 1836
f 1836 1848 1849 1837
f 1837 1849 1850 1838
f 1839 1851 1852 1840
f 1840 1852 1853 1841
f 1841 1853 1854 1842
f 1842 1854 1855 1843
f 1843 1855 1856 1844
f 1632 1631 1856 1855
f 1610 1844 1856 1631
f 1846 1857 1858 1847
f 1846 1613 1635 1857
f 1847 1858 1859 1848
f 1848 1859 1860 1849
f 1849 1860 1861 1850
f 1851 1862 1863 1852
f 1852 1863 1864 1853
f 1853 1864 1865 1854
f 1854 1865 1866 1855
f 1632 1855 1866 1650
f 1857 1867 1868 1858
f 1654 1653 1868 1867
f 1857 1635 1654 1867
f 1858 1868 1869 1859
f 1859 1869 1870 1860
f 1860 1870 1871 1861
f 1862 1872 1873 1863
f 1863 1873 1874 1864
f 1864 1874 1875 1865
f 1865 1875 1876 1866
f 1670 1669 1876 1875
f 1650 1866 1876 1669
f 1868 1877 1878 1869
f 1674 1673 1878 1877
f 1868 1653 1674 1877
f 1869 1878 1879 1870
f 1870 1879 1880 1871
f 1871 1880 1881 1882
f 1883 1884 1885 1872
f 1872 1885 1886 1873
f 1873 1886 1887 1874
f 1874 1887 1888 1875
f 1688 1687 1888 1887
f 1670 1875 1888 1687
f 1878 1889 1890 1879
f 1692 1691 1890 1889
f 1878 1673 1692 1889
f 1879 1890 1891 1880
f 1691 1694 1891 1890
f 1880 1891 1892 1881
f 1884 1893 1894 1885
f 1885 1894 1895 1886
f 1704 1703 1895 1894
f 1886 1895 1896 1887
f 1703 1706 1896 1895
f 1688 1887 1896 1706
f 1891 1897 1898 1892
f 1710 1709 1898 1897
f 1891 1694 1710 1897
f 1892 1898 1899 1900
f 1709 1712 1899 1898
f 1712 1714 1901 1899
f 1714 1716 1902 1901
f 1716 1718 1903 1902
f 1904 1903 1905 1893
f 1718 1720 1905 1903
f 1893 1905 1906 1894
f 1720 1722 1906 1905
f 1704 1894 1906 1722
f 1729 1728 1907 1908
f 1907 1728 1727 1909
f 1730 1729 1908 1910
f 1731 1730 1910 1911
f 1731 1911 1912 1732
f 1727 1725 1913 1909
f 1913 1725 1742 1914
f 1733 1732 1912 1915
f 1733 1915 1916 1743
f 1914 1742 1754 1917
f 1743 1916 1918 1755
f 1754 1753 1919 1917
f 1919 1753 1766 1920
f 1756 1755 1918 1921
f 1756 1921 1922 1767
f 1920 1766 1777 1923
f 1767 1922 1924 1778
f 1923 1777 1789 1925
f 1778 1924 1926 1790
f 1925 1789 1802 1927
f 1790 1926 1928 1803
f 1927 1802 1814 1929
f 1803 1928 1930 1815
f 1929 1814 1826 1931
f 1815 1930 1932 1827
f 1931 1826 1838 1933
f 1827 1932 1934 1839
f 1933 1838 1850 1935
f 1839 1934 1936 1851
f 1935 1850 1861 1937
f 1851 1936 1938 1862
f 1871 1882 1939 1940
f 1937 1861 1871 1940
f 1883 1872 1941 1942
f 1862 1938 1941 1872
f 1939 1882 1881 1943
f 1883 1942 1944 1884
f 1892 1900 1945 1946
f 1943 1881 1892 1946
f 1904 1893 1947 1948
f 1884 1944 1947 1893
f 1899 1901 1949 1950
f 1945 1900 1899 1950
f 1901 1902 1951 1949
f 1902 1903 1952 1951
f 1904 1948 1952 1903
f 1908 1907 1953 1954
f 1953 1907 1909 1955
f 1910 1908 1954 1956
f 1911 1910 1956 1957
f 1911 1957 1958 1912
f 1909 1913 1959 1955
f 1959 1913 1914 1960
f 1915 1912 1958 1961
f 1915 1961 1962 1916
f 1960 1914 1917 1963
f 1916 1962 1964 1918
f 1917 1919 1965 1963
f 1965 1919 1920 1966
f 1921 1918 1964 1967
f 1921 1967 1968 1922
f 1966 1920 1923 1969
f 1922 1968 1970 1924
f 1969 1923 1925 1971
f 1924 1970 1972 1926
f 1971 1925 1927 1973
f 1926 1972 1974 1928
f 1973 1927 1929 1975
f 1928 1974 1976 1930
f 1975 1929 1931 1977
f 1930 1976 1978 1932
f 1977 1931 1933 1979
f 1932 1978 1980 1934
f 1979 1933 1935 1981
f 1934 1980 1982 1936
f 1981 1935 1937 1983
f 1936 1982 1984 1938
f 1940 1939 1985 1986
f 1983 1937 1940 1986
f 1942 1941 1987 1988
f 1938 1984 1987 1941
f 1985 1939 1943 1989
f 1942 1988 1990 1944
f 1946 1945 1991 1992
f 1989 1943 1946 1992
f 1948 1947 1993 1994
f 1944 1990 1993 1947
f 1950 1949 1995 1996
f 1991 1945 1950 1996
f 1949 1951 1997 1995
f 1951 1952 1998 1997
f 1948 1994 1998 1952
f 1954 1953 1999 2000
f 1999 1953 1955 2001
f 1956 1954 2000 2002
f 1957 1956 2002 2003
f 1957 2003 2004 1958
f 1955 1959 2005 2001
f 2005 1959 1960 2006
f 1961 1958 2004 2007
f 1961 2007 2008 1962
f 2006 1960 1963 2009
f 1962 2008 2010 1964
f 1963 1965 2011 2009
f 2011 1965 1966 2012
f 1967 1964 2010 2013
f 1967 2013 2014 1968
f 2012 1966 1969 2015
f 1968 2014 2016 1970
f 2015 1969 1971 2017
f 1970 2016 2018 1972
f 2017 1971 1973 2019
f 1972 2018 2020 1974
f 2019 1973 1975 2021
f 1974 2020 2022 1976
f 2021 1975 1977 2023
f 1976 2022 2024 1978
f 2023 1977 1979 2025
f 1978 2024 2026 1980
f 2025 1979 1981 2027
f 1980 2026 2028 1982
f 2027 1981 1983 2029
f 1982 2028 2030 1984
f 1986 1985 2031 2032
f 2029 1983 1986 2032
f 1988 1987 2033 2034
f 1984 2030 2033 1987
f 2031 1985 1989 2035
f 1988 2034 2036 1990
f 1992 1991 2037 2038
f 2035 1989 1992 2038
f 1994 1993 2039 2040
f 1990 2036 2039 1993
f 1996 1995 2041 2042
f 2037 1991 1996 2042
f 1995 1997 2043 2041
f 1997 1998 2044 2043
f 1994 2040 2044 1998
f 2045 2046 2047 2048
f 2000 1999 2045 2048
f 2045 1999 2001 2046
f 2048 2047 2049 2050
f 2002 2000 2048 2050
f 2050 2049 2051 2052
f 2003 2002 2050 2052
f 2003 2052 2051 2004
f 2053 2054 2055 2046
f 2001 2005 2053 2046
f 2053 2005 2006 2054
f 2051 2056 2057 2058
f 2007 2004 2051 2058
f 2007 2058 2057 2008
f 2054 2006 2009 2059
f 2008 2057 2060 2010
f 2061 2062 2063 2059
f 2009 2011 2061 2059
f 2061 2011 2012 2062
f 2060 2064 2065 2066
f 2013 2010 2060 2066
f 2013 2066 2065 2014
f 2062 2012 2015 2067
f 2014 2065 2068 2016
f 2067 2015 2017 2069
f 2016 2068 2070 2018
f 2069 2017 2019 2071
f 2018 2070 2072 2020
f 2071 2019 2021 2073
f 2020 2072 2074 2022
f 2073 2021 2023 2075
f 2022 2074 2076 2024
f 2075 2023 2025 2077
f 2024 2076 2078 2026
f 2077 2025 2027 2079
f 2026 2078 2080 2028
f 2079 2027 2029 2081
f 2028 2080 2082 2030
f 2081 2083 2084 2085
f 2032 2031 2084 2083
f 2081 2029 2032 2083
f 2086 2087 2088 2082
f 2034 2033 2088 2087
f 2030 2082 2088 2033
f 2084 2031 2035 2089
f 2034 2087 2090 2036
f 2089 2091 2092 2093
f 2038 2037 2092 2091
f 2089 2035 2038 2091
f 2094 2095 2096 2090
f 2040 2039 2096 2095
f 2036 2090 2096 2039
f 2092 2097 2098 2099
f 2042 2041 2098 2097
f 2092 2037 2042 2097
f 2099 2098 2100 2101
f 2041 2043 2100 2098
f 2101 2100 2102 2095
f 2043 2044 2102 2100
f 2040 2095 2102 2044
f 2047 2046 2103 2104
f 2103 2046 2055 2105
f 2049 2047 2104 2106
f 2051 2049 2106 2107
f 2051 2107 2108 2056
f 2055 2054 2109 2105
f 2109 2054 2059 2110
f 2057 2056 2108 2111
f 2057 2111 2112 2060
f 2110 2059 2063 2113
f 2060 2112 2114 2064
f 2063 2062 2115 2113
f 2115 2062 2067 2116
f 2065 2064 2114 2117
f 2065 2117 2118 2068
f 2116 2067 2069 2119
f 2068 2118 2120 2070
f 2119 2069 2071 2121
f 2070 2120 2122 2072
f 2121 2071 2073 2123
f 2072 2122 2124 2074
f 2123 2073 2075 2125
f 2074 2124 2126 2076
f 2125 2075 2077 2127
f 2076 2126 2128 2078
f 2127 2077 2079 2129
f 2078 2128 2130 2080
f 2081 2085 2131 2132
f 2129 2079 2081 2132
f 2086 2082 2133 2134
f 2080 2130 2133 2082
f 2131 2085 2084 2135
f 2086 2134 2136 2087
f 2089 2093 2137 2138
f 2135 2084 2089 2138
f 2094 2090 2139 2140
f 2087 2136 2139 2090
f 2092 2099 2141 2142
f 2137 2093 2092 2142
f 2099 2101 2143 2141
f 2101 2095 2144 2143
f 2094 2140 2144 2095
f 2104 2103 2145 2146
f 2145 2103 2105 2147
f 2106 2104 2146 2148
f 2107 2106 2148 2149
f 2107 2149 2150 2108
f 2105 2109 2151 2147
f 2151 2109 2110 2152
f 2111 2108 2150 2153
f 2111 2153 2154 2112
f 2152 2110 2113 2155
f 2112 2154 2156 2114
f 2113 2115 2157 2155
f 2157 2115 2116 2158
f 2117 2114 2156 2159
f 2117 2159 2160 2118
f 2158 2116 2119 2161
f 2118 2160 2162 2120
f 2161 2119 2121 2163
f 2120 2162 2164 2122
f 2163 2121 2123 2165
f 2122 2164 2166 2124
f 2165 2123 2125 2167
f 2124 2166 2168 2126
f 2167 2125 2127 2169
f 2126 2168 2170 2128
f 2169 2127 2129 2171
f 2128 2170 2172 2130
f 2132 2131 2173 2174
f 2171 2129 2132 2174
f 2134 2133 2175 2176
f 2130 2172 2175 2133
f 2173 2131 2135 2177
f 2134 2176 2178 2136
f 2138 2137 2179 2180
f 2177 2135 2138 2180
f 2140 2139 2181 2182
f 2136 2178 2181 2139
f 2142 2141 2183 2184
f 2179 2137 2142 2184
f 2141 2143 2185 2183
f 2143 2144 2186 2185
f 2140 2182 2186 2144
f 2146 2145 2187 2188
f 2187 2145 2147 2189
f 2148 2146 2188 2190
f 2149 2148 2190 2191
f 2149 2191 2192 2150
f 2147 2151 2193 2189
f 2193 2151 2152 2194
f 2153 2150 2192 2195
f 2153 2195 2196 2154
f 2194 2152 2155 2197
f 2154 2196 2198 2156
f 2155 2157 2199 2197
f 2199 2157 2158 2200
f 2159 2156 2198 2201
f 2159 2201 2202 2160
f 2200 2158 2161 2203
f 2160 2202 2204 2162
f 2203 2161 2163 2205
f 2162 2204 2206 2164
f 2205 2163 2165 2207
f 2164 2206 2208 2166
f 2207 2165 2167 2209
f 2166 2208 2210 2168
f 2209 2167 2169 2211
f 2168 2210 2212 2170
f 2211 2169 2171 2213
f 2170 2212 2214 2172
f 2174 2173 2215 2216
f 2213 2171 2174 2216
f 2176 2175 2217 2218
f 2172 2214 2217 2175
f 2215 2173 2177 2219
f 2176 2218 2220 2178
f 2180 2179 2221 2222
f 2219 2177 2180 2222
f 2182 2181 2223 2224
f 2178 2220 2223 2181
f 2184 2183 2225 2226
f 2221 2179 2184 2226
f 2183 2185 2227 2225
f 2185 2186 2228 2227
f 2182 2224 2228 2186
f 2188 2187 2229 2230
f 2229 2187 2189 2231
f 2190 2188 2230 2232
f 2191 2190 2232 2233
f 2191 2233 2234 2192
f 2189 2193 2235 2231
f 2235 2193 2194 2236
f 2195 2192 2234 2237
f 2195 2237 2238 2196
f 2236 2194 2197 2239
f 2196 2238 2240 2198
f 2197 2199 2241 2239
f 2241 2199 2200 2242
f 2201 2198 2240 2243
f 2201 2243 2244 2202
f 2242 2200 2203 2245
f 2202 2244 2246 2204
f 2245 2203 2205 2247
f 2204 2246 2248 2206
f 2247 2205 2207 2249
f 2206 2248 2250 2208
f 2249 2207 2209 2251
f 2208 2250 2252 2210
f 2251 2209 2211 2253
f 2210 2252 2254 2212
f 2253 2211 2213 2255
f 2212 2254 2256 2214
f 2216 2215 2257 2258
f 2255 2213 2216 2258
f 2218 2217 2259 2260
f 2214 2256 2259 2217
f 2257 2215 2219 2261
f 2218 2260 2262 2220
f 2222 2221 2263 2264
f 2261 2219 2222 2264
f 2224 2223 2265 2266
f 2220 2262 2265 2223
f 2226 2225 2267 2268
f 2263 2221 2226 2268
f 2225 2227 2269 2267
f 2227 2228 2270 2269
f 2224 2266 2270 2228
f 2271 2272 2273 2274
f 2230 2229 2271 2274
f 2271 2229 2231 2272
f 2274 2273 2275 2276
f 2232 2230 2274 2276
f 2276 2275 2277 2278
f 2233 2232 2276 2278
f 2233 2278 2277 2234
f 2279 2280 2281 2272
f 2231 2235 2279 2272
f 2279 2235 2236 2280
f 2277 2282 2283 2284
f 2237 2234 2277 2284
f 2237 2284 2283 2238
f 2280 2236 2239 2285
f 2238 2283 2286 2240
f 2287 2288 2289 2285
f 2239 2241 2287 2285
f 2287 2241 2242 2288
f 2286 2290 2291 2292
f 2243 2240 2286 2292
f 2243 2292 2291 2244
f 2288 2293 2294 2289
f 2288 2242 2245 2293
f 2290 2295 2296 2291
f 2244 2291 2296 2246
f 2293 2297 2298 2294
f 2293 2245 2247 2297
f 2295 2299 2300 2296
f 2246 2296 2300 2248
f 2297 2247 2249 2301
f 2248 2300 2302 2250
f 2301 2249 2251 2303
f 2250 2302 2304 2252
f 2303 2305 2306 2307
f 2303 2251 2253 2305
f 2308 2309 2310 2304
f 2252 2304 2310 2254
f 2305 2311 2312 2306
f 2305 2253 2255 2311
f 2309 2313 2314 2310
f 2254 2310 2314 2256
f 2311 2315 2316 2312
f 2258 2257 2316 2315
f 2311 2255 2258 2315
f 2313 2317 2318 2314
f 2260 2259 2318 2317
f 2256 2314 2318 2259
f 2316 2257 2261 2319
f 2260 2317 2320 2262
f 2319 2321 2322 2323
f 2264 2263 2322 2321
f 2319 2261 2264 2321
f 2324 2325 2326 2320
f 2266 2265 2326 2325
f 2262 2320 2326 2265
f 2322 2327 2328 2329
f 2268 2267 2328 2327
f 2322 2263 2268 2327
f 2329 2328 2330 2331
f 2267 2269 2330 2328
f 2331 2330 2332 2325
f 2269 2270 2332 2330
f 2266 2325 2332 2270
f 2273 2272 2333 2334
f 2333 2272 2281 2335
f 2275 2273 2334 2336
f 2277 2275 2336 2337
f 2277 2337 2338 2282
f 2281 2280 2339 2335
f 2339 2280 2285 2340
f 2283 2282 2338 2341
f 2283 2341 2342 2286
f 2340 2285 2289 2343
f 2286 2342 2344 2290
f 2343 2289 2294 2345
f 2290 2344 2346 2295
f 2345 2294 2298 2347
f 2295 2346 2348 2299
f 2298 2297 2349 2347
f 2349 2297 2301 2350
f 2300 2299 2348 2351
f 2300 2351 2352 2302
f 2303 2307 2353 2354
f 2350 2301 2303 2354
f 2308 2304 2355 2356
f 2302 2352 2355 2304
f 2353 2307 2306 2357
f 2308 2356 2358 2309
f 2357 2306 2312 2359
f 2309 2358 2360 2313
f 2359 2312 2316 2361
f 2313 2360 2362 2317
f 2319 2323 2363 2364
f 2361 2316 2319 2364
f 2324 2320 2365 2366
f 2317 2362 2365 2320
f 2322 2329 2367 2368
f 2363 2323 2322 2368
f 2329 2331 2369 2367
f 2331 2325 2370 2369
f 2324 2366 2370 2325
f 2334 2333 2371 2372
f 2371 2333 2335 2373
f 2336 2334 2372 2374
f 2337 2336 2374 2375
f 2337 2375 2376 2338
f 2335 2339 2377 2373
f 2377 2339 2340 2378
f 2341 2338 2376 2379
f 2341 2379 2380 2342
f 2378 2340 2343 2381
f 2342 2380 2382 2344
f 2381 2343 2345 2383
f 2344 2382 2384 2346
f 2383 2345 2347 2385
f 2346 2384 2386 2348
f 2347 2349 2387 2385
f 2387 2349 2350 2388
f 2351 2348 2386 2389
f 2351 2389 2390 2352
f 2354 2353 2391 2392
f 2388 2350 2354 2392
f 2356 2355 2393 2394
f 2352 2390 2393 2355
f 2391 2353 2357 2395
f 2356 2394 2396 2358
f 2395 2357 2359 2397
f 2358 2396 2398 2360
f 2397 2359 2361 2399
f 2360 2398 2400 2362
f 2364 2363 2401 2402
f 2399 2361 2364 2402
f 2366 2365 2403 2404
f 2362 2400 2403 2365
f 2368 2367 2405 2406
f 2401 2363 2368 2406
f 2367 2369 2407 2405
f 2369 2370 2408 2407
f 2366 2404 2408 2370
f 2372 2371 2409 2410
f 2409 2371 2373 2411
f 2374 2372 2410 2412
f 2375 2374 2412 2413
f 2375 2413 2414 2376
f 2373 2377 2415 2411
f 2415 2377 2378 2416
f 2379 2376 2414 2417
f 2379 2417 2418 2380
f 2416 2378 2381 2419
f 2380 2418 2420 2382
f 2419 2381 2383 2421
f 2382 2420 2422 2384
f 2421 2383 2385 2423
f 2384 2422 2424 2386
f 2385 2387 2425 2423
f 2425 2387 2388 2426
f 2389 2386 2424 2427
f 2389 2427 2428 2390
f 2392 2391 2429 2430
f 2426 2388 2392 2430
f 2394 2393 2431 2432
f 2390 2428 2431 2393
f 2429 2391 2395 2433
f 2394 2432 2434 2396
f 2433 2395 2397 2435
f 2396 2434 2436 2398
f 2435 2397 2399 2437
f 2398 2436 2438 2400
f 2402 2401 2439 2440
f 2437 2399 2402 2440
f 2404 2403 2441 2442
f 2400 2438 2441 2403
f 2406 2405 2443 2444
f 2439 2401 2406 2444
f 2405 2407 2445 2443
f 2407 2408 2446 2445
f 2404 2442 2446 2408
f 2410 2409 2447 2448
f 2447 2409 2411 2449
f 2412 2410 2448 2450
f 2413 2412 2450 2451
f 2413 2451 2452 2414
f 2411 2415 2453 2449
f 2453 2415 2416 2454
f 2417 2414 2452 2455
f 2417 2455 2456 2418
f 2454 2416 2419 2457
f 2418 2456 2458 2420
f 2457 2419 2421 2459
f 2420 2458 2460 2422
f 2459 2421 2423 2461
f 2422 2460 2462 2424
f 2423 2425 2463 2461
f 2463 2425 2426 2464
f 2427 2424 2462 2465
f 2427 2465 2466 2428
f 2430 2429 2467 2468
f 2464 2426 2430 2468
f 2432 2431 2469 2470
f 2428 2466 2469 2431
f 2467 2429 2433 2471
f 2432 2470 2472 2434
f 2471 2433 2435 2473
f 2434 2472 2474 2436
f 2473 2435 2437 2475
f 2436 2474 2476 2438
f 2440 2439 2477 2478
f 2475 2437 2440 2478
f 2442 2441 2479 2480
f 2438 2476 2479 2441
f 2444 2443 2481 2482
f 2477 2439 2444 2482
f 2443 2445 2483 2481
f 2445 2446 2484 2483
f 2442 2480 2484 2446
f 2448 2447 2485 2486
f 2485 2447 2449 2487
f 2450 2448 2486 2488
f 2451 2450 2488 2489
f 2451 2489 2490 2452
f 2449 2453 2491 2487
f 2491 2453 2454 2492
f 2455 2452 2490 2493
f 2455 2493 2494 2456
f 2492 2454 2457 2495
f 2456 2494 2496 2458
f 2495 2457 2459 2497
f 2458 2496 2498 2460
f 2497 2459 2461 2499
f 2460 2498 2500 2462
f 2461 2463 2501 2499
f 2501 2463 2464 2502
f 2465 2462 2500 2503
f 2465 2503 2504 2466
f 2468 2467 2505 2506
f 2502 2464 2468 2506
f 2470 2469 2507 2508
f 2466 2504 2507 2469
f 2505 2467 2471 2509
f 2470 2508 2510 2472
f 2509 2471 2473 2511
f 2472 2510 2512 2474
f 2511 2473 2475 2513
f 2474 2512 2514 2476
f 2478 2477 2515 2516
f 2513 2475 2478 2516
f 2480 2479 2517 2518
f 2476 2514 2517 2479
f 2482 2481 2519 2520
f 2515 2477 2482 2520
f 2481 2483 2521 2519
f 2483 2484 2522 2521
f 2480 2518 2522 2484
f 2486 2485 2523 2524
f 2523 2485 2487 2525
f 2488 2486 2524 2526
f 2489 2488 2526 2527
f 2489 2527 2528 2490
f 2487 2491 2529 2525
f 2529 2491 2492 2530
f 2493 2490 2528 2531
f 2493 2531 2532 2494
f 2530 2492 2495 2533
f 2494 2532 2534 2496
f 2533 2495 2497 2535
f 2496 2534 2536 2498
f 2535 2497 2499 2537
f 2498 2536 2538 2500
f 2499 2501 2539 2537
f 2539 2501 2502 2540
f 2503 2500 2538 2541
f 2503 2541 2542 2504
f 2506 2505 2543 2544
f 2540 2502 2506 2544
f 2508 2507 2545 2546
f 2504 2542 2545 2507
f 2543 2505 2509 2547
f 2508 2546 2548 2510
f 2547 2509 2511 2549
f 2510 2548 2550 2512
f 2549 2511 2513 2551
f 2512 2550 2552 2514
f 2516 2515 2553 2554
f 2551 2513 2516 2554
f 2518 2517 2555 2556
f 2514 2552 2555 2517
f 2520 2519 2557 2558
f 2553 2515 2520 2558
f 2519 2521 2559 2557
f 2521 2522 2560 2559
f 2518 2556 2560 2522
f 2561 2524 2523 2562
f 2561 2562 2563 2564
f 2563 2562 2523 2565
f 2566 2526 2524 2561
f 2566 2561 2564 2567
f 2568 2527 2526 2566
f 2568 2566 2567 2569
f 2568 2569 2570 2527
f 2523 2525 2529 2571
f 2523 2571 2572 2565
f 2572 2571 2529 2573
f 2574 2531 2528 2527
f 2574 2527 2570 2575
f 2574 2575 2576 2531
f 2573 2529 2530 2577
f 2531 2576 2578 2532
f 2530 2533 2579 2580
f 2530 2580 2581 2577
f 2581 2580 2579 2582
f 2583 2584 2534 2532
f 2583 2532 2578 2585
f 2583 2585 2586 2584
f 2533 2535 2587 2579
f 2582 2579 2587 2588
f 2584 2589 2536 2534
f 2584 2586 2590 2589
f 2535 2537 2539 2587
f 2588 2587 2539 2591
f 2589 2541 2538 2536
f 2589 2590 2592 2541
f 2591 2539 2540 2593
f 2541 2592 2594 2542
f 2593 2540 2544 2595
f 2542 2594 2596 2545
f 2543 2547 2597 2544
f 2595 2544 2597 2598
f 2545 2599 2548 2546
f 2545 2596 2600 2599
f 2547 2549 2601 2597
f 2598 2597 2601 2602
f 2599 2603 2550 2548
f 2599 2600 2604 2603
f 2549 2551 2605 2601
f 2605 2551 2606 2607
f 2602 2601 2605 2607
f 2603 2608 2552 2550
f 2552 2608 2609 2610
f 2603 2604 2609 2608
f 2606 2551 2554 2611
f 2552 2610 2612 2555
f 2553 2558 2613 2554
f 2613 2558 2614 2615
f 2611 2554 2613 2615
f 2555 2616 2560 2556
f 2560 2616 2617 2618
f 2555 2612 2617 2616
f 2557 2619 2620 2558
f 2620 2619 2621 2622
f 2614 2558 2620 2622
f 2559 2623 2619 2557
f 2619 2623 2624 2621
f 2560 2625 2623 2559
f 2623 2625 2626 2624
f 2560 2618 2626 2625
f 2564 2563 2627 2628
f 2627 2563 2565 2629
f 2567 2564 2628 2630
f 2569 2567 2630 2631
f 2569 2631 2632 2570
f 2565 2572 2633 2629
f 2633 2572 2573 2634
f 2575 2570 2632 2635
f 2575 2635 2636 2576
f 2634 2573 2577 2637
f 2576 2636 2638 2578
f 2577 2581 2639 2637
f 2639 2581 2582 2640
f 2585 2578 2638 2641
f 2585 2641 2642 2586
f 2640 2582 2588 2643
f 2586 2642 2644 2590
f 2643 2588 2591 2645
f 2590 2644 2646 2592
f 2645 2591 2593 2647
f 2592 2646 2648 2594
f 2647 2593 2595 2649
f 2594 2648 2650 2596
f 2649 2595 2598 2651
f 2596 2650 2652 2600
f 2651 2598 2602 2653
f 2600 2652 2654 2604
f 2607 2606 2655 2656
f 2653 2602 2607 2656
f 2610 2609 2657 2658
f 2604 2654 2657 2609
f 2655 2606 2611 2659
f 2610 2658 2660 2612
f 2615 2614 2661 2662
f 2659 2611 2615 2662
f 2618 2617 2663 2664
f 2612 2660 2663 2617
f 2622 2621 2665 2666
f 2661 2614 2622 2666
f 2621 2624 2667 2665
f 2624 2626 2668 2667
f 2618 2664 2668 2626
f 2628 2627 2669 2670
f 2669 2627 2629 2671
f 2630 2628 2670 2672
f 2631 2630 2672 2673
f 2631 2673 2674 2632
f 2629 2633 2675 2671
f 2675 2633 2634 2676
f 2635 2632 2674 2677
f 2635 2677 2678 2636
f 2676 2634 2637 2679
f 2636 2678 2680 2638
f 2637 2639 2681 2679
f 2681 2639 2640 2682
f 2641 2638 2680 2683
f 2641 2683 2684 2642
f 2682 2640 2643 2685
f 2642 2684 2686 2644
f 2685 2643 2645 2687
f 2644 2686 2688 2646
f 2687 2645 2647 2689
f 2646 2688 2690 2648
f 2689 2647 2649 2691
f 2648 2690 2692 2650
f 2691 2649 2651 2693
f 2650 2692 2694 2652
f 2693 2651 2653 2695
f 2652 2694 2696 2654
f 2656 2655 2697 2698
f 2695 2653 2656 2698
f 2658 2657 2699 2700
f 2654 2696 2699 2657
f 2697 2655 2659 2701
f 2658 2700 2702 2660
f 2662 2661 2703 2704
f 2701 2659 2662 2704
f 2664 2663 2705 2706
f 2660 2702 2705 2663
f 2666 2665 2707 2708
f 2703 2661 2666 2708
f 2665 2667 2709 2707
f 2667 2668 2710 2709
f 2664 2706 2710 2668
f 2670 2669 2711 2712
f 2711 2669 2671 2713
f 2672 2670 2712 2714
f 2673 2672 2714 2715
f 2673 2715 2716 2674
f 2671 2675 2717 2713
f 2717 2675 2676 2718
f 2677 2674 2716 2719
f 2677 2719 2720 2678
f 2718 2676 2679 2721
f 2678 2720 2722 2680
f 2679 2681 2723 2721
f 2723 2681 2682 2724
f 2683 2680 2722 2725
f 2683 2725 2726 2684
f 2724 2682 2685 2727
f 2684 2726 2728 2686
f 2727 2685 2687 2729
f 2686 2728 2730 2688
f 2729 2687 2689 2731
f 2688 2730 2732 2690
f 2731 2689 2691 2733
f 2690 2732 2734 2692
f 2733 2691 2693 2735
f 2692 2734 2736 2694
f 2735 2693 2695 2737
f 2694 2736 2738 2696
f 2698 2697 2739 2740
f 2737 2695 2698 2740
f 2700 2699 2741 2742
f 2696 2738 2741 2699
f 2739 2697 2701 2743
f 2700 2742 2744 2702
f 2704 2703 2745 2746
f 2743 2701 2704 2746
f 2706 2705 2747 2748
f 2702 2744 2747 2705
f 2708 2707 2749 2750
f 2745 2703 2708 2750
f 2707 2709 2751 2749
f 2709 2710 2752 2751
f 2706 2748 2752 2710
f 2712 2711 2753 2754
f 2753 2711 2713 2755
f 2714 2712 2754 2756
f 2715 2714 2756 2757
f 2715 2757 2758 2716
f 2713 2717 2759 2755
f 2759 2717 2718 2760
f 2719 2716 2758 2761
f 2719 2761 2762 2720
f 2760 2718 2721 2763
f 2720 2762 2764 2722
f 2721 2723 2765 2763
f 2765 2723 2724 2766
f 2725 2722 2764 2767
f 2725 2767 2768 2726
f 2766 2724 2727 2769
f 2726 2768 2770 2728
f 2769 2727 2729 2771
f 2728 2770 2772 2730
f 2771 2729 2731 2773
f 2730 2772 2774 2732
f 2773 2731 2733 2775
f 2732 2774 2776 2734
f 2775 2733 2735 2777
f 2734 2776 2778 2736
f 2777 2735 2737 2779
f 2736 2778 2780 2738
f 2740 2739 2781 2782
f 2779 2737 2740 2782
f 2742 2741 2783 2784
f 2738 2780 2783 2741
f 2781 2739 2743 2785
f 2742 2784 2786 2744
f 2746 2745 2787 2788
f 2785 2743 2746 2788
f 2748 2747 2789 2790
f 2744 2786 2789 2747
f 2750 2749 2791 2792
f 2787 2745 2750 2792
f 2749 2751 2793 2791
f 2751 2752 2794 2793
f 2748 2790 2794 2752
f 2754 2753 2795 2796
f 2795 2753 2755 2797
f 2756 2754 2796 2798
f 2757 2756 2798 2799
f 2757 2799 2800 2758
f 2755 2759 2801 2797
f 2801 2759 2760 2802
f 2761 2758 2800 2803
f 2761 2803 2804 2762
f 2802 2760 2763 2805
f 2762 2804 2806 2764
f 2763 2765 2807 2805
f 2807 2765 2766 2808
f 2767 2764 2806 2809
f 2767 2809 2810 2768
f 2808 2766 2769 2811
f 2768 2810 2812 2770
f 2811 2769 2771 2813
f 2770 2812 2814 2772
f 2813 2771 2773 2815
f 2772 2814 2816 2774
f 2815 2773 2775 2817
f 2774 2816 2818 2776
f 2817 2775 2777 2819
f 2776 2818 2820 2778
f 2819 2777 2779 2821
f 2778 2820 2822 2780
f 2782 2781 2823 2824
f 2821 2779 2782 2824
f 2784 2783 2825 2826
f 2780 2822 2825 2783
f 2823 2781 2785 2827
f 2784 2826 2828 2786
f 2788 2787 2829 2830
f 2827 2785 2788 2830
f 2790 2789 2831 2832
f 2786 2828 2831 2789
f 2792 2791 2833 2834
f 2829 2787 2792 2834
f 2791 2793 2835 2833
f 2793 2794 2836 2835
f 2790 2832 2836 2794
f 2796 2795 2837 2838
f 2837 2795 2797 2839
f 2798 2796 2838 2840
f 2799 2798 2840 2841
f 2799 2841 2842 2800
f 2797 2801 2843 2839
f 2843 2801 2802 2844
f 2803 2800 2842 2845
f 2803 2845 2846 2804
f 2844 2802 2805 2847
f 2804 2846 2848 2806
f 2805 2807 2849 2847
f 2849 2807 2808 2850
f 2809 2806 2848 2851
f 2809 2851 2852 2810
f 2850 2808 2811 2853
f 2810 2852 2854 2812
f 2853 2811 2813 2855
f 2812 2854 2856 2814
f 2855 2813 2815 2857
f 2814 2856 2858 2816
f 2857 2815 2817 2859
f 2816 2858 2860 2818
f 2859 2817 2819 2861
f 2818 2860 2862 2820
f 2861 2819 2821 2863
f 2820 2862 2864 2822
f 2824 2823 2865 2866
f 2863 2821 2824 2866
f 2826 2825 2867 2868
f 2822 2864 2867 2825
f 2865 2823 2827 2869
f 2826 2868 2870 2828
f 2830 2829 2871 2872
f 2869 2827 2830 2872
f 2832 2831 2873 2874
f 2828 2870 2873 2831
f 2834 2833 2875 2876
f 2871 2829 2834 2876
f 2833 2835 2877 2875
f 2835 2836 2878 2877
f 2832 2874 2878 2836
f 2838 2837 2879 2880
f 2879 2837 2839 2881
f 2840 2838 2880 2882
f 2841 2840 2882 2883
f 2841 2883 2884 2842
f 2839 2843 2885 2881
f 2885 2843 2844 2886
f 2845 2842 2884 2887
f 2845 2887 2888 2846
f 2886 2844 2847 2889
f 2846 2888 2890 2848
f 2847 2849 2891 2889
f 2891 2849 2850 2892
f 2851 2848 2890 2893
f 2851 2893 2894 2852
f 2892 2850 2853 2895
f 2852 2894 2896 2854
f 2895 2853 2855 2897
f 2854 2896 2898 2856
f 2897 2855 2857 2899
f 2856 2898 2900 2858
f 2899 2857 2859 2901
f 2858 2900 2902 2860
f 2901 2859 2861 2903
f 2860 2902 2904 2862
f 2903 2861 2863 2905
f 2862 2904 2906 2864
f 2866 2865 2907 2908
f 2905 2863 2866 2908
f 2868 2867 2909 2910
f 2864 2906 2909 2867
f 2907 2865 2869 2911
f 2868 2910 2912 2870
f 2872 2871 2913 2914
f 2911 2869 2872 2914
f 2874 2873 2915 2916
f 2870 2912 2915 2873
f 2876 2875 2917 2918
f 2913 2871 2876 2918
f 2875 2877 2919 2917
f 2877 2878 2920 2919
f 2874 2916 2920 2878
f 2921 2880 2879 2922
f 2921 2922 2923 2924
f 2923 2922 2879 2925
f 2926 2882 2880 2921
f 2926 2921 2924 2927
f 2928 2883 2882 2926
f 2928 2926 2927 2929
f 2928 2929 2930 2883
f 2879 2881 2885 2931
f 2879 2931 2932 2925
f 2932 2931 2885 2933
f 2934 2887 2884 2883
f 2934 2883 2930 2935
f 2934 2935 2936 2887
f 2933 2885 2886 2937
f 2887 2936 2938 2888
f 2886 2889 2891 2939
f 2886 2939 2940 2937
f 2940 2939 2891 2941
f 2942 2893 2890 2888
f 2942 2888 2938 2943
f 2942 2943 2944 2893
f 2941 2891 2892 2945
f 2893 2944 2946 2894
f 2945 2892 2895 2947
f 2894 2946 2948 2896
f 2947 2895 2897 2949
f 2896 2948 2950 2898
f 2949 2897 2899 2951
f 2898 2950 2952 2900
f 2951 2899 2901 2953
f 2900 2952 2954 2902
f 2953 2901 2903 2955
f 2902 2954 2956 2904
f 2955 2903 2905 2957
f 2904 2956 2958 2906
f 2957 2905 2908 2959
f 2906 2958 2960 2909
f 2907 2911 2961 2908
f 2961 2911 2962 2963
f 2959 2908 2961 2963
f 2909 2964 2912 2910
f 2912 2964 2965 2966
f 2909 2960 2965 2964
f 2962 2911 2914 2967
f 2912 2966 2968 2915
f 2913 2918 2969 2914
f 2969 2918 2970 2971
f 2967 2914 2969 2971
f 2915 2972 2920 2916
f 2920 2972 2973 2974
f 2915 2968 2973 2972
f 2917 2975 2976 2918
f 2976 2975 2977 2978
f 2970 2918 2976 2978
f 2919 2979 2975 2917
f 2975 2979 2980 2977
f 2920 2981 2979 2919
f 2979 2981 2982 2980
f 2920 2974 2982 2981
f 2924 2923 2983 2984
f 2983 2923 2925 2985
f 2927 2924 2984 2986
f 2929 2927 2986 2987
f 2929 2987 2988 2930
f 2925 2932 2989 2985
f 2989 2932 2933 2990
f 2935 2930 2988 2991
f 2935 2991 2992 2936
f 2990 2933 2937 2993
f 2936 2992 2994 2938
f 2937 2940 2995 2993
f 2995 2940 2941 2996
f 2943 2938 2994 2997
f 2943 2997 2998 2944
f 2996 2941 2945 2999
f 2944 2998 3000 2946
f 2999 2945 2947 3001
f 2946 3000 3002 2948
f 3001 2947 2949 3003
f 2948 3002 3004 2950
f 3003 2949 2951 3005
f 2950 3004 3006 2952
f 3005 2951 2953 3007
f 2952 3006 3008 2954
f 3007 2953 2955 3009
f 2954 3008 3010 2956
f 3009 2955 2957 3011
f 2956 3010 3012 2958
f 3011 2957 2959 3013
f 2958 3012 3014 2960
f 2963 2962 3015 3016
f 3013 2959 2963 3016
f 2966 2965 3017 3018
f 2960 3014 3017 2965
f 3015 2962 2967 3019
f 2966 3018 3020 2968
f 2971 2970 3021 3022
f 3019 2967 2971 3022
f 2974 2973 3023 3024
f 2968 3020 3023 2973
f 2978 2977 3025 3026
f 3021 2970 2978 3026
f 2977 2980 3027 3025
f 2980 2982 3028 3027
f 2974 3024 3028 2982
f 2984 2983 3029 3030
f 3029 2983 2985 3031
f 2986 2984 3030 3032
f 2987 2986 3032 3033
f 2987 3033 3034 2988
f 2985 2989 3035 3031
f 3035 2989 2990 3036
f 2991 2988 3034 3037
f 2991 3037 3038 2992
f 3036 2990 2993 3039
f 2992 3038 3040 2994
f 2993 2995 3041 3039
f 3041 2995 2996 3042
f 2997 2994 3040 3043
f 2997 3043 3044 2998
f 3042 2996 2999 3045
f 2998 3044 3046 3000
f 3045 2999 3001 3047
f 3000 3046 3048 3002
f 3047 3001 3003 3049
f 3002 3048 3050 3004
f 3049 3003 3005 3051
f 3004 3050 3052 3006
f 3051 3005 3007 3053
f 3006 3052 3054 3008
f 3053 3007 3009 3055
f 3008 3054 3056 3010
f 3055 3009 3011 3057
f 3010 3056 3058 3012
f 3057 3011 3013 3059
f 3012 3058 3060 3014
f 3016 3015 3061 3062
f 3059 3013 3016 3062
f 3018 3017 3063 3064
f 3014 3060 3063 3017
f 3061 3015 3019 3065
f 3018 3064 3066 3020
f 3022 3021 3067 3068
f 3065 3019 3022 3068
f 3024 3023 3069 3070
f 3020 3066 3069 3023
f 3026 3025 3071 3072
f 3067 3021 3026 3072
f 3025 3027 3073 3071
f 3027 3028 3074 3073
f 3024 3070 3074 3028
f 3030 3029 3075 3076
f 3075 3029 3031 3077
f 3032 3030 3076 3078
f 3033 3032 3078 3079
f 3033 3079 3080 3034
f 3031 3035 3081 3077
f 3081 3035 3036 3082
f 3037 3034 3080 3083
f 3037 3083 3084 3038
f 3082 3036 3039 3085
f 3038 3084 3086 3040
f 3039 3041 3087 3085
f 3087 3041 3042 3088
f 3043 3040 3086 3089
f 3043 3089 3090 3044
f 3088 3042 3045 3091
f 3044 3090 3092 3046
f 3091 3045 3047 3093
f 3046 3092 3094 3048
f 3093 3047 3049 3095
f 3048 3094 3096 3050
f 3095 3049 3051 3097
f 3050 3096 3098 3052
f 3097 3051 3053 3099
f 3052 3098 3100 3054
f 3099 3053 3055 3101
f 3054 3100 3102 3056
f 3101 3055 3057 3103
f 3056 3102 3104 3058
f 3103 3057 3059 3105
f 3058 3104 3106 3060
f 3062 3061 3107 3108
f 3105 3059 3062 3108
f 3064 3063 3109 3110
f 3060 3106 3109 3063
f 3107 3061 3065 3111
f 3064 3110 3112 3066
f 3068 3067 3113 3114
f 3111 3065 3068 3114
f 3070 3069 3115 3116
f 3066 3112 3115 3069
f 3072 3071 3117 3118
f 3113 3067 3072 3118
f 3071 3073 3119 3117
f 3073 3074 3120 3119
f 3070 3116 3120 3074
f 3076 3075 3121 3122
f 3121 3075 3077 3123
f 3078 3076 3122 3124
f 3079 3078 3124 3125
f 3079 3125 3126 3080
f 3077 3081 3127 3123
f 3127 3081 3082 3128
f 3083 3080 3126 3129
f 3083 3129 3130 3084
f 3128 3082 3085 3131
f 3084 3130 3132 3086
f 3085 3087 3133 3131
f 3133 3087 3088 3134
f 3089 3086 3132 3135
f 3089 3135 3136 3090
f 3134 3088 3091 3137
f 3090 3136 3138 3092
f 3137 3091 3093 3139
f 3092 3138 3140 3094
f 3139 3093 3095 3141
f 3094 3140 3142 3096
f 3141 3095 3097 3143
f 3096 3142 3144 3098
f 3143 3097 3099 3145
f 3098 3144 3146 3100
f 3145 3099 3101 3147
f 3100 3146 3148 3102
f 3147 3101 3103 3149
f 3102 3148 3150 3104
f 3149 3103 3105 3151
f 3104 3150 3152 3106
f 3108 3107 3153 3154
f 3151 3105 3108 3154
f 3110 3109 3155 3156
f 3106 3152 3155 3109
f 3153 3107 3111 3157
f 3110 3156 3158 3112
f 3114 3113 3159 3160
f 3157 3111 3114 3160
f 3116 3115 3161 3162
f 3112 3158 3161 3115
f 3118 3117 3163 3164
f 3159 3113 3118 3164
f 3117 3119 3165 3163
f 3119 3120 3166 3165
f 3116 3162 3166 3120
f 3167 3122 3121 3168
f 3167 3168 3169 3170
f 3169 3168 3121 3171
f 3172 3124 3122 3167
f 3172 3167 3170 3173
f 3174 3125 3124 3172
f 3174 3172 3173 3175
f 3174 3175 3176 3125
f 3121 3123 3127 3177
f 3121 3177 3178 3171
f 3178 3177 3127 3179
f 3180 3129 3126 3125
f 3180 3125 3176 3181
f 3180 3181 3182 3129
f 3127 3128 3183 3184
f 3127 3184 3185 3179
f 3185 3184 3183 3186
f 3187 3188 3130 3129
f 3187 3129 3182 3189
f 3187 3189 3190 3188
f 3128 3131 3133 3183
f 3186 3183 3133 3191
f 3188 3135 3132 3130
f 3188 3190 3192 3135
f 3191 3133 3134 3193
f 3135 3192 3194 3136
f 3193 3134 3137 3195
f 3136 3194 3196 3138
f 3137 3139 3197 3198
f 3137 3198 3199 3195
f 3199 3198 3197 3200
f 3201 3202 3140 3138
f 3201 3138 3196 3203
f 3201 3203 3204 3202
f 3139 3141 3205 3197
f 3200 3197 3205 3206
f 3202 3207 3142 3140
f 3202 3204 3208 3207
f 3141 3143 3209 3205
f 3206 3205 3209 3210
f 3207 3211 3144 3142
f 3207 3208 3212 3211
f 3143 3145 3213 3209
f 3210 3209 3213 3214
f 3211 3215 3146 3144
f 3211 3212 3216 3215
f 3145 3147 3217 3213
f 3214 3213 3217 3218
f 3215 3219 3148 3146
f 3215 3216 3220 3219
f 3147 3149 3221 3217
f 3221 3149 3222 3223
f 3218 3217 3221 3223
f 3219 3224 3150 3148
f 3150 3224 3225 3226
f 3219 3220 3225 3224
f 3222 3149 3151 3227
f 3150 3226 3228 3152
f 3227 3151 3154 3229
f 3152 3228 3230 3155
f 3153 3157 3231 3154
f 3229 3154 3231 3232
f 3155 3233 3158 3156
f 3155 3230 3234 3233
f 3157 3160 3235 3231
f 3235 3160 3236 3237
f 3232 3231 3235 3237
f 3233 3238 3161 3158
f 3161 3238 3239 3240
f 3233 3234 3239 3238
f 3159 3164 3241 3160
f 3241 3164 3242 3243
f 3236 3160 3241 3243
f 3161 3244 3166 3162
f 3166 3244 3245 3246
f 3161 3240 3245 3244
f 3163 3247 3248 3164
f 3248 3247 3249 3250
f 3242 3164 3248 3250
f 3165 3251 3247 3163
f 3247 3251 3252 3249
f 3166 3253 3251 3165
f 3251 3253 3254 3252
f 3166 3246 3254 3253
f 3170 3169 3255 3256
f 3255 3169 3171 3257
f 3173 3170 3256 3258
f 3175 3173 3258 3259
f 3175 3259 3260 3176
f 3171 3178 3261 3257
f 3261 3178 3179 3262
f 3181 3176 3260 3263
f 3181 3263 3264 3182
f 3179 3185 3265 3262
f 3265 3185 3186 3266
f 3189 3182 3264 3267
f 3189 3267 3268 3190
f 3266 3186 3191 3269
f 3190 3268 3270 3192
f 3269 3191 3193 3271
f 3192 3270 3272 3194
f 3271 3193 3195 3273
f 3194 3272 3274 3196
f 3195 3199 3275 3273
f 3275 3199 3200 3276
f 3203 3196 3274 3277
f 3203 3277 3278 3204
f 3276 3200 3206 3279
f 3204 3278 3280 3208
f 3279 3206 3210 3281
f 3208 3280 3282 3212
f 3281 3210 3214 3283
f 3212 3282 3284 3216
f 3283 3214 3218 3285
f 3216 3284 3286 3220
f 3223 3222 3287 3288
f 3285 3218 3223 3288
f 3226 3225 3289 3290
f 3220 3286 3289 3225
f 3287 3222 3227 3291
f 3226 3290 3292 3228
f 3291 3227 3229 3293
f 3228 3292 3294 3230
f 3293 3229 3232 3295
f 3230 3294 3296 3234
f 3237 3236 3297 3298
f 3295 3232 3237 3298
f 3240 3239 3299 3300
f 3234 3296 3299 3239
f 3243 3242 3301 3302
f 3297 3236 3243 3302
f 3246 3245 3303 3304
f 3240 3300 3303 3245
f 3250 3249 3305 3306
f 3301 3242 3250 3306
f 3249 3252 3307 3305
f 3252 3254 3308 3307
f 3246 3304 3308 3254
f 3309 3310 3311 3312
f 3256 3255 3309 3312
f 3309 3255 3257 3310
f 3312 3311 3313 3314
f 3258 3256 3312 3314
f 3314 3313 3315 3316
f 3259 3258 3314 3316
f 3259 3316 3315 3260
f 3317 3318 3319 3310
f 3257 3261 3317 3310
f 3317 3261 3262 3318
f 3310 3319 3320 3311
f 3311 3320 3321 3313
f 3313 3321 3322 3315
f 3315 3322 3323 3324
f 3263 3260 3315 3324
f 3263 3324 3323 3264
f 3325 3326 3327 3318
f 3262 3265 3325 3318
f 3325 3265 3266 3326
f 3318 3327 3328 3319
f 3319 3328 3329 3320
f 3320 3329 3330 3321
f 3321 3330 3331 3322
f 3322 3331 3332 3323
f 3323 3332 3333 3334
f 3267 3264 3323 3334
f 3267 3334 3333 3268
f 3326 3335 3336 3327
f 3326 3266 3269 3335
f 3327 3336 3337 3328
f 3328 3337 3338 3329
f 3329 3338 3339 3330
f 3330 3339 3340 3331
f 3331 3340 3341 3332
f 3332 3341 3342 3333
f 3268 3333 3342 3270
f 3335 3343 3344 3336
f 3335 3269 3271 3343
f 3336 3344 3345 3337
f 3337 3345 3346 3338
f 3338 3346 3347 3339
f 3339 3347 3348 3340
f 3340 3348 3349 3341
f 3341 3349 3350 3342
f 3270 3342 3350 3272
f 3343 3351 3352 3344
f 3343 3271 3273 3351
f 3344 3352 3353 3345
f 3345 3353 3354 3346
f 3346 3354 3355 3347
f 3347 3355 3356 3348
f 3348 3356 3357 3349
f 3349 3357 3358 3350
f 3272 3350 3358 3274
f 3359 3360 3361 3351
f 3273 3275 3359 3351
f 3359 3275 3276 3360
f 3351 3361 3362 3352
f 3352 3362 3363 3353
f 3353 3363 3364 3354
f 3354 3364 3365 3355
f 3355 3365 3366 3356
f 3356 3366 3367 3357
f 3357 3367 3368 3358
f 3358 3368 3369 3370
f 3277 3274 3358 3370
f 3277 3370 3369 3278
f 3360 3371 3372 3361
f 3360 3276 3279 3371
f 3361 3372 3373 3362
f 3362 3373 3374 3363
f 3363 3374 3375 3364
f 3364 3375 3376 3365
f 3365 3376 3377 3366
f 3366 3377 3378 3367
f 3367 3378 3379 3368
f 3368 3379 3380 3369
f 3278 3369 3380 3280
f 3371 3381 3382 3372
f 3371 3279 3281 3381
f 3372 3382 3383 3373
f 3373 3383 3384 3374
f 3374 3384 3385 3375
f 3375 3385 3386 3376
f 3376 3386 3387 3377
f 3377 3387 3388 3378
f 3378 3388 3389 3379
f 3379 3389 3390 3380
f 3280 3380 3390 3282
f 3381 3391 3392 3382
f 3381 3281 3283 3391
f 3382 3392 3393 3383
f 3383 3393 3394 3384
f 3384 3394 3395 3385
f 3385 3395 3396 3386
f 3386 3396 3397 3387
f 3387 3397 3398 3388
f 3388 3398 3399 3389
f 3389 3399 3400 3390
f 3282 3390 3400 3284
f 3391 3401 3402 3392
f 3391 3283 3285 3401
f 3392 3402 3403 3393
f 3393 3403 3404 3394
f 3394 3404 3405 3395
f 3395 3405 3406 3396
f 3396 3406 3407 3397
f 3397 3407 3408 3398
f 3398 3408 3409 3399
f 3399 3409 3410 3400
f 3284 3400 3410 3286
f 3401 3411 3412 3402
f 3288 3287 3412 3411
f 3401 3285 3288 3411
f 3402 3412 3413 3403
f 3403 3413 3414 3404
f 3404 3414 3415 3405
f 3405 3415 3416 3406
f 3406 3416 3417 3407
f 3407 3417 3418 3408
f 3408 3418 3419 3409
f 3409 3419 3420 3410
f 3290 3289 3420 3419
f 3286 3410 3420 3289
f 3412 3421 3422 3413
f 3412 3287 3291 3421
f 3413 3422 3423 3414
f 3414 3423 3424 3415
f 3415 3424 3425 3416
f 3416 3425 3426 3417
f 3417 3426 3427 3418
f 3418 3427 3428 3419
f 3290 3419 3428 3292
f 3421 3429 3430 3422
f 3421 3291 3293 3429
f 3422 3430 3431 3423
f 3423 3431 3432 3424
f 3424 3432 3433 3425
f 3425 3433 3434 3426
f 3426 3434 3435 3427
f 3427 3435 3436 3428
f 3292 3428 3436 3294
f 3429 3437 3438 3430
f 3429 3293 3295 3437
f 3430 3438 3439 3431
f 3431 3439 3440 3432
f 3432 3440 3441 3433
f 3433 3441 3442 3434
f 3434 3442 3443 3435
f 3435 3443 3444 3436
f 3294 3436 3444 3296
f 3437 3445 3446 3438
f 3298 3297 3446 3445
f 3437 3295 3298 3445
f 3438 3446 3447 3439
f 3439 3447 3448 3440
f 3440 3448 3449 3441
f 3441 3449 3450 3442
f 3442 3450 3451 3443
f 3443 3451 3452 3444
f 3300 3299 3452 3451
f 3296 3444 3452 3299
f 3446 3453 3454 3447
f 3302 3301 3454 3453
f 3446 3297 3302 3453
f 3447 3454 3455 3448
f 3448 3455 3456 3449
f 3449 3456 3457 3450
f 3450 3457 3458 3451
f 3304 3303 3458 3457
f 3300 3451 3458 3303
f 3454 3459 3460 3455
f 3306 3305 3460 3459
f 3454 3301 3306 3459
f 3455 3460 3461 3456
f 3305 3307 3461 3460
f 3456 3461 3462 3457
f 3307 3308 3462 3461
f 3304 3457 3462 3308
