# A-leaf-spear — lifted from a 2D silhouette by aide.lift
o A-leaf-spear
v -22.500 -8.000 -2.500
v -22.500 -7.000 -2.500
v -22.500 -7.000 -3.500
v -22.500 -8.000 -3.500
v -21.500 -8.000 -3.500
v -21.500 -8.000 -2.500
v -21.500 -7.000 -3.500
v -22.500 -8.000 -1.500
v -22.500 -7.000 -1.500
v -21.500 -8.000 -1.500
v -22.500 -8.000 -0.500
v -22.500 -7.000 -0.500
v -21.500 -8.000 -0.500
v -22.500 -8.000 0.500
v -22.500 -7.000 0.500
v -21.500 -8.000 0.500
v -22.500 -8.000 1.500
v -22.500 -7.000 1.500
v -21.500 -8.000 1.500
v -22.500 -8.000 2.500
v -22.500 -7.000 2.500
v -21.500 -8.000 2.500
v -22.500 -8.000 3.500
v -22.500 -7.000 3.500
v -21.500 -8.000 3.500
v -21.500 -7.000 3.500
v -22.500 -7.000 -4.500
v -22.500 -6.000 -4.500
v -22.500 -6.000 -5.500
v -22.500 -7.000 -5.500
v -21.500 -7.000 -5.500
v -21.500 -7.000 -4.500
v -21.500 -6.000 -5.500
v -22.500 -6.000 -3.500
v -22.500 -6.000 -2.500
v -22.500 -6.000 -1.500
v -22.500 -6.000 -0.500
v -22.500 -6.000 0.500
v -22.500 -6.000 1.500
v -22.500 -6.000 2.500
v -22.500 -6.000 3.500
v -22.500 -7.000 4.500
v -22.500 -6.000 4.500
v -21.500 -7.000 4.500
v -22.500 -7.000 5.500
v -22.500 -6.000 5.500
v -21.500 -7.000 5.500
v -21.500 -6.000 5.500
v -22.500 -5.000 -5.500
v -22.500 -5.000 -6.500
v -22.500 -6.000 -6.500
v -21.500 -6.000 -6.500
v -21.500 -5.000 -6.500
v -22.500 -5.000 -4.500
v -22.500 -5.000 -3.500
v -22.500 -5.000 -2.500
v -22.500 -5.000 -1.500
v -22.500 -5.000 -0.500
v -22.500 -5.000 0.500
v -22.500 -5.000 1.500
v -22.500 -5.000 2.500
v -22.500 -5.000 3.500
v -22.500 -5.000 4.500
v -22.500 -5.000 5.500
v -22.500 -6.000 6.500
v -22.500 -5.000 6.500
v -21.500 -6.000 6.500
v -21.500 -5.000 6.500
v -22.500 -4.000 -6.500
v -22.500 -4.000 -7.500
v -22.500 -5.000 -7.500
v -21.500 -5.000 -7.500
v -21.500 -4.000 -7.500
v -22.500 -4.000 -5.500
v -22.500 -4.000 -4.500
v -22.500 -4.000 -3.500
v -22.500 -4.000 -2.500
v -22.500 -4.000 -1.500
v -22.500 -4.000 -0.500
v -22.500 -4.000 0.500
v -22.500 -4.000 1.500
v -22.500 -4.000 2.500
v -22.500 -4.000 3.500
v -22.500 -4.000 4.500
v -22.500 -4.000 5.500
v -22.500 -4.000 6.500
v -22.500 -5.000 7.500
v -22.500 -4.000 7.500
v -21.500 -5.000 7.500
v -21.500 -4.000 7.500
v -22.500 -3.000 -6.500
v -22.500 -3.000 -7.500
v -21.500 -3.000 -7.500
v -22.500 -3.000 -5.500
v -22.500 -3.000 -4.500
v -22.500 -3.000 -3.500
v -22.500 -3.000 -2.500
v -22.500 -3.000 -1.500
v -22.500 -3.000 -0.500
v -22.500 -3.000 0.500
v -22.500 -3.000 1.500
v -22.500 -3.000 2.500
v -22.500 -3.000 3.500
v -22.500 -3.000 4.500
v -22.500 -3.000 5.500
v -22.500 -3.000 6.500
v -22.500 -3.000 7.500
v -21.500 -3.000 7.500
v -22.500 -2.000 -7.500
v -22.500 -2.000 -8.500
v -22.500 -3.000 -8.500
v -21.500 -3.000 -8.500
v -21.500 -2.000 -8.500
v -22.500 -2.000 -6.500
v -22.500 -2.000 -5.500
v -22.500 -2.000 -4.500
v -22.500 -2.000 -3.500
v -22.500 -2.000 -2.500
v -22.500 -2.000 -1.500
v -22.500 -2.000 -0.500
v -22.500 -2.000 0.500
v -22.500 -2.000 1.500
v -22.500 -2.000 2.500
v -22.500 -2.000 3.500
v -22.500 -2.000 4.500
v -22.500 -2.000 5.500
v -22.500 -2.000 6.500
v -22.500 -2.000 7.500
v -22.500 -3.000 8.500
v -22.500 -2.000 8.500
v -21.500 -3.000 8.500
v -21.500 -2.000 8.500
v -22.500 -1.000 -7.500
v -22.500 -1.000 -8.500
v -21.500 -1.000 -8.500
v -22.500 -1.000 -6.500
v -22.500 -1.000 -5.500
v -22.500 -1.000 -4.500
v -22.500 -1.000 -3.500
v -22.500 -1.000 -2.500
v -22.500 -1.000 -1.500
v -22.500 -1.000 -0.500
v -22.500 -1.000 0.500
v -22.500 -1.000 1.500
v -22.500 -1.000 2.500
v -22.500 -1.000 3.500
v -22.500 -1.000 4.500
v -22.500 -1.000 5.500
v -22.500 -1.000 6.500
v -22.500 -1.000 7.500
v -22.500 -1.000 8.500
v -21.500 -1.000 8.500
v -22.500 0.000 -7.500
v -22.500 0.000 -8.500
v -21.500 0.000 -8.500
v -22.500 0.000 -6.500
v -22.500 0.000 -5.500
v -22.500 0.000 -4.500
v -22.500 0.000 -3.500
v -22.500 0.000 -2.500
v -22.500 0.000 -1.500
v -22.500 0.000 -0.500
v -22.500 0.000 0.500
v -22.500 0.000 1.500
v -22.500 0.000 2.500
v -22.500 0.000 3.500
v -22.500 0.000 4.500
v -22.500 0.000 5.500
v -22.500 0.000 6.500
v -22.500 0.000 7.500
v -22.500 0.000 8.500
v -21.500 0.000 8.500
v -22.500 1.000 -7.500
v -22.500 1.000 -8.500
v -21.500 1.000 -8.500
v -22.500 1.000 -6.500
v -22.500 1.000 -5.500
v -22.500 1.000 -4.500
v -22.500 1.000 -3.500
v -22.500 1.000 -2.500
v -22.500 1.000 -1.500
v -22.500 1.000 -0.500
v -22.500 1.000 0.500
v -22.500 1.000 1.500
v -22.500 1.000 2.500
v -22.500 1.000 3.500
v -22.500 1.000 4.500
v -22.500 1.000 5.500
v -22.500 1.000 6.500
v -22.500 1.000 7.500
v -22.500 1.000 8.500
v -21.500 1.000 8.500
v -22.500 2.000 -7.500
v -22.500 2.000 -8.500
v -21.500 2.000 -8.500
v -22.500 2.000 -6.500
v -22.500 2.000 -5.500
v -22.500 2.000 -4.500
v -22.500 2.000 -3.500
v -22.500 2.000 -2.500
v -22.500 2.000 -1.500
v -22.500 2.000 -0.500
v -22.500 2.000 0.500
v -22.500 2.000 1.500
v -22.500 2.000 2.500
v -22.500 2.000 3.500
v -22.500 2.000 4.500
v -22.500 2.000 5.500
v -22.500 2.000 6.500
v -22.500 2.000 7.500
v -22.500 2.000 8.500
v -21.500 2.000 8.500
v -22.500 3.000 -7.500
v -22.500 3.000 -8.500
v -21.500 3.000 -7.500
v -21.500 3.000 -8.500
v -22.500 3.000 -6.500
v -22.500 3.000 -5.500
v -22.500 3.000 -4.500
v -22.500 3.000 -3.500
v -22.500 3.000 -2.500
v -22.500 3.000 -1.500
v -22.500 3.000 -0.500
v -22.500 3.000 0.500
v -22.500 3.000 1.500
v -22.500 3.000 2.500
v -22.500 3.000 3.500
v -22.500 3.000 4.500
v -22.500 3.000 5.500
v -22.500 3.000 6.500
v -22.500 3.000 7.500
v -22.500 3.000 8.500
v -21.500 3.000 8.500
v -21.500 3.000 7.500
v -22.500 4.000 -6.500
v -22.500 4.000 -7.500
v -21.500 4.000 -7.500
v -22.500 4.000 -5.500
v -22.500 4.000 -4.500
v -22.500 4.000 -3.500
v -22.500 4.000 -2.500
v -22.500 4.000 -1.500
v -22.500 4.000 -0.500
v -22.500 4.000 0.500
v -22.500 4.000 1.500
v -22.500 4.000 2.500
v -22.500 4.000 3.500
v -22.500 4.000 4.500
v -22.500 4.000 5.500
v -22.500 4.000 6.500
v -22.500 4.000 7.500
v -21.500 4.000 7.500
v -22.500 5.000 -6.500
v -22.500 5.000 -7.500
v -21.500 5.000 -6.500
v -21.500 5.000 -7.500
v -22.500 5.000 -5.500
v -22.500 5.000 -4.500
v -22.500 5.000 -3.500
v -22.500 5.000 -2.500
v -22.500 5.000 -1.500
v -22.500 5.000 -0.500
v -22.500 5.000 0.500
v -22.500 5.000 1.500
v -22.500 5.000 2.500
v -22.500 5.000 3.500
v -22.500 5.000 4.500
v -22.500 5.000 5.500
v -22.500 5.000 6.500
v -22.500 5.000 7.500
v -21.500 5.000 7.500
v -21.500 5.000 6.500
v -22.500 6.000 -5.500
v -22.500 6.000 -6.500
v -21.500 6.000 -5.500
v -21.500 6.000 -6.500
v -22.500 6.000 -4.500
v -22.500 6.000 -3.500
v -22.500 6.000 -2.500
v -22.500 6.000 -1.500
v -22.500 6.000 -0.500
v -22.500 6.000 0.500
v -22.500 6.000 1.500
v -22.500 6.000 2.500
v -22.500 6.000 3.500
v -22.500 6.000 4.500
v -22.500 6.000 5.500
v -22.500 6.000 6.500
v -21.500 6.000 6.500
v -21.500 6.000 5.500
v -22.500 7.000 -4.500
v -22.500 7.000 -5.500
v -21.500 7.000 -4.500
v -21.500 7.000 -5.500
v -22.500 7.000 -3.500
v -21.500 7.000 -3.500
v -22.500 7.000 -2.500
v -22.500 7.000 -1.500
v -22.500 7.000 -0.500
v -22.500 7.000 0.500
v -22.500 7.000 1.500
v -22.500 7.000 2.500
v -22.500 7.000 3.500
v -22.500 7.000 4.500
v -21.500 7.000 4.500
v -21.500 7.000 3.500
v -22.500 7.000 5.500
v -21.500 7.000 5.500
v -22.500 8.000 -2.500
v -22.500 8.000 -3.500
v -21.500 8.000 -2.500
v -21.500 8.000 -3.500
v -22.500 8.000 -1.500
v -21.500 8.000 -1.500
v -22.500 8.000 -0.500
v -21.500 8.000 -0.500
v -22.500 8.000 0.500
v -21.500 8.000 0.500
v -22.500 8.000 1.500
v -21.500 8.000 1.500
v -22.500 8.000 2.500
v -21.500 8.000 2.500
v -22.500 8.000 3.500
v -21.500 8.000 3.500
v -20.500 -9.000 -3.500
v -20.500 -8.000 -3.500
v -20.500 -8.000 -2.500
v -20.500 -9.000 -2.500
v -21.500 -9.000 -2.500
v -21.500 -9.000 -3.500
v -20.500 -8.000 -1.500
v -20.500 -9.000 -1.500
v -21.500 -9.000 -1.500
v -20.500 -8.000 -0.500
v -20.500 -9.000 -0.500
v -21.500 -9.000 -0.500
v -20.500 -8.000 0.500
v -20.500 -9.000 0.500
v -21.500 -9.000 0.500
v -20.500 -8.000 1.500
v -20.500 -9.000 1.500
v -21.500 -9.000 1.500
v -20.500 -8.000 2.500
v -20.500 -9.000 2.500
v -21.500 -9.000 2.500
v -20.500 -8.000 3.500
v -20.500 -9.000 3.500
v -21.500 -9.000 3.500
v -20.500 -8.000 -5.500
v -20.500 -7.000 -5.500
v -20.500 -7.000 -4.500
v -20.500 -8.000 -4.500
v -21.500 -8.000 -4.500
v -21.500 -8.000 -5.500
v -20.500 -7.000 -3.500
v -20.500 -7.000 3.500
v -20.500 -7.000 4.500
v -20.500 -8.000 4.500
v -21.500 -8.000 4.500
v -20.500 -7.000 5.500
v -20.500 -8.000 5.500
v -21.500 -8.000 5.500
v -20.500 -7.000 -6.500
v -20.500 -6.000 -6.500
v -20.500 -6.000 -5.500
v -21.500 -7.000 -6.500
v -20.500 -6.000 5.500
v -20.500 -6.000 6.500
v -20.500 -7.000 6.500
v -21.500 -7.000 6.500
v -20.500 -6.000 -7.500
v -20.500 -5.000 -7.500
v -20.500 -5.000 -6.500
v -21.500 -6.000 -7.500
v -20.500 -5.000 6.500
v -20.500 -5.000 7.500
v -20.500 -6.000 7.500
v -21.500 -6.000 7.500
v -20.500 -5.000 -8.500
v -20.500 -4.000 -8.500
v -20.500 -4.000 -7.500
v -21.500 -4.000 -8.500
v -21.500 -5.000 -8.500
v -20.500 -4.000 7.500
v -20.500 -4.000 8.500
v -20.500 -5.000 8.500
v -21.500 -5.000 8.500
v -21.500 -4.000 8.500
v -20.500 -3.000 -8.500
v -20.500 -3.000 -7.500
v -20.500 -3.000 7.500
v -20.500 -3.000 8.500
v -20.500 -3.000 -9.500
v -20.500 -2.000 -9.500
v -20.500 -2.000 -8.500
v -21.500 -2.000 -9.500
v -21.500 -3.000 -9.500
v -20.500 -2.000 8.500
v -20.500 -2.000 9.500
v -20.500 -3.000 9.500
v -21.500 -3.000 9.500
v -21.500 -2.000 9.500
v -20.500 -1.000 -9.500
v -20.500 -1.000 -8.500
v -21.500 -1.000 -9.500
v -20.500 -1.000 8.500
v -20.500 -1.000 9.500
v -21.500 -1.000 9.500
v -20.500 0.000 -9.500
v -20.500 0.000 -8.500
v -21.500 0.000 -9.500
v -20.500 0.000 8.500
v -20.500 0.000 9.500
v -21.500 0.000 9.500
v -20.500 1.000 -9.500
v -20.500 1.000 -8.500
v -21.500 1.000 -9.500
v -20.500 1.000 8.500
v -20.500 1.000 9.500
v -21.500 1.000 9.500
v -20.500 2.000 -9.500
v -20.500 2.000 -8.500
v -21.500 2.000 -9.500
v -20.500 2.000 8.500
v -20.500 2.000 9.500
v -21.500 2.000 9.500
v -20.500 3.000 -9.500
v -20.500 3.000 -8.500
v -21.500 3.000 -9.500
v -20.500 3.000 8.500
v -20.500 3.000 9.500
v -21.500 3.000 9.500
v -20.500 4.000 -8.500
v -20.500 4.000 -7.500
v -20.500 3.000 -7.500
v -21.500 4.000 -8.500
v -20.500 3.000 7.500
v -20.500 4.000 7.500
v -20.500 4.000 8.500
v -21.500 4.000 8.500
v -20.500 5.000 -8.500
v -20.500 5.000 -7.500
v -21.500 5.000 -8.500
v -20.500 5.000 7.500
v -20.500 5.000 8.500
v -21.500 5.000 8.500
v -20.500 6.000 -7.500
v -20.500 6.000 -6.500
v -20.500 5.000 -6.500
v -21.500 6.000 -7.500
v -20.500 5.000 6.500
v -20.500 6.000 6.500
v -20.500 6.000 7.500
v -21.500 6.000 7.500
v -20.500 7.000 -6.500
v -20.500 7.000 -5.500
v -20.500 6.000 -5.500
v -21.500 7.000 -6.500
v -20.500 6.000 5.500
v -20.500 7.000 5.500
v -20.500 7.000 6.500
v -21.500 7.000 6.500
v -20.500 8.000 -5.500
v -20.500 8.000 -4.500
v -20.500 7.000 -4.500
v -21.500 8.000 -4.500
v -21.500 8.000 -5.500
v -20.500 8.000 -3.500
v -20.500 7.000 -3.500
v -20.500 7.000 3.500
v -20.500 8.000 3.500
v -20.500 8.000 4.500
v -20.500 7.000 4.500
v -21.500 8.000 4.500
v -20.500 8.000 5.500
v -21.500 8.000 5.500
v -20.500 9.000 -3.500
v -20.500 9.000 -2.500
v -20.500 8.000 -2.500
v -21.500 9.000 -2.500
v -21.500 9.000 -3.500
v -20.500 9.000 -1.500
v -20.500 8.000 -1.500
v -21.500 9.000 -1.500
v -20.500 9.000 -0.500
v -20.500 8.000 -0.500
v -21.500 9.000 -0.500
v -20.500 9.000 0.500
v -20.500 8.000 0.500
v -21.500 9.000 0.500
v -20.500 9.000 1.500
v -20.500 8.000 1.500
v -21.500 9.000 1.500
v -20.500 9.000 2.500
v -20.500 8.000 2.500
v -21.500 9.000 2.500
v -20.500 9.000 3.500
v -21.500 9.000 3.500
v -19.500 -8.000 -3.500
v -19.500 -7.000 -3.500
v -19.500 -7.000 -2.500
v -19.500 -8.000 -2.500
v -19.500 -7.000 -1.500
v -19.500 -8.000 -1.500
v -19.500 -7.000 -0.500
v -19.500 -8.000 -0.500
v -19.500 -7.000 0.500
v -19.500 -8.000 0.500
v -19.500 -7.000 1.500
v -19.500 -8.000 1.500
v -19.500 -7.000 2.500
v -19.500 -8.000 2.500
v -19.500 -7.000 3.500
v -19.500 -8.000 3.500
v -19.500 -7.000 -5.500
v -19.500 -6.000 -5.500
v -19.500 -6.000 -4.500
v -19.500 -7.000 -4.500
v -19.500 -6.000 -3.500
v -19.500 -6.000 3.500
v -19.500 -6.000 4.500
v -19.500 -7.000 4.500
v -19.500 -6.000 5.500
v -19.500 -7.000 5.500
v -19.500 -6.000 -6.500
v -19.500 -5.000 -6.500
v -19.500 -5.000 -5.500
v -19.500 -5.000 -4.500
v -19.500 -5.000 4.500
v -19.500 -5.000 5.500
v -19.500 -5.000 6.500
v -19.500 -6.000 6.500
v -19.500 -5.000 -7.500
v -19.500 -4.000 -7.500
v -19.500 -4.000 -6.500
v -19.500 -4.000 -5.500
v -19.500 -4.000 5.500
v -19.500 -4.000 6.500
v -19.500 -4.000 7.500
v -19.500 -5.000 7.500
v -19.500 -3.000 -7.500
v -19.500 -3.000 -6.500
v -19.500 -3.000 6.500
v -19.500 -3.000 7.500
v -19.500 -3.000 -8.500
v -19.500 -2.000 -8.500
v -19.500 -2.000 -7.500
v -19.500 -2.000 7.500
v -19.500 -2.000 8.500
v -19.500 -3.000 8.500
v -19.500 -1.000 -8.500
v -19.500 -1.000 -7.500
v -19.500 -1.000 7.500
v -19.500 -1.000 8.500
v -19.500 0.000 -8.500
v -19.500 0.000 -7.500
v -19.500 0.000 7.500
v -19.500 0.000 8.500
v -19.500 1.000 -8.500
v -19.500 1.000 -7.500
v -19.500 1.000 7.500
v -19.500 1.000 8.500
v -19.500 2.000 -8.500
v -19.500 2.000 -7.500
v -19.500 2.000 7.500
v -19.500 2.000 8.500
v -19.500 3.000 -8.500
v -19.500 3.000 -7.500
v -19.500 3.000 7.500
v -19.500 3.000 8.500
v -19.500 4.000 -7.500
v -19.500 4.000 -6.500
v -19.500 3.000 -6.500
v -19.500 3.000 6.500
v -19.500 4.000 6.500
v -19.500 4.000 7.500
v -19.500 5.000 -7.500
v -19.500 5.000 -6.500
v -19.500 5.000 -5.500
v -19.500 4.000 -5.500
v -19.500 4.000 5.500
v -19.500 5.000 5.500
v -19.500 5.000 6.500
v -19.500 5.000 7.500
v -19.500 6.000 -6.500
v -19.500 6.000 -5.500
v -19.500 6.000 -4.500
v -19.500 5.000 -4.500
v -19.500 5.000 4.500
v -19.500 6.000 4.500
v -19.500 6.000 5.500
v -19.500 6.000 6.500
v -19.500 7.000 -5.500
v -19.500 7.000 -4.500
v -19.500 7.000 -3.500
v -19.500 6.000 -3.500
v -19.500 6.000 3.500
v -19.500 7.000 3.500
v -19.500 7.000 4.500
v -19.500 7.000 5.500
v -19.500 8.000 -3.500
v -19.500 8.000 -2.500
v -19.500 7.000 -2.500
v -19.500 8.000 -1.500
v -19.500 7.000 -1.500
v -19.500 8.000 -0.500
v -19.500 7.000 -0.500
v -19.500 8.000 0.500
v -19.500 7.000 0.500
v -19.500 8.000 1.500
v -19.500 7.000 1.500
v -19.500 8.000 2.500
v -19.500 7.000 2.500
v -19.500 8.000 3.500
v -18.500 -7.000 -3.500
v -18.500 -7.000 -2.500
v -18.500 -6.000 -3.500
v -18.500 -7.000 -1.500
v -18.500 -7.000 -0.500
v -18.500 -7.000 0.500
v -18.500 -7.000 1.500
v -18.500 -7.000 2.500
v -18.500 -7.000 3.500
v -18.500 -6.000 3.500
v -18.500 -6.000 -4.500
v -18.500 -5.000 -4.500
v -18.500 -6.000 4.500
v -18.500 -5.000 4.500
v -18.500 -5.000 -5.500
v -18.500 -4.000 -5.500
v -18.500 -5.000 5.500
v -18.500 -4.000 5.500
v -18.500 -4.000 -6.500
v -18.500 -3.000 -6.500
v -18.500 -4.000 6.500
v -18.500 -3.000 6.500
v -18.500 -3.000 -7.500
v -18.500 -2.000 -7.500
v -18.500 -3.000 7.500
v -18.500 -2.000 7.500
v -18.500 -1.000 -7.500
v -18.500 -1.000 7.500
v -18.500 0.000 -7.500
v -18.500 0.000 7.500
v -18.500 1.000 -7.500
v -18.500 1.000 7.500
v -18.500 2.000 -7.500
v -18.500 2.000 7.500
v -18.500 3.000 -6.500
v -18.500 3.000 -7.500
v -18.500 3.000 7.500
v -18.500 3.000 6.500
v -18.500 4.000 -5.500
v -18.500 4.000 -6.500
v -18.500 4.000 6.500
v -18.500 4.000 5.500
v -18.500 5.000 -4.500
v -18.500 5.000 -5.500
v -18.500 5.000 5.500
v -18.500 5.000 4.500
v -18.500 6.000 -3.500
v -18.500 6.000 -4.500
v -18.500 6.000 4.500
v -18.500 6.000 3.500
v -18.500 7.000 -2.500
v -18.500 7.000 -3.500
v -18.500 7.000 -1.500
v -18.500 7.000 -0.500
v -18.500 7.000 0.500
v -18.500 7.000 1.500
v -18.500 7.000 2.500
v -18.500 7.000 3.500
v -18.500 -8.000 -2.500
v -18.500 -8.000 -3.500
v -17.500 -8.000 -3.500
v -17.500 -8.000 -2.500
v -17.500 -7.000 -3.500
v -18.500 -8.000 -1.500
v -17.500 -8.000 -1.500
v -18.500 -8.000 -0.500
v -17.500 -8.000 -0.500
v -18.500 -8.000 0.500
v -17.500 -8.000 0.500
v -18.500 -8.000 1.500
v -17.500 -8.000 1.500
v -18.500 -8.000 2.500
v -17.500 -8.000 2.500
v -18.500 -8.000 3.500
v -17.500 -8.000 3.500
v -17.500 -7.000 3.500
v -18.500 -7.000 -4.500
v -18.500 -6.000 -5.500
v -18.500 -7.000 -5.500
v -17.500 -7.000 -5.500
v -17.500 -7.000 -4.500
v -17.500 -6.000 -5.500
v -18.500 -7.000 4.500
v -17.500 -7.000 4.500
v -18.500 -7.000 5.500
v -18.500 -6.000 5.500
v -17.500 -7.000 5.500
v -17.500 -6.000 5.500
v -18.500 -5.000 -6.500
v -18.500 -6.000 -6.500
v -17.500 -6.000 -6.500
v -17.500 -5.000 -6.500
v -18.500 -6.000 6.500
v -18.500 -5.000 6.500
v -17.500 -6.000 6.500
v -17.500 -5.000 6.500
v -18.500 -4.000 -7.500
v -18.500 -5.000 -7.500
v -17.500 -5.000 -7.500
v -17.500 -4.000 -7.500
v -18.500 -5.000 7.500
v -18.500 -4.000 7.500
v -17.500 -5.000 7.500
v -17.500 -4.000 7.500
v -17.500 -3.000 -7.500
v -17.500 -3.000 7.500
v -18.500 -2.000 -8.500
v -18.500 -3.000 -8.500
v -17.500 -3.000 -8.500
v -17.500 -2.000 -8.500
v -18.500 -3.000 8.500
v -18.500 -2.000 8.500
v -17.500 -3.000 8.500
v -17.500 -2.000 8.500
v -18.500 -1.000 -8.500
v -17.500 -1.000 -8.500
v -18.500 -1.000 8.500
v -17.500 -1.000 8.500
v -18.500 0.000 -8.500
v -17.500 0.000 -8.500
v -18.500 0.000 8.500
v -17.500 0.000 8.500
v -18.500 1.000 -8.500
v -17.500 1.000 -8.500
v -18.500 1.000 8.500
v -17.500 1.000 8.500
v -18.500 2.000 -8.500
v -17.500 2.000 -8.500
v -18.500 2.000 8.500
v -17.500 2.000 8.500
v -18.500 3.000 -8.500
v -17.500 3.000 -7.500
v -17.500 3.000 -8.500
v -18.500 3.000 8.500
v -17.500 3.000 8.500
v -17.500 3.000 7.500
v -18.500 4.000 -7.500
v -17.500 4.000 -7.500
v -18.500 4.000 7.500
v -17.500 4.000 7.500
v -18.500 5.000 -6.500
v -18.500 5.000 -7.500
v -17.500 5.000 -6.500
v -17.500 5.000 -7.500
v -18.500 5.000 6.500
v -18.500 5.000 7.500
v -17.500 5.000 7.500
v -17.500 5.000 6.500
v -18.500 6.000 -5.500
v -18.500 6.000 -6.500
v -17.500 6.000 -5.500
v -17.500 6.000 -6.500
v -18.500 6.000 5.500
v -18.500 6.000 6.500
v -17.500 6.000 6.500
v -17.500 6.000 5.500
v -18.500 7.000 -4.500
v -18.500 7.000 -5.500
v -17.500 7.000 -4.500
v -17.500 7.000 -5.500
v -17.500 7.000 -3.500
v -18.500 7.000 4.500
v -17.500 7.000 4.500
v -17.500 7.000 3.500
v -18.500 7.000 5.500
v -17.500 7.000 5.500
v -18.500 8.000 -2.500
v -18.500 8.000 -3.500
v -17.500 8.000 -2.500
v -17.500 8.000 -3.500
v -18.500 8.000 -1.500
v -17.500 8.000 -1.500
v -18.500 8.000 -0.500
v -17.500 8.000 -0.500
v -18.500 8.000 0.500
v -17.500 8.000 0.500
v -18.500 8.000 1.500
v -17.500 8.000 1.500
v -18.500 8.000 2.500
v -17.500 8.000 2.500
v -18.500 8.000 3.500
v -17.500 8.000 3.500
v -16.500 -8.000 -3.500
v -16.500 -8.000 -2.500
v -16.500 -7.000 -3.500
v -16.500 -8.000 -1.500
v -16.500 -8.000 -0.500
v -16.500 -8.000 0.500
v -16.500 -8.000 1.500
v -16.500 -8.000 2.500
v -16.500 -8.000 3.500
v -16.500 -7.000 3.500
v -16.500 -7.000 -5.500
v -16.500 -7.000 -4.500
v -16.500 -6.000 -5.500
v -16.500 -7.000 4.500
v -16.500 -7.000 5.500
v -16.500 -6.000 5.500
v -16.500 -6.000 -6.500
v -16.500 -5.000 -6.500
v -16.500 -6.000 6.500
v -16.500 -5.000 6.500
v -16.500 -5.000 -7.500
v -16.500 -4.000 -7.500
v -16.500 -5.000 7.500
v -16.500 -4.000 7.500
v -16.500 -3.000 -7.500
v -16.500 -3.000 7.500
v -16.500 -3.000 -8.500
v -16.500 -2.000 -8.500
v -16.500 -3.000 8.500
v -16.500 -2.000 8.500
v -16.500 -1.000 -8.500
v -16.500 -1.000 8.500
v -16.500 0.000 -8.500
v -16.500 0.000 8.500
v -16.500 1.000 -8.500
v -16.500 1.000 8.500
v -16.500 2.000 -8.500
v -16.500 2.000 8.500
v -16.500 3.000 -7.500
v -16.500 3.000 -8.500
v -16.500 3.000 8.500
v -16.500 3.000 7.500
v -16.500 4.000 -7.500
v -16.500 4.000 7.500
v -16.500 5.000 -6.500
v -16.500 5.000 -7.500
v -16.500 5.000 7.500
v -16.500 5.000 6.500
v -16.500 6.000 -5.500
v -16.500 6.000 -6.500
v -16.500 6.000 6.500
v -16.500 6.000 5.500
v -16.500 7.000 -4.500
v -16.500 7.000 -5.500
v -16.500 7.000 -3.500
v -16.500 7.000 4.500
v -16.500 7.000 3.500
v -16.500 7.000 5.500
v -16.500 8.000 -2.500
v -16.500 8.000 -3.500
v -16.500 8.000 -1.500
v -16.500 8.000 -0.500
v -16.500 8.000 0.500
v -16.500 8.000 1.500
v -16.500 8.000 2.500
v -16.500 8.000 3.500
v -15.500 -9.000 -3.500
v -15.500 -8.000 -3.500
v -15.500 -8.000 -2.500
v -15.500 -9.000 -2.500
v -16.500 -9.000 -2.500
v -16.500 -9.000 -3.500
v -15.500 -8.000 -1.500
v -15.500 -9.000 -1.500
v -16.500 -9.000 -1.500
v -15.500 -8.000 -0.500
v -15.500 -9.000 -0.500
v -16.500 -9.000 -0.500
v -15.500 -8.000 0.500
v -15.500 -9.000 0.500
v -16.500 -9.000 0.500
v -15.500 -8.000 1.500
v -15.500 -9.000 1.500
v -16.500 -9.000 1.500
v -15.500 -8.000 2.500
v -15.500 -9.000 2.500
v -16.500 -9.000 2.500
v -15.500 -8.000 3.500
v -15.500 -9.000 3.500
v -16.500 -9.000 3.500
v -15.500 -8.000 -5.500
v -15.500 -7.000 -5.500
v -15.500 -7.000 -4.500
v -15.500 -8.000 -4.500
v -16.500 -8.000 -4.500
v -16.500 -8.000 -5.500
v -15.500 -7.000 -3.500
v -15.500 -7.000 3.500
v -15.500 -7.000 4.500
v -15.500 -8.000 4.500
v -16.500 -8.000 4.500
v -15.500 -7.000 5.500
v -15.500 -8.000 5.500
v -16.500 -8.000 5.500
v -15.500 -7.000 -6.500
v -15.500 -6.000 -6.500
v -15.500 -6.000 -5.500
v -16.500 -7.000 -6.500
v -15.500 -6.000 5.500
v -15.500 -6.000 6.500
v -15.500 -7.000 6.500
v -16.500 -7.000 6.500
v -15.500 -6.000 -7.500
v -15.500 -5.000 -7.500
v -15.500 -5.000 -6.500
v -16.500 -6.000 -7.500
v -15.500 -5.000 6.500
v -15.500 -5.000 7.500
v -15.500 -6.000 7.500
v -16.500 -6.000 7.500
v -15.500 -5.000 -8.500
v -15.500 -4.000 -8.500
v -15.500 -4.000 -7.500
v -16.500 -4.000 -8.500
v -16.500 -5.000 -8.500
v -15.500 -4.000 7.500
v -15.500 -4.000 8.500
v -15.500 -5.000 8.500
v -16.500 -5.000 8.500
v -16.500 -4.000 8.500
v -15.500 -3.000 -8.500
v -15.500 -3.000 -7.500
v -15.500 -3.000 7.500
v -15.500 -3.000 8.500
v -15.500 -3.000 -9.500
v -15.500 -2.000 -9.500
v -15.500 -2.000 -8.500
v -16.500 -2.000 -9.500
v -16.500 -3.000 -9.500
v -15.500 -2.000 8.500
v -15.500 -2.000 9.500
v -15.500 -3.000 9.500
v -16.500 -3.000 9.500
v -16.500 -2.000 9.500
v -15.500 -1.000 -9.500
v -15.500 -1.000 -8.500
v -16.500 -1.000 -9.500
v -15.500 -1.000 8.500
v -15.500 -1.000 9.500
v -16.500 -1.000 9.500
v -15.500 0.000 -9.500
v -15.500 0.000 -8.500
v -16.500 0.000 -9.500
v -15.500 0.000 8.500
v -15.500 0.000 9.500
v -16.500 0.000 9.500
v -15.500 1.000 -9.500
v -15.500 1.000 -8.500
v -16.500 1.000 -9.500
v -15.500 1.000 8.500
v -15.500 1.000 9.500
v -16.500 1.000 9.500
v -15.500 2.000 -9.500
v -15.500 2.000 -8.500
v -16.500 2.000 -9.500
v -15.500 2.000 8.500
v -15.500 2.000 9.500
v -16.500 2.000 9.500
v -15.500 3.000 -9.500
v -15.500 3.000 -8.500
v -16.500 3.000 -9.500
v -15.500 3.000 8.500
v -15.500 3.000 9.500
v -16.500 3.000 9.500
v -15.500 4.000 -8.500
v -15.500 4.000 -7.500
v -15.500 3.000 -7.500
v -16.500 4.000 -8.500
v -15.500 3.000 7.500
v -15.500 4.000 7.500
v -15.500 4.000 8.500
v -16.500 4.000 8.500
v -15.500 5.000 -8.500
v -15.500 5.000 -7.500
v -16.500 5.000 -8.500
v -15.500 5.000 7.500
v -15.500 5.000 8.500
v -16.500 5.000 8.500
v -15.500 6.000 -7.500
v -15.500 6.000 -6.500
v -15.500 5.000 -6.500
v -16.500 6.000 -7.500
v -15.500 5.000 6.500
v -15.500 6.000 6.500
v -15.500 6.000 7.500
v -16.500 6.000 7.500
v -15.500 7.000 -6.500
v -15.500 7.000 -5.500
v -15.500 6.000 -5.500
v -16.500 7.000 -6.500
v -15.500 6.000 5.500
v -15.500 7.000 5.500
v -15.500 7.000 6.500
v -16.500 7.000 6.500
v -15.500 8.000 -5.500
v -15.500 8.000 -4.500
v -15.500 7.000 -4.500
v -16.500 8.000 -4.500
v -16.500 8.000 -5.500
v -15.500 8.000 -3.500
v -15.500 7.000 -3.500
v -15.500 7.000 3.500
v -15.500 8.000 3.500
v -15.500 8.000 4.500
v -15.500 7.000 4.500
v -16.500 8.000 4.500
v -15.500 8.000 5.500
v -16.500 8.000 5.500
v -15.500 9.000 -3.500
v -15.500 9.000 -2.500
v -15.500 8.000 -2.500
v -16.500 9.000 -2.500
v -16.500 9.000 -3.500
v -15.500 9.000 -1.500
v -15.500 8.000 -1.500
v -16.500 9.000 -1.500
v -15.500 9.000 -0.500
v -15.500 8.000 -0.500
v -16.500 9.000 -0.500
v -15.500 9.000 0.500
v -15.500 8.000 0.500
v -16.500 9.000 0.500
v -15.500 9.000 1.500
v -15.500 8.000 1.500
v -16.500 9.000 1.500
v -15.500 9.000 2.500
v -15.500 8.000 2.500
v -16.500 9.000 2.500
v -15.500 9.000 3.500
v -16.500 9.000 3.500
v -14.500 -8.000 -3.500
v -14.500 -8.000 -2.500
v -14.500 -7.000 -3.500
v -14.500 -8.000 -1.500
v -14.500 -8.000 -0.500
v -14.500 -8.000 0.500
v -14.500 -8.000 1.500
v -14.500 -8.000 2.500
v -14.500 -8.000 3.500
v -14.500 -7.000 3.500
v -14.500 -7.000 -5.500
v -14.500 -7.000 -4.500
v -14.500 -6.000 -5.500
v -14.500 -7.000 4.500
v -14.500 -7.000 5.500
v -14.500 -6.000 5.500
v -14.500 -6.000 -6.500
v -14.500 -5.000 -6.500
v -14.500 -6.000 6.500
v -14.500 -5.000 6.500
v -14.500 -5.000 -7.500
v -14.500 -4.000 -7.500
v -14.500 -5.000 7.500
v -14.500 -4.000 7.500
v -14.500 -3.000 -7.500
v -14.500 -3.000 7.500
v -14.500 -3.000 -8.500
v -14.500 -2.000 -8.500
v -14.500 -3.000 8.500
v -14.500 -2.000 8.500
v -14.500 -1.000 -8.500
v -14.500 -1.000 8.500
v -14.500 0.000 -8.500
v -14.500 0.000 8.500
v -14.500 1.000 -8.500
v -14.500 1.000 8.500
v -14.500 2.000 -8.500
v -14.500 2.000 8.500
v -14.500 3.000 -7.500
v -14.500 3.000 -8.500
v -14.500 3.000 8.500
v -14.500 3.000 7.500
v -14.500 4.000 -7.500
v -14.500 4.000 7.500
v -14.500 5.000 -6.500
v -14.500 5.000 -7.500
v -14.500 5.000 7.500
v -14.500 5.000 6.500
v -14.500 6.000 -5.500
v -14.500 6.000 -6.500
v -14.500 6.000 6.500
v -14.500 6.000 5.500
v -14.500 7.000 -4.500
v -14.500 7.000 -5.500
v -14.500 7.000 -3.500
v -14.500 7.000 4.500
v -14.500 7.000 3.500
v -14.500 7.000 5.500
v -14.500 8.000 -2.500
v -14.500 8.000 -3.500
v -14.500 8.000 -1.500
v -14.500 8.000 -0.500
v -14.500 8.000 0.500
v -14.500 8.000 1.500
v -14.500 8.000 2.500
v -14.500 8.000 3.500
v -13.500 -8.000 -3.500
v -13.500 -7.000 -3.500
v -13.500 -7.000 -2.500
v -13.500 -8.000 -2.500
v -13.500 -7.000 -1.500
v -13.500 -8.000 -1.500
v -13.500 -7.000 -0.500
v -13.500 -8.000 -0.500
v -13.500 -7.000 0.500
v -13.500 -8.000 0.500
v -13.500 -7.000 1.500
v -13.500 -8.000 1.500
v -13.500 -7.000 2.500
v -13.500 -8.000 2.500
v -13.500 -7.000 3.500
v -13.500 -8.000 3.500
v -13.500 -7.000 -5.500
v -13.500 -6.000 -5.500
v -13.500 -6.000 -4.500
v -13.500 -7.000 -4.500
v -13.500 -6.000 -3.500
v -13.500 -6.000 -2.500
v -13.500 -6.000 -1.500
v -13.500 -6.000 -0.500
v -13.500 -6.000 0.500
v -13.500 -6.000 1.500
v -13.500 -6.000 2.500
v -13.500 -6.000 3.500
v -13.500 -6.000 4.500
v -13.500 -7.000 4.500
v -13.500 -6.000 5.500
v -13.500 -7.000 5.500
v -13.500 -6.000 -6.500
v -13.500 -5.000 -6.500
v -13.500 -5.000 -5.500
v -13.500 -5.000 -4.500
v -13.500 -5.000 -3.500
v -13.500 -5.000 -2.500
v -13.500 -5.000 -1.500
v -13.500 -5.000 -0.500
v -13.500 -5.000 0.500
v -13.500 -5.000 1.500
v -13.500 -5.000 2.500
v -13.500 -5.000 3.500
v -13.500 -5.000 4.500
v -13.500 -5.000 5.500
v -13.500 -5.000 6.500
v -13.500 -6.000 6.500
v -13.500 -5.000 -7.500
v -13.500 -4.000 -7.500
v -13.500 -4.000 -6.500
v -13.500 -4.000 -5.500
v -13.500 -4.000 -4.500
v -13.500 -4.000 -3.500
v -13.500 -4.000 -2.500
v -13.500 -4.000 -1.500
v -13.500 -4.000 -0.500
v -13.500 -4.000 0.500
v -13.500 -4.000 1.500
v -13.500 -4.000 2.500
v -13.500 -4.000 3.500
v -13.500 -4.000 4.500
v -13.500 -4.000 5.500
v -13.500 -4.000 6.500
v -13.500 -4.000 7.500
v -13.500 -5.000 7.500
v -13.500 -3.000 -7.500
v -13.500 -3.000 -6.500
v -13.500 -3.000 -5.500
v -13.500 -3.000 -4.500
v -13.500 -3.000 -3.500
v -13.500 -3.000 -2.500
v -13.500 -3.000 -1.500
v -13.500 -3.000 -0.500
v -13.500 -3.000 0.500
v -13.500 -3.000 1.500
v -13.500 -3.000 2.500
v -13.500 -3.000 3.500
v -13.500 -3.000 4.500
v -13.500 -3.000 5.500
v -13.500 -3.000 6.500
v -13.500 -3.000 7.500
v -13.500 -3.000 -8.500
v -13.500 -2.000 -8.500
v -13.500 -2.000 -7.500
v -13.500 -2.000 -6.500
v -13.500 -2.000 -5.500
v -13.500 -2.000 -4.500
v -13.500 -2.000 -3.500
v -13.500 -2.000 -2.500
v -13.500 -2.000 -1.500
v -13.500 -2.000 -0.500
v -13.500 -2.000 0.500
v -13.500 -2.000 1.500
v -13.500 -2.000 2.500
v -13.500 -2.000 3.500
v -13.500 -2.000 4.500
v -13.500 -2.000 5.500
v -13.500 -2.000 6.500
v -13.500 -2.000 7.500
v -13.500 -2.000 8.500
v -13.500 -3.000 8.500
v -13.500 -1.000 -8.500
v -13.500 -1.000 -7.500
v -13.500 -1.000 -6.500
v -13.500 -1.000 -5.500
v -13.500 -1.000 -4.500
v -13.500 -1.000 -3.500
v -13.500 -1.000 -2.500
v -13.500 -1.000 -1.500
v -13.500 -1.000 1.500
v -13.500 -1.000 2.500
v -13.500 -1.000 3.500
v -13.500 -1.000 4.500
v -13.500 -1.000 5.500
v -13.500 -1.000 6.500
v -13.500 -1.000 7.500
v -13.500 -1.000 8.500
v -13.500 0.000 -8.500
v -13.500 0.000 -7.500
v -13.500 0.000 -6.500
v -13.500 0.000 -5.500
v -13.500 0.000 -4.500
v -13.500 0.000 -3.500
v -13.500 0.000 -2.500
v -13.500 0.000 2.500
v -13.500 0.000 3.500
v -13.500 0.000 4.500
v -13.500 0.000 5.500
v -13.500 0.000 6.500
v -13.500 0.000 7.500
v -13.500 0.000 8.500
v -13.500 1.000 -8.500
v -13.500 1.000 -7.500
v -13.500 1.000 -6.500
v -13.500 1.000 -5.500
v -13.500 1.000 -4.500
v -13.500 1.000 -3.500
v -13.500 1.000 -2.500
v -13.500 1.000 2.500
v -13.500 1.000 3.500
v -13.500 1.000 4.500
v -13.500 1.000 5.500
v -13.500 1.000 6.500
v -13.500 1.000 7.500
v -13.500 1.000 8.500
v -13.500 2.000 -8.500
v -13.500 2.000 -7.500
v -13.500 2.000 -6.500
v -13.500 2.000 -5.500
v -13.500 2.000 -4.500
v -13.500 2.000 -3.500
v -13.500 2.000 -2.500
v -13.500 2.000 -1.500
v -13.500 1.000 -1.500
v -13.500 1.000 1.500
v -13.500 2.000 1.500
v -13.500 2.000 2.500
v -13.500 2.000 3.500
v -13.500 2.000 4.500
v -13.500 2.000 5.500
v -13.500 2.000 6.500
v -13.500 2.000 7.500
v -13.500 2.000 8.500
v -13.500 3.000 -8.500
v -13.500 3.000 -7.500
v -13.500 3.000 -6.500
v -13.500 3.000 -5.500
v -13.500 3.000 -4.500
v -13.500 3.000 -3.500
v -13.500 3.000 -2.500
v -13.500 3.000 -1.500
v -13.500 3.000 -0.500
v -13.500 2.000 -0.500
v -13.500 3.000 0.500
v -13.500 2.000 0.500
v -13.500 3.000 1.500
v -13.500 3.000 2.500
v -13.500 3.000 3.500
v -13.500 3.000 4.500
v -13.500 3.000 5.500
v -13.500 3.000 6.500
v -13.500 3.000 7.500
v -13.500 3.000 8.500
v -13.500 4.000 -7.500
v -13.500 4.000 -6.500
v -13.500 4.000 -5.500
v -13.500 4.000 -4.500
v -13.500 4.000 -3.500
v -13.500 4.000 -2.500
v -13.500 4.000 -1.500
v -13.500 4.000 -0.500
v -13.500 4.000 0.500
v -13.500 4.000 1.500
v -13.500 4.000 2.500
v -13.500 4.000 3.500
v -13.500 4.000 4.500
v -13.500 4.000 5.500
v -13.500 4.000 6.500
v -13.500 4.000 7.500
v -13.500 5.000 -7.500
v -13.500 5.000 -6.500
v -13.500 5.000 -5.500
v -13.500 5.000 -4.500
v -13.500 5.000 -3.500
v -13.500 5.000 -2.500
v -13.500 5.000 -1.500
v -13.500 5.000 -0.500
v -13.500 5.000 0.500
v -13.500 5.000 1.500
v -13.500 5.000 2.500
v -13.500 5.000 3.500
v -13.500 5.000 4.500
v -13.500 5.000 5.500
v -13.500 5.000 6.500
v -13.500 5.000 7.500
v -13.500 6.000 -6.500
v -13.500 6.000 -5.500
v -13.500 6.000 -4.500
v -13.500 6.000 -3.500
v -13.500 6.000 -2.500
v -13.500 6.000 -1.500
v -13.500 6.000 -0.500
v -13.500 6.000 0.500
v -13.500 6.000 1.500
v -13.500 6.000 2.500
v -13.500 6.000 3.500
v -13.500 6.000 4.500
v -13.500 6.000 5.500
v -13.500 6.000 6.500
v -13.500 7.000 -5.500
v -13.500 7.000 -4.500
v -13.500 7.000 -3.500
v -13.500 7.000 -2.500
v -13.500 7.000 -1.500
v -13.500 7.000 -0.500
v -13.500 7.000 0.500
v -13.500 7.000 1.500
v -13.500 7.000 2.500
v -13.500 7.000 3.500
v -13.500 7.000 4.500
v -13.500 7.000 5.500
v -13.500 8.000 -3.500
v -13.500 8.000 -2.500
v -13.500 8.000 -1.500
v -13.500 8.000 -0.500
v -13.500 8.000 0.500
v -13.500 8.000 1.500
v -13.500 8.000 2.500
v -13.500 8.000 3.500
v -12.500 -2.000 -1.500
v -12.500 -2.000 -0.500
v -12.500 -1.000 -1.500
v -12.500 -2.000 0.500
v -12.500 -2.000 1.500
v -12.500 -1.000 1.500
v -12.500 -1.000 -2.500
v -12.500 0.000 -2.500
v -12.500 -1.000 2.500
v -12.500 0.000 2.500
v -12.500 1.000 -1.500
v -12.500 1.000 -2.500
v -12.500 1.000 2.500
v -12.500 1.000 1.500
v -12.500 2.000 -0.500
v -12.500 2.000 -1.500
v -12.500 2.000 0.500
v -12.500 2.000 1.500
v -11.500 -2.000 -1.500
v -11.500 -2.000 -0.500
v -11.500 -1.000 -1.500
v -11.500 -2.000 0.500
v -11.500 -2.000 1.500
v -11.500 -1.000 1.500
v -11.500 -1.000 -2.500
v -11.500 0.000 -2.500
v -11.500 -1.000 2.500
v -11.500 0.000 2.500
v -11.500 1.000 -1.500
v -11.500 1.000 -2.500
v -11.500 1.000 2.500
v -11.500 1.000 1.500
v -11.500 2.000 -0.500
v -11.500 2.000 -1.500
v -11.500 2.000 0.500
v -11.500 2.000 1.500
v -10.500 -2.000 -1.500
v -10.500 -2.000 -0.500
v -10.500 -1.000 -1.500
v -10.500 -2.000 0.500
v -10.500 -2.000 1.500
v -10.500 -1.000 1.500
v -10.500 -1.000 -2.500
v -10.500 0.000 -2.500
v -10.500 -1.000 2.500
v -10.500 0.000 2.500
v -10.500 1.000 -1.500
v -10.500 1.000 -2.500
v -10.500 1.000 2.500
v -10.500 1.000 1.500
v -10.500 2.000 -0.500
v -10.500 2.000 -1.500
v -10.500 2.000 0.500
v -10.500 2.000 1.500
v -9.500 -2.000 -1.500
v -9.500 -2.000 -0.500
v -9.500 -1.000 -1.500
v -9.500 -2.000 0.500
v -9.500 -2.000 1.500
v -9.500 -1.000 1.500
v -9.500 -1.000 -2.500
v -9.500 0.000 -2.500
v -9.500 -1.000 2.500
v -9.500 0.000 2.500
v -9.500 1.000 -1.500
v -9.500 1.000 -2.500
v -9.500 1.000 2.500
v -9.500 1.000 1.500
v -9.500 2.000 -0.500
v -9.500 2.000 -1.500
v -9.500 2.000 0.500
v -9.500 2.000 1.500
v -8.500 -2.000 -1.500
v -8.500 -2.000 -0.500
v -8.500 -1.000 -1.500
v -8.500 -2.000 0.500
v -8.500 -2.000 1.500
v -8.500 -1.000 1.500
v -8.500 -1.000 -2.500
v -8.500 0.000 -2.500
v -8.500 -1.000 2.500
v -8.500 0.000 2.500
v -8.500 1.000 -1.500
v -8.500 1.000 -2.500
v -8.500 1.000 2.500
v -8.500 1.000 1.500
v -8.500 2.000 -0.500
v -8.500 2.000 -1.500
v -8.500 2.000 0.500
v -8.500 2.000 1.500
v -8.500 -4.000 -1.500
v -8.500 -3.000 -1.500
v -8.500 -3.000 -2.500
v -8.500 -4.000 -2.500
v -7.500 -4.000 -2.500
v -7.500 -4.000 -1.500
v -7.500 -3.000 -2.500
v -8.500 -4.000 -0.500
v -8.500 -3.000 -0.500
v -7.500 -4.000 -0.500
v -8.500 -4.000 0.500
v -8.500 -3.000 0.500
v -7.500 -4.000 0.500
v -8.500 -4.000 1.500
v -8.500 -3.000 1.500
v -7.500 -4.000 1.500
v -8.500 -4.000 2.500
v -8.500 -3.000 2.500
v -7.500 -4.000 2.500
v -7.500 -3.000 2.500
v -7.500 -3.000 -3.500
v -7.500 -2.000 -3.500
v -7.500 -2.000 -2.500
v -8.500 -2.000 -2.500
v -8.500 -2.000 -3.500
v -8.500 -3.000 -3.500
v -8.500 -2.000 2.500
v -7.500 -2.000 2.500
v -7.500 -2.000 3.500
v -7.500 -3.000 3.500
v -8.500 -3.000 3.500
v -8.500 -2.000 3.500
v -7.500 -2.000 -4.500
v -7.500 -1.000 -4.500
v -7.500 -1.000 -3.500
v -8.500 -1.000 -3.500
v -8.500 -1.000 -4.500
v -8.500 -2.000 -4.500
v -8.500 -1.000 3.500
v -7.500 -1.000 3.500
v -7.500 -1.000 4.500
v -7.500 -2.000 4.500
v -8.500 -2.000 4.500
v -8.500 -1.000 4.500
v -8.500 0.000 -3.500
v -8.500 0.000 -4.500
v -7.500 0.000 -4.500
v -8.500 0.000 3.500
v -8.500 0.000 4.500
v -7.500 0.000 4.500
v -8.500 1.000 -3.500
v -8.500 1.000 -4.500
v -7.500 1.000 -4.500
v -8.500 1.000 3.500
v -8.500 1.000 4.500
v -7.500 1.000 4.500
v -7.500 2.000 -4.500
v -7.500 2.000 -3.500
v -7.500 1.000 -3.500
v -8.500 2.000 -3.500
v -8.500 2.000 -4.500
v -8.500 2.000 -2.500
v -8.500 2.000 2.500
v -8.500 2.000 3.500
v -7.500 1.000 3.500
v -7.500 2.000 3.500
v -7.500 2.000 4.500
v -8.500 2.000 4.500
v -7.500 3.000 -3.500
v -7.500 3.000 -2.500
v -7.500 2.000 -2.500
v -8.500 3.000 -2.500
v -8.500 3.000 -3.500
v -8.500 3.000 -1.500
v -8.500 3.000 -0.500
v -8.500 3.000 0.500
v -8.500 3.000 1.500
v -8.500 3.000 2.500
v -7.500 2.000 2.500
v -7.500 3.000 2.500
v -7.500 3.000 3.500
v -8.500 3.000 3.500
v -8.500 4.000 -1.500
v -8.500 4.000 -2.500
v -7.500 4.000 -1.500
v -7.500 4.000 -2.500
v -8.500 4.000 -0.500
v -7.500 4.000 -0.500
v -8.500 4.000 0.500
v -7.500 4.000 0.500
v -8.500 4.000 1.500
v -7.500 4.000 1.500
v -8.500 4.000 2.500
v -7.500 4.000 2.500
v -7.500 -6.000 -0.500
v -7.500 -5.000 -0.500
v -7.500 -5.000 -1.500
v -7.500 -6.000 -1.500
v -6.500 -6.000 -1.500
v -6.500 -6.000 -0.500
v -6.500 -5.000 -1.500
v -7.500 -6.000 0.500
v -7.500 -5.000 0.500
v -6.500 -6.000 0.500
v -7.500 -6.000 1.500
v -7.500 -5.000 1.500
v -6.500 -6.000 1.500
v -6.500 -5.000 1.500
v -7.500 -5.000 -2.500
v -6.500 -5.000 -2.500
v -6.500 -4.000 -2.500
v -7.500 -5.000 2.500
v -6.500 -5.000 2.500
v -6.500 -4.000 2.500
v -6.500 -3.000 -2.500
v -6.500 -3.000 2.500
v -6.500 -2.000 -2.500
v -6.500 -2.000 2.500
v -6.500 -2.000 -3.500
v -6.500 -1.000 -3.500
v -6.500 -2.000 3.500
v -6.500 -1.000 3.500
v -7.500 0.000 -5.500
v -7.500 -1.000 -5.500
v -6.500 -1.000 -5.500
v -6.500 -1.000 -4.500
v -6.500 0.000 -5.500
v -6.500 -1.000 4.500
v -7.500 -1.000 5.500
v -7.500 0.000 5.500
v -6.500 -1.000 5.500
v -6.500 0.000 5.500
v -7.500 1.000 -5.500
v -6.500 1.000 -4.500
v -6.500 1.000 -5.500
v -6.500 1.000 -3.500
v -6.500 1.000 4.500
v -6.500 1.000 3.500
v -7.500 1.000 5.500
v -6.500 1.000 5.500
v -6.500 2.000 -2.500
v -6.500 2.000 -3.500
v -6.500 2.000 3.500
v -6.500 2.000 2.500
v -6.500 3.000 -2.500
v -6.500 3.000 2.500
v -6.500 4.000 -2.500
v -6.500 4.000 2.500
v -7.500 5.000 -1.500
v -7.500 5.000 -2.500
v -6.500 5.000 -1.500
v -6.500 5.000 -2.500
v -7.500 5.000 -0.500
v -7.500 5.000 0.500
v -7.500 5.000 1.500
v -7.500 5.000 2.500
v -6.500 5.000 2.500
v -6.500 5.000 1.500
v -7.500 6.000 -0.500
v -7.500 6.000 -1.500
v -6.500 6.000 -0.500
v -6.500 6.000 -1.500
v -7.500 6.000 0.500
v -6.500 6.000 0.500
v -7.500 6.000 1.500
v -6.500 6.000 1.500
v -6.500 -7.000 -0.500
v -6.500 -7.000 -1.500
v -5.500 -7.000 -1.500
v -5.500 -7.000 -0.500
v -5.500 -6.000 -1.500
v -6.500 -7.000 0.500
v -5.500 -7.000 0.500
v -6.500 -7.000 1.500
v -5.500 -7.000 1.500
v -5.500 -6.000 1.500
v -6.500 -6.000 -2.500
v -5.500 -6.000 -2.500
v -5.500 -5.000 -2.500
v -6.500 -6.000 2.500
v -5.500 -6.000 2.500
v -5.500 -5.000 2.500
v -5.500 -4.000 -2.500
v -5.500 -4.000 2.500
v -6.500 -3.000 -3.500
v -6.500 -4.000 -3.500
v -5.500 -4.000 -3.500
v -5.500 -3.000 -3.500
v -6.500 -4.000 3.500
v -6.500 -3.000 3.500
v -5.500 -4.000 3.500
v -5.500 -3.000 3.500
v -5.500 -2.000 -3.500
v -5.500 -2.000 3.500
v -6.500 -2.000 -4.500
v -5.500 -2.000 -4.500
v -5.500 -1.000 -4.500
v -6.500 -2.000 4.500
v -5.500 -2.000 4.500
v -5.500 -1.000 4.500
v -6.500 0.000 -6.500
v -6.500 -1.000 -6.500
v -5.500 -1.000 -6.500
v -5.500 -1.000 -5.500
v -5.500 0.000 -6.500
v -5.500 -1.000 5.500
v -6.500 -1.000 6.500
v -6.500 0.000 6.500
v -5.500 -1.000 6.500
v -5.500 0.000 6.500
v -6.500 1.000 -6.500
v -5.500 1.000 -5.500
v -5.500 1.000 -6.500
v -5.500 1.000 -4.500
v -5.500 1.000 5.500
v -5.500 1.000 4.500
v -6.500 1.000 6.500
v -5.500 1.000 6.500
v -6.500 2.000 -4.500
v -5.500 2.000 -3.500
v -5.500 2.000 -4.500
v -6.500 2.000 4.500
v -5.500 2.000 4.500
v -5.500 2.000 3.500
v -6.500 3.000 -3.500
v -5.500 3.000 -3.500
v -6.500 3.000 3.500
v -5.500 3.000 3.500
v -6.500 4.000 -3.500
v -5.500 4.000 -2.500
v -5.500 4.000 -3.500
v -6.500 4.000 3.500
v -5.500 4.000 3.500
v -5.500 4.000 2.500
v -5.500 5.000 -2.500
v -5.500 5.000 2.500
v -6.500 6.000 -2.500
v -5.500 6.000 -1.500
v -5.500 6.000 -2.500
v -6.500 6.000 2.500
v -5.500 6.000 2.500
v -5.500 6.000 1.500
v -6.500 7.000 -0.500
v -6.500 7.000 -1.500
v -5.500 7.000 -0.500
v -5.500 7.000 -1.500
v -6.500 7.000 0.500
v -5.500 7.000 0.500
v -6.500 7.000 1.500
v -5.500 7.000 1.500
v -5.500 -8.000 -0.500
v -5.500 -8.000 -1.500
v -4.500 -8.000 -1.500
v -4.500 -8.000 -0.500
v -4.500 -7.000 -1.500
v -5.500 -8.000 0.500
v -4.500 -8.000 0.500
v -5.500 -8.000 1.500
v -4.500 -8.000 1.500
v -4.500 -7.000 1.500
v -5.500 -7.000 -2.500
v -4.500 -7.000 -2.500
v -4.500 -6.000 -2.500
v -5.500 -7.000 2.500
v -4.500 -7.000 2.500
v -4.500 -6.000 2.500
v -4.500 -5.000 -2.500
v -4.500 -5.000 2.500
v -5.500 -5.000 -3.500
v -4.500 -5.000 -3.500
v -4.500 -4.000 -3.500
v -5.500 -5.000 3.500
v -4.500 -5.000 3.500
v -4.500 -4.000 3.500
v -4.500 -3.000 -3.500
v -4.500 -3.000 3.500
v -4.500 -2.000 -3.500
v -4.500 -2.000 3.500
v -5.500 -2.000 -5.500
v -4.500 -2.000 -5.500
v -4.500 -2.000 -4.500
v -4.500 -1.000 -5.500
v -4.500 -2.000 4.500
v -5.500 -2.000 5.500
v -4.500 -2.000 5.500
v -4.500 -1.000 5.500
v -5.500 0.000 -7.500
v -5.500 -1.000 -7.500
v -4.500 -1.000 -7.500
v -4.500 -1.000 -6.500
v -4.500 0.000 -7.500
v -4.500 -1.000 6.500
v -5.500 -1.000 7.500
v -5.500 0.000 7.500
v -4.500 -1.000 7.500
v -4.500 0.000 7.500
v -5.500 1.000 -7.500
v -4.500 1.000 -6.500
v -4.500 1.000 -7.500
v -4.500 1.000 -5.500
v -4.500 1.000 6.500
v -4.500 1.000 5.500
v -5.500 1.000 7.500
v -4.500 1.000 7.500
v -5.500 2.000 -5.500
v -4.500 2.000 -4.500
v -4.500 2.000 -5.500
v -4.500 2.000 -3.500
v -4.500 2.000 4.500
v -4.500 2.000 3.500
v -5.500 2.000 5.500
v -4.500 2.000 5.500
v -4.500 3.000 -3.500
v -4.500 3.000 3.500
v -4.500 4.000 -3.500
v -4.500 4.000 3.500
v -5.500 5.000 -3.500
v -4.500 5.000 -2.500
v -4.500 5.000 -3.500
v -5.500 5.000 3.500
v -4.500 5.000 3.500
v -4.500 5.000 2.500
v -4.500 6.000 -2.500
v -4.500 6.000 2.500
v -5.500 7.000 -2.500
v -4.500 7.000 -1.500
v -4.500 7.000 -2.500
v -5.500 7.000 2.500
v -4.500 7.000 2.500
v -4.500 7.000 1.500
v -5.500 8.000 -0.500
v -5.500 8.000 -1.500
v -4.500 8.000 -0.500
v -4.500 8.000 -1.500
v -5.500 8.000 0.500
v -4.500 8.000 0.500
v -5.500 8.000 1.500
v -4.500 8.000 1.500
v -3.500 -8.000 -1.500
v -3.500 -8.000 -0.500
v -3.500 -7.000 -1.500
v -3.500 -8.000 0.500
v -3.500 -8.000 1.500
v -3.500 -7.000 1.500
v -3.500 -7.000 -2.500
v -3.500 -6.000 -2.500
v -3.500 -7.000 2.500
v -3.500 -6.000 2.500
v -3.500 -5.000 -2.500
v -3.500 -5.000 2.500
v -3.500 -5.000 -3.500
v -3.500 -4.000 -3.500
v -3.500 -5.000 3.500
v -3.500 -4.000 3.500
v -3.500 -3.000 -3.500
v -3.500 -3.000 3.500
v -3.500 -2.000 -3.500
v -3.500 -2.000 3.500
v -3.500 -2.000 -5.500
v -3.500 -2.000 -4.500
v -3.500 -1.000 -5.500
v -3.500 -2.000 4.500
v -3.500 -2.000 5.500
v -3.500 -1.000 5.500
v -3.500 -1.000 -7.500
v -3.500 -1.000 -6.500
v -3.500 0.000 -7.500
v -3.500 -1.000 6.500
v -3.500 -1.000 7.500
v -3.500 0.000 7.500
v -3.500 1.000 -6.500
v -3.500 1.000 -7.500
v -3.500 1.000 -5.500
v -3.500 1.000 6.500
v -3.500 1.000 5.500
v -3.500 1.000 7.500
v -3.500 2.000 -4.500
v -3.500 2.000 -5.500
v -3.500 2.000 -3.500
v -3.500 2.000 4.500
v -3.500 2.000 3.500
v -3.500 2.000 5.500
v -3.500 3.000 -3.500
v -3.500 3.000 3.500
v -3.500 4.000 -3.500
v -3.500 4.000 3.500
v -3.500 5.000 -2.500
v -3.500 5.000 -3.500
v -3.500 5.000 3.500
v -3.500 5.000 2.500
v -3.500 6.000 -2.500
v -3.500 6.000 2.500
v -3.500 7.000 -1.500
v -3.500 7.000 -2.500
v -3.500 7.000 2.500
v -3.500 7.000 1.500
v -3.500 8.000 -0.500
v -3.500 8.000 -1.500
v -3.500 8.000 0.500
v -3.500 8.000 1.500
v -2.500 -8.000 -1.500
v -2.500 -8.000 -0.500
v -2.500 -7.000 -1.500
v -2.500 -8.000 0.500
v -2.500 -8.000 1.500
v -2.500 -7.000 1.500
v -2.500 -7.000 -2.500
v -2.500 -6.000 -2.500
v -2.500 -7.000 2.500
v -2.500 -6.000 2.500
v -2.500 -5.000 -2.500
v -2.500 -5.000 2.500
v -2.500 -5.000 -3.500
v -2.500 -4.000 -3.500
v -2.500 -5.000 3.500
v -2.500 -4.000 3.500
v -2.500 -3.000 -3.500
v -2.500 -3.000 3.500
v -2.500 -2.000 -3.500
v -2.500 -2.000 3.500
v -2.500 -2.000 -5.500
v -2.500 -2.000 -4.500
v -2.500 -1.000 -5.500
v -2.500 -2.000 4.500
v -2.500 -2.000 5.500
v -2.500 -1.000 5.500
v -2.500 -1.000 -7.500
v -2.500 -1.000 -6.500
v -2.500 0.000 -7.500
v -2.500 -1.000 6.500
v -2.500 -1.000 7.500
v -2.500 0.000 7.500
v -2.500 1.000 -6.500
v -2.500 1.000 -7.500
v -2.500 1.000 -5.500
v -2.500 1.000 6.500
v -2.500 1.000 5.500
v -2.500 1.000 7.500
v -2.500 2.000 -4.500
v -2.500 2.000 -5.500
v -2.500 2.000 -3.500
v -2.500 2.000 4.500
v -2.500 2.000 3.500
v -2.500 2.000 5.500
v -2.500 3.000 -3.500
v -2.500 3.000 3.500
v -2.500 4.000 -3.500
v -2.500 4.000 3.500
v -2.500 5.000 -2.500
v -2.500 5.000 -3.500
v -2.500 5.000 3.500
v -2.500 5.000 2.500
v -2.500 6.000 -2.500
v -2.500 6.000 2.500
v -2.500 7.000 -1.500
v -2.500 7.000 -2.500
v -2.500 7.000 2.500
v -2.500 7.000 1.500
v -2.500 8.000 -0.500
v -2.500 8.000 -1.500
v -2.500 8.000 0.500
v -2.500 8.000 1.500
v -2.500 -9.000 -0.500
v -2.500 -9.000 -1.500
v -1.500 -9.000 -1.500
v -1.500 -9.000 -0.500
v -1.500 -8.000 -1.500
v -2.500 -9.000 0.500
v -1.500 -9.000 0.500
v -2.500 -9.000 1.500
v -1.500 -9.000 1.500
v -1.500 -8.000 1.500
v -2.500 -8.000 -2.500
v -1.500 -8.000 -2.500
v -1.500 -7.000 -2.500
v -2.500 -8.000 2.500
v -1.500 -8.000 2.500
v -1.500 -7.000 2.500
v -2.500 -6.000 -3.500
v -2.500 -7.000 -3.500
v -1.500 -7.000 -3.500
v -1.500 -6.000 -3.500
v -2.500 -7.000 3.500
v -2.500 -6.000 3.500
v -1.500 -7.000 3.500
v -1.500 -6.000 3.500
v -1.500 -5.000 -3.500
v -1.500 -5.000 3.500
v -1.500 -4.000 -3.500
v -1.500 -4.000 3.500
v -1.500 -3.000 -3.500
v -1.500 -3.000 3.500
v -2.500 -3.000 -4.500
v -1.500 -3.000 -4.500
v -1.500 -2.000 -4.500
v -2.500 -3.000 4.500
v -1.500 -3.000 4.500
v -1.500 -2.000 4.500
v -2.500 -2.000 -6.500
v -1.500 -2.000 -6.500
v -1.500 -2.000 -5.500
v -1.500 -1.000 -6.500
v -1.500 -2.000 5.500
v -2.500 -2.000 6.500
v -1.500 -2.000 6.500
v -1.500 -1.000 6.500
v -2.500 0.000 -8.500
v -2.500 -1.000 -8.500
v -1.500 -1.000 -8.500
v -1.500 -1.000 -7.500
v -1.500 0.000 -8.500
v -1.500 -1.000 7.500
v -2.500 -1.000 8.500
v -2.500 0.000 8.500
v -1.500 -1.000 8.500
v -1.500 0.000 8.500
v -2.500 1.000 -8.500
v -1.500 1.000 -7.500
v -1.500 1.000 -8.500
v -1.500 1.000 -6.500
v -1.500 1.000 7.500
v -1.500 1.000 6.500
v -2.500 1.000 8.500
v -1.500 1.000 8.500
v -2.500 2.000 -6.500
v -1.500 2.000 -5.500
v -1.500 2.000 -6.500
v -1.500 2.000 -4.500
v -1.500 2.000 5.500
v -1.500 2.000 4.500
v -2.500 2.000 6.500
v -1.500 2.000 6.500
v -2.500 3.000 -4.500
v -1.500 3.000 -3.500
v -1.500 3.000 -4.500
v -2.500 3.000 4.500
v -1.500 3.000 4.500
v -1.500 3.000 3.500
v -1.500 4.000 -3.500
v -1.500 4.000 3.500
v -1.500 5.000 -3.500
v -1.500 5.000 3.500
v -2.500 6.000 -3.500
v -1.500 6.000 -3.500
v -2.500 6.000 3.500
v -1.500 6.000 3.500
v -2.500 7.000 -3.500
v -1.500 7.000 -2.500
v -1.500 7.000 -3.500
v -2.500 7.000 3.500
v -1.500 7.000 3.500
v -1.500 7.000 2.500
v -2.500 8.000 -2.500
v -1.500 8.000 -1.500
v -1.500 8.000 -2.500
v -2.500 8.000 2.500
v -1.500 8.000 2.500
v -1.500 8.000 1.500
v -2.500 9.000 -0.500
v -2.500 9.000 -1.500
v -1.500 9.000 -0.500
v -1.500 9.000 -1.500
v -2.500 9.000 0.500
v -1.500 9.000 0.500
v -2.500 9.000 1.500
v -1.500 9.000 1.500
v -0.500 -9.000 -1.500
v -0.500 -9.000 -0.500
v -0.500 -8.000 -1.500
v -0.500 -9.000 0.500
v -0.500 -9.000 1.500
v -0.500 -8.000 1.500
v -0.500 -8.000 -2.500
v -0.500 -7.000 -2.500
v -0.500 -8.000 2.500
v -0.500 -7.000 2.500
v -0.500 -7.000 -3.500
v -0.500 -6.000 -3.500
v -0.500 -7.000 3.500
v -0.500 -6.000 3.500
v -0.500 -5.000 -3.500
v -0.500 -5.000 3.500
v -0.500 -4.000 -3.500
v -0.500 -4.000 3.500
v -0.500 -3.000 -3.500
v -0.500 -3.000 3.500
v -0.500 -3.000 -4.500
v -0.500 -2.000 -4.500
v -0.500 -3.000 4.500
v -0.500 -2.000 4.500
v -0.500 -2.000 -6.500
v -0.500 -2.000 -5.500
v -0.500 -1.000 -6.500
v -0.500 -2.000 5.500
v -0.500 -2.000 6.500
v -0.500 -1.000 6.500
v -0.500 -1.000 -8.500
v -0.500 -1.000 -7.500
v -0.500 0.000 -8.500
v -0.500 -1.000 7.500
v -0.500 -1.000 8.500
v -0.500 0.000 8.500
v -0.500 1.000 -7.500
v -0.500 1.000 -8.500
v -0.500 1.000 -6.500
v -0.500 1.000 7.500
v -0.500 1.000 6.500
v -0.500 1.000 8.500
v -0.500 2.000 -5.500
v -0.500 2.000 -6.500
v -0.500 2.000 -4.500
v -0.500 2.000 5.500
v -0.500 2.000 4.500
v -0.500 2.000 6.500
v -0.500 3.000 -3.500
v -0.500 3.000 -4.500
v -0.500 3.000 4.500
v -0.500 3.000 3.500
v -0.500 4.000 -3.500
v -0.500 4.000 3.500
v -0.500 5.000 -3.500
v -0.500 5.000 3.500
v -0.500 6.000 -3.500
v -0.500 6.000 3.500
v -0.500 7.000 -2.500
v -0.500 7.000 -3.500
v -0.500 7.000 3.500
v -0.500 7.000 2.500
v -0.500 8.000 -1.500
v -0.500 8.000 -2.500
v -0.500 8.000 2.500
v -0.500 8.000 1.500
v -0.500 9.000 -0.500
v -0.500 9.000 -1.500
v -0.500 9.000 0.500
v -0.500 9.000 1.500
v 0.500 -9.000 -1.500
v 0.500 -9.000 -0.500
v 0.500 -8.000 -1.500
v 0.500 -9.000 0.500
v 0.500 -9.000 1.500
v 0.500 -8.000 1.500
v 0.500 -8.000 -2.500
v 0.500 -7.000 -2.500
v 0.500 -8.000 2.500
v 0.500 -7.000 2.500
v 0.500 -7.000 -3.500
v 0.500 -6.000 -3.500
v 0.500 -7.000 3.500
v 0.500 -6.000 3.500
v 0.500 -5.000 -3.500
v 0.500 -5.000 3.500
v 0.500 -4.000 -3.500
v 0.500 -4.000 3.500
v 0.500 -3.000 -3.500
v 0.500 -3.000 3.500
v 0.500 -3.000 -4.500
v 0.500 -2.000 -4.500
v 0.500 -3.000 4.500
v 0.500 -2.000 4.500
v 0.500 -2.000 -6.500
v 0.500 -2.000 -5.500
v 0.500 -1.000 -6.500
v 0.500 -2.000 5.500
v 0.500 -2.000 6.500
v 0.500 -1.000 6.500
v 0.500 -1.000 -8.500
v 0.500 -1.000 -7.500
v 0.500 0.000 -8.500
v 0.500 -1.000 7.500
v 0.500 -1.000 8.500
v 0.500 0.000 8.500
v 0.500 1.000 -7.500
v 0.500 1.000 -8.500
v 0.500 1.000 -6.500
v 0.500 1.000 7.500
v 0.500 1.000 6.500
v 0.500 1.000 8.500
v 0.500 2.000 -5.500
v 0.500 2.000 -6.500
v 0.500 2.000 -4.500
v 0.500 2.000 5.500
v 0.500 2.000 4.500
v 0.500 2.000 6.500
v 0.500 3.000 -3.500
v 0.500 3.000 -4.500
v 0.500 3.000 4.500
v 0.500 3.000 3.500
v 0.500 4.000 -3.500
v 0.500 4.000 3.500
v 0.500 5.000 -3.500
v 0.500 5.000 3.500
v 0.500 6.000 -3.500
v 0.500 6.000 3.500
v 0.500 7.000 -2.500
v 0.500 7.000 -3.500
v 0.500 7.000 3.500
v 0.500 7.000 2.500
v 0.500 8.000 -1.500
v 0.500 8.000 -2.500
v 0.500 8.000 2.500
v 0.500 8.000 1.500
v 0.500 9.000 -0.500
v 0.500 9.000 -1.500
v 0.500 9.000 0.500
v 0.500 9.000 1.500
v 1.500 -9.000 -1.500
v 1.500 -9.000 -0.500
v 1.500 -8.000 -1.500
v 1.500 -9.000 0.500
v 1.500 -9.000 1.500
v 1.500 -8.000 1.500
v 1.500 -8.000 -2.500
v 1.500 -7.000 -2.500
v 1.500 -8.000 2.500
v 1.500 -7.000 2.500
v 1.500 -7.000 -3.500
v 1.500 -6.000 -3.500
v 1.500 -7.000 3.500
v 1.500 -6.000 3.500
v 1.500 -5.000 -3.500
v 1.500 -5.000 3.500
v 1.500 -4.000 -3.500
v 1.500 -4.000 3.500
v 1.500 -3.000 -3.500
v 1.500 -3.000 3.500
v 1.500 -3.000 -4.500
v 1.500 -2.000 -4.500
v 1.500 -3.000 4.500
v 1.500 -2.000 4.500
v 1.500 -2.000 -6.500
v 1.500 -2.000 -5.500
v 1.500 -1.000 -6.500
v 1.500 -2.000 5.500
v 1.500 -2.000 6.500
v 1.500 -1.000 6.500
v 1.500 -1.000 -8.500
v 1.500 -1.000 -7.500
v 1.500 0.000 -8.500
v 1.500 -1.000 7.500
v 1.500 -1.000 8.500
v 1.500 0.000 8.500
v 1.500 1.000 -7.500
v 1.500 1.000 -8.500
v 1.500 1.000 -6.500
v 1.500 1.000 7.500
v 1.500 1.000 6.500
v 1.500 1.000 8.500
v 1.500 2.000 -5.500
v 1.500 2.000 -6.500
v 1.500 2.000 -4.500
v 1.500 2.000 5.500
v 1.500 2.000 4.500
v 1.500 2.000 6.500
v 1.500 3.000 -3.500
v 1.500 3.000 -4.500
v 1.500 3.000 4.500
v 1.500 3.000 3.500
v 1.500 4.000 -3.500
v 1.500 4.000 3.500
v 1.500 5.000 -3.500
v 1.500 5.000 3.500
v 1.500 6.000 -3.500
v 1.500 6.000 3.500
v 1.500 7.000 -2.500
v 1.500 7.000 -3.500
v 1.500 7.000 3.500
v 1.500 7.000 2.500
v 1.500 8.000 -1.500
v 1.500 8.000 -2.500
v 1.500 8.000 2.500
v 1.500 8.000 1.500
v 1.500 9.000 -0.500
v 1.500 9.000 -1.500
v 1.500 9.000 0.500
v 1.500 9.000 1.500
v 2.500 -9.000 -1.500
v 2.500 -9.000 -0.500
v 2.500 -8.000 -1.500
v 2.500 -9.000 0.500
v 2.500 -9.000 1.500
v 2.500 -8.000 1.500
v 2.500 -8.000 -2.500
v 2.500 -7.000 -2.500
v 2.500 -8.000 2.500
v 2.500 -7.000 2.500
v 2.500 -7.000 -3.500
v 2.500 -6.000 -3.500
v 2.500 -7.000 3.500
v 2.500 -6.000 3.500
v 2.500 -5.000 -3.500
v 2.500 -5.000 3.500
v 2.500 -4.000 -3.500
v 2.500 -4.000 3.500
v 2.500 -3.000 -3.500
v 2.500 -3.000 3.500
v 2.500 -3.000 -4.500
v 2.500 -2.000 -4.500
v 2.500 -3.000 4.500
v 2.500 -2.000 4.500
v 2.500 -2.000 -6.500
v 2.500 -2.000 -5.500
v 2.500 -1.000 -6.500
v 2.500 -2.000 5.500
v 2.500 -2.000 6.500
v 2.500 -1.000 6.500
v 2.500 -1.000 -8.500
v 2.500 -1.000 -7.500
v 2.500 0.000 -8.500
v 2.500 -1.000 7.500
v 2.500 -1.000 8.500
v 2.500 0.000 8.500
v 2.500 1.000 -7.500
v 2.500 1.000 -8.500
v 2.500 1.000 -6.500
v 2.500 1.000 7.500
v 2.500 1.000 6.500
v 2.500 1.000 8.500
v 2.500 2.000 -5.500
v 2.500 2.000 -6.500
v 2.500 2.000 -4.500
v 2.500 2.000 5.500
v 2.500 2.000 4.500
v 2.500 2.000 6.500
v 2.500 3.000 -3.500
v 2.500 3.000 -4.500
v 2.500 3.000 4.500
v 2.500 3.000 3.500
v 2.500 4.000 -3.500
v 2.500 4.000 3.500
v 2.500 5.000 -3.500
v 2.500 5.000 3.500
v 2.500 6.000 -3.500
v 2.500 6.000 3.500
v 2.500 7.000 -2.500
v 2.500 7.000 -3.500
v 2.500 7.000 3.500
v 2.500 7.000 2.500
v 2.500 8.000 -1.500
v 2.500 8.000 -2.500
v 2.500 8.000 2.500
v 2.500 8.000 1.500
v 2.500 9.000 -0.500
v 2.500 9.000 -1.500
v 2.500 9.000 0.500
v 2.500 9.000 1.500
v 3.500 -9.000 -1.500
v 3.500 -9.000 -0.500
v 3.500 -8.000 -1.500
v 3.500 -9.000 0.500
v 3.500 -9.000 1.500
v 3.500 -8.000 1.500
v 3.500 -8.000 -2.500
v 3.500 -7.000 -2.500
v 3.500 -8.000 2.500
v 3.500 -7.000 2.500
v 3.500 -7.000 -3.500
v 3.500 -6.000 -3.500
v 3.500 -7.000 3.500
v 3.500 -6.000 3.500
v 3.500 -5.000 -3.500
v 3.500 -5.000 3.500
v 3.500 -4.000 -3.500
v 3.500 -4.000 3.500
v 3.500 -3.000 -3.500
v 3.500 -3.000 3.500
v 3.500 -3.000 -4.500
v 3.500 -2.000 -4.500
v 3.500 -3.000 4.500
v 3.500 -2.000 4.500
v 3.500 -2.000 -6.500
v 3.500 -2.000 -5.500
v 3.500 -1.000 -6.500
v 3.500 -2.000 5.500
v 3.500 -2.000 6.500
v 3.500 -1.000 6.500
v 3.500 -1.000 -8.500
v 3.500 -1.000 -7.500
v 3.500 0.000 -8.500
v 3.500 -1.000 7.500
v 3.500 -1.000 8.500
v 3.500 0.000 8.500
v 3.500 1.000 -7.500
v 3.500 1.000 -8.500
v 3.500 1.000 -6.500
v 3.500 1.000 7.500
v 3.500 1.000 6.500
v 3.500 1.000 8.500
v 3.500 2.000 -5.500
v 3.500 2.000 -6.500
v 3.500 2.000 -4.500
v 3.500 2.000 5.500
v 3.500 2.000 4.500
v 3.500 2.000 6.500
v 3.500 3.000 -3.500
v 3.500 3.000 -4.500
v 3.500 3.000 4.500
v 3.500 3.000 3.500
v 3.500 4.000 -3.500
v 3.500 4.000 3.500
v 3.500 5.000 -3.500
v 3.500 5.000 3.500
v 3.500 6.000 -3.500
v 3.500 6.000 3.500
v 3.500 7.000 -2.500
v 3.500 7.000 -3.500
v 3.500 7.000 3.500
v 3.500 7.000 2.500
v 3.500 8.000 -1.500
v 3.500 8.000 -2.500
v 3.500 8.000 2.500
v 3.500 8.000 1.500
v 3.500 9.000 -0.500
v 3.500 9.000 -1.500
v 3.500 9.000 0.500
v 3.500 9.000 1.500
v 4.500 -9.000 -1.500
v 4.500 -9.000 -0.500
v 4.500 -8.000 -1.500
v 4.500 -9.000 0.500
v 4.500 -9.000 1.500
v 4.500 -8.000 1.500
v 4.500 -8.000 -2.500
v 4.500 -7.000 -2.500
v 4.500 -8.000 2.500
v 4.500 -7.000 2.500
v 4.500 -7.000 -3.500
v 4.500 -6.000 -3.500
v 4.500 -7.000 3.500
v 4.500 -6.000 3.500
v 4.500 -5.000 -3.500
v 4.500 -5.000 3.500
v 4.500 -4.000 -3.500
v 4.500 -4.000 3.500
v 4.500 -3.000 -3.500
v 4.500 -3.000 3.500
v 4.500 -3.000 -4.500
v 4.500 -2.000 -4.500
v 4.500 -3.000 4.500
v 4.500 -2.000 4.500
v 4.500 -2.000 -6.500
v 4.500 -2.000 -5.500
v 4.500 -1.000 -6.500
v 4.500 -2.000 5.500
v 4.500 -2.000 6.500
v 4.500 -1.000 6.500
v 4.500 -1.000 -8.500
v 4.500 -1.000 -7.500
v 4.500 0.000 -8.500
v 4.500 -1.000 7.500
v 4.500 -1.000 8.500
v 4.500 0.000 8.500
v 4.500 1.000 -7.500
v 4.500 1.000 -8.500
v 4.500 1.000 -6.500
v 4.500 1.000 7.500
v 4.500 1.000 6.500
v 4.500 1.000 8.500
v 4.500 2.000 -5.500
v 4.500 2.000 -6.500
v 4.500 2.000 -4.500
v 4.500 2.000 5.500
v 4.500 2.000 4.500
v 4.500 2.000 6.500
v 4.500 3.000 -3.500
v 4.500 3.000 -4.500
v 4.500 3.000 4.500
v 4.500 3.000 3.500
v 4.500 4.000 -3.500
v 4.500 4.000 3.500
v 4.500 5.000 -3.500
v 4.500 5.000 3.500
v 4.500 6.000 -3.500
v 4.500 6.000 3.500
v 4.500 7.000 -2.500
v 4.500 7.000 -3.500
v 4.500 7.000 3.500
v 4.500 7.000 2.500
v 4.500 8.000 -1.500
v 4.500 8.000 -2.500
v 4.500 8.000 2.500
v 4.500 8.000 1.500
v 4.500 9.000 -0.500
v 4.500 9.000 -1.500
v 4.500 9.000 0.500
v 4.500 9.000 1.500
v 5.500 -9.000 -1.500
v 5.500 -8.000 -1.500
v 5.500 -8.000 -0.500
v 5.500 -9.000 -0.500
v 5.500 -8.000 0.500
v 5.500 -9.000 0.500
v 5.500 -8.000 1.500
v 5.500 -9.000 1.500
v 5.500 -8.000 -2.500
v 5.500 -7.000 -2.500
v 5.500 -7.000 -1.500
v 5.500 -7.000 1.500
v 5.500 -7.000 2.500
v 5.500 -8.000 2.500
v 5.500 -7.000 -3.500
v 5.500 -6.000 -3.500
v 5.500 -6.000 -2.500
v 5.500 -6.000 2.500
v 5.500 -6.000 3.500
v 5.500 -7.000 3.500
v 5.500 -5.000 -3.500
v 5.500 -5.000 -2.500
v 5.500 -5.000 2.500
v 5.500 -5.000 3.500
v 5.500 -4.000 -3.500
v 5.500 -4.000 3.500
v 5.500 -3.000 -3.500
v 5.500 -3.000 3.500
v 5.500 -3.000 -4.500
v 5.500 -2.000 -4.500
v 5.500 -2.000 -3.500
v 5.500 -2.000 3.500
v 5.500 -2.000 4.500
v 5.500 -3.000 4.500
v 5.500 -2.000 -6.500
v 5.500 -1.000 -6.500
v 5.500 -1.000 -5.500
v 5.500 -2.000 -5.500
v 5.500 -2.000 5.500
v 5.500 -1.000 5.500
v 5.500 -1.000 6.500
v 5.500 -2.000 6.500
v 5.500 -1.000 -8.500
v 5.500 0.000 -8.500
v 5.500 0.000 -7.500
v 5.500 -1.000 -7.500
v 5.500 -1.000 7.500
v 5.500 0.000 7.500
v 5.500 0.000 8.500
v 5.500 -1.000 8.500
v 5.500 1.000 -8.500
v 5.500 1.000 -7.500
v 5.500 1.000 -6.500
v 5.500 1.000 7.500
v 5.500 1.000 6.500
v 5.500 1.000 8.500
v 5.500 2.000 -6.500
v 5.500 2.000 -5.500
v 5.500 1.000 -5.500
v 5.500 2.000 -4.500
v 5.500 2.000 5.500
v 5.500 2.000 4.500
v 5.500 1.000 5.500
v 5.500 2.000 6.500
v 5.500 3.000 -4.500
v 5.500 3.000 -3.500
v 5.500 2.000 -3.500
v 5.500 2.000 3.500
v 5.500 3.000 3.500
v 5.500 3.000 4.500
v 5.500 4.000 -3.500
v 5.500 4.000 3.500
v 5.500 5.000 -3.500
v 5.500 5.000 3.500
v 5.500 6.000 -3.500
v 5.500 6.000 -2.500
v 5.500 5.000 -2.500
v 5.500 5.000 2.500
v 5.500 6.000 2.500
v 5.500 6.000 3.500
v 5.500 7.000 -3.500
v 5.500 7.000 -2.500
v 5.500 7.000 2.500
v 5.500 7.000 3.500
v 5.500 8.000 -2.500
v 5.500 8.000 -1.500
v 5.500 7.000 -1.500
v 5.500 7.000 1.500
v 5.500 8.000 1.500
v 5.500 8.000 2.500
v 5.500 9.000 -1.500
v 5.500 9.000 -0.500
v 5.500 8.000 -0.500
v 5.500 9.000 0.500
v 5.500 8.000 0.500
v 5.500 9.000 1.500
v 6.500 -8.000 -1.500
v 6.500 -8.000 -0.500
v 6.500 -7.000 -1.500
v 6.500 -8.000 0.500
v 6.500 -8.000 1.500
v 6.500 -7.000 1.500
v 6.500 -7.000 -2.500
v 6.500 -6.000 -2.500
v 6.500 -7.000 2.500
v 6.500 -6.000 2.500
v 6.500 -5.000 -2.500
v 6.500 -5.000 2.500
v 6.500 -5.000 -3.500
v 6.500 -4.000 -3.500
v 6.500 -5.000 3.500
v 6.500 -4.000 3.500
v 6.500 -3.000 -3.500
v 6.500 -3.000 3.500
v 6.500 -2.000 -3.500
v 6.500 -2.000 3.500
v 6.500 -2.000 -5.500
v 6.500 -2.000 -4.500
v 6.500 -1.000 -5.500
v 6.500 -2.000 4.500
v 6.500 -2.000 5.500
v 6.500 -1.000 5.500
v 6.500 -1.000 -7.500
v 6.500 -1.000 -6.500
v 6.500 0.000 -7.500
v 6.500 -1.000 6.500
v 6.500 -1.000 7.500
v 6.500 0.000 7.500
v 6.500 1.000 -6.500
v 6.500 1.000 -7.500
v 6.500 1.000 -5.500
v 6.500 1.000 6.500
v 6.500 1.000 5.500
v 6.500 1.000 7.500
v 6.500 2.000 -4.500
v 6.500 2.000 -5.500
v 6.500 2.000 -3.500
v 6.500 2.000 4.500
v 6.500 2.000 3.500
v 6.500 2.000 5.500
v 6.500 3.000 -3.500
v 6.500 3.000 3.500
v 6.500 4.000 -3.500
v 6.500 4.000 3.500
v 6.500 5.000 -2.500
v 6.500 5.000 -3.500
v 6.500 5.000 3.500
v 6.500 5.000 2.500
v 6.500 6.000 -2.500
v 6.500 6.000 2.500
v 6.500 7.000 -1.500
v 6.500 7.000 -2.500
v 6.500 7.000 2.500
v 6.500 7.000 1.500
v 6.500 8.000 -0.500
v 6.500 8.000 -1.500
v 6.500 8.000 0.500
v 6.500 8.000 1.500
v 7.500 -8.000 -1.500
v 7.500 -8.000 -0.500
v 7.500 -7.000 -1.500
v 7.500 -8.000 0.500
v 7.500 -8.000 1.500
v 7.500 -7.000 1.500
v 7.500 -7.000 -2.500
v 7.500 -6.000 -2.500
v 7.500 -7.000 2.500
v 7.500 -6.000 2.500
v 7.500 -5.000 -2.500
v 7.500 -5.000 2.500
v 7.500 -5.000 -3.500
v 7.500 -4.000 -3.500
v 7.500 -5.000 3.500
v 7.500 -4.000 3.500
v 7.500 -3.000 -3.500
v 7.500 -3.000 3.500
v 7.500 -2.000 -3.500
v 7.500 -2.000 3.500
v 7.500 -2.000 -5.500
v 7.500 -2.000 -4.500
v 7.500 -1.000 -5.500
v 7.500 -2.000 4.500
v 7.500 -2.000 5.500
v 7.500 -1.000 5.500
v 7.500 -1.000 -7.500
v 7.500 -1.000 -6.500
v 7.500 0.000 -7.500
v 7.500 -1.000 6.500
v 7.500 -1.000 7.500
v 7.500 0.000 7.500
v 7.500 1.000 -6.500
v 7.500 1.000 -7.500
v 7.500 1.000 -5.500
v 7.500 1.000 6.500
v 7.500 1.000 5.500
v 7.500 1.000 7.500
v 7.500 2.000 -4.500
v 7.500 2.000 -5.500
v 7.500 2.000 -3.500
v 7.500 2.000 4.500
v 7.500 2.000 3.500
v 7.500 2.000 5.500
v 7.500 3.000 -3.500
v 7.500 3.000 3.500
v 7.500 4.000 -3.500
v 7.500 4.000 3.500
v 7.500 5.000 -2.500
v 7.500 5.000 -3.500
v 7.500 5.000 3.500
v 7.500 5.000 2.500
v 7.500 6.000 -2.500
v 7.500 6.000 2.500
v 7.500 7.000 -1.500
v 7.500 7.000 -2.500
v 7.500 7.000 2.500
v 7.500 7.000 1.500
v 7.500 8.000 -0.500
v 7.500 8.000 -1.500
v 7.500 8.000 0.500
v 7.500 8.000 1.500
v 8.500 -8.000 -1.500
v 8.500 -7.000 -1.500
v 8.500 -7.000 -0.500
v 8.500 -8.000 -0.500
v 8.500 -7.000 0.500
v 8.500 -8.000 0.500
v 8.500 -7.000 1.500
v 8.500 -8.000 1.500
v 8.500 -7.000 -2.500
v 8.500 -6.000 -2.500
v 8.500 -6.000 -1.500
v 8.500 -6.000 1.500
v 8.500 -6.000 2.500
v 8.500 -7.000 2.500
v 8.500 -5.000 -2.500
v 8.500 -5.000 2.500
v 8.500 -5.000 -3.500
v 8.500 -4.000 -3.500
v 8.500 -4.000 -2.500
v 8.500 -4.000 2.500
v 8.500 -4.000 3.500
v 8.500 -5.000 3.500
v 8.500 -3.000 -3.500
v 8.500 -3.000 3.500
v 8.500 -2.000 -3.500
v 8.500 -2.000 3.500
v 8.500 -2.000 -5.500
v 8.500 -1.000 -5.500
v 8.500 -1.000 -4.500
v 8.500 -2.000 -4.500
v 8.500 -2.000 4.500
v 8.500 -1.000 4.500
v 8.500 -1.000 5.500
v 8.500 -2.000 5.500
v 8.500 -1.000 -7.500
v 8.500 0.000 -7.500
v 8.500 0.000 -6.500
v 8.500 -1.000 -6.500
v 8.500 -1.000 6.500
v 8.500 0.000 6.500
v 8.500 0.000 7.500
v 8.500 -1.000 7.500
v 8.500 1.000 -7.500
v 8.500 1.000 -6.500
v 8.500 1.000 -5.500
v 8.500 1.000 6.500
v 8.500 1.000 5.500
v 8.500 1.000 7.500
v 8.500 2.000 -5.500
v 8.500 2.000 -4.500
v 8.500 1.000 -4.500
v 8.500 2.000 -3.500
v 8.500 2.000 4.500
v 8.500 2.000 3.500
v 8.500 1.000 4.500
v 8.500 2.000 5.500
v 8.500 3.000 -3.500
v 8.500 3.000 3.500
v 8.500 4.000 -3.500
v 8.500 4.000 3.500
v 8.500 5.000 -3.500
v 8.500 5.000 -2.500
v 8.500 4.000 -2.500
v 8.500 4.000 2.500
v 8.500 5.000 2.500
v 8.500 5.000 3.500
v 8.500 6.000 -2.500
v 8.500 6.000 2.500
v 8.500 7.000 -2.500
v 8.500 7.000 -1.500
v 8.500 6.000 -1.500
v 8.500 6.000 1.500
v 8.500 7.000 1.500
v 8.500 7.000 2.500
v 8.500 8.000 -1.500
v 8.500 8.000 -0.500
v 8.500 7.000 -0.500
v 8.500 8.000 0.500
v 8.500 7.000 0.500
v 8.500 8.000 1.500
v 9.500 -7.000 -1.500
v 9.500 -7.000 -0.500
v 9.500 -6.000 -1.500
v 9.500 -7.000 0.500
v 9.500 -7.000 1.500
v 9.500 -6.000 1.500
v 9.500 -6.000 -2.500
v 9.500 -5.000 -2.500
v 9.500 -6.000 2.500
v 9.500 -5.000 2.500
v 9.500 -4.000 -2.500
v 9.500 -4.000 2.500
v 9.500 -4.000 -3.500
v 9.500 -3.000 -3.500
v 9.500 -4.000 3.500
v 9.500 -3.000 3.500
v 9.500 -2.000 -3.500
v 9.500 -2.000 3.500
v 9.500 -2.000 -4.500
v 9.500 -1.000 -4.500
v 9.500 -2.000 4.500
v 9.500 -1.000 4.500
v 9.500 -1.000 -6.500
v 9.500 -1.000 -5.500
v 9.500 0.000 -6.500
v 9.500 -1.000 5.500
v 9.500 -1.000 6.500
v 9.500 0.000 6.500
v 9.500 1.000 -5.500
v 9.500 1.000 -6.500
v 9.500 1.000 -4.500
v 9.500 1.000 5.500
v 9.500 1.000 4.500
v 9.500 1.000 6.500
v 9.500 2.000 -3.500
v 9.500 2.000 -4.500
v 9.500 2.000 4.500
v 9.500 2.000 3.500
v 9.500 3.000 -3.500
v 9.500 3.000 3.500
v 9.500 4.000 -2.500
v 9.500 4.000 -3.500
v 9.500 4.000 3.500
v 9.500 4.000 2.500
v 9.500 5.000 -2.500
v 9.500 5.000 2.500
v 9.500 6.000 -1.500
v 9.500 6.000 -2.500
v 9.500 6.000 2.500
v 9.500 6.000 1.500
v 9.500 7.000 -0.500
v 9.500 7.000 -1.500
v 9.500 7.000 0.500
v 9.500 7.000 1.500
v 10.500 -7.000 -1.500
v 10.500 -7.000 -0.500
v 10.500 -6.000 -1.500
v 10.500 -7.000 0.500
v 10.500 -7.000 1.500
v 10.500 -6.000 1.500
v 10.500 -6.000 -2.500
v 10.500 -5.000 -2.500
v 10.500 -6.000 2.500
v 10.500 -5.000 2.500
v 10.500 -4.000 -2.500
v 10.500 -4.000 2.500
v 10.500 -4.000 -3.500
v 10.500 -3.000 -3.500
v 10.500 -4.000 3.500
v 10.500 -3.000 3.500
v 10.500 -2.000 -3.500
v 10.500 -2.000 3.500
v 10.500 -2.000 -4.500
v 10.500 -1.000 -4.500
v 10.500 -2.000 4.500
v 10.500 -1.000 4.500
v 10.500 -1.000 -6.500
v 10.500 -1.000 -5.500
v 10.500 0.000 -6.500
v 10.500 -1.000 5.500
v 10.500 -1.000 6.500
v 10.500 0.000 6.500
v 10.500 1.000 -5.500
v 10.500 1.000 -6.500
v 10.500 1.000 -4.500
v 10.500 1.000 5.500
v 10.500 1.000 4.500
v 10.500 1.000 6.500
v 10.500 2.000 -3.500
v 10.500 2.000 -4.500
v 10.500 2.000 4.500
v 10.500 2.000 3.500
v 10.500 3.000 -3.500
v 10.500 3.000 3.500
v 10.500 4.000 -2.500
v 10.500 4.000 -3.500
v 10.500 4.000 3.500
v 10.500 4.000 2.500
v 10.500 5.000 -2.500
v 10.500 5.000 2.500
v 10.500 6.000 -1.500
v 10.500 6.000 -2.500
v 10.500 6.000 2.500
v 10.500 6.000 1.500
v 10.500 7.000 -0.500
v 10.500 7.000 -1.500
v 10.500 7.000 0.500
v 10.500 7.000 1.500
v 11.500 -7.000 -1.500
v 11.500 -6.000 -1.500
v 11.500 -6.000 -0.500
v 11.500 -7.000 -0.500
v 11.500 -6.000 0.500
v 11.500 -7.000 0.500
v 11.500 -6.000 1.500
v 11.500 -7.000 1.500
v 11.500 -6.000 -2.500
v 11.500 -5.000 -2.500
v 11.500 -5.000 -1.500
v 11.500 -5.000 1.500
v 11.500 -5.000 2.500
v 11.500 -6.000 2.500
v 11.500 -4.000 -2.500
v 11.500 -4.000 2.500
v 11.500 -4.000 -3.500
v 11.500 -3.000 -3.500
v 11.500 -3.000 -2.500
v 11.500 -3.000 2.500
v 11.500 -3.000 3.500
v 11.500 -4.000 3.500
v 11.500 -2.000 -3.500
v 11.500 -2.000 -2.500
v 11.500 -2.000 2.500
v 11.500 -2.000 3.500
v 11.500 -2.000 -4.500
v 11.500 -1.000 -4.500
v 11.500 -1.000 -3.500
v 11.500 -1.000 3.500
v 11.500 -1.000 4.500
v 11.500 -2.000 4.500
v 11.500 -1.000 -6.500
v 11.500 0.000 -6.500
v 11.500 0.000 -5.500
v 11.500 -1.000 -5.500
v 11.500 -1.000 5.500
v 11.500 0.000 5.500
v 11.500 0.000 6.500
v 11.500 -1.000 6.500
v 11.500 1.000 -6.500
v 11.500 1.000 -5.500
v 11.500 1.000 -4.500
v 11.500 1.000 5.500
v 11.500 1.000 4.500
v 11.500 1.000 6.500
v 11.500 2.000 -4.500
v 11.500 2.000 -3.500
v 11.500 1.000 -3.500
v 11.500 1.000 3.500
v 11.500 2.000 3.500
v 11.500 2.000 4.500
v 11.500 3.000 -3.500
v 11.500 3.000 -2.500
v 11.500 2.000 -2.500
v 11.500 2.000 2.500
v 11.500 3.000 2.500
v 11.500 3.000 3.500
v 11.500 4.000 -3.500
v 11.500 4.000 -2.500
v 11.500 4.000 2.500
v 11.500 4.000 3.500
v 11.500 5.000 -2.500
v 11.500 5.000 2.500
v 11.500 6.000 -2.500
v 11.500 6.000 -1.500
v 11.500 5.000 -1.500
v 11.500 5.000 1.500
v 11.500 6.000 1.500
v 11.500 6.000 2.500
v 11.500 7.000 -1.500
v 11.500 7.000 -0.500
v 11.500 6.000 -0.500
v 11.500 7.000 0.500
v 11.500 6.000 0.500
v 11.500 7.000 1.500
v 12.500 -6.000 -1.500
v 12.500 -6.000 -0.500
v 12.500 -5.000 -1.500
v 12.500 -6.000 0.500
v 12.500 -6.000 1.500
v 12.500 -5.000 1.500
v 12.500 -5.000 -2.500
v 12.500 -4.000 -2.500
v 12.500 -5.000 2.500
v 12.500 -4.000 2.500
v 12.500 -3.000 -2.500
v 12.500 -3.000 2.500
v 12.500 -2.000 -2.500
v 12.500 -2.000 2.500
v 12.500 -2.000 -3.500
v 12.500 -1.000 -3.500
v 12.500 -2.000 3.500
v 12.500 -1.000 3.500
v 12.500 -1.000 -5.500
v 12.500 -1.000 -4.500
v 12.500 0.000 -5.500
v 12.500 -1.000 4.500
v 12.500 -1.000 5.500
v 12.500 0.000 5.500
v 12.500 1.000 -4.500
v 12.500 1.000 -5.500
v 12.500 1.000 -3.500
v 12.500 1.000 4.500
v 12.500 1.000 3.500
v 12.500 1.000 5.500
v 12.500 2.000 -2.500
v 12.500 2.000 -3.500
v 12.500 2.000 3.500
v 12.500 2.000 2.500
v 12.500 3.000 -2.500
v 12.500 3.000 2.500
v 12.500 4.000 -2.500
v 12.500 4.000 2.500
v 12.500 5.000 -1.500
v 12.500 5.000 -2.500
v 12.500 5.000 2.500
v 12.500 5.000 1.500
v 12.500 6.000 -0.500
v 12.500 6.000 -1.500
v 12.500 6.000 0.500
v 12.500 6.000 1.500
v 13.500 -6.000 -1.500
v 13.500 -5.000 -1.500
v 13.500 -5.000 -0.500
v 13.500 -6.000 -0.500
v 13.500 -5.000 0.500
v 13.500 -6.000 0.500
v 13.500 -5.000 1.500
v 13.500 -6.000 1.500
v 13.500 -5.000 -2.500
v 13.500 -4.000 -2.500
v 13.500 -4.000 -1.500
v 13.500 -4.000 1.500
v 13.500 -4.000 2.500
v 13.500 -5.000 2.500
v 13.500 -3.000 -2.500
v 13.500 -3.000 -1.500
v 13.500 -3.000 1.500
v 13.500 -3.000 2.500
v 13.500 -2.000 -2.500
v 13.500 -2.000 2.500
v 13.500 -2.000 -3.500
v 13.500 -1.000 -3.500
v 13.500 -1.000 -2.500
v 13.500 -1.000 2.500
v 13.500 -1.000 3.500
v 13.500 -2.000 3.500
v 13.500 -1.000 -5.500
v 13.500 0.000 -5.500
v 13.500 0.000 -4.500
v 13.500 -1.000 -4.500
v 13.500 -1.000 4.500
v 13.500 0.000 4.500
v 13.500 0.000 5.500
v 13.500 -1.000 5.500
v 13.500 1.000 -5.500
v 13.500 1.000 -4.500
v 13.500 1.000 -3.500
v 13.500 1.000 4.500
v 13.500 1.000 3.500
v 13.500 1.000 5.500
v 13.500 2.000 -3.500
v 13.500 2.000 -2.500
v 13.500 1.000 -2.500
v 13.500 1.000 2.500
v 13.500 2.000 2.500
v 13.500 2.000 3.500
v 13.500 3.000 -2.500
v 13.500 3.000 2.500
v 13.500 4.000 -2.500
v 13.500 4.000 -1.500
v 13.500 3.000 -1.500
v 13.500 3.000 1.500
v 13.500 4.000 1.500
v 13.500 4.000 2.500
v 13.500 5.000 -2.500
v 13.500 5.000 -1.500
v 13.500 5.000 1.500
v 13.500 5.000 2.500
v 13.500 6.000 -1.500
v 13.500 6.000 -0.500
v 13.500 5.000 -0.500
v 13.500 6.000 0.500
v 13.500 5.000 0.500
v 13.500 6.000 1.500
v 14.500 -5.000 -1.500
v 14.500 -5.000 -0.500
v 14.500 -4.000 -1.500
v 14.500 -5.000 0.500
v 14.500 -5.000 1.500
v 14.500 -4.000 1.500
v 14.500 -3.000 -1.500
v 14.500 -3.000 1.500
v 14.500 -3.000 -2.500
v 14.500 -2.000 -2.500
v 14.500 -3.000 2.500
v 14.500 -2.000 2.500
v 14.500 -1.000 -2.500
v 14.500 -1.000 2.500
v 14.500 -1.000 -4.500
v 14.500 -1.000 -3.500
v 14.500 0.000 -4.500
v 14.500 -1.000 3.500
v 14.500 -1.000 4.500
v 14.500 0.000 4.500
v 14.500 1.000 -3.500
v 14.500 1.000 -4.500
v 14.500 1.000 -2.500
v 14.500 1.000 3.500
v 14.500 1.000 2.500
v 14.500 1.000 4.500
v 14.500 2.000 -2.500
v 14.500 2.000 2.500
v 14.500 3.000 -1.500
v 14.500 3.000 -2.500
v 14.500 3.000 2.500
v 14.500 3.000 1.500
v 14.500 4.000 -1.500
v 14.500 4.000 1.500
v 14.500 5.000 -0.500
v 14.500 5.000 -1.500
v 14.500 5.000 0.500
v 14.500 5.000 1.500
v 15.500 -5.000 -1.500
v 15.500 -4.000 -1.500
v 15.500 -4.000 -0.500
v 15.500 -5.000 -0.500
v 15.500 -4.000 0.500
v 15.500 -5.000 0.500
v 15.500 -4.000 1.500
v 15.500 -5.000 1.500
v 15.500 -3.000 -1.500
v 15.500 -3.000 1.500
v 15.500 -3.000 -2.500
v 15.500 -2.000 -2.500
v 15.500 -2.000 -1.500
v 15.500 -2.000 1.500
v 15.500 -2.000 2.500
v 15.500 -3.000 2.500
v 15.500 -1.000 -2.500
v 15.500 -1.000 2.500
v 15.500 -1.000 -4.500
v 15.500 0.000 -4.500
v 15.500 0.000 -3.500
v 15.500 -1.000 -3.500
v 15.500 -1.000 3.500
v 15.500 0.000 3.500
v 15.500 0.000 4.500
v 15.500 -1.000 4.500
v 15.500 1.000 -4.500
v 15.500 1.000 -3.500
v 15.500 1.000 -2.500
v 15.500 1.000 3.500
v 15.500 1.000 2.500
v 15.500 1.000 4.500
v 15.500 2.000 -2.500
v 15.500 2.000 2.500
v 15.500 3.000 -2.500
v 15.500 3.000 -1.500
v 15.500 2.000 -1.500
v 15.500 2.000 1.500
v 15.500 3.000 1.500
v 15.500 3.000 2.500
v 15.500 4.000 -1.500
v 15.500 4.000 1.500
v 15.500 5.000 -1.500
v 15.500 5.000 -0.500
v 15.500 4.000 -0.500
v 15.500 5.000 0.500
v 15.500 4.000 0.500
v 15.500 5.000 1.500
v 16.500 -4.000 -1.500
v 16.500 -4.000 -0.500
v 16.500 -3.000 -1.500
v 16.500 -4.000 0.500
v 16.500 -4.000 1.500
v 16.500 -3.000 1.500
v 16.500 -2.000 -1.500
v 16.500 -2.000 1.500
v 16.500 -2.000 -2.500
v 16.500 -1.000 -2.500
v 16.500 -2.000 2.500
v 16.500 -1.000 2.500
v 16.500 -1.000 -3.500
v 16.500 0.000 -3.500
v 16.500 -1.000 3.500
v 16.500 0.000 3.500
v 16.500 1.000 -2.500
v 16.500 1.000 -3.500
v 16.500 1.000 3.500
v 16.500 1.000 2.500
v 16.500 2.000 -1.500
v 16.500 2.000 -2.500
v 16.500 2.000 2.500
v 16.500 2.000 1.500
v 16.500 3.000 -1.500
v 16.500 3.000 1.500
v 16.500 4.000 -0.500
v 16.500 4.000 -1.500
v 16.500 4.000 0.500
v 16.500 4.000 1.500
v 17.500 -4.000 -1.500
v 17.500 -3.000 -1.500
v 17.500 -3.000 -0.500
v 17.500 -4.000 -0.500
v 17.500 -3.000 0.500
v 17.500 -4.000 0.500
v 17.500 -3.000 1.500
v 17.500 -4.000 1.500
v 17.500 -2.000 -1.500
v 17.500 -2.000 1.500
v 17.500 -2.000 -2.500
v 17.500 -1.000 -2.500
v 17.500 -1.000 -1.500
v 17.500 -1.000 1.500
v 17.500 -1.000 2.500
v 17.500 -2.000 2.500
v 17.500 -1.000 -3.500
v 17.500 0.000 -3.500
v 17.500 0.000 -2.500
v 17.500 0.000 2.500
v 17.500 0.000 3.500
v 17.500 -1.000 3.500
v 17.500 1.000 -3.500
v 17.500 1.000 -2.500
v 17.500 1.000 2.500
v 17.500 1.000 3.500
v 17.500 2.000 -2.500
v 17.500 2.000 -1.500
v 17.500 1.000 -1.500
v 17.500 1.000 1.500
v 17.500 2.000 1.500
v 17.500 2.000 2.500
v 17.500 3.000 -1.500
v 17.500 3.000 1.500
v 17.500 4.000 -1.500
v 17.500 4.000 -0.500
v 17.500 3.000 -0.500
v 17.500 4.000 0.500
v 17.500 3.000 0.500
v 17.500 4.000 1.500
v 18.500 -3.000 -1.500
v 18.500 -3.000 -0.500
v 18.500 -2.000 -1.500
v 18.500 -3.000 0.500
v 18.500 -3.000 1.500
v 18.500 -2.000 1.500
v 18.500 -1.000 -1.500
v 18.500 -1.000 1.500
v 18.500 -1.000 -2.500
v 18.500 0.000 -2.500
v 18.500 -1.000 2.500
v 18.500 0.000 2.500
v 18.500 1.000 -1.500
v 18.500 1.000 -2.500
v 18.500 1.000 2.500
v 18.500 1.000 1.500
v 18.500 2.000 -1.500
v 18.500 2.000 1.500
v 18.500 3.000 -0.500
v 18.500 3.000 -1.500
v 18.500 3.000 0.500
v 18.500 3.000 1.500
v 19.500 -3.000 -1.500
v 19.500 -2.000 -1.500
v 19.500 -2.000 -0.500
v 19.500 -3.000 -0.500
v 19.500 -2.000 0.500
v 19.500 -3.000 0.500
v 19.500 -2.000 1.500
v 19.500 -3.000 1.500
v 19.500 -1.000 -1.500
v 19.500 -1.000 1.500
v 19.500 -1.000 -2.500
v 19.500 0.000 -2.500
v 19.500 0.000 -1.500
v 19.500 0.000 1.500
v 19.500 0.000 2.500
v 19.500 -1.000 2.500
v 19.500 1.000 -2.500
v 19.500 1.000 -1.500
v 19.500 1.000 1.500
v 19.500 1.000 2.500
v 19.500 2.000 -1.500
v 19.500 2.000 1.500
v 19.500 3.000 -1.500
v 19.500 3.000 -0.500
v 19.500 2.000 -0.500
v 19.500 3.000 0.500
v 19.500 2.000 0.500
v 19.500 3.000 1.500
v 20.500 -2.000 -1.500
v 20.500 -1.000 -1.500
v 20.500 -1.000 -0.500
v 20.500 -2.000 -0.500
v 20.500 -1.000 0.500
v 20.500 -2.000 0.500
v 20.500 -1.000 1.500
v 20.500 -2.000 1.500
v 20.500 0.000 -1.500
v 20.500 0.000 -0.500
v 20.500 0.000 0.500
v 20.500 0.000 1.500
v 20.500 1.000 -1.500
v 20.500 1.000 -0.500
v 20.500 1.000 0.500
v 20.500 1.000 1.500
v 20.500 2.000 -1.500
v 20.500 2.000 -0.500
v 20.500 2.000 0.500
v 20.500 2.000 1.500
v 21.500 -1.000 -0.500
v 21.500 -1.000 0.500
v 21.500 0.000 0.500
v 21.500 0.000 -0.500
v 21.500 1.000 0.500
v 21.500 1.000 -0.500
v 22.500 -1.000 -0.500
v 22.500 0.000 -0.500
v 22.500 0.000 0.500
v 22.500 -1.000 0.500
v 22.500 1.000 -0.500
v 22.500 1.000 0.500
f 1 2 3 4
f 1 4 5 6
f 5 4 3 7
f 8 9 2 1
f 8 1 6 10
f 11 12 9 8
f 11 8 10 13
f 14 15 12 11
f 14 11 13 16
f 17 18 15 14
f 17 14 16 19
f 20 21 18 17
f 20 17 19 22
f 23 24 21 20
f 23 20 22 25
f 23 25 26 24
f 27 28 29 30
f 27 30 31 32
f 31 30 29 33
f 3 34 28 27
f 3 27 32 7
f 2 35 34 3
f 9 36 35 2
f 12 37 36 9
f 15 38 37 12
f 18 39 38 15
f 21 40 39 18
f 24 41 40 21
f 42 43 41 24
f 42 24 26 44
f 45 46 43 42
f 45 42 44 47
f 45 47 48 46
f 29 49 50 51
f 29 51 52 33
f 52 51 50 53
f 28 54 49 29
f 34 55 54 28
f 35 56 55 34
f 36 57 56 35
f 37 58 57 36
f 38 59 58 37
f 39 60 59 38
f 40 61 60 39
f 41 62 61 40
f 43 63 62 41
f 46 64 63 43
f 65 66 64 46
f 65 46 48 67
f 65 67 68 66
f 50 69 70 71
f 50 71 72 53
f 72 71 70 73
f 49 74 69 50
f 54 75 74 49
f 55 76 75 54
f 56 77 76 55
f 57 78 77 56
f 58 79 78 57
f 59 80 79 58
f 60 81 80 59
f 61 82 81 60
f 62 83 82 61
f 63 84 83 62
f 64 85 84 63
f 66 86 85 64
f 87 88 86 66
f 87 66 68 89
f 87 89 90 88
f 69 91 92 70
f 73 70 92 93
f 74 94 91 69
f 75 95 94 74
f 76 96 95 75
f 77 97 96 76
f 78 98 97 77
f 79 99 98 78
f 80 100 99 79
f 81 101 100 80
f 82 102 101 81
f 83 103 102 82
f 84 104 103 83
f 85 105 104 84
f 86 106 105 85
f 88 107 106 86
f 88 90 108 107
f 92 109 110 111
f 92 111 112 93
f 112 111 110 113
f 91 114 109 92
f 94 115 114 91
f 95 116 115 94
f 96 117 116 95
f 97 118 117 96
f 98 119 118 97
f 99 120 119 98
f 100 121 120 99
f 101 122 121 100
f 102 123 122 101
f 103 124 123 102
f 104 125 124 103
f 105 126 125 104
f 106 127 126 105
f 107 128 127 106
f 129 130 128 107
f 129 107 108 131
f 129 131 132 130
f 109 133 134 110
f 113 110 134 135
f 114 136 133 109
f 115 137 136 114
f 116 138 137 115
f 117 139 138 116
f 118 140 139 117
f 119 141 140 118
f 120 142 141 119
f 121 143 142 120
f 122 144 143 121
f 123 145 144 122
f 124 146 145 123
f 125 147 146 124
f 126 148 147 125
f 127 149 148 126
f 128 150 149 127
f 130 151 150 128
f 130 132 152 151
f 133 153 154 134
f 135 134 154 155
f 136 156 153 133
f 137 157 156 136
f 138 158 157 137
f 139 159 158 138
f 140 160 159 139
f 141 161 160 140
f 142 162 161 141
f 143 163 162 142
f 144 164 163 143
f 145 165 164 144
f 146 166 165 145
f 147 167 166 146
f 148 168 167 147
f 149 169 168 148
f 150 170 169 149
f 151 171 170 150
f 151 152 172 171
f 153 173 174 154
f 155 154 174 175
f 156 176 173 153
f 157 177 176 156
f 158 178 177 157
f 159 179 178 158
f 160 180 179 159
f 161 181 180 160
f 162 182 181 161
f 163 183 182 162
f 164 184 183 163
f 165 185 184 164
f 166 186 185 165
f 167 187 186 166
f 168 188 187 167
f 169 189 188 168
f 170 190 189 169
f 171 191 190 170
f 171 172 192 191
f 173 193 194 174
f 175 174 194 195
f 176 196 193 173
f 177 197 196 176
f 178 198 197 177
f 179 199 198 178
f 180 200 199 179
f 181 201 200 180
f 182 202 201 181
f 183 203 202 182
f 184 204 203 183
f 185 205 204 184
f 186 206 205 185
f 187 207 206 186
f 188 208 207 187
f 189 209 208 188
f 190 210 209 189
f 191 211 210 190
f 191 192 212 211
f 193 213 214 194
f 214 213 215 216
f 195 194 214 216
f 196 217 213 193
f 197 218 217 196
f 198 219 218 197
f 199 220 219 198
f 200 221 220 199
f 201 222 221 200
f 202 223 222 201
f 203 224 223 202
f 204 225 224 203
f 205 226 225 204
f 206 227 226 205
f 207 228 227 206
f 208 229 228 207
f 209 230 229 208
f 210 231 230 209
f 211 232 231 210
f 231 232 233 234
f 211 212 233 232
f 217 235 236 213
f 215 213 236 237
f 218 238 235 217
f 219 239 238 218
f 220 240 239 219
f 221 241 240 220
f 222 242 241 221
f 223 243 242 222
f 224 244 243 223
f 225 245 244 224
f 226 246 245 225
f 227 247 246 226
f 228 248 247 227
f 229 249 248 228
f 230 250 249 229
f 231 251 250 230
f 231 234 252 251
f 235 253 254 236
f 254 253 255 256
f 237 236 254 256
f 238 257 253 235
f 239 258 257 238
f 240 259 258 239
f 241 260 259 240
f 242 261 260 241
f 243 262 261 242
f 244 263 262 243
f 245 264 263 244
f 246 265 264 245
f 247 266 265 246
f 248 267 266 247
f 249 268 267 248
f 250 269 268 249
f 251 270 269 250
f 269 270 271 272
f 251 252 271 270
f 257 273 274 253
f 274 273 275 276
f 255 253 274 276
f 258 277 273 257
f 259 278 277 258
f 260 279 278 259
f 261 280 279 260
f 262 281 280 261
f 263 282 281 262
f 264 283 282 263
f 265 284 283 264
f 266 285 284 265
f 267 286 285 266
f 268 287 286 267
f 269 288 287 268
f 287 288 289 290
f 269 272 289 288
f 277 291 292 273
f 292 291 293 294
f 275 273 292 294
f 278 295 291 277
f 291 295 296 293
f 279 297 295 278
f 280 298 297 279
f 281 299 298 280
f 282 300 299 281
f 283 301 300 282
f 284 302 301 283
f 285 303 302 284
f 286 304 303 285
f 303 304 305 306
f 287 307 304 286
f 304 307 308 305
f 287 290 308 307
f 297 309 310 295
f 310 309 311 312
f 296 295 310 312
f 298 313 309 297
f 309 313 314 311
f 299 315 313 298
f 313 315 316 314
f 300 317 315 299
f 315 317 318 316
f 301 319 317 300
f 317 319 320 318
f 302 321 319 301
f 319 321 322 320
f 303 323 321 302
f 321 323 324 322
f 303 306 324 323
f 325 326 327 328
f 329 6 5 330
f 329 330 325 328
f 325 330 5 326
f 328 327 331 332
f 333 10 6 329
f 333 329 328 332
f 332 331 334 335
f 336 13 10 333
f 336 333 332 335
f 335 334 337 338
f 339 16 13 336
f 339 336 335 338
f 338 337 340 341
f 342 19 16 339
f 342 339 338 341
f 341 340 343 344
f 345 22 19 342
f 345 342 341 344
f 344 343 346 347
f 348 25 22 345
f 348 345 344 347
f 348 347 346 25
f 349 350 351 352
f 353 32 31 354
f 353 354 349 352
f 349 354 31 350
f 352 351 355 326
f 5 7 32 353
f 5 353 352 326
f 346 356 357 358
f 359 44 26 25
f 359 25 346 358
f 358 357 360 361
f 362 47 44 359
f 362 359 358 361
f 362 361 360 47
f 363 364 365 350
f 31 33 52 366
f 31 366 363 350
f 363 366 52 364
f 360 367 368 369
f 370 67 48 47
f 370 47 360 369
f 370 369 368 67
f 371 372 373 364
f 52 53 72 374
f 52 374 371 364
f 371 374 72 372
f 368 375 376 377
f 378 89 68 67
f 378 67 368 377
f 378 377 376 89
f 379 380 381 372
f 72 73 382 383
f 72 383 379 372
f 379 383 382 380
f 376 384 385 386
f 387 388 90 89
f 387 89 376 386
f 387 386 385 388
f 380 389 390 381
f 73 93 112 382
f 380 382 112 389
f 384 391 392 385
f 388 131 108 90
f 388 385 392 131
f 393 394 395 389
f 112 113 396 397
f 112 397 393 389
f 393 397 396 394
f 392 398 399 400
f 401 402 132 131
f 401 131 392 400
f 401 400 399 402
f 394 403 404 395
f 113 135 405 396
f 394 396 405 403
f 398 406 407 399
f 402 408 152 132
f 402 399 407 408
f 403 409 410 404
f 135 155 411 405
f 403 405 411 409
f 406 412 413 407
f 408 414 172 152
f 408 407 413 414
f 409 415 416 410
f 155 175 417 411
f 409 411 417 415
f 412 418 419 413
f 414 420 192 172
f 414 413 419 420
f 415 421 422 416
f 175 195 423 417
f 415 417 423 421
f 418 424 425 419
f 420 426 212 192
f 420 419 425 426
f 421 427 428 422
f 195 216 429 423
f 429 216 428 427
f 421 423 429 427
f 424 430 431 425
f 426 432 233 212
f 233 432 431 430
f 426 425 431 432
f 428 433 434 435
f 215 237 436 216
f 428 216 436 433
f 437 438 439 430
f 233 440 252 234
f 233 430 439 440
f 433 441 442 434
f 237 256 443 436
f 443 256 442 441
f 433 436 443 441
f 438 444 445 439
f 440 446 271 252
f 271 446 445 444
f 440 439 445 446
f 442 447 448 449
f 255 276 450 256
f 450 276 448 447
f 442 256 450 447
f 451 452 453 444
f 271 454 289 272
f 289 454 453 452
f 271 444 453 454
f 448 455 456 457
f 275 294 458 276
f 458 294 456 455
f 448 276 458 455
f 459 460 461 452
f 289 462 308 290
f 308 462 461 460
f 289 452 461 462
f 456 463 464 465
f 293 466 467 294
f 467 466 464 463
f 456 294 467 463
f 465 464 468 469
f 296 312 466 293
f 466 312 468 464
f 470 471 472 473
f 305 474 324 306
f 324 474 472 471
f 473 472 475 460
f 308 476 474 305
f 474 476 475 472
f 308 460 475 476
f 468 477 478 479
f 311 480 481 312
f 481 480 478 477
f 468 312 481 477
f 479 478 482 483
f 314 484 480 311
f 480 484 482 478
f 483 482 485 486
f 316 487 484 314
f 484 487 485 482
f 486 485 488 489
f 318 490 487 316
f 487 490 488 485
f 489 488 491 492
f 320 493 490 318
f 490 493 491 488
f 492 491 494 495
f 322 496 493 320
f 493 496 494 491
f 495 494 497 471
f 324 498 496 322
f 496 498 497 494
f 324 471 497 498
f 499 500 501 502
f 327 326 499 502
f 499 326 355 500
f 502 501 503 504
f 331 327 502 504
f 504 503 505 506
f 334 331 504 506
f 506 505 507 508
f 337 334 506 508
f 508 507 509 510
f 340 337 508 510
f 510 509 511 512
f 343 340 510 512
f 512 511 513 514
f 346 343 512 514
f 346 514 513 356
f 515 516 517 518
f 351 350 515 518
f 515 350 365 516
f 518 517 519 500
f 355 351 518 500
f 513 520 521 522
f 357 356 513 522
f 522 521 523 524
f 360 357 522 524
f 360 524 523 367
f 525 526 527 516
f 365 364 525 516
f 525 364 373 526
f 516 527 528 517
f 521 529 530 523
f 523 530 531 532
f 368 367 523 532
f 368 532 531 375
f 533 534 535 526
f 373 372 533 526
f 533 372 381 534
f 526 535 536 527
f 530 537 538 531
f 531 538 539 540
f 376 375 531 540
f 376 540 539 384
f 534 541 542 535
f 534 381 390 541
f 538 543 544 539
f 384 539 544 391
f 545 546 547 541
f 390 389 545 541
f 545 389 395 546
f 544 548 549 550
f 392 391 544 550
f 392 550 549 398
f 546 551 552 547
f 546 395 404 551
f 548 553 554 549
f 398 549 554 406
f 551 555 556 552
f 551 404 410 555
f 553 557 558 554
f 406 554 558 412
f 555 559 560 556
f 555 410 416 559
f 557 561 562 558
f 412 558 562 418
f 559 563 564 560
f 559 416 422 563
f 561 565 566 562
f 418 562 566 424
f 563 567 568 564
f 428 435 568 567
f 563 422 428 567
f 565 569 570 566
f 437 430 570 569
f 424 566 570 430
f 568 571 572 573
f 568 435 434 571
f 574 575 576 569
f 437 569 576 438
f 571 577 578 572
f 442 449 578 577
f 571 434 442 577
f 572 578 579 580
f 581 582 583 575
f 575 583 584 576
f 451 444 584 583
f 438 576 584 444
f 578 585 586 579
f 448 457 586 585
f 578 449 448 585
f 579 586 587 588
f 589 590 591 582
f 582 591 592 583
f 459 452 592 591
f 451 583 592 452
f 586 593 594 587
f 456 465 594 593
f 586 457 456 593
f 587 594 595 596
f 465 469 595 594
f 597 598 599 590
f 470 473 599 598
f 590 599 600 591
f 473 460 600 599
f 459 591 600 460
f 595 601 602 603
f 468 479 602 601
f 595 469 468 601
f 603 602 604 605
f 479 483 604 602
f 605 604 606 607
f 483 486 606 604
f 607 606 608 609
f 486 489 608 606
f 609 608 610 611
f 489 492 610 608
f 611 610 612 613
f 492 495 612 610
f 613 612 614 598
f 495 471 614 612
f 470 598 614 471
f 501 500 615 616
f 615 500 519 617
f 503 501 616 618
f 505 503 618 619
f 507 505 619 620
f 509 507 620 621
f 511 509 621 622
f 513 511 622 623
f 513 623 624 520
f 519 517 625 617
f 625 517 528 626
f 521 520 624 627
f 521 627 628 529
f 528 527 629 626
f 629 527 536 630
f 530 529 628 631
f 530 631 632 537
f 536 535 633 630
f 633 535 542 634
f 538 537 632 635
f 538 635 636 543
f 542 541 637 634
f 637 541 547 638
f 544 543 636 639
f 544 639 640 548
f 638 547 552 641
f 548 640 642 553
f 641 552 556 643
f 553 642 644 557
f 643 556 560 645
f 557 644 646 561
f 645 560 564 647
f 561 646 648 565
f 568 573 649 650
f 647 564 568 650
f 574 569 651 652
f 565 648 651 569
f 572 580 653 654
f 649 573 572 654
f 581 575 655 656
f 574 652 655 575
f 579 588 657 658
f 653 580 579 658
f 589 582 659 660
f 581 656 659 582
f 587 596 661 662
f 657 588 587 662
f 597 590 663 664
f 589 660 663 590
f 595 603 665 666
f 661 596 595 666
f 603 605 667 665
f 605 607 668 667
f 607 609 669 668
f 609 611 670 669
f 611 613 671 670
f 613 598 672 671
f 597 664 672 598
f 673 616 615 674
f 673 674 675 676
f 675 674 615 677
f 678 618 616 673
f 678 673 676 679
f 680 619 618 678
f 680 678 679 681
f 682 620 619 680
f 682 680 681 683
f 684 621 620 682
f 684 682 683 685
f 686 622 621 684
f 686 684 685 687
f 688 623 622 686
f 688 686 687 689
f 688 689 690 623
f 691 625 692 693
f 691 693 694 695
f 694 693 692 696
f 615 617 625 691
f 615 691 695 677
f 697 627 624 623
f 697 623 690 698
f 699 700 627 697
f 699 697 698 701
f 699 701 702 700
f 692 629 703 704
f 692 704 705 696
f 705 704 703 706
f 625 626 629 692
f 700 631 628 627
f 707 708 631 700
f 707 700 702 709
f 707 709 710 708
f 703 633 711 712
f 703 712 713 706
f 713 712 711 714
f 629 630 633 703
f 708 635 632 631
f 715 716 635 708
f 715 708 710 717
f 715 717 718 716
f 633 634 637 711
f 714 711 637 719
f 716 639 636 635
f 716 718 720 639
f 637 638 721 722
f 637 722 723 719
f 723 722 721 724
f 725 726 640 639
f 725 639 720 727
f 725 727 728 726
f 638 641 729 721
f 724 721 729 730
f 726 731 642 640
f 726 728 732 731
f 641 643 733 729
f 730 729 733 734
f 731 735 644 642
f 731 732 736 735
f 643 645 737 733
f 734 733 737 738
f 735 739 646 644
f 735 736 740 739
f 645 647 741 737
f 738 737 741 742
f 739 743 648 646
f 739 740 744 743
f 647 650 745 741
f 745 650 746 747
f 742 741 745 747
f 743 748 651 648
f 651 748 749 750
f 743 744 749 748
f 649 654 751 650
f 746 650 751 752
f 651 753 655 652
f 651 750 754 753
f 654 755 756 751
f 756 755 757 758
f 752 751 756 758
f 653 658 755 654
f 655 759 659 656
f 753 760 759 655
f 759 760 761 762
f 753 754 761 760
f 658 763 764 755
f 764 763 765 766
f 757 755 764 766
f 657 662 763 658
f 659 767 663 660
f 759 768 767 659
f 767 768 769 770
f 759 762 769 768
f 662 771 772 763
f 772 771 773 774
f 765 763 772 774
f 661 666 771 662
f 771 666 775 773
f 663 776 672 664
f 672 776 777 778
f 767 779 776 663
f 776 779 780 777
f 767 770 780 779
f 665 781 782 666
f 782 781 783 784
f 775 666 782 784
f 667 785 781 665
f 781 785 786 783
f 668 787 785 667
f 785 787 788 786
f 669 789 787 668
f 787 789 790 788
f 670 791 789 669
f 789 791 792 790
f 671 793 791 670
f 791 793 794 792
f 672 795 793 671
f 793 795 796 794
f 672 778 796 795
f 676 675 797 798
f 797 675 677 799
f 679 676 798 800
f 681 679 800 801
f 683 681 801 802
f 685 683 802 803
f 687 685 803 804
f 689 687 804 805
f 689 805 806 690
f 695 694 807 808
f 807 694 696 809
f 677 695 808 799
f 698 690 806 810
f 701 698 810 811
f 701 811 812 702
f 696 705 813 809
f 813 705 706 814
f 709 702 812 815
f 709 815 816 710
f 706 713 817 814
f 817 713 714 818
f 717 710 816 819
f 717 819 820 718
f 818 714 719 821
f 718 820 822 720
f 719 723 823 821
f 823 723 724 824
f 727 720 822 825
f 727 825 826 728
f 824 724 730 827
f 728 826 828 732
f 827 730 734 829
f 732 828 830 736
f 829 734 738 831
f 736 830 832 740
f 831 738 742 833
f 740 832 834 744
f 747 746 835 836
f 833 742 747 836
f 750 749 837 838
f 744 834 837 749
f 835 746 752 839
f 750 838 840 754
f 758 757 841 842
f 839 752 758 842
f 762 761 843 844
f 754 840 843 761
f 766 765 845 846
f 841 757 766 846
f 770 769 847 848
f 762 844 847 769
f 774 773 849 850
f 845 765 774 850
f 773 775 851 849
f 778 777 852 853
f 777 780 854 852
f 770 848 854 780
f 784 783 855 856
f 851 775 784 856
f 783 786 857 855
f 786 788 858 857
f 788 790 859 858
f 790 792 860 859
f 792 794 861 860
f 794 796 862 861
f 778 853 862 796
f 863 864 865 866
f 867 798 797 868
f 867 868 863 866
f 863 868 797 864
f 866 865 869 870
f 871 800 798 867
f 871 867 866 870
f 870 869 872 873
f 874 801 800 871
f 874 871 870 873
f 873 872 875 876
f 877 802 801 874
f 877 874 873 876
f 876 875 878 879
f 880 803 802 877
f 880 877 876 879
f 879 878 881 882
f 883 804 803 880
f 883 880 879 882
f 882 881 884 885
f 886 805 804 883
f 886 883 882 885
f 886 885 884 805
f 887 888 889 890
f 891 808 807 892
f 891 892 887 890
f 887 892 807 888
f 890 889 893 864
f 797 799 808 891
f 797 891 890 864
f 884 894 895 896
f 897 810 806 805
f 897 805 884 896
f 896 895 898 899
f 900 811 810 897
f 900 897 896 899
f 900 899 898 811
f 901 902 903 888
f 807 809 813 904
f 807 904 901 888
f 901 904 813 902
f 898 905 906 907
f 908 815 812 811
f 908 811 898 907
f 908 907 906 815
f 909 910 911 902
f 813 814 817 912
f 813 912 909 902
f 909 912 817 910
f 906 913 914 915
f 916 819 816 815
f 916 815 906 915
f 916 915 914 819
f 917 918 919 910
f 817 818 920 921
f 817 921 917 910
f 917 921 920 918
f 914 922 923 924
f 925 926 820 819
f 925 819 914 924
f 925 924 923 926
f 918 927 928 919
f 818 821 823 920
f 918 920 823 927
f 922 929 930 923
f 926 825 822 820
f 926 923 930 825
f 931 932 933 927
f 823 824 934 935
f 823 935 931 927
f 931 935 934 932
f 930 936 937 938
f 939 940 826 825
f 939 825 930 938
f 939 938 937 940
f 932 941 942 933
f 824 827 943 934
f 932 934 943 941
f 936 944 945 937
f 940 946 828 826
f 940 937 945 946
f 941 947 948 942
f 827 829 949 943
f 941 943 949 947
f 944 950 951 945
f 946 952 830 828
f 946 945 951 952
f 947 953 954 948
f 829 831 955 949
f 947 949 955 953
f 950 956 957 951
f 952 958 832 830
f 952 951 957 958
f 953 959 960 954
f 831 833 961 955
f 953 955 961 959
f 956 962 963 957
f 958 964 834 832
f 958 957 963 964
f 959 965 966 960
f 833 836 967 961
f 967 836 966 965
f 959 961 967 965
f 962 968 969 963
f 964 970 837 834
f 837 970 969 968
f 964 963 969 970
f 966 971 972 973
f 835 839 974 836
f 966 836 974 971
f 975 976 977 968
f 837 978 840 838
f 837 968 977 978
f 971 979 980 972
f 839 842 981 974
f 981 842 980 979
f 971 974 981 979
f 976 982 983 977
f 978 984 843 840
f 843 984 983 982
f 978 977 983 984
f 980 985 986 987
f 841 846 988 842
f 988 846 986 985
f 980 842 988 985
f 989 990 991 982
f 843 992 847 844
f 847 992 991 990
f 843 982 991 992
f 986 993 994 995
f 845 850 996 846
f 996 850 994 993
f 986 846 996 993
f 997 998 999 990
f 847 1000 854 848
f 854 1000 999 998
f 847 990 999 1000
f 994 1001 1002 1003
f 849 1004 1005 850
f 1005 1004 1002 1001
f 994 850 1005 1001
f 1003 1002 1006 1007
f 851 856 1004 849
f 1004 856 1006 1002
f 1008 1009 1010 1011
f 852 1012 862 853
f 862 1012 1010 1009
f 1011 1010 1013 998
f 854 1014 1012 852
f 1012 1014 1013 1010
f 854 998 1013 1014
f 1006 1015 1016 1017
f 855 1018 1019 856
f 1019 1018 1016 1015
f 1006 856 1019 1015
f 1017 1016 1020 1021
f 857 1022 1018 855
f 1018 1022 1020 1016
f 1021 1020 1023 1024
f 858 1025 1022 857
f 1022 1025 1023 1020
f 1024 1023 1026 1027
f 859 1028 1025 858
f 1025 1028 1026 1023
f 1027 1026 1029 1030
f 860 1031 1028 859
f 1028 1031 1029 1026
f 1030 1029 1032 1033
f 861 1034 1031 860
f 1031 1034 1032 1029
f 1033 1032 1035 1009
f 862 1036 1034 861
f 1034 1036 1035 1032
f 862 1009 1035 1036
f 865 864 1037 1038
f 1037 864 893 1039
f 869 865 1038 1040
f 872 869 1040 1041
f 875 872 1041 1042
f 878 875 1042 1043
f 881 878 1043 1044
f 884 881 1044 1045
f 884 1045 1046 894
f 889 888 1047 1048
f 1047 888 903 1049
f 893 889 1048 1039
f 895 894 1046 1050
f 898 895 1050 1051
f 898 1051 1052 905
f 903 902 1053 1049
f 1053 902 911 1054
f 906 905 1052 1055
f 906 1055 1056 913
f 911 910 1057 1054
f 1057 910 919 1058
f 914 913 1056 1059
f 914 1059 1060 922
f 1058 919 928 1061
f 922 1060 1062 929
f 928 927 1063 1061
f 1063 927 933 1064
f 930 929 1062 1065
f 930 1065 1066 936
f 1064 933 942 1067
f 936 1066 1068 944
f 1067 942 948 1069
f 944 1068 1070 950
f 1069 948 954 1071
f 950 1070 1072 956
f 1071 954 960 1073
f 956 1072 1074 962
f 966 973 1075 1076
f 1073 960 966 1076
f 975 968 1077 1078
f 962 1074 1077 968
f 1075 973 972 1079
f 975 1078 1080 976
f 980 987 1081 1082
f 1079 972 980 1082
f 989 982 1083 1084
f 976 1080 1083 982
f 986 995 1085 1086
f 1081 987 986 1086
f 997 990 1087 1088
f 989 1084 1087 990
f 994 1003 1089 1090
f 1085 995 994 1090
f 1003 1007 1091 1089
f 1008 1011 1092 1093
f 1011 998 1094 1092
f 997 1088 1094 998
f 1006 1017 1095 1096
f 1091 1007 1006 1096
f 1017 1021 1097 1095
f 1021 1024 1098 1097
f 1024 1027 1099 1098
f 1027 1030 1100 1099
f 1030 1033 1101 1100
f 1033 1009 1102 1101
f 1008 1093 1102 1009
f 1103 1104 1105 1106
f 1038 1037 1103 1106
f 1103 1037 1039 1104
f 1106 1105 1107 1108
f 1040 1038 1106 1108
f 1108 1107 1109 1110
f 1041 1040 1108 1110
f 1110 1109 1111 1112
f 1042 1041 1110 1112
f 1112 1111 1113 1114
f 1043 1042 1112 1114
f 1114 1113 1115 1116
f 1044 1043 1114 1116
f 1116 1115 1117 1118
f 1045 1044 1116 1118
f 1045 1118 1117 1046
f 1119 1120 1121 1122
f 1048 1047 1119 1122
f 1119 1047 1049 1120
f 1122 1121 1123 1104
f 1039 1048 1122 1104
f 1104 1123 1124 1105
f 1105 1124 1125 1107
f 1107 1125 1126 1109
f 1109 1126 1127 1111
f 1111 1127 1128 1113
f 1113 1128 1129 1115
f 1115 1129 1130 1117
f 1117 1130 1131 1132
f 1050 1046 1117 1132
f 1132 1131 1133 1134
f 1051 1050 1132 1134
f 1051 1134 1133 1052
f 1135 1136 1137 1120
f 1049 1053 1135 1120
f 1135 1053 1054 1136
f 1120 1137 1138 1121
f 1121 1138 1139 1123
f 1123 1139 1140 1124
f 1124 1140 1141 1125
f 1125 1141 1142 1126
f 1126 1142 1143 1127
f 1127 1143 1144 1128
f 1128 1144 1145 1129
f 1129 1145 1146 1130
f 1130 1146 1147 1131
f 1131 1147 1148 1133
f 1133 1148 1149 1150
f 1055 1052 1133 1150
f 1055 1150 1149 1056
f 1151 1152 1153 1136
f 1054 1057 1151 1136
f 1151 1057 1058 1152
f 1136 1153 1154 1137
f 1137 1154 1155 1138
f 1138 1155 1156 1139
f 1139 1156 1157 1140
f 1140 1157 1158 1141
f 1141 1158 1159 1142
f 1142 1159 1160 1143
f 1143 1160 1161 1144
f 1144 1161 1162 1145
f 1145 1162 1163 1146
f 1146 1163 1164 1147
f 1147 1164 1165 1148
f 1148 1165 1166 1149
f 1149 1166 1167 1168
f 1059 1056 1149 1168
f 1059 1168 1167 1060
f 1152 1169 1170 1153
f 1152 1058 1061 1169
f 1153 1170 1171 1154
f 1154 1171 1172 1155
f 1155 1172 1173 1156
f 1156 1173 1174 1157
f 1157 1174 1175 1158
f 1158 1175 1176 1159
f 1159 1176 1177 1160
f 1160 1177 1178 1161
f 1161 1178 1179 1162
f 1162 1179 1180 1163
f 1163 1180 1181 1164
f 1164 1181 1182 1165
f 1165 1182 1183 1166
f 1166 1183 1184 1167
f 1060 1167 1184 1062
f 1185 1186 1187 1169
f 1061 1063 1185 1169
f 1185 1063 1064 1186
f 1169 1187 1188 1170
f 1170 1188 1189 1171
f 1171 1189 1190 1172
f 1172 1190 1191 1173
f 1173 1191 1192 1174
f 1174 1192 1193 1175
f 1175 1193 1194 1176
f 1176 1194 1195 1177
f 1177 1195 1196 1178
f 1178 1196 1197 1179
f 1179 1197 1198 1180
f 1180 1198 1199 1181
f 1181 1199 1200 1182
f 1182 1200 1201 1183
f 1183 1201 1202 1184
f 1184 1202 1203 1204
f 1065 1062 1184 1204
f 1065 1204 1203 1066
f 1186 1205 1206 1187
f 1186 1064 1067 1205
f 1187 1206 1207 1188
f 1188 1207 1208 1189
f 1189 1208 1209 1190
f 1190 1209 1210 1191
f 1191 1210 1211 1192
f 1192 1211 1212 1193
f 1196 1213 1214 1197
f 1197 1214 1215 1198
f 1198 1215 1216 1199
f 1199 1216 1217 1200
f 1200 1217 1218 1201
f 1201 1218 1219 1202
f 1202 1219 1220 1203
f 1066 1203 1220 1068
f 1205 1221 1222 1206
f 1205 1067 1069 1221
f 1206 1222 1223 1207
f 1207 1223 1224 1208
f 1208 1224 1225 1209
f 1209 1225 1226 1210
f 1210 1226 1227 1211
f 1214 1228 1229 1215
f 1215 1229 1230 1216
f 1216 1230 1231 1217
f 1217 1231 1232 1218
f 1218 1232 1233 1219
f 1219 1233 1234 1220
f 1068 1220 1234 1070
f 1221 1235 1236 1222
f 1221 1069 1071 1235
f 1222 1236 1237 1223
f 1223 1237 1238 1224
f 1224 1238 1239 1225
f 1225 1239 1240 1226
f 1226 1240 1241 1227
f 1228 1242 1243 1229
f 1229 1243 1244 1230
f 1230 1244 1245 1231
f 1231 1245 1246 1232
f 1232 1246 1247 1233
f 1233 1247 1248 1234
f 1070 1234 1248 1072
f 1235 1249 1250 1236
f 1235 1071 1073 1249
f 1236 1250 1251 1237
f 1237 1251 1252 1238
f 1238 1252 1253 1239
f 1239 1253 1254 1240
f 1240 1254 1255 1241
f 1241 1255 1256 1257
f 1258 1259 1260 1242
f 1242 1260 1261 1243
f 1243 1261 1262 1244
f 1244 1262 1263 1245
f 1245 1263 1264 1246
f 1246 1264 1265 1247
f 1247 1265 1266 1248
f 1072 1248 1266 1074
f 1249 1267 1268 1250
f 1076 1075 1268 1267
f 1249 1073 1076 1267
f 1250 1268 1269 1251
f 1251 1269 1270 1252
f 1252 1270 1271 1253
f 1253 1271 1272 1254
f 1254 1272 1273 1255
f 1255 1273 1274 1256
f 1256 1274 1275 1276
f 1276 1275 1277 1278
f 1278 1277 1279 1259
f 1259 1279 1280 1260
f 1260 1280 1281 1261
f 1261 1281 1282 1262
f 1262 1282 1283 1263
f 1263 1283 1284 1264
f 1264 1284 1285 1265
f 1265 1285 1286 1266
f 1078 1077 1286 1285
f 1074 1266 1286 1077
f 1268 1287 1288 1269
f 1268 1075 1079 1287
f 1269 1288 1289 1270
f 1270 1289 1290 1271
f 1271 1290 1291 1272
f 1272 1291 1292 1273
f 1273 1292 1293 1274
f 1274 1293 1294 1275
f 1275 1294 1295 1277
f 1277 1295 1296 1279
f 1279 1296 1297 1280
f 1280 1297 1298 1281
f 1281 1298 1299 1282
f 1282 1299 1300 1283
f 1283 1300 1301 1284
f 1284 1301 1302 1285
f 1078 1285 1302 1080
f 1287 1303 1304 1288
f 1082 1081 1304 1303
f 1287 1079 1082 1303
f 1288 1304 1305 1289
f 1289 1305 1306 1290
f 1290 1306 1307 1291
f 1291 1307 1308 1292
f 1292 1308 1309 1293
f 1293 1309 1310 1294
f 1294 1310 1311 1295
f 1295 1311 1312 1296
f 1296 1312 1313 1297
f 1297 1313 1314 1298
f 1298 1314 1315 1299
f 1299 1315 1316 1300
f 1300 1316 1317 1301
f 1301 1317 1318 1302
f 1084 1083 1318 1317
f 1080 1302 1318 1083
f 1304 1319 1320 1305
f 1086 1085 1320 1319
f 1304 1081 1086 1319
f 1305 1320 1321 1306
f 1306 1321 1322 1307
f 1307 1322 1323 1308
f 1308 1323 1324 1309
f 1309 1324 1325 1310
f 1310 1325 1326 1311
f 1311 1326 1327 1312
f 1312 1327 1328 1313
f 1313 1328 1329 1314
f 1314 1329 1330 1315
f 1315 1330 1331 1316
f 1316 1331 1332 1317
f 1088 1087 1332 1331
f 1084 1317 1332 1087
f 1320 1333 1334 1321
f 1090 1089 1334 1333
f 1320 1085 1090 1333
f 1321 1334 1335 1322
f 1089 1091 1335 1334
f 1322 1335 1336 1323
f 1323 1336 1337 1324
f 1324 1337 1338 1325
f 1325 1338 1339 1326
f 1326 1339 1340 1327
f 1327 1340 1341 1328
f 1328 1341 1342 1329
f 1329 1342 1343 1330
f 1093 1092 1343 1342
f 1330 1343 1344 1331
f 1092 1094 1344 1343
f 1088 1331 1344 1094
f 1335 1345 1346 1336
f 1096 1095 1346 1345
f 1335 1091 1096 1345
f 1336 1346 1347 1337
f 1095 1097 1347 1346
f 1337 1347 1348 1338
f 1097 1098 1348 1347
f 1338 1348 1349 1339
f 1098 1099 1349 1348
f 1339 1349 1350 1340
f 1099 1100 1350 1349
f 1340 1350 1351 1341
f 1100 1101 1351 1350
f 1341 1351 1352 1342
f 1101 1102 1352 1351
f 1093 1342 1352 1102
f 1194 1193 1353 1354
f 1353 1193 1212 1355
f 1195 1194 1354 1356
f 1196 1195 1356 1357
f 1196 1357 1358 1213
f 1212 1211 1359 1355
f 1359 1211 1227 1360
f 1214 1213 1358 1361
f 1214 1361 1362 1228
f 1241 1257 1363 1364
f 1360 1227 1241 1364
f 1258 1242 1365 1366
f 1228 1362 1365 1242
f 1256 1276 1367 1368
f 1363 1257 1256 1368
f 1276 1278 1369 1367
f 1278 1259 1370 1369
f 1258 1366 1370 1259
f 1354 1353 1371 1372
f 1371 1353 1355 1373
f 1356 1354 1372 1374
f 1357 1356 1374 1375
f 1357 1375 1376 1358
f 1355 1359 1377 1373
f 1377 1359 1360 1378
f 1361 1358 1376 1379
f 1361 1379 1380 1362
f 1364 1363 1381 1382
f 1378 1360 1364 1382
f 1366 1365 1383 1384
f 1362 1380 1383 1365
f 1368 1367 1385 1386
f 1381 1363 1368 1386
f 1367 1369 1387 1385
f 1369 1370 1388 1387
f 1366 1384 1388 1370
f 1372 1371 1389 1390
f 1389 1371 1373 1391
f 1374 1372 1390 1392
f 1375 1374 1392 1393
f 1375 1393 1394 1376
f 1373 1377 1395 1391
f 1395 1377 1378 1396
f 1379 1376 1394 1397
f 1379 1397 1398 1380
f 1382 1381 1399 1400
f 1396 1378 1382 1400
f 1384 1383 1401 1402
f 1380 1398 1401 1383
f 1386 1385 1403 1404
f 1399 1381 1386 1404
f 1385 1387 1405 1403
f 1387 1388 1406 1405
f 1384 1402 1406 1388
f 1390 1389 1407 1408
f 1407 1389 1391 1409
f 1392 1390 1408 1410
f 1393 1392 1410 1411
f 1393 1411 1412 1394
f 1391 1395 1413 1409
f 1413 1395 1396 1414
f 1397 1394 1412 1415
f 1397 1415 1416 1398
f 1400 1399 1417 1418
f 1414 1396 1400 1418
f 1402 1401 1419 1420
f 1398 1416 1419 1401
f 1404 1403 1421 1422
f 1417 1399 1404 1422
f 1403 1405 1423 1421
f 1405 1406 1424 1423
f 1402 1420 1424 1406
f 1408 1407 1425 1426
f 1425 1407 1409 1427
f 1410 1408 1426 1428
f 1411 1410 1428 1429
f 1411 1429 1430 1412
f 1409 1413 1431 1427
f 1431 1413 1414 1432
f 1415 1412 1430 1433
f 1415 1433 1434 1416
f 1418 1417 1435 1436
f 1432 1414 1418 1436
f 1420 1419 1437 1438
f 1416 1434 1437 1419
f 1422 1421 1439 1440
f 1435 1417 1422 1440
f 1421 1423 1441 1439
f 1423 1424 1442 1441
f 1420 1438 1442 1424
f 1443 1444 1445 1446
f 1443 1446 1447 1448
f 1447 1446 1445 1449
f 1450 1451 1444 1443
f 1450 1443 1448 1452
f 1453 1454 1451 1450
f 1453 1450 1452 1455
f 1456 1457 1454 1453
f 1456 1453 1455 1458
f 1459 1460 1457 1456
f 1459 1456 1458 1461
f 1459 1461 1462 1460
f 1463 1464 1465 1449
f 1445 1466 1467 1468
f 1445 1468 1463 1449
f 1463 1468 1467 1464
f 1444 1425 1466 1445
f 1451 1426 1425 1444
f 1454 1428 1426 1451
f 1457 1429 1428 1454
f 1460 1469 1429 1457
f 1462 1470 1471 1472
f 1473 1474 1469 1460
f 1473 1460 1462 1472
f 1473 1472 1471 1474
f 1475 1476 1477 1464
f 1467 1478 1479 1480
f 1467 1480 1475 1464
f 1475 1480 1479 1476
f 1466 1431 1478 1467
f 1425 1427 1431 1466
f 1469 1433 1430 1429
f 1474 1481 1433 1469
f 1471 1482 1483 1484
f 1485 1486 1481 1474
f 1485 1474 1471 1484
f 1485 1484 1483 1486
f 1478 1487 1488 1479
f 1476 1479 1488 1489
f 1431 1432 1487 1478
f 1481 1490 1434 1433
f 1486 1491 1490 1481
f 1486 1483 1492 1491
f 1487 1493 1494 1488
f 1489 1488 1494 1495
f 1432 1436 1493 1487
f 1490 1496 1437 1434
f 1491 1497 1496 1490
f 1491 1492 1498 1497
f 1495 1499 1500 1501
f 1493 1502 1503 1494
f 1503 1502 1500 1499
f 1495 1494 1503 1499
f 1436 1504 1502 1493
f 1435 1440 1504 1436
f 1437 1505 1442 1438
f 1496 1506 1505 1437
f 1507 1508 1509 1498
f 1497 1510 1506 1496
f 1506 1510 1509 1508
f 1497 1498 1509 1510
f 1500 1511 1512 1513
f 1504 1514 1515 1502
f 1515 1514 1512 1511
f 1500 1502 1515 1511
f 1440 1516 1514 1504
f 1439 1517 1516 1440
f 1441 1518 1517 1439
f 1442 1519 1518 1441
f 1505 1520 1519 1442
f 1521 1522 1523 1508
f 1506 1524 1520 1505
f 1520 1524 1523 1522
f 1506 1508 1523 1524
f 1516 1525 1526 1514
f 1526 1525 1527 1528
f 1512 1514 1526 1528
f 1517 1529 1525 1516
f 1525 1529 1530 1527
f 1518 1531 1529 1517
f 1529 1531 1532 1530
f 1519 1533 1531 1518
f 1531 1533 1534 1532
f 1520 1535 1533 1519
f 1533 1535 1536 1534
f 1520 1522 1536 1535
f 1537 1538 1539 1540
f 1537 1540 1541 1542
f 1541 1540 1539 1543
f 1544 1545 1538 1537
f 1544 1537 1542 1546
f 1547 1548 1545 1544
f 1547 1544 1546 1549
f 1547 1549 1550 1548
f 1539 1448 1447 1551
f 1539 1551 1552 1543
f 1552 1551 1447 1553
f 1538 1452 1448 1539
f 1545 1455 1452 1538
f 1548 1458 1455 1545
f 1554 1461 1458 1548
f 1554 1548 1550 1555
f 1554 1555 1556 1461
f 1553 1447 1449 1557
f 1461 1556 1558 1462
f 1557 1449 1465 1559
f 1462 1558 1560 1470
f 1465 1464 1561 1559
f 1561 1464 1477 1562
f 1471 1470 1560 1563
f 1471 1563 1564 1482
f 1476 1489 1565 1566
f 1476 1566 1567 1568
f 1567 1566 1565 1569
f 1477 1476 1568 1562
f 1483 1482 1564 1570
f 1571 1572 1492 1483
f 1571 1483 1570 1573
f 1571 1573 1574 1572
f 1489 1495 1575 1565
f 1575 1495 1576 1577
f 1569 1565 1575 1577
f 1495 1501 1578 1576
f 1507 1498 1579 1580
f 1572 1581 1498 1492
f 1498 1581 1582 1579
f 1572 1574 1582 1581
f 1500 1513 1583 1584
f 1578 1501 1500 1584
f 1521 1508 1585 1586
f 1507 1580 1585 1508
f 1583 1513 1512 1587
f 1521 1586 1588 1522
f 1587 1512 1528 1589
f 1522 1588 1590 1536
f 1527 1591 1592 1528
f 1592 1591 1593 1594
f 1589 1528 1592 1594
f 1530 1595 1591 1527
f 1532 1596 1595 1530
f 1534 1597 1596 1532
f 1536 1598 1597 1534
f 1597 1598 1599 1600
f 1536 1590 1599 1598
f 1595 1601 1602 1591
f 1602 1601 1603 1604
f 1593 1591 1602 1604
f 1596 1605 1601 1595
f 1601 1605 1606 1603
f 1597 1607 1605 1596
f 1605 1607 1608 1606
f 1597 1600 1608 1607
f 1609 1542 1541 1610
f 1609 1610 1611 1612
f 1611 1610 1541 1613
f 1614 1546 1542 1609
f 1614 1609 1612 1615
f 1616 1549 1546 1614
f 1616 1614 1615 1617
f 1616 1617 1618 1549
f 1541 1543 1552 1619
f 1541 1619 1620 1613
f 1620 1619 1552 1621
f 1622 1555 1550 1549
f 1622 1549 1618 1623
f 1622 1623 1624 1555
f 1621 1552 1553 1625
f 1555 1624 1626 1556
f 1553 1557 1627 1628
f 1553 1628 1629 1625
f 1629 1628 1627 1630
f 1631 1632 1558 1556
f 1631 1556 1626 1633
f 1631 1633 1634 1632
f 1557 1559 1561 1627
f 1630 1627 1561 1635
f 1632 1563 1560 1558
f 1632 1634 1636 1563
f 1561 1562 1568 1637
f 1561 1637 1638 1635
f 1638 1637 1568 1639
f 1640 1570 1564 1563
f 1640 1563 1636 1641
f 1640 1641 1642 1570
f 1567 1569 1643 1644
f 1567 1644 1645 1646
f 1645 1644 1643 1647
f 1568 1567 1646 1639
f 1573 1570 1642 1648
f 1649 1650 1574 1573
f 1649 1573 1648 1651
f 1649 1651 1652 1650
f 1569 1577 1653 1643
f 1653 1577 1654 1655
f 1647 1643 1653 1655
f 1577 1576 1656 1654
f 1579 1582 1657 1658
f 1650 1659 1582 1574
f 1582 1659 1660 1657
f 1650 1652 1660 1659
f 1578 1584 1661 1576
f 1661 1584 1662 1663
f 1656 1576 1661 1663
f 1579 1664 1585 1580
f 1585 1664 1665 1666
f 1579 1658 1665 1664
f 1583 1587 1667 1584
f 1662 1584 1667 1668
f 1585 1669 1588 1586
f 1585 1666 1670 1669
f 1587 1589 1671 1667
f 1671 1589 1672 1673
f 1668 1667 1671 1673
f 1669 1674 1590 1588
f 1590 1674 1675 1676
f 1669 1670 1675 1674
f 1672 1589 1594 1677
f 1590 1676 1678 1599
f 1593 1604 1679 1594
f 1679 1604 1680 1681
f 1677 1594 1679 1681
f 1599 1682 1608 1600
f 1608 1682 1683 1684
f 1599 1678 1683 1682
f 1603 1685 1686 1604
f 1686 1685 1687 1688
f 1680 1604 1686 1688
f 1606 1689 1685 1603
f 1685 1689 1690 1687
f 1608 1691 1689 1606
f 1689 1691 1692 1690
f 1608 1684 1692 1691
f 1693 1612 1611 1694
f 1693 1694 1695 1696
f 1695 1694 1611 1697
f 1698 1615 1612 1693
f 1698 1693 1696 1699
f 1700 1617 1615 1698
f 1700 1698 1699 1701
f 1700 1701 1702 1617
f 1611 1613 1620 1703
f 1611 1703 1704 1697
f 1704 1703 1620 1705
f 1706 1623 1618 1617
f 1706 1617 1702 1707
f 1706 1707 1708 1623
f 1705 1620 1621 1709
f 1623 1708 1710 1624
f 1621 1625 1629 1711
f 1621 1711 1712 1709
f 1712 1711 1629 1713
f 1714 1633 1626 1624
f 1714 1624 1710 1715
f 1714 1715 1716 1633
f 1713 1629 1630 1717
f 1633 1716 1718 1634
f 1717 1630 1635 1719
f 1634 1718 1720 1636
f 1638 1639 1646 1721
f 1638 1721 1722 1723
f 1722 1721 1646 1724
f 1635 1638 1723 1719
f 1641 1636 1720 1725
f 1726 1648 1642 1641
f 1726 1641 1725 1727
f 1726 1727 1728 1648
f 1645 1647 1729 1730
f 1645 1730 1731 1732
f 1731 1730 1729 1733
f 1646 1645 1732 1724
f 1651 1648 1728 1734
f 1735 1736 1652 1651
f 1735 1651 1734 1737
f 1735 1737 1738 1736
f 1647 1655 1739 1729
f 1739 1655 1740 1741
f 1733 1729 1739 1741
f 1655 1654 1742 1740
f 1657 1660 1743 1744
f 1736 1745 1660 1652
f 1660 1745 1746 1743
f 1736 1738 1746 1745
f 1656 1663 1747 1654
f 1747 1663 1748 1749
f 1742 1654 1747 1749
f 1663 1662 1750 1748
f 1666 1665 1751 1752
f 1657 1753 1665 1658
f 1665 1753 1754 1751
f 1657 1744 1754 1753
f 1750 1662 1668 1755
f 1666 1752 1756 1670
f 1755 1668 1673 1757
f 1670 1756 1758 1675
f 1672 1677 1759 1673
f 1759 1677 1760 1761
f 1757 1673 1759 1761
f 1675 1762 1678 1676
f 1678 1762 1763 1764
f 1675 1758 1763 1762
f 1760 1677 1681 1765
f 1678 1764 1766 1683
f 1680 1688 1767 1681
f 1767 1688 1768 1769
f 1765 1681 1767 1769
f 1683 1770 1692 1684
f 1692 1770 1771 1772
f 1683 1766 1771 1770
f 1687 1773 1774 1688
f 1774 1773 1775 1776
f 1768 1688 1774 1776
f 1690 1777 1773 1687
f 1773 1777 1778 1775
f 1692 1779 1777 1690
f 1777 1779 1780 1778
f 1692 1772 1780 1779
f 1696 1695 1781 1782
f 1781 1695 1697 1783
f 1699 1696 1782 1784
f 1701 1699 1784 1785
f 1701 1785 1786 1702
f 1697 1704 1787 1783
f 1787 1704 1705 1788
f 1707 1702 1786 1789
f 1707 1789 1790 1708
f 1788 1705 1709 1791
f 1708 1790 1792 1710
f 1709 1712 1793 1791
f 1793 1712 1713 1794
f 1715 1710 1792 1795
f 1715 1795 1796 1716
f 1794 1713 1717 1797
f 1716 1796 1798 1718
f 1797 1717 1719 1799
f 1718 1798 1800 1720
f 1723 1722 1801 1802
f 1801 1722 1724 1803
f 1719 1723 1802 1799
f 1725 1720 1800 1804
f 1727 1725 1804 1805
f 1727 1805 1806 1728
f 1732 1731 1807 1808
f 1807 1731 1733 1809
f 1724 1732 1808 1803
f 1734 1728 1806 1810
f 1737 1734 1810 1811
f 1737 1811 1812 1738
f 1741 1740 1813 1814
f 1809 1733 1741 1814
f 1740 1742 1815 1813
f 1744 1743 1816 1817
f 1743 1746 1818 1816
f 1738 1812 1818 1746
f 1749 1748 1819 1820
f 1815 1742 1749 1820
f 1748 1750 1821 1819
f 1752 1751 1822 1823
f 1751 1754 1824 1822
f 1744 1817 1824 1754
f 1821 1750 1755 1825
f 1752 1823 1826 1756
f 1825 1755 1757 1827
f 1756 1826 1828 1758
f 1761 1760 1829 1830
f 1827 1757 1761 1830
f 1764 1763 1831 1832
f 1758 1828 1831 1763
f 1829 1760 1765 1833
f 1764 1832 1834 1766
f 1769 1768 1835 1836
f 1833 1765 1769 1836
f 1772 1771 1837 1838
f 1766 1834 1837 1771
f 1776 1775 1839 1840
f 1835 1768 1776 1840
f 1775 1778 1841 1839
f 1778 1780 1842 1841
f 1772 1838 1842 1780
f 1782 1781 1843 1844
f 1843 1781 1783 1845
f 1784 1782 1844 1846
f 1785 1784 1846 1847
f 1785 1847 1848 1786
f 1783 1787 1849 1845
f 1849 1787 1788 1850
f 1789 1786 1848 1851
f 1789 1851 1852 1790
f 1850 1788 1791 1853
f 1790 1852 1854 1792
f 1791 1793 1855 1853
f 1855 1793 1794 1856
f 1795 1792 1854 1857
f 1795 1857 1858 1796
f 1856 1794 1797 1859
f 1796 1858 1860 1798
f 1859 1797 1799 1861
f 1798 1860 1862 1800
f 1802 1801 1863 1864
f 1863 1801 1803 1865
f 1799 1802 1864 1861
f 1804 1800 1862 1866
f 1805 1804 1866 1867
f 1805 1867 1868 1806
f 1808 1807 1869 1870
f 1869 1807 1809 1871
f 1803 1808 1870 1865
f 1810 1806 1868 1872
f 1811 1810 1872 1873
f 1811 1873 1874 1812
f 1814 1813 1875 1876
f 1871 1809 1814 1876
f 1813 1815 1877 1875
f 1817 1816 1878 1879
f 1816 1818 1880 1878
f 1812 1874 1880 1818
f 1820 1819 1881 1882
f 1877 1815 1820 1882
f 1819 1821 1883 1881
f 1823 1822 1884 1885
f 1822 1824 1886 1884
f 1817 1879 1886 1824
f 1883 1821 1825 1887
f 1823 1885 1888 1826
f 1887 1825 1827 1889
f 1826 1888 1890 1828
f 1830 1829 1891 1892
f 1889 1827 1830 1892
f 1832 1831 1893 1894
f 1828 1890 1893 1831
f 1891 1829 1833 1895
f 1832 1894 1896 1834
f 1836 1835 1897 1898
f 1895 1833 1836 1898
f 1838 1837 1899 1900
f 1834 1896 1899 1837
f 1840 1839 1901 1902
f 1897 1835 1840 1902
f 1839 1841 1903 1901
f 1841 1842 1904 1903
f 1838 1900 1904 1842
f 1905 1844 1843 1906
f 1905 1906 1907 1908
f 1907 1906 1843 1909
f 1910 1846 1844 1905
f 1910 1905 1908 1911
f 1912 1847 1846 1910
f 1912 1910 1911 1913
f 1912 1913 1914 1847
f 1843 1845 1849 1915
f 1843 1915 1916 1909
f 1916 1915 1849 1917
f 1918 1851 1848 1847
f 1918 1847 1914 1919
f 1918 1919 1920 1851
f 1849 1850 1921 1922
f 1849 1922 1923 1917
f 1923 1922 1921 1924
f 1925 1926 1852 1851
f 1925 1851 1920 1927
f 1925 1927 1928 1926
f 1850 1853 1855 1921
f 1924 1921 1855 1929
f 1926 1857 1854 1852
f 1926 1928 1930 1857
f 1929 1855 1856 1931
f 1857 1930 1932 1858
f 1931 1856 1859 1933
f 1858 1932 1934 1860
f 1859 1861 1864 1935
f 1859 1935 1936 1933
f 1936 1935 1864 1937
f 1938 1866 1862 1860
f 1938 1860 1934 1939
f 1938 1939 1940 1866
f 1863 1865 1870 1941
f 1863 1941 1942 1943
f 1942 1941 1870 1944
f 1864 1863 1943 1937
f 1867 1866 1940 1945
f 1946 1872 1868 1867
f 1946 1867 1945 1947
f 1946 1947 1948 1872
f 1869 1871 1949 1950
f 1869 1950 1951 1952
f 1951 1950 1949 1953
f 1870 1869 1952 1944
f 1873 1872 1948 1954
f 1955 1956 1874 1873
f 1955 1873 1954 1957
f 1955 1957 1958 1956
f 1871 1876 1959 1949
f 1959 1876 1960 1961
f 1953 1949 1959 1961
f 1876 1875 1962 1960
f 1878 1880 1963 1964
f 1956 1965 1880 1874
f 1880 1965 1966 1963
f 1956 1958 1966 1965
f 1877 1882 1967 1875
f 1967 1882 1968 1969
f 1962 1875 1967 1969
f 1882 1881 1970 1968
f 1884 1886 1971 1972
f 1878 1973 1886 1879
f 1886 1973 1974 1971
f 1878 1964 1974 1973
f 1883 1887 1975 1881
f 1975 1887 1976 1977
f 1970 1881 1975 1977
f 1884 1978 1888 1885
f 1888 1978 1979 1980
f 1884 1972 1979 1978
f 1976 1887 1889 1981
f 1888 1980 1982 1890
f 1981 1889 1892 1983
f 1890 1982 1984 1893
f 1891 1895 1985 1892
f 1983 1892 1985 1986
f 1893 1987 1896 1894
f 1893 1984 1988 1987
f 1895 1898 1989 1985
f 1989 1898 1990 1991
f 1986 1985 1989 1991
f 1987 1992 1899 1896
f 1899 1992 1993 1994
f 1987 1988 1993 1992
f 1897 1902 1995 1898
f 1995 1902 1996 1997
f 1990 1898 1995 1997
f 1899 1998 1904 1900
f 1904 1998 1999 2000
f 1899 1994 1999 1998
f 1901 2001 2002 1902
f 2002 2001 2003 2004
f 1996 1902 2002 2004
f 1903 2005 2001 1901
f 2001 2005 2006 2003
f 1904 2007 2005 1903
f 2005 2007 2008 2006
f 1904 2000 2008 2007
f 1908 1907 2009 2010
f 2009 1907 1909 2011
f 1911 1908 2010 2012
f 1913 1911 2012 2013
f 1913 2013 2014 1914
f 1909 1916 2015 2011
f 2015 1916 1917 2016
f 1919 1914 2014 2017
f 1919 2017 2018 1920
f 1917 1923 2019 2016
f 2019 1923 1924 2020
f 1927 1920 2018 2021
f 1927 2021 2022 1928
f 2020 1924 1929 2023
f 1928 2022 2024 1930
f 2023 1929 1931 2025
f 1930 2024 2026 1932
f 2025 1931 1933 2027
f 1932 2026 2028 1934
f 1933 1936 2029 2027
f 2029 1936 1937 2030
f 1939 1934 2028 2031
f 1939 2031 2032 1940
f 1943 1942 2033 2034
f 2033 1942 1944 2035
f 1937 1943 2034 2030
f 1945 1940 2032 2036
f 1947 1945 2036 2037
f 1947 2037 2038 1948
f 1952 1951 2039 2040
f 2039 1951 1953 2041
f 1944 1952 2040 2035
f 1954 1948 2038 2042
f 1957 1954 2042 2043
f 1957 2043 2044 1958
f 1961 1960 2045 2046
f 2041 1953 1961 2046
f 1960 1962 2047 2045
f 1964 1963 2048 2049
f 1963 1966 2050 2048
f 1958 2044 2050 1966
f 1969 1968 2051 2052
f 2047 1962 1969 2052
f 1968 1970 2053 2051
f 1972 1971 2054 2055
f 1971 1974 2056 2054
f 1964 2049 2056 1974
f 1977 1976 2057 2058
f 2053 1970 1977 2058
f 1980 1979 2059 2060
f 1972 2055 2059 1979
f 2057 1976 1981 2061
f 1980 2060 2062 1982
f 2061 1981 1983 2063
f 1982 2062 2064 1984
f 2063 1983 1986 2065
f 1984 2064 2066 1988
f 1991 1990 2067 2068
f 2065 1986 1991 2068
f 1994 1993 2069 2070
f 1988 2066 2069 1993
f 1997 1996 2071 2072
f 2067 1990 1997 2072
f 2000 1999 2073 2074
f 1994 2070 2073 1999
f 2004 2003 2075 2076
f 2071 1996 2004 2076
f 2003 2006 2077 2075
f 2006 2008 2078 2077
f 2000 2074 2078 2008
f 2010 2009 2079 2080
f 2079 2009 2011 2081
f 2012 2010 2080 2082
f 2013 2012 2082 2083
f 2013 2083 2084 2014
f 2011 2015 2085 2081
f 2085 2015 2016 2086
f 2017 2014 2084 2087
f 2017 2087 2088 2018
f 2016 2019 2089 2086
f 2089 2019 2020 2090
f 2021 2018 2088 2091
f 2021 2091 2092 2022
f 2090 2020 2023 2093
f 2022 2092 2094 2024
f 2093 2023 2025 2095
f 2024 2094 2096 2026
f 2095 2025 2027 2097
f 2026 2096 2098 2028
f 2027 2029 2099 2097
f 2099 2029 2030 2100
f 2031 2028 2098 2101
f 2031 2101 2102 2032
f 2034 2033 2103 2104
f 2103 2033 2035 2105
f 2030 2034 2104 2100
f 2036 2032 2102 2106
f 2037 2036 2106 2107
f 2037 2107 2108 2038
f 2040 2039 2109 2110
f 2109 2039 2041 2111
f 2035 2040 2110 2105
f 2042 2038 2108 2112
f 2043 2042 2112 2113
f 2043 2113 2114 2044
f 2046 2045 2115 2116
f 2111 2041 2046 2116
f 2045 2047 2117 2115
f 2049 2048 2118 2119
f 2048 2050 2120 2118
f 2044 2114 2120 2050
f 2052 2051 2121 2122
f 2117 2047 2052 2122
f 2051 2053 2123 2121
f 2055 2054 2124 2125
f 2054 2056 2126 2124
f 2049 2119 2126 2056
f 2058 2057 2127 2128
f 2123 2053 2058 2128
f 2060 2059 2129 2130
f 2055 2125 2129 2059
f 2127 2057 2061 2131
f 2060 2130 2132 2062
f 2131 2061 2063 2133
f 2062 2132 2134 2064
f 2133 2063 2065 2135
f 2064 2134 2136 2066
f 2068 2067 2137 2138
f 2135 2065 2068 2138
f 2070 2069 2139 2140
f 2066 2136 2139 2069
f 2072 2071 2141 2142
f 2137 2067 2072 2142
f 2074 2073 2143 2144
f 2070 2140 2143 2073
f 2076 2075 2145 2146
f 2141 2071 2076 2146
f 2075 2077 2147 2145
f 2077 2078 2148 2147
f 2074 2144 2148 2078
f 2080 2079 2149 2150
f 2149 2079 2081 2151
f 2082 2080 2150 2152
f 2083 2082 2152 2153
f 2083 2153 2154 2084
f 2081 2085 2155 2151
f 2155 2085 2086 2156
f 2087 2084 2154 2157
f 2087 2157 2158 2088
f 2086 2089 2159 2156
f 2159 2089 2090 2160
f 2091 2088 2158 2161
f 2091 2161 2162 2092
f 2160 2090 2093 2163
f 2092 2162 2164 2094
f 2163 2093 2095 2165
f 2094 2164 2166 2096
f 2165 2095 2097 2167
f 2096 2166 2168 2098
f 2097 2099 2169 2167
f 2169 2099 2100 2170
f 2101 2098 2168 2171
f 2101 2171 2172 2102
f 2104 2103 2173 2174
f 2173 2103 2105 2175
f 2100 2104 2174 2170
f 2106 2102 2172 2176
f 2107 2106 2176 2177
f 2107 2177 2178 2108
f 2110 2109 2179 2180
f 2179 2109 2111 2181
f 2105 2110 2180 2175
f 2112 2108 2178 2182
f 2113 2112 2182 2183
f 2113 2183 2184 2114
f 2116 2115 2185 2186
f 2181 2111 2116 2186
f 2115 2117 2187 2185
f 2119 2118 2188 2189
f 2118 2120 2190 2188
f 2114 2184 2190 2120
f 2122 2121 2191 2192
f 2187 2117 2122 2192
f 2121 2123 2193 2191
f 2125 2124 2194 2195
f 2124 2126 2196 2194
f 2119 2189 2196 2126
f 2128 2127 2197 2198
f 2193 2123 2128 2198
f 2130 2129 2199 2200
f 2125 2195 2199 2129
f 2197 2127 2131 2201
f 2130 2200 2202 2132
f 2201 2131 2133 2203
f 2132 2202 2204 2134
f 2203 2133 2135 2205
f 2134 2204 2206 2136
f 2138 2137 2207 2208
f 2205 2135 2138 2208
f 2140 2139 2209 2210
f 2136 2206 2209 2139
f 2142 2141 2211 2212
f 2207 2137 2142 2212
f 2144 2143 2213 2214
f 2140 2210 2213 2143
f 2146 2145 2215 2216
f 2211 2141 2146 2216
f 2145 2147 2217 2215
f 2147 2148 2218 2217
f 2144 2214 2218 2148
f 2150 2149 2219 2220
f 2219 2149 2151 2221
f 2152 2150 2220 2222
f 2153 2152 2222 2223
f 2153 2223 2224 2154
f 2151 2155 2225 2221
f 2225 2155 2156 2226
f 2157 2154 2224 2227
f 2157 2227 2228 2158
f 2156 2159 2229 2226
f 2229 2159 2160 2230
f 2161 2158 2228 2231
f 2161 2231 2232 2162
f 2230 2160 2163 2233
f 2162 2232 2234 2164
f 2233 2163 2165 2235
f 2164 2234 2236 2166
f 2235 2165 2167 2237
f 2166 2236 2238 2168
f 2167 2169 2239 2237
f 2239 2169 2170 2240
f 2171 2168 2238 2241
f 2171 2241 2242 2172
f 2174 2173 2243 2244
f 2243 2173 2175 2245
f 2170 2174 2244 2240
f 2176 2172 2242 2246
f 2177 2176 2246 2247
f 2177 2247 2248 2178
f 2180 2179 2249 2250
f 2249 2179 2181 2251
f 2175 2180 2250 2245
f 2182 2178 2248 2252
f 2183 2182 2252 2253
f 2183 2253 2254 2184
f 2186 2185 2255 2256
f 2251 2181 2186 2256
f 2185 2187 2257 2255
f 2189 2188 2258 2259
f 2188 2190 2260 2258
f 2184 2254 2260 2190
f 2192 2191 2261 2262
f 2257 2187 2192 2262
f 2191 2193 2263 2261
f 2195 2194 2264 2265
f 2194 2196 2266 2264
f 2189 2259 2266 2196
f 2198 2197 2267 2268
f 2263 2193 2198 2268
f 2200 2199 2269 2270
f 2195 2265 2269 2199
f 2267 2197 2201 2271
f 2200 2270 2272 2202
f 2271 2201 2203 2273
f 2202 2272 2274 2204
f 2273 2203 2205 2275
f 2204 2274 2276 2206
f 2208 2207 2277 2278
f 2275 2205 2208 2278
f 2210 2209 2279 2280
f 2206 2276 2279 2209
f 2212 2211 2281 2282
f 2277 2207 2212 2282
f 2214 2213 2283 2284
f 2210 2280 2283 2213
f 2216 2215 2285 2286
f 2281 2211 2216 2286
f 2215 2217 2287 2285
f 2217 2218 2288 2287
f 2214 2284 2288 2218
f 2220 2219 2289 2290
f 2289 2219 2221 2291
f 2222 2220 2290 2292
f 2223 2222 2292 2293
f 2223 2293 2294 2224
f 2221 2225 2295 2291
f 2295 2225 2226 2296
f 2227 2224 2294 2297
f 2227 2297 2298 2228
f 2226 2229 2299 2296
f 2299 2229 2230 2300
f 2231 2228 2298 2301
f 2231 2301 2302 2232
f 2300 2230 2233 2303
f 2232 2302 2304 2234
f 2303 2233 2235 2305
f 2234 2304 2306 2236
f 2305 2235 2237 2307
f 2236 2306 2308 2238
f 2237 2239 2309 2307
f 2309 2239 2240 2310
f 2241 2238 2308 2311
f 2241 2311 2312 2242
f 2244 2243 2313 2314
f 2313 2243 2245 2315
f 2240 2244 2314 2310
f 2246 2242 2312 2316
f 2247 2246 2316 2317
f 2247 2317 2318 2248
f 2250 2249 2319 2320
f 2319 2249 2251 2321
f 2245 2250 2320 2315
f 2252 2248 2318 2322
f 2253 2252 2322 2323
f 2253 2323 2324 2254
f 2256 2255 2325 2326
f 2321 2251 2256 2326
f 2255 2257 2327 2325
f 2259 2258 2328 2329
f 2258 2260 2330 2328
f 2254 2324 2330 2260
f 2262 2261 2331 2332
f 2327 2257 2262 2332
f 2261 2263 2333 2331
f 2265 2264 2334 2335
f 2264 2266 2336 2334
f 2259 2329 2336 2266
f 2268 2267 2337 2338
f 2333 2263 2268 2338
f 2270 2269 2339 2340
f 2265 2335 2339 2269
f 2337 2267 2271 2341
f 2270 2340 2342 2272
f 2341 2271 2273 2343
f 2272 2342 2344 2274
f 2343 2273 2275 2345
f 2274 2344 2346 2276
f 2278 2277 2347 2348
f 2345 2275 2278 2348
f 2280 2279 2349 2350
f 2276 2346 2349 2279
f 2282 2281 2351 2352
f 2347 2277 2282 2352
f 2284 2283 2353 2354
f 2280 2350 2353 2283
f 2286 2285 2355 2356
f 2351 2281 2286 2356
f 2285 2287 2357 2355
f 2287 2288 2358 2357
f 2284 2354 2358 2288
f 2290 2289 2359 2360
f 2359 2289 2291 2361
f 2292 2290 2360 2362
f 2293 2292 2362 2363
f 2293 2363 2364 2294
f 2291 2295 2365 2361
f 2365 2295 2296 2366
f 2297 2294 2364 2367
f 2297 2367 2368 2298
f 2296 2299 2369 2366
f 2369 2299 2300 2370
f 2301 2298 2368 2371
f 2301 2371 2372 2302
f 2370 2300 2303 2373
f 2302 2372 2374 2304
f 2373 2303 2305 2375
f 2304 2374 2376 2306
f 2375 2305 2307 2377
f 2306 2376 2378 2308
f 2307 2309 2379 2377
f 2379 2309 2310 2380
f 2311 2308 2378 2381
f 2311 2381 2382 2312
f 2314 2313 2383 2384
f 2383 2313 2315 2385
f 2310 2314 2384 2380
f 2316 2312 2382 2386
f 2317 2316 2386 2387
f 2317 2387 2388 2318
f 2320 2319 2389 2390
f 2389 2319 2321 2391
f 2315 2320 2390 2385
f 2322 2318 2388 2392
f 2323 2322 2392 2393
f 2323 2393 2394 2324
f 2326 2325 2395 2396
f 2391 2321 2326 2396
f 2325 2327 2397 2395
f 2329 2328 2398 2399
f 2328 2330 2400 2398
f 2324 2394 2400 2330
f 2332 2331 2401 2402
f 2397 2327 2332 2402
f 2331 2333 2403 2401
f 2335 2334 2404 2405
f 2334 2336 2406 2404
f 2329 2399 2406 2336
f 2338 2337 2407 2408
f 2403 2333 2338 2408
f 2340 2339 2409 2410
f 2335 2405 2409 2339
f 2407 2337 2341 2411
f 2340 2410 2412 2342
f 2411 2341 2343 2413
f 2342 2412 2414 2344
f 2413 2343 2345 2415
f 2344 2414 2416 2346
f 2348 2347 2417 2418
f 2415 2345 2348 2418
f 2350 2349 2419 2420
f 2346 2416 2419 2349
f 2352 2351 2421 2422
f 2417 2347 2352 2422
f 2354 2353 2423 2424
f 2350 2420 2423 2353
f 2356 2355 2425 2426
f 2421 2351 2356 2426
f 2355 2357 2427 2425
f 2357 2358 2428 2427
f 2354 2424 2428 2358
f 2429 2430 2431 2432
f 2360 2359 2429 2432
f 2429 2359 2361 2430
f 2432 2431 2433 2434
f 2362 2360 2432 2434
f 2434 2433 2435 2436
f 2363 2362 2434 2436
f 2363 2436 2435 2364
f 2437 2438 2439 2430
f 2361 2365 2437 2430
f 2437 2365 2366 2438
f 2435 2440 2441 2442
f 2367 2364 2435 2442
f 2367 2442 2441 2368
f 2443 2444 2445 2438
f 2366 2369 2443 2438
f 2443 2369 2370 2444
f 2441 2446 2447 2448
f 2371 2368 2441 2448
f 2371 2448 2447 2372
f 2444 2449 2450 2445
f 2444 2370 2373 2449
f 2446 2451 2452 2447
f 2372 2447 2452 2374
f 2449 2373 2375 2453
f 2374 2452 2454 2376
f 2453 2375 2377 2455
f 2376 2454 2456 2378
f 2457 2458 2459 2455
f 2377 2379 2457 2455
f 2457 2379 2380 2458
f 2456 2460 2461 2462
f 2381 2378 2456 2462
f 2381 2462 2461 2382
f 2463 2464 2465 2466
f 2384 2383 2463 2466
f 2463 2383 2385 2464
f 2380 2384 2466 2458
f 2386 2382 2461 2467
f 2467 2468 2469 2470
f 2387 2386 2467 2470
f 2387 2470 2469 2388
f 2471 2472 2473 2474
f 2390 2389 2471 2474
f 2471 2389 2391 2472
f 2385 2390 2474 2464
f 2392 2388 2469 2475
f 2475 2476 2477 2478
f 2393 2392 2475 2478
f 2393 2478 2477 2394
f 2472 2479 2480 2473
f 2396 2395 2480 2479
f 2472 2391 2396 2479
f 2395 2397 2481 2480
f 2399 2398 2482 2483
f 2476 2482 2484 2477
f 2398 2400 2484 2482
f 2394 2477 2484 2400
f 2481 2485 2486 2487
f 2402 2401 2486 2485
f 2481 2397 2402 2485
f 2401 2403 2488 2486
f 2405 2404 2489 2490
f 2491 2489 2492 2483
f 2404 2406 2492 2489
f 2399 2483 2492 2406
f 2488 2493 2494 2495
f 2408 2407 2494 2493
f 2488 2403 2408 2493
f 2496 2497 2498 2490
f 2410 2409 2498 2497
f 2405 2490 2498 2409
f 2494 2407 2411 2499
f 2410 2497 2500 2412
f 2499 2411 2413 2501
f 2412 2500 2502 2414
f 2501 2503 2504 2505
f 2501 2413 2415 2503
f 2506 2507 2508 2502
f 2414 2502 2508 2416
f 2503 2509 2510 2504
f 2418 2417 2510 2509
f 2503 2415 2418 2509
f 2507 2511 2512 2508
f 2420 2419 2512 2511
f 2416 2508 2512 2419
f 2510 2513 2514 2515
f 2422 2421 2514 2513
f 2510 2417 2422 2513
f 2516 2517 2518 2511
f 2424 2423 2518 2517
f 2420 2511 2518 2423
f 2514 2519 2520 2521
f 2426 2425 2520 2519
f 2514 2421 2426 2519
f 2521 2520 2522 2523
f 2425 2427 2522 2520
f 2523 2522 2524 2517
f 2427 2428 2524 2522
f 2424 2517 2524 2428
f 2431 2430 2525 2526
f 2525 2430 2439 2527
f 2433 2431 2526 2528
f 2435 2433 2528 2529
f 2435 2529 2530 2440
f 2439 2438 2531 2527
f 2531 2438 2445 2532
f 2441 2440 2530 2533
f 2441 2533 2534 2446
f 2532 2445 2450 2535
f 2446 2534 2536 2451
f 2450 2449 2537 2535
f 2537 2449 2453 2538
f 2452 2451 2536 2539
f 2452 2539 2540 2454
f 2538 2453 2455 2541
f 2454 2540 2542 2456
f 2541 2455 2459 2543
f 2456 2542 2544 2460
f 2458 2466 2545 2546
f 2545 2466 2465 2547
f 2459 2458 2546 2543
f 2461 2460 2544 2548
f 2467 2461 2548 2549
f 2467 2549 2550 2468
f 2464 2474 2551 2552
f 2551 2474 2473 2553
f 2465 2464 2552 2547
f 2469 2468 2550 2554
f 2475 2469 2554 2555
f 2475 2555 2556 2476
f 2480 2481 2557 2558
f 2553 2473 2480 2558
f 2481 2487 2559 2557
f 2491 2483 2560 2561
f 2483 2482 2562 2560
f 2476 2556 2562 2482
f 2486 2488 2563 2564
f 2559 2487 2486 2564
f 2488 2495 2565 2563
f 2496 2490 2566 2567
f 2490 2489 2568 2566
f 2491 2561 2568 2489
f 2565 2495 2494 2569
f 2496 2567 2570 2497
f 2569 2494 2499 2571
f 2497 2570 2572 2500
f 2501 2505 2573 2574
f 2571 2499 2501 2574
f 2506 2502 2575 2576
f 2500 2572 2575 2502
f 2573 2505 2504 2577
f 2506 2576 2578 2507
f 2510 2515 2579 2580
f 2577 2504 2510 2580
f 2516 2511 2581 2582
f 2507 2578 2581 2511
f 2514 2521 2583 2584
f 2579 2515 2514 2584
f 2521 2523 2585 2583
f 2523 2517 2586 2585
f 2516 2582 2586 2517
f 2526 2525 2587 2588
f 2587 2525 2527 2589
f 2528 2526 2588 2590
f 2529 2528 2590 2591
f 2529 2591 2592 2530
f 2527 2531 2593 2589
f 2593 2531 2532 2594
f 2533 2530 2592 2595
f 2533 2595 2596 2534
f 2594 2532 2535 2597
f 2534 2596 2598 2536
f 2535 2537 2599 2597
f 2599 2537 2538 2600
f 2539 2536 2598 2601
f 2539 2601 2602 2540
f 2600 2538 2541 2603
f 2540 2602 2604 2542
f 2603 2541 2543 2605
f 2542 2604 2606 2544
f 2546 2545 2607 2608
f 2607 2545 2547 2609
f 2543 2546 2608 2605
f 2548 2544 2606 2610
f 2549 2548 2610 2611
f 2549 2611 2612 2550
f 2552 2551 2613 2614
f 2613 2551 2553 2615
f 2547 2552 2614 2609
f 2554 2550 2612 2616
f 2555 2554 2616 2617
f 2555 2617 2618 2556
f 2558 2557 2619 2620
f 2615 2553 2558 2620
f 2557 2559 2621 2619
f 2561 2560 2622 2623
f 2560 2562 2624 2622
f 2556 2618 2624 2562
f 2564 2563 2625 2626
f 2621 2559 2564 2626
f 2563 2565 2627 2625
f 2567 2566 2628 2629
f 2566 2568 2630 2628
f 2561 2623 2630 2568
f 2627 2565 2569 2631
f 2567 2629 2632 2570
f 2631 2569 2571 2633
f 2570 2632 2634 2572
f 2574 2573 2635 2636
f 2633 2571 2574 2636
f 2576 2575 2637 2638
f 2572 2634 2637 2575
f 2635 2573 2577 2639
f 2576 2638 2640 2578
f 2580 2579 2641 2642
f 2639 2577 2580 2642
f 2582 2581 2643 2644
f 2578 2640 2643 2581
f 2584 2583 2645 2646
f 2641 2579 2584 2646
f 2583 2585 2647 2645
f 2585 2586 2648 2647
f 2582 2644 2648 2586
f 2649 2650 2651 2652
f 2588 2587 2649 2652
f 2649 2587 2589 2650
f 2652 2651 2653 2654
f 2590 2588 2652 2654
f 2654 2653 2655 2656
f 2591 2590 2654 2656
f 2591 2656 2655 2592
f 2657 2658 2659 2650
f 2589 2593 2657 2650
f 2657 2593 2594 2658
f 2655 2660 2661 2662
f 2595 2592 2655 2662
f 2595 2662 2661 2596
f 2658 2594 2597 2663
f 2596 2661 2664 2598
f 2665 2666 2667 2663
f 2597 2599 2665 2663
f 2665 2599 2600 2666
f 2664 2668 2669 2670
f 2601 2598 2664 2670
f 2601 2670 2669 2602
f 2666 2600 2603 2671
f 2602 2669 2672 2604
f 2671 2603 2605 2673
f 2604 2672 2674 2606
f 2675 2676 2677 2678
f 2608 2607 2675 2678
f 2675 2607 2609 2676
f 2605 2608 2678 2673
f 2610 2606 2674 2679
f 2679 2680 2681 2682
f 2611 2610 2679 2682
f 2611 2682 2681 2612
f 2683 2684 2685 2686
f 2614 2613 2683 2686
f 2683 2613 2615 2684
f 2609 2614 2686 2676
f 2616 2612 2681 2687
f 2687 2688 2689 2690
f 2617 2616 2687 2690
f 2617 2690 2689 2618
f 2684 2691 2692 2685
f 2620 2619 2692 2691
f 2684 2615 2620 2691
f 2619 2621 2693 2692
f 2623 2622 2694 2695
f 2688 2694 2696 2689
f 2622 2624 2696 2694
f 2618 2689 2696 2624
f 2693 2697 2698 2699
f 2626 2625 2698 2697
f 2693 2621 2626 2697
f 2625 2627 2700 2698
f 2629 2628 2701 2702
f 2703 2701 2704 2695
f 2628 2630 2704 2701
f 2623 2695 2704 2630
f 2700 2627 2631 2705
f 2629 2702 2706 2632
f 2705 2631 2633 2707
f 2632 2706 2708 2634
f 2707 2709 2710 2711
f 2636 2635 2710 2709
f 2707 2633 2636 2709
f 2712 2713 2714 2708
f 2638 2637 2714 2713
f 2634 2708 2714 2637
f 2710 2635 2639 2715
f 2638 2713 2716 2640
f 2715 2717 2718 2719
f 2642 2641 2718 2717
f 2715 2639 2642 2717
f 2720 2721 2722 2716
f 2644 2643 2722 2721
f 2640 2716 2722 2643
f 2718 2723 2724 2725
f 2646 2645 2724 2723
f 2718 2641 2646 2723
f 2725 2724 2726 2727
f 2645 2647 2726 2724
f 2727 2726 2728 2721
f 2647 2648 2728 2726
f 2644 2721 2728 2648
f 2651 2650 2729 2730
f 2729 2650 2659 2731
f 2653 2651 2730 2732
f 2655 2653 2732 2733
f 2655 2733 2734 2660
f 2659 2658 2735 2731
f 2735 2658 2663 2736
f 2661 2660 2734 2737
f 2661 2737 2738 2664
f 2736 2663 2667 2739
f 2664 2738 2740 2668
f 2667 2666 2741 2739
f 2741 2666 2671 2742
f 2669 2668 2740 2743
f 2669 2743 2744 2672
f 2742 2671 2673 2745
f 2672 2744 2746 2674
f 2673 2678 2747 2745
f 2747 2678 2677 2748
f 2679 2674 2746 2749
f 2679 2749 2750 2680
f 2676 2686 2751 2752
f 2751 2686 2685 2753
f 2677 2676 2752 2748
f 2681 2680 2750 2754
f 2687 2681 2754 2755
f 2687 2755 2756 2688
f 2692 2693 2757 2758
f 2753 2685 2692 2758
f 2693 2699 2759 2757
f 2703 2695 2760 2761
f 2695 2694 2762 2760
f 2688 2756 2762 2694
f 2698 2700 2763 2764
f 2759 2699 2698 2764
f 2702 2701 2765 2766
f 2703 2761 2765 2701
f 2763 2700 2705 2767
f 2702 2766 2768 2706
f 2707 2711 2769 2770
f 2767 2705 2707 2770
f 2712 2708 2771 2772
f 2706 2768 2771 2708
f 2769 2711 2710 2773
f 2712 2772 2774 2713
f 2715 2719 2775 2776
f 2773 2710 2715 2776
f 2720 2716 2777 2778
f 2713 2774 2777 2716
f 2718 2725 2779 2780
f 2775 2719 2718 2780
f 2725 2727 2781 2779
f 2727 2721 2782 2781
f 2720 2778 2782 2721
f 2730 2729 2783 2784
f 2783 2729 2731 2785
f 2732 2730 2784 2786
f 2733 2732 2786 2787
f 2733 2787 2788 2734
f 2731 2735 2789 2785
f 2789 2735 2736 2790
f 2737 2734 2788 2791
f 2737 2791 2792 2738
f 2790 2736 2739 2793
f 2738 2792 2794 2740
f 2739 2741 2795 2793
f 2795 2741 2742 2796
f 2743 2740 2794 2797
f 2743 2797 2798 2744
f 2796 2742 2745 2799
f 2744 2798 2800 2746
f 2745 2747 2801 2799
f 2801 2747 2748 2802
f 2749 2746 2800 2803
f 2749 2803 2804 2750
f 2752 2751 2805 2806
f 2805 2751 2753 2807
f 2748 2752 2806 2802
f 2754 2750 2804 2808
f 2755 2754 2808 2809
f 2755 2809 2810 2756
f 2758 2757 2811 2812
f 2807 2753 2758 2812
f 2757 2759 2813 2811
f 2761 2760 2814 2815
f 2760 2762 2816 2814
f 2756 2810 2816 2762
f 2764 2763 2817 2818
f 2813 2759 2764 2818
f 2766 2765 2819 2820
f 2761 2815 2819 2765
f 2817 2763 2767 2821
f 2766 2820 2822 2768
f 2770 2769 2823 2824
f 2821 2767 2770 2824
f 2772 2771 2825 2826
f 2768 2822 2825 2771
f 2823 2769 2773 2827
f 2772 2826 2828 2774
f 2776 2775 2829 2830
f 2827 2773 2776 2830
f 2778 2777 2831 2832
f 2774 2828 2831 2777
f 2780 2779 2833 2834
f 2829 2775 2780 2834
f 2779 2781 2835 2833
f 2781 2782 2836 2835
f 2778 2832 2836 2782
f 2837 2838 2839 2840
f 2784 2783 2837 2840
f 2837 2783 2785 2838
f 2840 2839 2841 2842
f 2786 2784 2840 2842
f 2842 2841 2843 2844
f 2787 2786 2842 2844
f 2787 2844 2843 2788
f 2845 2846 2847 2838
f 2785 2789 2845 2838
f 2845 2789 2790 2846
f 2843 2848 2849 2850
f 2791 2788 2843 2850
f 2791 2850 2849 2792
f 2846 2790 2793 2851
f 2792 2849 2852 2794
f 2853 2854 2855 2851
f 2793 2795 2853 2851
f 2853 2795 2796 2854
f 2852 2856 2857 2858
f 2797 2794 2852 2858
f 2797 2858 2857 2798
f 2854 2859 2860 2855
f 2854 2796 2799 2859
f 2856 2861 2862 2857
f 2798 2857 2862 2800
f 2863 2864 2865 2859
f 2799 2801 2863 2859
f 2863 2801 2802 2864
f 2862 2866 2867 2868
f 2803 2800 2862 2868
f 2803 2868 2867 2804
f 2869 2870 2871 2872
f 2806 2805 2869 2872
f 2869 2805 2807 2870
f 2802 2806 2872 2864
f 2808 2804 2867 2873
f 2873 2874 2875 2876
f 2809 2808 2873 2876
f 2809 2876 2875 2810
f 2870 2877 2878 2871
f 2812 2811 2878 2877
f 2870 2807 2812 2877
f 2811 2813 2879 2878
f 2815 2814 2880 2881
f 2874 2880 2882 2875
f 2814 2816 2882 2880
f 2810 2875 2882 2816
f 2879 2883 2884 2885
f 2818 2817 2884 2883
f 2879 2813 2818 2883
f 2886 2887 2888 2881
f 2820 2819 2888 2887
f 2815 2881 2888 2819
f 2884 2889 2890 2891
f 2884 2817 2821 2889
f 2892 2893 2894 2887
f 2820 2887 2894 2822
f 2889 2895 2896 2890
f 2824 2823 2896 2895
f 2889 2821 2824 2895
f 2893 2897 2898 2894
f 2826 2825 2898 2897
f 2822 2894 2898 2825
f 2896 2823 2827 2899
f 2826 2897 2900 2828
f 2899 2901 2902 2903
f 2830 2829 2902 2901
f 2899 2827 2830 2901
f 2904 2905 2906 2900
f 2832 2831 2906 2905
f 2828 2900 2906 2831
f 2902 2907 2908 2909
f 2834 2833 2908 2907
f 2902 2829 2834 2907
f 2909 2908 2910 2911
f 2833 2835 2910 2908
f 2911 2910 2912 2905
f 2835 2836 2912 2910
f 2832 2905 2912 2836
f 2839 2838 2913 2914
f 2913 2838 2847 2915
f 2841 2839 2914 2916
f 2843 2841 2916 2917
f 2843 2917 2918 2848
f 2847 2846 2919 2915
f 2919 2846 2851 2920
f 2849 2848 2918 2921
f 2849 2921 2922 2852
f 2920 2851 2855 2923
f 2852 2922 2924 2856
f 2923 2855 2860 2925
f 2856 2924 2926 2861
f 2860 2859 2927 2925
f 2927 2859 2865 2928
f 2862 2861 2926 2929
f 2862 2929 2930 2866
f 2864 2872 2931 2932
f 2931 2872 2871 2933
f 2865 2864 2932 2928
f 2867 2866 2930 2934
f 2873 2867 2934 2935
f 2873 2935 2936 2874
f 2878 2879 2937 2938
f 2933 2871 2878 2938
f 2879 2885 2939 2937
f 2886 2881 2940 2941
f 2881 2880 2942 2940
f 2874 2936 2942 2880
f 2884 2891 2943 2944
f 2939 2885 2884 2944
f 2892 2887 2945 2946
f 2886 2941 2945 2887
f 2943 2891 2890 2947
f 2892 2946 2948 2893
f 2947 2890 2896 2949
f 2893 2948 2950 2897
f 2899 2903 2951 2952
f 2949 2896 2899 2952
f 2904 2900 2953 2954
f 2897 2950 2953 2900
f 2902 2909 2955 2956
f 2951 2903 2902 2956
f 2909 2911 2957 2955
f 2911 2905 2958 2957
f 2904 2954 2958 2905
f 2959 2960 2961 2962
f 2914 2913 2959 2962
f 2959 2913 2915 2960
f 2962 2961 2963 2964
f 2916 2914 2962 2964
f 2964 2963 2965 2966
f 2917 2916 2964 2966
f 2917 2966 2965 2918
f 2967 2968 2969 2960
f 2915 2919 2967 2960
f 2967 2919 2920 2968
f 2965 2970 2971 2972
f 2921 2918 2965 2972
f 2921 2972 2971 2922
f 2968 2973 2974 2969
f 2968 2920 2923 2973
f 2970 2975 2976 2971
f 2922 2971 2976 2924
f 2973 2923 2925 2977
f 2924 2976 2978 2926
f 2979 2980 2981 2977
f 2925 2927 2979 2977
f 2979 2927 2928 2980
f 2978 2982 2983 2984
f 2929 2926 2978 2984
f 2929 2984 2983 2930
f 2985 2986 2987 2988
f 2932 2931 2985 2988
f 2985 2931 2933 2986
f 2928 2932 2988 2980
f 2934 2930 2983 2989
f 2989 2990 2991 2992
f 2935 2934 2989 2992
f 2935 2992 2991 2936
f 2986 2993 2994 2987
f 2938 2937 2994 2993
f 2986 2933 2938 2993
f 2937 2939 2995 2994
f 2941 2940 2996 2997
f 2990 2996 2998 2991
f 2940 2942 2998 2996
f 2936 2991 2998 2942
f 2995 2999 3000 3001
f 2944 2943 3000 2999
f 2995 2939 2944 2999
f 3002 3003 3004 2997
f 2946 2945 3004 3003
f 2941 2997 3004 2945
f 3000 2943 2947 3005
f 2946 3003 3006 2948
f 3005 3007 3008 3009
f 3005 2947 2949 3007
f 3010 3011 3012 3006
f 2948 3006 3012 2950
f 3007 3013 3014 3008
f 2952 2951 3014 3013
f 3007 2949 2952 3013
f 3011 3015 3016 3012
f 2954 2953 3016 3015
f 2950 3012 3016 2953
f 3014 3017 3018 3019
f 2956 2955 3018 3017
f 3014 2951 2956 3017
f 3019 3018 3020 3021
f 2955 2957 3020 3018
f 3021 3020 3022 3015
f 2957 2958 3022 3020
f 2954 3015 3022 2958
f 2961 2960 3023 3024
f 3023 2960 2969 3025
f 2963 2961 3024 3026
f 2965 2963 3026 3027
f 2965 3027 3028 2970
f 3025 2969 2974 3029
f 2970 3028 3030 2975
f 2974 2973 3031 3029
f 3031 2973 2977 3032
f 2976 2975 3030 3033
f 2976 3033 3034 2978
f 3032 2977 2981 3035
f 2978 3034 3036 2982
f 2980 2988 3037 3038
f 3037 2988 2987 3039
f 2981 2980 3038 3035
f 2983 2982 3036 3040
f 2989 2983 3040 3041
f 2989 3041 3042 2990
f 2994 2995 3043 3044
f 3039 2987 2994 3044
f 2995 3001 3045 3043
f 3002 2997 3046 3047
f 2997 2996 3048 3046
f 2990 3042 3048 2996
f 3045 3001 3000 3049
f 3002 3047 3050 3003
f 3005 3009 3051 3052
f 3049 3000 3005 3052
f 3010 3006 3053 3054
f 3003 3050 3053 3006
f 3051 3009 3008 3055
f 3010 3054 3056 3011
f 3014 3019 3057 3058
f 3055 3008 3014 3058
f 3019 3021 3059 3057
f 3021 3015 3060 3059
f 3011 3056 3060 3015
f 3061 3062 3063 3064
f 3024 3023 3061 3064
f 3061 3023 3025 3062
f 3064 3063 3065 3066
f 3026 3024 3064 3066
f 3066 3065 3067 3068
f 3027 3026 3066 3068
f 3027 3068 3067 3028
f 3062 3025 3029 3069
f 3028 3067 3070 3030
f 3071 3072 3073 3069
f 3029 3031 3071 3069
f 3071 3031 3032 3072
f 3070 3074 3075 3076
f 3033 3030 3070 3076
f 3033 3076 3075 3034
f 3072 3032 3035 3077
f 3034 3075 3078 3036
f 3079 3080 3081 3082
f 3038 3037 3079 3082
f 3079 3037 3039 3080
f 3035 3038 3082 3077
f 3040 3036 3078 3083
f 3083 3084 3085 3086
f 3041 3040 3083 3086
f 3041 3086 3085 3042
f 3080 3087 3088 3081
f 3044 3043 3088 3087
f 3080 3039 3044 3087
f 3043 3045 3089 3088
f 3047 3046 3090 3091
f 3084 3090 3092 3085
f 3046 3048 3092 3090
f 3042 3085 3092 3048
f 3089 3045 3049 3093
f 3047 3091 3094 3050
f 3093 3095 3096 3097
f 3052 3051 3096 3095
f 3093 3049 3052 3095
f 3098 3099 3100 3094
f 3054 3053 3100 3099
f 3050 3094 3100 3053
f 3096 3051 3055 3101
f 3054 3099 3102 3056
f 3101 3103 3104 3105
f 3058 3057 3104 3103
f 3101 3055 3058 3103
f 3105 3104 3106 3107
f 3057 3059 3106 3104
f 3107 3106 3108 3102
f 3059 3060 3108 3106
f 3056 3102 3108 3060
f 3063 3062 3109 3110
f 3109 3062 3069 3111
f 3065 3063 3110 3112
f 3067 3065 3112 3113
f 3067 3113 3114 3070
f 3111 3069 3073 3115
f 3070 3114 3116 3074
f 3073 3072 3117 3115
f 3117 3072 3077 3118
f 3075 3074 3116 3119
f 3075 3119 3120 3078
f 3077 3082 3121 3118
f 3121 3082 3081 3122
f 3083 3078 3120 3123
f 3083 3123 3124 3084
f 3088 3089 3125 3126
f 3122 3081 3088 3126
f 3091 3090 3127 3128
f 3084 3124 3127 3090
f 3093 3097 3129 3130
f 3125 3089 3093 3130
f 3098 3094 3131 3132
f 3091 3128 3131 3094
f 3129 3097 3096 3133
f 3098 3132 3134 3099
f 3101 3105 3135 3136
f 3133 3096 3101 3136
f 3105 3107 3137 3135
f 3107 3102 3138 3137
f 3099 3134 3138 3102
f 3139 3140 3141 3142
f 3110 3109 3139 3142
f 3139 3109 3111 3140
f 3142 3141 3143 3144
f 3112 3110 3142 3144
f 3144 3143 3145 3146
f 3113 3112 3144 3146
f 3113 3146 3145 3114
f 3140 3111 3115 3147
f 3114 3145 3148 3116
f 3149 3150 3151 3147
f 3115 3117 3149 3147
f 3149 3117 3118 3150
f 3148 3152 3153 3154
f 3119 3116 3148 3154
f 3119 3154 3153 3120
f 3155 3156 3157 3150
f 3118 3121 3155 3150
f 3155 3121 3122 3156
f 3153 3158 3159 3160
f 3123 3120 3153 3160
f 3123 3160 3159 3124
f 3156 3161 3162 3157
f 3126 3125 3162 3161
f 3156 3122 3126 3161
f 3158 3163 3164 3159
f 3128 3127 3164 3163
f 3124 3159 3164 3127
f 3162 3165 3166 3167
f 3130 3129 3166 3165
f 3162 3125 3130 3165
f 3168 3169 3170 3163
f 3132 3131 3170 3169
f 3128 3163 3170 3131
f 3166 3129 3133 3171
f 3132 3169 3172 3134
f 3171 3173 3174 3175
f 3136 3135 3174 3173
f 3171 3133 3136 3173
f 3175 3174 3176 3177
f 3135 3137 3176 3174
f 3177 3176 3178 3172
f 3137 3138 3178 3176
f 3134 3172 3178 3138
f 3141 3140 3179 3180
f 3179 3140 3147 3181
f 3143 3141 3180 3182
f 3145 3143 3182 3183
f 3145 3183 3184 3148
f 3181 3147 3151 3185
f 3148 3184 3186 3152
f 3151 3150 3187 3185
f 3187 3150 3157 3188
f 3153 3152 3186 3189
f 3153 3189 3190 3158
f 3162 3167 3191 3192
f 3188 3157 3162 3192
f 3168 3163 3193 3194
f 3158 3190 3193 3163
f 3191 3167 3166 3195
f 3168 3194 3196 3169
f 3171 3175 3197 3198
f 3195 3166 3171 3198
f 3175 3177 3199 3197
f 3177 3172 3200 3199
f 3169 3196 3200 3172
f 3201 3202 3203 3204
f 3180 3179 3201 3204
f 3201 3179 3181 3202
f 3204 3203 3205 3206
f 3182 3180 3204 3206
f 3206 3205 3207 3208
f 3183 3182 3206 3208
f 3183 3208 3207 3184
f 3202 3181 3185 3209
f 3184 3207 3210 3186
f 3211 3212 3213 3209
f 3185 3187 3211 3209
f 3211 3187 3188 3212
f 3210 3214 3215 3216
f 3189 3186 3210 3216
f 3189 3216 3215 3190
f 3212 3217 3218 3213
f 3192 3191 3218 3217
f 3212 3188 3192 3217
f 3214 3219 3220 3215
f 3194 3193 3220 3219
f 3190 3215 3220 3193
f 3218 3191 3195 3221
f 3194 3219 3222 3196
f 3221 3223 3224 3225
f 3198 3197 3224 3223
f 3221 3195 3198 3223
f 3225 3224 3226 3227
f 3197 3199 3226 3224
f 3227 3226 3228 3222
f 3199 3200 3228 3226
f 3196 3222 3228 3200
f 3229 3230 3231 3232
f 3203 3202 3229 3232
f 3229 3202 3209 3230
f 3232 3231 3233 3234
f 3205 3203 3232 3234
f 3234 3233 3235 3236
f 3207 3205 3234 3236
f 3207 3236 3235 3210
f 3230 3237 3238 3231
f 3230 3209 3213 3237
f 3233 3239 3240 3235
f 3210 3235 3240 3214
f 3237 3241 3242 3238
f 3237 3213 3218 3241
f 3239 3243 3244 3240
f 3214 3240 3244 3219
f 3241 3245 3246 3242
f 3221 3225 3246 3245
f 3241 3218 3221 3245
f 3242 3246 3247 3243
f 3225 3227 3247 3246
f 3243 3247 3248 3244
f 3227 3222 3248 3247
f 3219 3244 3248 3222
f 3233 3231 3249 3250
f 3233 3250 3251 3239
f 3249 3231 3238 3252
f 3242 3243 3253 3254
f 3239 3251 3253 3243
f 3252 3238 3242 3254
f 3255 3256 3257 3258
f 3250 3249 3255 3258
f 3250 3258 3257 3251
f 3255 3249 3252 3256
f 3256 3259 3260 3257
f 3254 3253 3260 3259
f 3251 3257 3260 3253
f 3256 3252 3254 3259
