# A-spearhead — lifted from a 2D silhouette by aide.lift
o A-spearhead
v -22.500 -8.000 -1.500
v -22.500 -7.000 -1.500
v -22.500 -7.000 -2.500
v -22.500 -8.000 -2.500
v -21.500 -8.000 -2.500
v -21.500 -8.000 -1.500
v -21.500 -7.000 -2.500
v -22.500 -8.000 -0.500
v -22.500 -7.000 -0.500
v -21.500 -8.000 -0.500
v -22.500 -8.000 0.500
v -22.500 -7.000 0.500
v -21.500 -8.000 0.500
v -22.500 -8.000 1.500
v -22.500 -7.000 1.500
v -21.500 -8.000 1.500
v -22.500 -8.000 2.500
v -22.500 -7.000 2.500
v -21.500 -8.000 2.500
v -21.500 -7.000 2.500
v -22.500 -7.000 -3.500
v -22.500 -6.000 -3.500
v -22.500 -6.000 -4.500
v -22.500 -7.000 -4.500
v -21.500 -7.000 -4.500
v -21.500 -7.000 -3.500
v -21.500 -6.000 -4.500
v -22.500 -6.000 -2.500
v -22.500 -6.000 -1.500
v -22.500 -6.000 -0.500
v -22.500 -6.000 0.500
v -22.500 -6.000 1.500
v -22.500 -6.000 2.500
v -22.500 -7.000 3.500
v -22.500 -6.000 3.500
v -21.500 -7.000 3.500
v -22.500 -7.000 4.500
v -22.500 -6.000 4.500
v -21.500 -7.000 4.500
v -21.500 -6.000 4.500
v -22.500 -5.000 -4.500
v -22.500 -5.000 -5.500
v -22.500 -6.000 -5.500
v -21.500 -6.000 -5.500
v -21.500 -5.000 -5.500
v -22.500 -5.000 -3.500
v -22.500 -5.000 -2.500
v -22.500 -5.000 -1.500
v -22.500 -5.000 -0.500
v -22.500 -5.000 0.500
v -22.500 -5.000 1.500
v -22.500 -5.000 2.500
v -22.500 -5.000 3.500
v -22.500 -5.000 4.500
v -22.500 -6.000 5.500
v -22.500 -5.000 5.500
v -21.500 -6.000 5.500
v -21.500 -5.000 5.500
v -22.500 -4.000 -5.500
v -22.500 -4.000 -6.500
v -22.500 -5.000 -6.500
v -21.500 -5.000 -6.500
v -21.500 -4.000 -6.500
v -22.500 -4.000 -4.500
v -22.500 -4.000 -3.500
v -22.500 -4.000 -2.500
v -22.500 -4.000 -1.500
v -22.500 -4.000 -0.500
v -22.500 -4.000 0.500
v -22.500 -4.000 1.500
v -22.500 -4.000 2.500
v -22.500 -4.000 3.500
v -22.500 -4.000 4.500
v -22.500 -4.000 5.500
v -22.500 -5.000 6.500
v -22.500 -4.000 6.500
v -21.500 -5.000 6.500
v -21.500 -4.000 6.500
v -22.500 -3.000 -6.500
v -22.500 -3.000 -7.500
v -22.500 -4.000 -7.500
v -21.500 -4.000 -7.500
v -21.500 -3.000 -7.500
v -22.500 -3.000 -5.500
v -22.500 -3.000 -4.500
v -22.500 -3.000 -3.500
v -22.500 -3.000 -2.500
v -22.500 -3.000 -1.500
v -22.500 -3.000 -0.500
v -22.500 -3.000 0.500
v -22.500 -3.000 1.500
v -22.500 -3.000 2.500
v -22.500 -3.000 3.500
v -22.500 -3.000 4.500
v -22.500 -3.000 5.500
v -22.500 -3.000 6.500
v -22.500 -4.000 7.500
v -22.500 -3.000 7.500
v -21.500 -4.000 7.500
v -21.500 -3.000 7.500
v -22.500 -2.000 -6.500
v -22.500 -2.000 -7.500
v -21.500 -2.000 -7.500
v -22.500 -2.000 -5.500
v -22.500 -2.000 -4.500
v -22.500 -2.000 -3.500
v -22.500 -2.000 -2.500
v -22.500 -2.000 -1.500
v -22.500 -2.000 -0.500
v -22.500 -2.000 0.500
v -22.500 -2.000 1.500
v -22.500 -2.000 2.500
v -22.500 -2.000 3.500
v -22.500 -2.000 4.500
v -22.500 -2.000 5.500
v -22.500 -2.000 6.500
v -22.500 -2.000 7.500
v -21.500 -2.000 7.500
v -22.500 -1.000 -6.500
v -22.500 -1.000 -7.500
v -21.500 -1.000 -7.500
v -22.500 -1.000 -5.500
v -22.500 -1.000 -4.500
v -22.500 -1.000 -3.500
v -22.500 -1.000 -2.500
v -22.500 -1.000 -1.500
v -22.500 -1.000 -0.500
v -22.500 -1.000 0.500
v -22.500 -1.000 1.500
v -22.500 -1.000 2.500
v -22.500 -1.000 3.500
v -22.500 -1.000 4.500
v -22.500 -1.000 5.500
v -22.500 -1.000 6.500
v -22.500 -1.000 7.500
v -21.500 -1.000 7.500
v -22.500 0.000 -6.500
v -22.500 0.000 -7.500
v -21.500 0.000 -7.500
v -22.500 0.000 -5.500
v -22.500 0.000 -4.500
v -22.500 0.000 -3.500
v -22.500 0.000 -2.500
v -22.500 0.000 -1.500
v -22.500 0.000 -0.500
v -22.500 0.000 0.500
v -22.500 0.000 1.500
v -22.500 0.000 2.500
v -22.500 0.000 3.500
v -22.500 0.000 4.500
v -22.500 0.000 5.500
v -22.500 0.000 6.500
v -22.500 0.000 7.500
v -21.500 0.000 7.500
v -22.500 1.000 -6.500
v -22.500 1.000 -7.500
v -21.500 1.000 -7.500
v -22.500 1.000 -5.500
v -22.500 1.000 -4.500
v -22.500 1.000 -3.500
v -22.500 1.000 -2.500
v -22.500 1.000 -1.500
v -22.500 1.000 -0.500
v -22.500 1.000 0.500
v -22.500 1.000 1.500
v -22.500 1.000 2.500
v -22.500 1.000 3.500
v -22.500 1.000 4.500
v -22.500 1.000 5.500
v -22.500 1.000 6.500
v -22.500 1.000 7.500
v -21.500 1.000 7.500
v -22.500 2.000 -6.500
v -22.500 2.000 -7.500
v -21.500 2.000 -7.500
v -22.500 2.000 -5.500
v -22.500 2.000 -4.500
v -22.500 2.000 -3.500
v -22.500 2.000 -2.500
v -22.500 2.000 -1.500
v -22.500 2.000 -0.500
v -22.500 2.000 0.500
v -22.500 2.000 1.500
v -22.500 2.000 2.500
v -22.500 2.000 3.500
v -22.500 2.000 4.500
v -22.500 2.000 5.500
v -22.500 2.000 6.500
v -22.500 2.000 7.500
v -21.500 2.000 7.500
v -22.500 3.000 -6.500
v -22.500 3.000 -7.500
v -21.500 3.000 -7.500
v -22.500 3.000 -5.500
v -22.500 3.000 -4.500
v -22.500 3.000 -3.500
v -22.500 3.000 -2.500
v -22.500 3.000 -1.500
v -22.500 3.000 -0.500
v -22.500 3.000 0.500
v -22.500 3.000 1.500
v -22.500 3.000 2.500
v -22.500 3.000 3.500
v -22.500 3.000 4.500
v -22.500 3.000 5.500
v -22.500 3.000 6.500
v -22.500 3.000 7.500
v -21.500 3.000 7.500
v -22.500 4.000 -6.500
v -22.500 4.000 -7.500
v -21.500 4.000 -6.500
v -21.500 4.000 -7.500
v -22.500 4.000 -5.500
v -22.500 4.000 -4.500
v -22.500 4.000 -3.500
v -22.500 4.000 -2.500
v -22.500 4.000 -1.500
v -22.500 4.000 -0.500
v -22.500 4.000 0.500
v -22.500 4.000 1.500
v -22.500 4.000 2.500
v -22.500 4.000 3.500
v -22.500 4.000 4.500
v -22.500 4.000 5.500
v -22.500 4.000 6.500
v -22.500 4.000 7.500
v -21.500 4.000 7.500
v -21.500 4.000 6.500
v -22.500 5.000 -5.500
v -22.500 5.000 -6.500
v -21.500 5.000 -5.500
v -21.500 5.000 -6.500
v -22.500 5.000 -4.500
v -22.500 5.000 -3.500
v -22.500 5.000 -2.500
v -22.500 5.000 -1.500
v -22.500 5.000 -0.500
v -22.500 5.000 0.500
v -22.500 5.000 1.500
v -22.500 5.000 2.500
v -22.500 5.000 3.500
v -22.500 5.000 4.500
v -22.500 5.000 5.500
v -22.500 5.000 6.500
v -21.500 5.000 6.500
v -21.500 5.000 5.500
v -22.500 6.000 -4.500
v -22.500 6.000 -5.500
v -21.500 6.000 -4.500
v -21.500 6.000 -5.500
v -22.500 6.000 -3.500
v -22.500 6.000 -2.500
v -22.500 6.000 -1.500
v -22.500 6.000 -0.500
v -22.500 6.000 0.500
v -22.500 6.000 1.500
v -22.500 6.000 2.500
v -22.500 6.000 3.500
v -22.500 6.000 4.500
v -22.500 6.000 5.500
v -21.500 6.000 5.500
v -21.500 6.000 4.500
v -22.500 7.000 -3.500
v -22.500 7.000 -4.500
v -21.500 7.000 -3.500
v -21.500 7.000 -4.500
v -22.500 7.000 -2.500
v -21.500 7.000 -2.500
v -22.500 7.000 -1.500
v -22.500 7.000 -0.500
v -22.500 7.000 0.500
v -22.500 7.000 1.500
v -22.500 7.000 2.500
v -22.500 7.000 3.500
v -21.500 7.000 3.500
v -21.500 7.000 2.500
v -22.500 7.000 4.500
v -21.500 7.000 4.500
v -22.500 8.000 -1.500
v -22.500 8.000 -2.500
v -21.500 8.000 -1.500
v -21.500 8.000 -2.500
v -22.500 8.000 -0.500
v -21.500 8.000 -0.500
v -22.500 8.000 0.500
v -21.500 8.000 0.500
v -22.500 8.000 1.500
v -21.500 8.000 1.500
v -22.500 8.000 2.500
v -21.500 8.000 2.500
v -20.500 -9.000 -2.500
v -20.500 -8.000 -2.500
v -20.500 -8.000 -1.500
v -20.500 -9.000 -1.500
v -21.500 -9.000 -1.500
v -21.500 -9.000 -2.500
v -20.500 -8.000 -0.500
v -20.500 -9.000 -0.500
v -21.500 -9.000 -0.500
v -20.500 -8.000 0.500
v -20.500 -9.000 0.500
v -21.500 -9.000 0.500
v -20.500 -8.000 1.500
v -20.500 -9.000 1.500
v -21.500 -9.000 1.500
v -20.500 -8.000 2.500
v -20.500 -9.000 2.500
v -21.500 -9.000 2.500
v -20.500 -8.000 -4.500
v -20.500 -7.000 -4.500
v -20.500 -7.000 -3.500
v -20.500 -8.000 -3.500
v -21.500 -8.000 -3.500
v -21.500 -8.000 -4.500
v -20.500 -7.000 -2.500
v -20.500 -7.000 2.500
v -20.500 -7.000 3.500
v -20.500 -8.000 3.500
v -21.500 -8.000 3.500
v -20.500 -7.000 4.500
v -20.500 -8.000 4.500
v -21.500 -8.000 4.500
v -20.500 -7.000 -6.500
v -20.500 -6.000 -6.500
v -20.500 -6.000 -5.500
v -20.500 -7.000 -5.500
v -21.500 -7.000 -5.500
v -21.500 -6.000 -6.500
v -21.500 -7.000 -6.500
v -20.500 -6.000 -4.500
v -20.500 -6.000 4.500
v -20.500 -6.000 5.500
v -20.500 -7.000 5.500
v -21.500 -7.000 5.500
v -20.500 -6.000 6.500
v -20.500 -7.000 6.500
v -21.500 -7.000 6.500
v -21.500 -6.000 6.500
v -20.500 -6.000 -7.500
v -20.500 -5.000 -7.500
v -20.500 -5.000 -6.500
v -21.500 -5.000 -7.500
v -21.500 -6.000 -7.500
v -20.500 -5.000 -5.500
v -20.500 -5.000 5.500
v -20.500 -5.000 6.500
v -20.500 -5.000 7.500
v -20.500 -6.000 7.500
v -21.500 -6.000 7.500
v -21.500 -5.000 7.500
v -20.500 -4.000 -7.500
v -20.500 -4.000 -6.500
v -20.500 -4.000 6.500
v -20.500 -4.000 7.500
v -20.500 -4.000 -8.500
v -20.500 -3.000 -8.500
v -20.500 -3.000 -7.500
v -21.500 -3.000 -8.500
v -21.500 -4.000 -8.500
v -20.500 -3.000 7.500
v -20.500 -3.000 8.500
v -20.500 -4.000 8.500
v -21.500 -4.000 8.500
v -21.500 -3.000 8.500
v -20.500 -2.000 -8.500
v -20.500 -2.000 -7.500
v -21.500 -2.000 -8.500
v -20.500 -2.000 7.500
v -20.500 -2.000 8.500
v -21.500 -2.000 8.500
v -20.500 -1.000 -8.500
v -20.500 -1.000 -7.500
v -21.500 -1.000 -8.500
v -20.500 -1.000 7.500
v -20.500 -1.000 8.500
v -21.500 -1.000 8.500
v -20.500 0.000 -8.500
v -20.500 0.000 -7.500
v -21.500 0.000 -8.500
v -20.500 0.000 7.500
v -20.500 0.000 8.500
v -21.500 0.000 8.500
v -20.500 1.000 -8.500
v -20.500 1.000 -7.500
v -21.500 1.000 -8.500
v -20.500 1.000 7.500
v -20.500 1.000 8.500
v -21.500 1.000 8.500
v -20.500 2.000 -8.500
v -20.500 2.000 -7.500
v -21.500 2.000 -8.500
v -20.500 2.000 7.500
v -20.500 2.000 8.500
v -21.500 2.000 8.500
v -20.500 3.000 -8.500
v -20.500 3.000 -7.500
v -21.500 3.000 -8.500
v -20.500 3.000 7.500
v -20.500 3.000 8.500
v -21.500 3.000 8.500
v -20.500 4.000 -8.500
v -20.500 4.000 -7.500
v -21.500 4.000 -8.500
v -20.500 4.000 7.500
v -20.500 4.000 8.500
v -21.500 4.000 8.500
v -20.500 5.000 -7.500
v -20.500 5.000 -6.500
v -20.500 4.000 -6.500
v -21.500 5.000 -7.500
v -20.500 4.000 6.500
v -20.500 5.000 6.500
v -20.500 5.000 7.500
v -21.500 5.000 7.500
v -20.500 6.000 -7.500
v -20.500 6.000 -6.500
v -21.500 6.000 -6.500
v -21.500 6.000 -7.500
v -20.500 6.000 -5.500
v -20.500 5.000 -5.500
v -20.500 5.000 5.500
v -20.500 6.000 5.500
v -20.500 6.000 6.500
v -21.500 6.000 6.500
v -20.500 6.000 7.500
v -21.500 6.000 7.500
v -20.500 7.000 -6.500
v -20.500 7.000 -5.500
v -21.500 7.000 -5.500
v -21.500 7.000 -6.500
v -20.500 7.000 -4.500
v -20.500 6.000 -4.500
v -20.500 6.000 4.500
v -20.500 7.000 4.500
v -20.500 7.000 5.500
v -21.500 7.000 5.500
v -20.500 7.000 6.500
v -21.500 7.000 6.500
v -20.500 8.000 -4.500
v -20.500 8.000 -3.500
v -20.500 7.000 -3.500
v -21.500 8.000 -3.500
v -21.500 8.000 -4.500
v -20.500 8.000 -2.500
v -20.500 7.000 -2.500
v -20.500 7.000 2.500
v -20.500 8.000 2.500
v -20.500 8.000 3.500
v -20.500 7.000 3.500
v -21.500 8.000 3.500
v -20.500 8.000 4.500
v -21.500 8.000 4.500
v -20.500 9.000 -2.500
v -20.500 9.000 -1.500
v -20.500 8.000 -1.500
v -21.500 9.000 -1.500
v -21.500 9.000 -2.500
v -20.500 9.000 -0.500
v -20.500 8.000 -0.500
v -21.500 9.000 -0.500
v -20.500 9.000 0.500
v -20.500 8.000 0.500
v -21.500 9.000 0.500
v -20.500 9.000 1.500
v -20.500 8.000 1.500
v -21.500 9.000 1.500
v -20.500 9.000 2.500
v -21.500 9.000 2.500
v -19.500 -8.000 -2.500
v -19.500 -7.000 -2.500
v -19.500 -7.000 -1.500
v -19.500 -8.000 -1.500
v -19.500 -7.000 -0.500
v -19.500 -8.000 -0.500
v -19.500 -7.000 0.500
v -19.500 -8.000 0.500
v -19.500 -7.000 1.500
v -19.500 -8.000 1.500
v -19.500 -7.000 2.500
v -19.500 -8.000 2.500
v -19.500 -7.000 -4.500
v -19.500 -6.000 -4.500
v -19.500 -6.000 -3.500
v -19.500 -7.000 -3.500
v -19.500 -6.000 -2.500
v -19.500 -6.000 2.500
v -19.500 -6.000 3.500
v -19.500 -7.000 3.500
v -19.500 -6.000 4.500
v -19.500 -7.000 4.500
v -19.500 -6.000 -5.500
v -19.500 -5.000 -5.500
v -19.500 -5.000 -4.500
v -19.500 -5.000 4.500
v -19.500 -5.000 5.500
v -19.500 -6.000 5.500
v -19.500 -5.000 -6.500
v -19.500 -4.000 -6.500
v -19.500 -4.000 -5.500
v -19.500 -4.000 5.500
v -19.500 -4.000 6.500
v -19.500 -5.000 6.500
v -19.500 -4.000 -7.500
v -19.500 -3.000 -7.500
v -19.500 -3.000 -6.500
v -19.500 -3.000 6.500
v -19.500 -3.000 7.500
v -19.500 -4.000 7.500
v -19.500 -2.000 -7.500
v -19.500 -2.000 -6.500
v -19.500 -2.000 6.500
v -19.500 -2.000 7.500
v -19.500 -1.000 -7.500
v -19.500 -1.000 -6.500
v -19.500 -1.000 6.500
v -19.500 -1.000 7.500
v -19.500 0.000 -7.500
v -19.500 0.000 -6.500
v -19.500 0.000 6.500
v -19.500 0.000 7.500
v -19.500 1.000 -7.500
v -19.500 1.000 -6.500
v -19.500 1.000 6.500
v -19.500 1.000 7.500
v -19.500 2.000 -7.500
v -19.500 2.000 -6.500
v -19.500 2.000 6.500
v -19.500 2.000 7.500
v -19.500 3.000 -7.500
v -19.500 3.000 -6.500
v -19.500 3.000 6.500
v -19.500 3.000 7.500
v -19.500 4.000 -7.500
v -19.500 4.000 -6.500
v -19.500 4.000 6.500
v -19.500 4.000 7.500
v -19.500 5.000 -6.500
v -19.500 5.000 -5.500
v -19.500 4.000 -5.500
v -19.500 4.000 5.500
v -19.500 5.000 5.500
v -19.500 5.000 6.500
v -19.500 6.000 -5.500
v -19.500 6.000 -4.500
v -19.500 5.000 -4.500
v -19.500 5.000 4.500
v -19.500 6.000 4.500
v -19.500 6.000 5.500
v -19.500 7.000 -4.500
v -19.500 7.000 -3.500
v -19.500 6.000 -3.500
v -19.500 7.000 -2.500
v -19.500 6.000 -2.500
v -19.500 6.000 2.500
v -19.500 7.000 2.500
v -19.500 7.000 3.500
v -19.500 6.000 3.500
v -19.500 7.000 4.500
v -19.500 8.000 -2.500
v -19.500 8.000 -1.500
v -19.500 7.000 -1.500
v -19.500 8.000 -0.500
v -19.500 7.000 -0.500
v -19.500 8.000 0.500
v -19.500 7.000 0.500
v -19.500 8.000 1.500
v -19.500 7.000 1.500
v -19.500 8.000 2.500
v -18.500 -7.000 -2.500
v -18.500 -7.000 -1.500
v -18.500 -6.000 -2.500
v -18.500 -7.000 -0.500
v -18.500 -7.000 0.500
v -18.500 -7.000 1.500
v -18.500 -7.000 2.500
v -18.500 -6.000 2.500
v -18.500 -6.000 -4.500
v -18.500 -6.000 -3.500
v -18.500 -5.000 -4.500
v -18.500 -6.000 3.500
v -18.500 -6.000 4.500
v -18.500 -5.000 4.500
v -18.500 -5.000 -5.500
v -18.500 -4.000 -5.500
v -18.500 -5.000 5.500
v -18.500 -4.000 5.500
v -18.500 -4.000 -6.500
v -18.500 -3.000 -6.500
v -18.500 -4.000 6.500
v -18.500 -3.000 6.500
v -18.500 -2.000 -6.500
v -18.500 -2.000 6.500
v -18.500 -1.000 -6.500
v -18.500 -1.000 6.500
v -18.500 0.000 -6.500
v -18.500 0.000 6.500
v -18.500 1.000 -6.500
v -18.500 1.000 6.500
v -18.500 2.000 -6.500
v -18.500 2.000 6.500
v -18.500 3.000 -6.500
v -18.500 3.000 6.500
v -18.500 4.000 -5.500
v -18.500 4.000 -6.500
v -18.500 4.000 6.500
v -18.500 4.000 5.500
v -18.500 5.000 -4.500
v -18.500 5.000 -5.500
v -18.500 5.000 5.500
v -18.500 5.000 4.500
v -18.500 6.000 -3.500
v -18.500 6.000 -4.500
v -18.500 6.000 -2.500
v -18.500 6.000 3.500
v -18.500 6.000 2.500
v -18.500 6.000 4.500
v -18.500 7.000 -1.500
v -18.500 7.000 -2.500
v -18.500 7.000 -0.500
v -18.500 7.000 0.500
v -18.500 7.000 1.500
v -18.500 7.000 2.500
v -18.500 -8.000 -1.500
v -18.500 -8.000 -2.500
v -17.500 -8.000 -2.500
v -17.500 -8.000 -1.500
v -17.500 -7.000 -2.500
v -18.500 -8.000 -0.500
v -17.500 -8.000 -0.500
v -18.500 -8.000 0.500
v -17.500 -8.000 0.500
v -18.500 -8.000 1.500
v -17.500 -8.000 1.500
v -18.500 -8.000 2.500
v -17.500 -8.000 2.500
v -17.500 -7.000 2.500
v -18.500 -7.000 -3.500
v -18.500 -7.000 -4.500
v -17.500 -7.000 -4.500
v -17.500 -7.000 -3.500
v -17.500 -6.000 -4.500
v -18.500 -7.000 3.500
v -17.500 -7.000 3.500
v -18.500 -7.000 4.500
v -17.500 -7.000 4.500
v -17.500 -6.000 4.500
v -18.500 -6.000 -5.500
v -17.500 -6.000 -5.500
v -17.500 -5.000 -5.500
v -18.500 -6.000 5.500
v -17.500 -6.000 5.500
v -17.500 -5.000 5.500
v -18.500 -5.000 -6.500
v -17.500 -5.000 -6.500
v -17.500 -4.000 -6.500
v -18.500 -5.000 6.500
v -17.500 -5.000 6.500
v -17.500 -4.000 6.500
v -18.500 -3.000 -7.500
v -18.500 -4.000 -7.500
v -17.500 -4.000 -7.500
v -17.500 -3.000 -7.500
v -18.500 -4.000 7.500
v -18.500 -3.000 7.500
v -17.500 -4.000 7.500
v -17.500 -3.000 7.500
v -18.500 -2.000 -7.500
v -17.500 -2.000 -7.500
v -18.500 -2.000 7.500
v -17.500 -2.000 7.500
v -18.500 -1.000 -7.500
v -17.500 -1.000 -7.500
v -18.500 -1.000 7.500
v -17.500 -1.000 7.500
v -18.500 0.000 -7.500
v -17.500 0.000 -7.500
v -18.500 0.000 7.500
v -17.500 0.000 7.500
v -18.500 1.000 -7.500
v -17.500 1.000 -7.500
v -18.500 1.000 7.500
v -17.500 1.000 7.500
v -18.500 2.000 -7.500
v -17.500 2.000 -7.500
v -18.500 2.000 7.500
v -17.500 2.000 7.500
v -18.500 3.000 -7.500
v -17.500 3.000 -7.500
v -18.500 3.000 7.500
v -17.500 3.000 7.500
v -18.500 4.000 -7.500
v -17.500 4.000 -6.500
v -17.500 4.000 -7.500
v -18.500 4.000 7.500
v -17.500 4.000 7.500
v -17.500 4.000 6.500
v -18.500 5.000 -6.500
v -17.500 5.000 -5.500
v -17.500 5.000 -6.500
v -18.500 5.000 6.500
v -17.500 5.000 6.500
v -17.500 5.000 5.500
v -18.500 6.000 -5.500
v -17.500 6.000 -4.500
v -17.500 6.000 -5.500
v -18.500 6.000 5.500
v -17.500 6.000 5.500
v -17.500 6.000 4.500
v -18.500 7.000 -3.500
v -18.500 7.000 -4.500
v -17.500 7.000 -3.500
v -17.500 7.000 -4.500
v -17.500 7.000 -2.500
v -18.500 7.000 3.500
v -17.500 7.000 3.500
v -17.500 7.000 2.500
v -18.500 7.000 4.500
v -17.500 7.000 4.500
v -18.500 8.000 -1.500
v -18.500 8.000 -2.500
v -17.500 8.000 -1.500
v -17.500 8.000 -2.500
v -18.500 8.000 -0.500
v -17.500 8.000 -0.500
v -18.500 8.000 0.500
v -17.500 8.000 0.500
v -18.500 8.000 1.500
v -17.500 8.000 1.500
v -18.500 8.000 2.500
v -17.500 8.000 2.500
v -16.500 -8.000 -2.500
v -16.500 -8.000 -1.500
v -16.500 -7.000 -2.500
v -16.500 -8.000 -0.500
v -16.500 -8.000 0.500
v -16.500 -8.000 1.500
v -16.500 -8.000 2.500
v -16.500 -7.000 2.500
v -16.500 -7.000 -4.500
v -16.500 -7.000 -3.500
v -16.500 -6.000 -4.500
v -16.500 -7.000 3.500
v -16.500 -7.000 4.500
v -16.500 -6.000 4.500
v -16.500 -6.000 -5.500
v -16.500 -5.000 -5.500
v -16.500 -6.000 5.500
v -16.500 -5.000 5.500
v -16.500 -5.000 -6.500
v -16.500 -4.000 -6.500
v -16.500 -5.000 6.500
v -16.500 -4.000 6.500
v -16.500 -4.000 -7.500
v -16.500 -3.000 -7.500
v -16.500 -4.000 7.500
v -16.500 -3.000 7.500
v -16.500 -2.000 -7.500
v -16.500 -2.000 7.500
v -16.500 -1.000 -7.500
v -16.500 -1.000 7.500
v -16.500 0.000 -7.500
v -16.500 0.000 7.500
v -16.500 1.000 -7.500
v -16.500 1.000 7.500
v -16.500 2.000 -7.500
v -16.500 2.000 7.500
v -16.500 3.000 -7.500
v -16.500 3.000 7.500
v -16.500 4.000 -6.500
v -16.500 4.000 -7.500
v -16.500 4.000 7.500
v -16.500 4.000 6.500
v -16.500 5.000 -5.500
v -16.500 5.000 -6.500
v -16.500 5.000 6.500
v -16.500 5.000 5.500
v -16.500 6.000 -4.500
v -16.500 6.000 -5.500
v -16.500 6.000 5.500
v -16.500 6.000 4.500
v -16.500 7.000 -3.500
v -16.500 7.000 -4.500
v -16.500 7.000 -2.500
v -16.500 7.000 3.500
v -16.500 7.000 2.500
v -16.500 7.000 4.500
v -16.500 8.000 -1.500
v -16.500 8.000 -2.500
v -16.500 8.000 -0.500
v -16.500 8.000 0.500
v -16.500 8.000 1.500
v -16.500 8.000 2.500
v -15.500 -9.000 -2.500
v -15.500 -8.000 -2.500
v -15.500 -8.000 -1.500
v -15.500 -9.000 -1.500
v -16.500 -9.000 -1.500
v -16.500 -9.000 -2.500
v -15.500 -8.000 -0.500
v -15.500 -9.000 -0.500
v -16.500 -9.000 -0.500
v -15.500 -8.000 0.500
v -15.500 -9.000 0.500
v -16.500 -9.000 0.500
v -15.500 -8.000 1.500
v -15.500 -9.000 1.500
v -16.500 -9.000 1.500
v -15.500 -8.000 2.500
v -15.500 -9.000 2.500
v -16.500 -9.000 2.500
v -15.500 -8.000 -4.500
v -15.500 -7.000 -4.500
v -15.500 -7.000 -3.500
v -15.500 -8.000 -3.500
v -16.500 -8.000 -3.500
v -16.500 -8.000 -4.500
v -15.500 -7.000 -2.500
v -15.500 -7.000 2.500
v -15.500 -7.000 3.500
v -15.500 -8.000 3.500
v -16.500 -8.000 3.500
v -15.500 -7.000 4.500
v -15.500 -8.000 4.500
v -16.500 -8.000 4.500
v -15.500 -7.000 -6.500
v -15.500 -6.000 -6.500
v -15.500 -6.000 -5.500
v -15.500 -7.000 -5.500
v -16.500 -7.000 -5.500
v -16.500 -6.000 -6.500
v -16.500 -7.000 -6.500
v -15.500 -6.000 -4.500
v -15.500 -6.000 4.500
v -15.500 -6.000 5.500
v -15.500 -7.000 5.500
v -16.500 -7.000 5.500
v -15.500 -6.000 6.500
v -15.500 -7.000 6.500
v -16.500 -7.000 6.500
v -16.500 -6.000 6.500
v -15.500 -6.000 -7.500
v -15.500 -5.000 -7.500
v -15.500 -5.000 -6.500
v -16.500 -5.000 -7.500
v -16.500 -6.000 -7.500
v -15.500 -5.000 -5.500
v -15.500 -5.000 5.500
v -15.500 -5.000 6.500
v -15.500 -5.000 7.500
v -15.500 -6.000 7.500
v -16.500 -6.000 7.500
v -16.500 -5.000 7.500
v -15.500 -4.000 -7.500
v -15.500 -4.000 -6.500
v -15.500 -4.000 6.500
v -15.500 -4.000 7.500
v -15.500 -4.000 -8.500
v -15.500 -3.000 -8.500
v -15.500 -3.000 -7.500
v -16.500 -3.000 -8.500
v -16.500 -4.000 -8.500
v -15.500 -3.000 7.500
v -15.500 -3.000 8.500
v -15.500 -4.000 8.500
v -16.500 -4.000 8.500
v -16.500 -3.000 8.500
v -15.500 -2.000 -8.500
v -15.500 -2.000 -7.500
v -16.500 -2.000 -8.500
v -15.500 -2.000 7.500
v -15.500 -2.000 8.500
v -16.500 -2.000 8.500
v -15.500 -1.000 -8.500
v -15.500 -1.000 -7.500
v -16.500 -1.000 -8.500
v -15.500 -1.000 7.500
v -15.500 -1.000 8.500
v -16.500 -1.000 8.500
v -15.500 0.000 -8.500
v -15.500 0.000 -7.500
v -16.500 0.000 -8.500
v -15.500 0.000 7.500
v -15.500 0.000 8.500
v -16.500 0.000 8.500
v -15.500 1.000 -8.500
v -15.500 1.000 -7.500
v -16.500 1.000 -8.500
v -15.500 1.000 7.500
v -15.500 1.000 8.500
v -16.500 1.000 8.500
v -15.500 2.000 -8.500
v -15.500 2.000 -7.500
v -16.500 2.000 -8.500
v -15.500 2.000 7.500
v -15.500 2.000 8.500
v -16.500 2.000 8.500
v -15.500 3.000 -8.500
v -15.500 3.000 -7.500
v -16.500 3.000 -8.500
v -15.500 3.000 7.500
v -15.500 3.000 8.500
v -16.500 3.000 8.500
v -15.500 4.000 -8.500
v -15.500 4.000 -7.500
v -16.500 4.000 -8.500
v -15.500 4.000 7.500
v -15.500 4.000 8.500
v -16.500 4.000 8.500
v -15.500 5.000 -7.500
v -15.500 5.000 -6.500
v -15.500 4.000 -6.500
v -16.500 5.000 -7.500
v -15.500 4.000 6.500
v -15.500 5.000 6.500
v -15.500 5.000 7.500
v -16.500 5.000 7.500
v -15.500 6.000 -7.500
v -15.500 6.000 -6.500
v -16.500 6.000 -6.500
v -16.500 6.000 -7.500
v -15.500 6.000 -5.500
v -15.500 5.000 -5.500
v -15.500 5.000 5.500
v -15.500 6.000 5.500
v -15.500 6.000 6.500
v -16.500 6.000 6.500
v -15.500 6.000 7.500
v -16.500 6.000 7.500
v -15.500 7.000 -6.500
v -15.500 7.000 -5.500
v -16.500 7.000 -5.500
v -16.500 7.000 -6.500
v -15.500 7.000 -4.500
v -15.500 6.000 -4.500
v -15.500 6.000 4.500
v -15.500 7.000 4.500
v -15.500 7.000 5.500
v -16.500 7.000 5.500
v -15.500 7.000 6.500
v -16.500 7.000 6.500
v -15.500 8.000 -4.500
v -15.500 8.000 -3.500
v -15.500 7.000 -3.500
v -16.500 8.000 -3.500
v -16.500 8.000 -4.500
v -15.500 8.000 -2.500
v -15.500 7.000 -2.500
v -15.500 7.000 2.500
v -15.500 8.000 2.500
v -15.500 8.000 3.500
v -15.500 7.000 3.500
v -16.500 8.000 3.500
v -15.500 8.000 4.500
v -16.500 8.000 4.500
v -15.500 9.000 -2.500
v -15.500 9.000 -1.500
v -15.500 8.000 -1.500
v -16.500 9.000 -1.500
v -16.500 9.000 -2.500
v -15.500 9.000 -0.500
v -15.500 8.000 -0.500
v -16.500 9.000 -0.500
v -15.500 9.000 0.500
v -15.500 8.000 0.500
v -16.500 9.000 0.500
v -15.500 9.000 1.500
v -15.500 8.000 1.500
v -16.500 9.000 1.500
v -15.500 9.000 2.500
v -16.500 9.000 2.500
v -14.500 -8.000 -2.500
v -14.500 -8.000 -1.500
v -14.500 -7.000 -2.500
v -14.500 -8.000 -0.500
v -14.500 -8.000 0.500
v -14.500 -8.000 1.500
v -14.500 -8.000 2.500
v -14.500 -7.000 2.500
v -14.500 -7.000 -4.500
v -14.500 -7.000 -3.500
v -14.500 -6.000 -4.500
v -14.500 -7.000 3.500
v -14.500 -7.000 4.500
v -14.500 -6.000 4.500
v -14.500 -6.000 -5.500
v -14.500 -5.000 -5.500
v -14.500 -6.000 5.500
v -14.500 -5.000 5.500
v -14.500 -5.000 -6.500
v -14.500 -4.000 -6.500
v -14.500 -5.000 6.500
v -14.500 -4.000 6.500
v -14.500 -4.000 -7.500
v -14.500 -3.000 -7.500
v -14.500 -4.000 7.500
v -14.500 -3.000 7.500
v -14.500 -2.000 -7.500
v -14.500 -2.000 7.500
v -14.500 -1.000 -7.500
v -14.500 -1.000 7.500
v -14.500 0.000 -7.500
v -14.500 0.000 7.500
v -14.500 1.000 -7.500
v -14.500 1.000 7.500
v -14.500 2.000 -7.500
v -14.500 2.000 7.500
v -14.500 3.000 -7.500
v -14.500 3.000 7.500
v -14.500 4.000 -6.500
v -14.500 4.000 -7.500
v -14.500 4.000 7.500
v -14.500 4.000 6.500
v -14.500 5.000 -5.500
v -14.500 5.000 -6.500
v -14.500 5.000 6.500
v -14.500 5.000 5.500
v -14.500 6.000 -4.500
v -14.500 6.000 -5.500
v -14.500 6.000 5.500
v -14.500 6.000 4.500
v -14.500 7.000 -3.500
v -14.500 7.000 -4.500
v -14.500 7.000 -2.500
v -14.500 7.000 3.500
v -14.500 7.000 2.500
v -14.500 7.000 4.500
v -14.500 8.000 -1.500
v -14.500 8.000 -2.500
v -14.500 8.000 -0.500
v -14.500 8.000 0.500
v -14.500 8.000 1.500
v -14.500 8.000 2.500
v -13.500 -8.000 -2.500
v -13.500 -7.000 -2.500
v -13.500 -7.000 -1.500
v -13.500 -8.000 -1.500
v -13.500 -7.000 -0.500
v -13.500 -8.000 -0.500
v -13.500 -7.000 0.500
v -13.500 -8.000 0.500
v -13.500 -7.000 1.500
v -13.500 -8.000 1.500
v -13.500 -7.000 2.500
v -13.500 -8.000 2.500
v -13.500 -7.000 -4.500
v -13.500 -6.000 -4.500
v -13.500 -6.000 -3.500
v -13.500 -7.000 -3.500
v -13.500 -6.000 -2.500
v -13.500 -6.000 -1.500
v -13.500 -6.000 -0.500
v -13.500 -6.000 0.500
v -13.500 -6.000 1.500
v -13.500 -6.000 2.500
v -13.500 -6.000 3.500
v -13.500 -7.000 3.500
v -13.500 -6.000 4.500
v -13.500 -7.000 4.500
v -13.500 -6.000 -5.500
v -13.500 -5.000 -5.500
v -13.500 -5.000 -4.500
v -13.500 -5.000 -3.500
v -13.500 -5.000 -2.500
v -13.500 -5.000 -1.500
v -13.500 -5.000 -0.500
v -13.500 -5.000 0.500
v -13.500 -5.000 1.500
v -13.500 -5.000 2.500
v -13.500 -5.000 3.500
v -13.500 -5.000 4.500
v -13.500 -5.000 5.500
v -13.500 -6.000 5.500
v -13.500 -5.000 -6.500
v -13.500 -4.000 -6.500
v -13.500 -4.000 -5.500
v -13.500 -4.000 -4.500
v -13.500 -4.000 -3.500
v -13.500 -4.000 -2.500
v -13.500 -4.000 -1.500
v -13.500 -4.000 -0.500
v -13.500 -4.000 0.500
v -13.500 -4.000 1.500
v -13.500 -4.000 2.500
v -13.500 -4.000 3.500
v -13.500 -4.000 4.500
v -13.500 -4.000 5.500
v -13.500 -4.000 6.500
v -13.500 -5.000 6.500
v -13.500 -4.000 -7.500
v -13.500 -3.000 -7.500
v -13.500 -3.000 -6.500
v -13.500 -3.000 -5.500
v -13.500 -3.000 -4.500
v -13.500 -3.000 -3.500
v -13.500 -3.000 -2.500
v -13.500 -3.000 -1.500
v -13.500 -3.000 -0.500
v -13.500 -3.000 0.500
v -13.500 -3.000 1.500
v -13.500 -3.000 2.500
v -13.500 -3.000 3.500
v -13.500 -3.000 4.500
v -13.500 -3.000 5.500
v -13.500 -3.000 6.500
v -13.500 -3.000 7.500
v -13.500 -4.000 7.500
v -13.500 -2.000 -7.500
v -13.500 -2.000 -6.500
v -13.500 -2.000 -5.500
v -13.500 -2.000 -4.500
v -13.500 -2.000 -3.500
v -13.500 -2.000 -2.500
v -13.500 -2.000 -1.500
v -13.500 -2.000 -0.500
v -13.500 -2.000 0.500
v -13.500 -2.000 1.500
v -13.500 -2.000 2.500
v -13.500 -2.000 3.500
v -13.500 -2.000 4.500
v -13.500 -2.000 5.500
v -13.500 -2.000 6.500
v -13.500 -2.000 7.500
v -13.500 -1.000 -7.500
v -13.500 -1.000 -6.500
v -13.500 -1.000 -5.500
v -13.500 -1.000 -4.500
v -13.500 -1.000 -3.500
v -13.500 -1.000 -2.500
v -13.500 -1.000 -1.500
v -13.500 -1.000 1.500
v -13.500 -1.000 2.500
v -13.500 -1.000 3.500
v -13.500 -1.000 4.500
v -13.500 -1.000 5.500
v -13.500 -1.000 6.500
v -13.500 -1.000 7.500
v -13.500 0.000 -7.500
v -13.500 0.000 -6.500
v -13.500 0.000 -5.500
v -13.500 0.000 -4.500
v -13.500 0.000 -3.500
v -13.500 0.000 -2.500
v -13.500 0.000 -1.500
v -13.500 0.000 1.500
v -13.500 0.000 2.500
v -13.500 0.000 3.500
v -13.500 0.000 4.500
v -13.500 0.000 5.500
v -13.500 0.000 6.500
v -13.500 0.000 7.500
v -13.500 1.000 -7.500
v -13.500 1.000 -6.500
v -13.500 1.000 -5.500
v -13.500 1.000 -4.500
v -13.500 1.000 -3.500
v -13.500 1.000 -2.500
v -13.500 1.000 -1.500
v -13.500 1.000 1.500
v -13.500 1.000 2.500
v -13.500 1.000 3.500
v -13.500 1.000 4.500
v -13.500 1.000 5.500
v -13.500 1.000 6.500
v -13.500 1.000 7.500
v -13.500 2.000 -7.500
v -13.500 2.000 -6.500
v -13.500 2.000 -5.500
v -13.500 2.000 -4.500
v -13.500 2.000 -3.500
v -13.500 2.000 -2.500
v -13.500 2.000 -1.500
v -13.500 2.000 1.500
v -13.500 2.000 2.500
v -13.500 2.000 3.500
v -13.500 2.000 4.500
v -13.500 2.000 5.500
v -13.500 2.000 6.500
v -13.500 2.000 7.500
v -13.500 3.000 -7.500
v -13.500 3.000 -6.500
v -13.500 3.000 -5.500
v -13.500 3.000 -4.500
v -13.500 3.000 -3.500
v -13.500 3.000 -2.500
v -13.500 3.000 -1.500
v -13.500 3.000 -0.500
v -13.500 2.000 -0.500
v -13.500 3.000 0.500
v -13.500 2.000 0.500
v -13.500 3.000 1.500
v -13.500 3.000 2.500
v -13.500 3.000 3.500
v -13.500 3.000 4.500
v -13.500 3.000 5.500
v -13.500 3.000 6.500
v -13.500 3.000 7.500
v -13.500 4.000 -7.500
v -13.500 4.000 -6.500
v -13.500 4.000 -5.500
v -13.500 4.000 -4.500
v -13.500 4.000 -3.500
v -13.500 4.000 -2.500
v -13.500 4.000 -1.500
v -13.500 4.000 -0.500
v -13.500 4.000 0.500
v -13.500 4.000 1.500
v -13.500 4.000 2.500
v -13.500 4.000 3.500
v -13.500 4.000 4.500
v -13.500 4.000 5.500
v -13.500 4.000 6.500
v -13.500 4.000 7.500
v -13.500 5.000 -6.500
v -13.500 5.000 -5.500
v -13.500 5.000 -4.500
v -13.500 5.000 -3.500
v -13.500 5.000 -2.500
v -13.500 5.000 -1.500
v -13.500 5.000 -0.500
v -13.500 5.000 0.500
v -13.500 5.000 1.500
v -13.500 5.000 2.500
v -13.500 5.000 3.500
v -13.500 5.000 4.500
v -13.500 5.000 5.500
v -13.500 5.000 6.500
v -13.500 6.000 -5.500
v -13.500 6.000 -4.500
v -13.500 6.000 -3.500
v -13.500 6.000 -2.500
v -13.500 6.000 -1.500
v -13.500 6.000 -0.500
v -13.500 6.000 0.500
v -13.500 6.000 1.500
v -13.500 6.000 2.500
v -13.500 6.000 3.500
v -13.500 6.000 4.500
v -13.500 6.000 5.500
v -13.500 7.000 -4.500
v -13.500 7.000 -3.500
v -13.500 7.000 -2.500
v -13.500 7.000 -1.500
v -13.500 7.000 -0.500
v -13.500 7.000 0.500
v -13.500 7.000 1.500
v -13.500 7.000 2.500
v -13.500 7.000 3.500
v -13.500 7.000 4.500
v -13.500 8.000 -2.500
v -13.500 8.000 -1.500
v -13.500 8.000 -0.500
v -13.500 8.000 0.500
v -13.500 8.000 1.500
v -13.500 8.000 2.500
v -12.500 -2.000 -1.500
v -12.500 -2.000 -0.500
v -12.500 -1.000 -1.500
v -12.500 -2.000 0.500
v -12.500 -2.000 1.500
v -12.500 -1.000 1.500
v -12.500 0.000 -1.500
v -12.500 0.000 1.500
v -12.500 1.000 -1.500
v -12.500 1.000 1.500
v -12.500 2.000 -0.500
v -12.500 2.000 -1.500
v -12.500 2.000 0.500
v -12.500 2.000 1.500
v -11.500 -2.000 -1.500
v -11.500 -2.000 -0.500
v -11.500 -1.000 -1.500
v -11.500 -2.000 0.500
v -11.500 -2.000 1.500
v -11.500 -1.000 1.500
v -11.500 0.000 -1.500
v -11.500 0.000 1.500
v -11.500 1.000 -1.500
v -11.500 1.000 1.500
v -11.500 2.000 -0.500
v -11.500 2.000 -1.500
v -11.500 2.000 0.500
v -11.500 2.000 1.500
v -10.500 -2.000 -1.500
v -10.500 -2.000 -0.500
v -10.500 -1.000 -1.500
v -10.500 -2.000 0.500
v -10.500 -2.000 1.500
v -10.500 -1.000 1.500
v -10.500 0.000 -1.500
v -10.500 0.000 1.500
v -10.500 1.000 -1.500
v -10.500 1.000 1.500
v -10.500 2.000 -0.500
v -10.500 2.000 -1.500
v -10.500 2.000 0.500
v -10.500 2.000 1.500
v -9.500 -2.000 -1.500
v -9.500 -2.000 -0.500
v -9.500 -1.000 -1.500
v -9.500 -2.000 0.500
v -9.500 -2.000 1.500
v -9.500 -1.000 1.500
v -9.500 0.000 -1.500
v -9.500 0.000 1.500
v -9.500 1.000 -1.500
v -9.500 1.000 1.500
v -9.500 2.000 -0.500
v -9.500 2.000 -1.500
v -9.500 2.000 0.500
v -9.500 2.000 1.500
v -8.500 -2.000 -1.500
v -8.500 -2.000 -0.500
v -8.500 -1.000 -1.500
v -8.500 -2.000 0.500
v -8.500 -2.000 1.500
v -8.500 -1.000 1.500
v -8.500 0.000 -1.500
v -8.500 0.000 1.500
v -8.500 1.000 -1.500
v -8.500 1.000 1.500
v -8.500 2.000 -0.500
v -8.500 2.000 -1.500
v -8.500 2.000 0.500
v -8.500 2.000 1.500
v -8.500 -4.000 -0.500
v -8.500 -3.000 -0.500
v -8.500 -3.000 -1.500
v -8.500 -4.000 -1.500
v -7.500 -4.000 -1.500
v -7.500 -4.000 -0.500
v -7.500 -3.000 -1.500
v -8.500 -4.000 0.500
v -8.500 -3.000 0.500
v -7.500 -4.000 0.500
v -8.500 -4.000 1.500
v -8.500 -3.000 1.500
v -7.500 -4.000 1.500
v -7.500 -3.000 1.500
v -8.500 -3.000 -2.500
v -8.500 -2.000 -2.500
v -8.500 -2.000 -3.500
v -8.500 -3.000 -3.500
v -7.500 -3.000 -3.500
v -7.500 -3.000 -2.500
v -7.500 -2.000 -3.500
v -8.500 -3.000 2.500
v -8.500 -2.000 2.500
v -7.500 -3.000 2.500
v -8.500 -3.000 3.500
v -8.500 -2.000 3.500
v -7.500 -3.000 3.500
v -7.500 -2.000 3.500
v -8.500 -1.000 -2.500
v -8.500 -1.000 -3.500
v -7.500 -1.000 -3.500
v -8.500 -1.000 2.500
v -8.500 -1.000 3.500
v -7.500 -1.000 3.500
v -8.500 0.000 -2.500
v -8.500 0.000 -3.500
v -7.500 0.000 -3.500
v -8.500 0.000 2.500
v -8.500 0.000 3.500
v -7.500 0.000 3.500
v -8.500 1.000 -2.500
v -8.500 1.000 -3.500
v -7.500 1.000 -3.500
v -8.500 1.000 2.500
v -8.500 1.000 3.500
v -7.500 1.000 3.500
v -8.500 2.000 -2.500
v -8.500 2.000 -3.500
v -7.500 2.000 -3.500
v -8.500 2.000 2.500
v -8.500 2.000 3.500
v -7.500 2.000 3.500
v -8.500 3.000 -2.500
v -8.500 3.000 -3.500
v -7.500 3.000 -2.500
v -7.500 3.000 -3.500
v -8.500 3.000 -1.500
v -7.500 3.000 -1.500
v -8.500 3.000 -0.500
v -8.500 3.000 0.500
v -8.500 3.000 1.500
v -8.500 3.000 2.500
v -7.500 3.000 2.500
v -7.500 3.000 1.500
v -8.500 3.000 3.500
v -7.500 3.000 3.500
v -8.500 4.000 -0.500
v -8.500 4.000 -1.500
v -7.500 4.000 -0.500
v -7.500 4.000 -1.500
v -8.500 4.000 0.500
v -7.500 4.000 0.500
v -8.500 4.000 1.500
v -7.500 4.000 1.500
v -7.500 -6.000 -1.500
v -7.500 -5.000 -1.500
v -7.500 -5.000 -2.500
v -7.500 -6.000 -2.500
v -6.500 -6.000 -2.500
v -6.500 -6.000 -1.500
v -6.500 -5.000 -2.500
v -7.500 -6.000 -0.500
v -7.500 -5.000 -0.500
v -6.500 -6.000 -0.500
v -7.500 -6.000 0.500
v -7.500 -5.000 0.500
v -6.500 -6.000 0.500
v -7.500 -6.000 1.500
v -7.500 -5.000 1.500
v -6.500 -6.000 1.500
v -7.500 -6.000 2.500
v -7.500 -5.000 2.500
v -6.500 -6.000 2.500
v -6.500 -5.000 2.500
v -7.500 -4.000 -2.500
v -7.500 -4.000 -3.500
v -7.500 -5.000 -3.500
v -6.500 -5.000 -3.500
v -6.500 -4.000 -3.500
v -7.500 -4.000 2.500
v -7.500 -5.000 3.500
v -7.500 -4.000 3.500
v -6.500 -5.000 3.500
v -6.500 -4.000 3.500
v -7.500 -3.000 -4.500
v -7.500 -4.000 -4.500
v -6.500 -4.000 -4.500
v -6.500 -3.000 -4.500
v -7.500 -4.000 4.500
v -7.500 -3.000 4.500
v -6.500 -4.000 4.500
v -6.500 -3.000 4.500
v -7.500 -2.000 -4.500
v -7.500 -2.000 -5.500
v -7.500 -3.000 -5.500
v -6.500 -3.000 -5.500
v -6.500 -2.000 -5.500
v -7.500 -2.000 4.500
v -7.500 -3.000 5.500
v -7.500 -2.000 5.500
v -6.500 -3.000 5.500
v -6.500 -2.000 5.500
v -7.500 -1.000 -4.500
v -7.500 -1.000 -5.500
v -6.500 -1.000 -5.500
v -7.500 -1.000 4.500
v -7.500 -1.000 5.500
v -6.500 -1.000 5.500
v -7.500 0.000 -4.500
v -7.500 0.000 -5.500
v -6.500 0.000 -5.500
v -7.500 0.000 4.500
v -7.500 0.000 5.500
v -6.500 0.000 5.500
v -7.500 1.000 -4.500
v -7.500 1.000 -5.500
v -6.500 1.000 -5.500
v -7.500 1.000 4.500
v -7.500 1.000 5.500
v -6.500 1.000 5.500
v -7.500 2.000 -4.500
v -7.500 2.000 -5.500
v -6.500 2.000 -5.500
v -7.500 2.000 4.500
v -7.500 2.000 5.500
v -6.500 2.000 5.500
v -7.500 3.000 -4.500
v -7.500 3.000 -5.500
v -6.500 3.000 -4.500
v -6.500 3.000 -5.500
v -7.500 3.000 4.500
v -7.500 3.000 5.500
v -6.500 3.000 5.500
v -6.500 3.000 4.500
v -7.500 4.000 -3.500
v -7.500 4.000 -4.500
v -6.500 4.000 -3.500
v -6.500 4.000 -4.500
v -7.500 4.000 -2.500
v -7.500 4.000 2.500
v -7.500 4.000 3.500
v -7.500 4.000 4.500
v -6.500 4.000 4.500
v -6.500 4.000 3.500
v -7.500 5.000 -2.500
v -7.500 5.000 -3.500
v -6.500 5.000 -2.500
v -6.500 5.000 -3.500
v -7.500 5.000 -1.500
v -7.500 5.000 -0.500
v -7.500 5.000 0.500
v -7.500 5.000 1.500
v -7.500 5.000 2.500
v -7.500 5.000 3.500
v -6.500 5.000 3.500
v -6.500 5.000 2.500
v -7.500 6.000 -1.500
v -7.500 6.000 -2.500
v -6.500 6.000 -1.500
v -6.500 6.000 -2.500
v -7.500 6.000 -0.500
v -6.500 6.000 -0.500
v -7.500 6.000 0.500
v -6.500 6.000 0.500
v -7.500 6.000 1.500
v -6.500 6.000 1.500
v -7.500 6.000 2.500
v -6.500 6.000 2.500
v -6.500 -7.000 -1.500
v -6.500 -7.000 -2.500
v -5.500 -7.000 -2.500
v -5.500 -7.000 -1.500
v -5.500 -6.000 -2.500
v -6.500 -7.000 -0.500
v -5.500 -7.000 -0.500
v -6.500 -7.000 0.500
v -5.500 -7.000 0.500
v -6.500 -7.000 1.500
v -5.500 -7.000 1.500
v -6.500 -7.000 2.500
v -5.500 -7.000 2.500
v -5.500 -6.000 2.500
v -6.500 -6.000 -3.500
v -6.500 -5.000 -4.500
v -6.500 -6.000 -4.500
v -5.500 -6.000 -4.500
v -5.500 -6.000 -3.500
v -5.500 -5.000 -4.500
v -6.500 -6.000 3.500
v -5.500 -6.000 3.500
v -6.500 -6.000 4.500
v -6.500 -5.000 4.500
v -5.500 -6.000 4.500
v -5.500 -5.000 4.500
v -6.500 -4.000 -5.500
v -6.500 -5.000 -5.500
v -5.500 -5.000 -5.500
v -5.500 -4.000 -5.500
v -6.500 -5.000 5.500
v -6.500 -4.000 5.500
v -5.500 -5.000 5.500
v -5.500 -4.000 5.500
v -6.500 -3.000 -6.500
v -6.500 -4.000 -6.500
v -5.500 -4.000 -6.500
v -5.500 -3.000 -6.500
v -6.500 -4.000 6.500
v -6.500 -3.000 6.500
v -5.500 -4.000 6.500
v -5.500 -3.000 6.500
v -6.500 -2.000 -6.500
v -5.500 -2.000 -6.500
v -6.500 -2.000 6.500
v -5.500 -2.000 6.500
v -6.500 -1.000 -6.500
v -5.500 -1.000 -6.500
v -6.500 -1.000 6.500
v -5.500 -1.000 6.500
v -6.500 0.000 -6.500
v -5.500 0.000 -6.500
v -6.500 0.000 6.500
v -5.500 0.000 6.500
v -6.500 1.000 -6.500
v -5.500 1.000 -6.500
v -6.500 1.000 6.500
v -5.500 1.000 6.500
v -6.500 2.000 -6.500
v -5.500 2.000 -6.500
v -6.500 2.000 6.500
v -5.500 2.000 6.500
v -6.500 3.000 -6.500
v -5.500 3.000 -6.500
v -6.500 3.000 6.500
v -5.500 3.000 6.500
v -6.500 4.000 -5.500
v -6.500 4.000 -6.500
v -5.500 4.000 -5.500
v -5.500 4.000 -6.500
v -6.500 4.000 5.500
v -6.500 4.000 6.500
v -5.500 4.000 6.500
v -5.500 4.000 5.500
v -6.500 5.000 -4.500
v -6.500 5.000 -5.500
v -5.500 5.000 -4.500
v -5.500 5.000 -5.500
v -6.500 5.000 4.500
v -6.500 5.000 5.500
v -5.500 5.000 5.500
v -5.500 5.000 4.500
v -6.500 6.000 -3.500
v -6.500 6.000 -4.500
v -5.500 6.000 -3.500
v -5.500 6.000 -4.500
v -5.500 6.000 -2.500
v -6.500 6.000 3.500
v -5.500 6.000 3.500
v -5.500 6.000 2.500
v -6.500 6.000 4.500
v -5.500 6.000 4.500
v -6.500 7.000 -1.500
v -6.500 7.000 -2.500
v -5.500 7.000 -1.500
v -5.500 7.000 -2.500
v -6.500 7.000 -0.500
v -5.500 7.000 -0.500
v -6.500 7.000 0.500
v -5.500 7.000 0.500
v -6.500 7.000 1.500
v -5.500 7.000 1.500
v -6.500 7.000 2.500
v -5.500 7.000 2.500
v -5.500 -8.000 -1.500
v -5.500 -8.000 -2.500
v -4.500 -8.000 -2.500
v -4.500 -8.000 -1.500
v -4.500 -7.000 -2.500
v -5.500 -8.000 -0.500
v -4.500 -8.000 -0.500
v -5.500 -8.000 0.500
v -4.500 -8.000 0.500
v -5.500 -8.000 1.500
v -4.500 -8.000 1.500
v -5.500 -8.000 2.500
v -4.500 -8.000 2.500
v -4.500 -7.000 2.500
v -5.500 -7.000 -3.500
v -5.500 -7.000 -4.500
v -4.500 -7.000 -4.500
v -4.500 -7.000 -3.500
v -4.500 -6.000 -4.500
v -5.500 -7.000 3.500
v -4.500 -7.000 3.500
v -5.500 -7.000 4.500
v -4.500 -7.000 4.500
v -4.500 -6.000 4.500
v -5.500 -6.000 -5.500
v -4.500 -6.000 -5.500
v -4.500 -5.000 -5.500
v -5.500 -6.000 5.500
v -4.500 -6.000 5.500
v -4.500 -5.000 5.500
v -5.500 -5.000 -6.500
v -4.500 -5.000 -6.500
v -4.500 -4.000 -6.500
v -5.500 -5.000 6.500
v -4.500 -5.000 6.500
v -4.500 -4.000 6.500
v -5.500 -3.000 -7.500
v -5.500 -4.000 -7.500
v -4.500 -4.000 -7.500
v -4.500 -3.000 -7.500
v -5.500 -4.000 7.500
v -5.500 -3.000 7.500
v -4.500 -4.000 7.500
v -4.500 -3.000 7.500
v -5.500 -2.000 -7.500
v -4.500 -2.000 -7.500
v -5.500 -2.000 7.500
v -4.500 -2.000 7.500
v -5.500 -1.000 -7.500
v -4.500 -1.000 -7.500
v -5.500 -1.000 7.500
v -4.500 -1.000 7.500
v -5.500 0.000 -7.500
v -4.500 0.000 -7.500
v -5.500 0.000 7.500
v -4.500 0.000 7.500
v -5.500 1.000 -7.500
v -4.500 1.000 -7.500
v -5.500 1.000 7.500
v -4.500 1.000 7.500
v -5.500 2.000 -7.500
v -4.500 2.000 -7.500
v -5.500 2.000 7.500
v -4.500 2.000 7.500
v -5.500 3.000 -7.500
v -4.500 3.000 -7.500
v -5.500 3.000 7.500
v -4.500 3.000 7.500
v -5.500 4.000 -7.500
v -4.500 4.000 -6.500
v -4.500 4.000 -7.500
v -5.500 4.000 7.500
v -4.500 4.000 7.500
v -4.500 4.000 6.500
v -5.500 5.000 -6.500
v -4.500 5.000 -5.500
v -4.500 5.000 -6.500
v -5.500 5.000 6.500
v -4.500 5.000 6.500
v -4.500 5.000 5.500
v -5.500 6.000 -5.500
v -4.500 6.000 -4.500
v -4.500 6.000 -5.500
v -5.500 6.000 5.500
v -4.500 6.000 5.500
v -4.500 6.000 4.500
v -5.500 7.000 -3.500
v -5.500 7.000 -4.500
v -4.500 7.000 -3.500
v -4.500 7.000 -4.500
v -4.500 7.000 -2.500
v -5.500 7.000 3.500
v -4.500 7.000 3.500
v -4.500 7.000 2.500
v -5.500 7.000 4.500
v -4.500 7.000 4.500
v -5.500 8.000 -1.500
v -5.500 8.000 -2.500
v -4.500 8.000 -1.500
v -4.500 8.000 -2.500
v -5.500 8.000 -0.500
v -4.500 8.000 -0.500
v -5.500 8.000 0.500
v -4.500 8.000 0.500
v -5.500 8.000 1.500
v -4.500 8.000 1.500
v -5.500 8.000 2.500
v -4.500 8.000 2.500
v -3.500 -8.000 -2.500
v -3.500 -8.000 -1.500
v -3.500 -7.000 -2.500
v -3.500 -8.000 -0.500
v -3.500 -8.000 0.500
v -3.500 -8.000 1.500
v -3.500 -8.000 2.500
v -3.500 -7.000 2.500
v -3.500 -7.000 -4.500
v -3.500 -7.000 -3.500
v -3.500 -6.000 -4.500
v -3.500 -7.000 3.500
v -3.500 -7.000 4.500
v -3.500 -6.000 4.500
v -3.500 -6.000 -5.500
v -3.500 -5.000 -5.500
v -3.500 -6.000 5.500
v -3.500 -5.000 5.500
v -3.500 -5.000 -6.500
v -3.500 -4.000 -6.500
v -3.500 -5.000 6.500
v -3.500 -4.000 6.500
v -3.500 -4.000 -7.500
v -3.500 -3.000 -7.500
v -3.500 -4.000 7.500
v -3.500 -3.000 7.500
v -3.500 -2.000 -7.500
v -3.500 -2.000 7.500
v -3.500 -1.000 -7.500
v -3.500 -1.000 7.500
v -3.500 0.000 -7.500
v -3.500 0.000 7.500
v -3.500 1.000 -7.500
v -3.500 1.000 7.500
v -3.500 2.000 -7.500
v -3.500 2.000 7.500
v -3.500 3.000 -7.500
v -3.500 3.000 7.500
v -3.500 4.000 -6.500
v -3.500 4.000 -7.500
v -3.500 4.000 7.500
v -3.500 4.000 6.500
v -3.500 5.000 -5.500
v -3.500 5.000 -6.500
v -3.500 5.000 6.500
v -3.500 5.000 5.500
v -3.500 6.000 -4.500
v -3.500 6.000 -5.500
v -3.500 6.000 5.500
v -3.500 6.000 4.500
v -3.500 7.000 -3.500
v -3.500 7.000 -4.500
v -3.500 7.000 -2.500
v -3.500 7.000 3.500
v -3.500 7.000 2.500
v -3.500 7.000 4.500
v -3.500 8.000 -1.500
v -3.500 8.000 -2.500
v -3.500 8.000 -0.500
v -3.500 8.000 0.500
v -3.500 8.000 1.500
v -3.500 8.000 2.500
v -2.500 -8.000 -2.500
v -2.500 -8.000 -1.500
v -2.500 -7.000 -2.500
v -2.500 -8.000 -0.500
v -2.500 -8.000 0.500
v -2.500 -8.000 1.500
v -2.500 -8.000 2.500
v -2.500 -7.000 2.500
v -2.500 -7.000 -4.500
v -2.500 -7.000 -3.500
v -2.500 -6.000 -4.500
v -2.500 -7.000 3.500
v -2.500 -7.000 4.500
v -2.500 -6.000 4.500
v -2.500 -6.000 -5.500
v -2.500 -5.000 -5.500
v -2.500 -6.000 5.500
v -2.500 -5.000 5.500
v -2.500 -5.000 -6.500
v -2.500 -4.000 -6.500
v -2.500 -5.000 6.500
v -2.500 -4.000 6.500
v -2.500 -4.000 -7.500
v -2.500 -3.000 -7.500
v -2.500 -4.000 7.500
v -2.500 -3.000 7.500
v -2.500 -2.000 -7.500
v -2.500 -2.000 7.500
v -2.500 -1.000 -7.500
v -2.500 -1.000 7.500
v -2.500 0.000 -7.500
v -2.500 0.000 7.500
v -2.500 1.000 -7.500
v -2.500 1.000 7.500
v -2.500 2.000 -7.500
v -2.500 2.000 7.500
v -2.500 3.000 -7.500
v -2.500 3.000 7.500
v -2.500 4.000 -6.500
v -2.500 4.000 -7.500
v -2.500 4.000 7.500
v -2.500 4.000 6.500
v -2.500 5.000 -5.500
v -2.500 5.000 -6.500
v -2.500 5.000 6.500
v -2.500 5.000 5.500
v -2.500 6.000 -4.500
v -2.500 6.000 -5.500
v -2.500 6.000 5.500
v -2.500 6.000 4.500
v -2.500 7.000 -3.500
v -2.500 7.000 -4.500
v -2.500 7.000 -2.500
v -2.500 7.000 3.500
v -2.500 7.000 2.500
v -2.500 7.000 4.500
v -2.500 8.000 -1.500
v -2.500 8.000 -2.500
v -2.500 8.000 -0.500
v -2.500 8.000 0.500
v -2.500 8.000 1.500
v -2.500 8.000 2.500
v -2.500 -9.000 -1.500
v -2.500 -9.000 -2.500
v -1.500 -9.000 -2.500
v -1.500 -9.000 -1.500
v -1.500 -8.000 -2.500
v -2.500 -9.000 -0.500
v -1.500 -9.000 -0.500
v -2.500 -9.000 0.500
v -1.500 -9.000 0.500
v -2.500 -9.000 1.500
v -1.500 -9.000 1.500
v -2.500 -9.000 2.500
v -1.500 -9.000 2.500
v -1.500 -8.000 2.500
v -2.500 -8.000 -3.500
v -2.500 -8.000 -4.500
v -1.500 -8.000 -4.500
v -1.500 -8.000 -3.500
v -1.500 -7.000 -4.500
v -2.500 -8.000 3.500
v -1.500 -8.000 3.500
v -2.500 -8.000 4.500
v -1.500 -8.000 4.500
v -1.500 -7.000 4.500
v -2.500 -7.000 -5.500
v -2.500 -6.000 -6.500
v -2.500 -7.000 -6.500
v -1.500 -7.000 -6.500
v -1.500 -7.000 -5.500
v -1.500 -6.000 -6.500
v -2.500 -7.000 5.500
v -1.500 -7.000 5.500
v -2.500 -7.000 6.500
v -2.500 -6.000 6.500
v -1.500 -7.000 6.500
v -1.500 -6.000 6.500
v -2.500 -5.000 -7.500
v -2.500 -6.000 -7.500
v -1.500 -6.000 -7.500
v -1.500 -5.000 -7.500
v -2.500 -6.000 7.500
v -2.500 -5.000 7.500
v -1.500 -6.000 7.500
v -1.500 -5.000 7.500
v -1.500 -4.000 -7.500
v -1.500 -4.000 7.500
v -2.500 -3.000 -8.500
v -2.500 -4.000 -8.500
v -1.500 -4.000 -8.500
v -1.500 -3.000 -8.500
v -2.500 -4.000 8.500
v -2.500 -3.000 8.500
v -1.500 -4.000 8.500
v -1.500 -3.000 8.500
v -2.500 -2.000 -8.500
v -1.500 -2.000 -8.500
v -2.500 -2.000 8.500
v -1.500 -2.000 8.500
v -2.500 -1.000 -8.500
v -1.500 -1.000 -8.500
v -2.500 -1.000 8.500
v -1.500 -1.000 8.500
v -2.500 0.000 -8.500
v -1.500 0.000 -8.500
v -2.500 0.000 8.500
v -1.500 0.000 8.500
v -2.500 1.000 -8.500
v -1.500 1.000 -8.500
v -2.500 1.000 8.500
v -1.500 1.000 8.500
v -2.500 2.000 -8.500
v -1.500 2.000 -8.500
v -2.500 2.000 8.500
v -1.500 2.000 8.500
v -2.500 3.000 -8.500
v -1.500 3.000 -8.500
v -2.500 3.000 8.500
v -1.500 3.000 8.500
v -2.500 4.000 -8.500
v -1.500 4.000 -7.500
v -1.500 4.000 -8.500
v -2.500 4.000 8.500
v -1.500 4.000 8.500
v -1.500 4.000 7.500
v -2.500 5.000 -7.500
v -1.500 5.000 -7.500
v -2.500 5.000 7.500
v -1.500 5.000 7.500
v -2.500 6.000 -6.500
v -2.500 6.000 -7.500
v -1.500 6.000 -6.500
v -1.500 6.000 -7.500
v -2.500 6.000 6.500
v -2.500 6.000 7.500
v -1.500 6.000 7.500
v -1.500 6.000 6.500
v -2.500 7.000 -5.500
v -2.500 7.000 -6.500
v -1.500 7.000 -5.500
v -1.500 7.000 -6.500
v -1.500 7.000 -4.500
v -2.500 7.000 5.500
v -1.500 7.000 5.500
v -1.500 7.000 4.500
v -2.500 7.000 6.500
v -1.500 7.000 6.500
v -2.500 8.000 -3.500
v -2.500 8.000 -4.500
v -1.500 8.000 -3.500
v -1.500 8.000 -4.500
v -1.500 8.000 -2.500
v -2.500 8.000 3.500
v -1.500 8.000 3.500
v -1.500 8.000 2.500
v -2.500 8.000 4.500
v -1.500 8.000 4.500
v -2.500 9.000 -1.500
v -2.500 9.000 -2.500
v -1.500 9.000 -1.500
v -1.500 9.000 -2.500
v -2.500 9.000 -0.500
v -1.500 9.000 -0.500
v -2.500 9.000 0.500
v -1.500 9.000 0.500
v -2.500 9.000 1.500
v -1.500 9.000 1.500
v -2.500 9.000 2.500
v -1.500 9.000 2.500
v -0.500 -9.000 -2.500
v -0.500 -9.000 -1.500
v -0.500 -8.000 -2.500
v -0.500 -9.000 -0.500
v -0.500 -9.000 0.500
v -0.500 -9.000 1.500
v -0.500 -9.000 2.500
v -0.500 -8.000 2.500
v -0.500 -8.000 -4.500
v -0.500 -8.000 -3.500
v -0.500 -7.000 -4.500
v -0.500 -8.000 3.500
v -0.500 -8.000 4.500
v -0.500 -7.000 4.500
v -0.500 -7.000 -6.500
v -0.500 -7.000 -5.500
v -0.500 -6.000 -6.500
v -0.500 -7.000 5.500
v -0.500 -7.000 6.500
v -0.500 -6.000 6.500
v -0.500 -6.000 -7.500
v -0.500 -5.000 -7.500
v -0.500 -6.000 7.500
v -0.500 -5.000 7.500
v -0.500 -4.000 -7.500
v -0.500 -4.000 7.500
v -0.500 -4.000 -8.500
v -0.500 -3.000 -8.500
v -0.500 -4.000 8.500
v -0.500 -3.000 8.500
v -0.500 -2.000 -8.500
v -0.500 -2.000 8.500
v -0.500 -1.000 -8.500
v -0.500 -1.000 8.500
v -0.500 0.000 -8.500
v -0.500 0.000 8.500
v -0.500 1.000 -8.500
v -0.500 1.000 8.500
v -0.500 2.000 -8.500
v -0.500 2.000 8.500
v -0.500 3.000 -8.500
v -0.500 3.000 8.500
v -0.500 4.000 -7.500
v -0.500 4.000 -8.500
v -0.500 4.000 8.500
v -0.500 4.000 7.500
v -0.500 5.000 -7.500
v -0.500 5.000 7.500
v -0.500 6.000 -6.500
v -0.500 6.000 -7.500
v -0.500 6.000 7.500
v -0.500 6.000 6.500
v -0.500 7.000 -5.500
v -0.500 7.000 -6.500
v -0.500 7.000 -4.500
v -0.500 7.000 5.500
v -0.500 7.000 4.500
v -0.500 7.000 6.500
v -0.500 8.000 -3.500
v -0.500 8.000 -4.500
v -0.500 8.000 -2.500
v -0.500 8.000 3.500
v -0.500 8.000 2.500
v -0.500 8.000 4.500
v -0.500 9.000 -1.500
v -0.500 9.000 -2.500
v -0.500 9.000 -0.500
v -0.500 9.000 0.500
v -0.500 9.000 1.500
v -0.500 9.000 2.500
v 0.500 -9.000 -2.500
v 0.500 -9.000 -1.500
v 0.500 -8.000 -2.500
v 0.500 -9.000 -0.500
v 0.500 -9.000 0.500
v 0.500 -9.000 1.500
v 0.500 -9.000 2.500
v 0.500 -8.000 2.500
v 0.500 -8.000 -4.500
v 0.500 -8.000 -3.500
v 0.500 -7.000 -4.500
v 0.500 -8.000 3.500
v 0.500 -8.000 4.500
v 0.500 -7.000 4.500
v 0.500 -7.000 -6.500
v 0.500 -7.000 -5.500
v 0.500 -6.000 -6.500
v 0.500 -7.000 5.500
v 0.500 -7.000 6.500
v 0.500 -6.000 6.500
v 0.500 -6.000 -7.500
v 0.500 -5.000 -7.500
v 0.500 -6.000 7.500
v 0.500 -5.000 7.500
v 0.500 -4.000 -7.500
v 0.500 -4.000 7.500
v 0.500 -4.000 -8.500
v 0.500 -3.000 -8.500
v 0.500 -4.000 8.500
v 0.500 -3.000 8.500
v 0.500 -2.000 -8.500
v 0.500 -2.000 8.500
v 0.500 -1.000 -8.500
v 0.500 -1.000 8.500
v 0.500 0.000 -8.500
v 0.500 0.000 8.500
v 0.500 1.000 -8.500
v 0.500 1.000 8.500
v 0.500 2.000 -8.500
v 0.500 2.000 8.500
v 0.500 3.000 -8.500
v 0.500 3.000 8.500
v 0.500 4.000 -7.500
v 0.500 4.000 -8.500
v 0.500 4.000 8.500
v 0.500 4.000 7.500
v 0.500 5.000 -7.500
v 0.500 5.000 7.500
v 0.500 6.000 -6.500
v 0.500 6.000 -7.500
v 0.500 6.000 7.500
v 0.500 6.000 6.500
v 0.500 7.000 -5.500
v 0.500 7.000 -6.500
v 0.500 7.000 -4.500
v 0.500 7.000 5.500
v 0.500 7.000 4.500
v 0.500 7.000 6.500
v 0.500 8.000 -3.500
v 0.500 8.000 -4.500
v 0.500 8.000 -2.500
v 0.500 8.000 3.500
v 0.500 8.000 2.500
v 0.500 8.000 4.500
v 0.500 9.000 -1.500
v 0.500 9.000 -2.500
v 0.500 9.000 -0.500
v 0.500 9.000 0.500
v 0.500 9.000 1.500
v 0.500 9.000 2.500
v 1.500 -9.000 -2.500
v 1.500 -9.000 -1.500
v 1.500 -8.000 -2.500
v 1.500 -9.000 -0.500
v 1.500 -9.000 0.500
v 1.500 -9.000 1.500
v 1.500 -9.000 2.500
v 1.500 -8.000 2.500
v 1.500 -8.000 -4.500
v 1.500 -8.000 -3.500
v 1.500 -7.000 -4.500
v 1.500 -8.000 3.500
v 1.500 -8.000 4.500
v 1.500 -7.000 4.500
v 1.500 -7.000 -6.500
v 1.500 -7.000 -5.500
v 1.500 -6.000 -6.500
v 1.500 -7.000 5.500
v 1.500 -7.000 6.500
v 1.500 -6.000 6.500
v 1.500 -6.000 -7.500
v 1.500 -5.000 -7.500
v 1.500 -6.000 7.500
v 1.500 -5.000 7.500
v 1.500 -4.000 -7.500
v 1.500 -4.000 7.500
v 1.500 -4.000 -8.500
v 1.500 -3.000 -8.500
v 1.500 -4.000 8.500
v 1.500 -3.000 8.500
v 1.500 -2.000 -8.500
v 1.500 -2.000 8.500
v 1.500 -1.000 -8.500
v 1.500 -1.000 8.500
v 1.500 0.000 -8.500
v 1.500 0.000 8.500
v 1.500 1.000 -8.500
v 1.500 1.000 8.500
v 1.500 2.000 -8.500
v 1.500 2.000 8.500
v 1.500 3.000 -8.500
v 1.500 3.000 8.500
v 1.500 4.000 -7.500
v 1.500 4.000 -8.500
v 1.500 4.000 8.500
v 1.500 4.000 7.500
v 1.500 5.000 -7.500
v 1.500 5.000 7.500
v 1.500 6.000 -6.500
v 1.500 6.000 -7.500
v 1.500 6.000 7.500
v 1.500 6.000 6.500
v 1.500 7.000 -5.500
v 1.500 7.000 -6.500
v 1.500 7.000 -4.500
v 1.500 7.000 5.500
v 1.500 7.000 4.500
v 1.500 7.000 6.500
v 1.500 8.000 -3.500
v 1.500 8.000 -4.500
v 1.500 8.000 -2.500
v 1.500 8.000 3.500
v 1.500 8.000 2.500
v 1.500 8.000 4.500
v 1.500 9.000 -1.500
v 1.500 9.000 -2.500
v 1.500 9.000 -0.500
v 1.500 9.000 0.500
v 1.500 9.000 1.500
v 1.500 9.000 2.500
v 2.500 -9.000 -2.500
v 2.500 -9.000 -1.500
v 2.500 -8.000 -2.500
v 2.500 -9.000 -0.500
v 2.500 -9.000 0.500
v 2.500 -9.000 1.500
v 2.500 -9.000 2.500
v 2.500 -8.000 2.500
v 2.500 -8.000 -4.500
v 2.500 -8.000 -3.500
v 2.500 -7.000 -4.500
v 2.500 -8.000 3.500
v 2.500 -8.000 4.500
v 2.500 -7.000 4.500
v 2.500 -7.000 -6.500
v 2.500 -7.000 -5.500
v 2.500 -6.000 -6.500
v 2.500 -7.000 5.500
v 2.500 -7.000 6.500
v 2.500 -6.000 6.500
v 2.500 -6.000 -7.500
v 2.500 -5.000 -7.500
v 2.500 -6.000 7.500
v 2.500 -5.000 7.500
v 2.500 -4.000 -7.500
v 2.500 -4.000 7.500
v 2.500 -4.000 -8.500
v 2.500 -3.000 -8.500
v 2.500 -4.000 8.500
v 2.500 -3.000 8.500
v 2.500 -2.000 -8.500
v 2.500 -2.000 8.500
v 2.500 -1.000 -8.500
v 2.500 -1.000 8.500
v 2.500 0.000 -8.500
v 2.500 0.000 8.500
v 2.500 1.000 -8.500
v 2.500 1.000 8.500
v 2.500 2.000 -8.500
v 2.500 2.000 8.500
v 2.500 3.000 -8.500
v 2.500 3.000 8.500
v 2.500 4.000 -7.500
v 2.500 4.000 -8.500
v 2.500 4.000 8.500
v 2.500 4.000 7.500
v 2.500 5.000 -7.500
v 2.500 5.000 7.500
v 2.500 6.000 -6.500
v 2.500 6.000 -7.500
v 2.500 6.000 7.500
v 2.500 6.000 6.500
v 2.500 7.000 -5.500
v 2.500 7.000 -6.500
v 2.500 7.000 -4.500
v 2.500 7.000 5.500
v 2.500 7.000 4.500
v 2.500 7.000 6.500
v 2.500 8.000 -3.500
v 2.500 8.000 -4.500
v 2.500 8.000 -2.500
v 2.500 8.000 3.500
v 2.500 8.000 2.500
v 2.500 8.000 4.500
v 2.500 9.000 -1.500
v 2.500 9.000 -2.500
v 2.500 9.000 -0.500
v 2.500 9.000 0.500
v 2.500 9.000 1.500
v 2.500 9.000 2.500
v 3.500 -9.000 -2.500
v 3.500 -9.000 -1.500
v 3.500 -8.000 -2.500
v 3.500 -9.000 -0.500
v 3.500 -9.000 0.500
v 3.500 -9.000 1.500
v 3.500 -9.000 2.500
v 3.500 -8.000 2.500
v 3.500 -8.000 -4.500
v 3.500 -8.000 -3.500
v 3.500 -7.000 -4.500
v 3.500 -8.000 3.500
v 3.500 -8.000 4.500
v 3.500 -7.000 4.500
v 3.500 -7.000 -6.500
v 3.500 -7.000 -5.500
v 3.500 -6.000 -6.500
v 3.500 -7.000 5.500
v 3.500 -7.000 6.500
v 3.500 -6.000 6.500
v 3.500 -6.000 -7.500
v 3.500 -5.000 -7.500
v 3.500 -6.000 7.500
v 3.500 -5.000 7.500
v 3.500 -4.000 -7.500
v 3.500 -4.000 7.500
v 3.500 -4.000 -8.500
v 3.500 -3.000 -8.500
v 3.500 -4.000 8.500
v 3.500 -3.000 8.500
v 3.500 -2.000 -8.500
v 3.500 -2.000 8.500
v 3.500 -1.000 -8.500
v 3.500 -1.000 8.500
v 3.500 0.000 -8.500
v 3.500 0.000 8.500
v 3.500 1.000 -8.500
v 3.500 1.000 8.500
v 3.500 2.000 -8.500
v 3.500 2.000 8.500
v 3.500 3.000 -8.500
v 3.500 3.000 8.500
v 3.500 4.000 -7.500
v 3.500 4.000 -8.500
v 3.500 4.000 8.500
v 3.500 4.000 7.500
v 3.500 5.000 -7.500
v 3.500 5.000 7.500
v 3.500 6.000 -6.500
v 3.500 6.000 -7.500
v 3.500 6.000 7.500
v 3.500 6.000 6.500
v 3.500 7.000 -5.500
v 3.500 7.000 -6.500
v 3.500 7.000 -4.500
v 3.500 7.000 5.500
v 3.500 7.000 4.500
v 3.500 7.000 6.500
v 3.500 8.000 -3.500
v 3.500 8.000 -4.500
v 3.500 8.000 -2.500
v 3.500 8.000 3.500
v 3.500 8.000 2.500
v 3.500 8.000 4.500
v 3.500 9.000 -1.500
v 3.500 9.000 -2.500
v 3.500 9.000 -0.500
v 3.500 9.000 0.500
v 3.500 9.000 1.500
v 3.500 9.000 2.500
v 4.500 -9.000 -2.500
v 4.500 -9.000 -1.500
v 4.500 -8.000 -2.500
v 4.500 -9.000 -0.500
v 4.500 -9.000 0.500
v 4.500 -9.000 1.500
v 4.500 -9.000 2.500
v 4.500 -8.000 2.500
v 4.500 -8.000 -4.500
v 4.500 -8.000 -3.500
v 4.500 -7.000 -4.500
v 4.500 -8.000 3.500
v 4.500 -8.000 4.500
v 4.500 -7.000 4.500
v 4.500 -7.000 -6.500
v 4.500 -7.000 -5.500
v 4.500 -6.000 -6.500
v 4.500 -7.000 5.500
v 4.500 -7.000 6.500
v 4.500 -6.000 6.500
v 4.500 -6.000 -7.500
v 4.500 -5.000 -7.500
v 4.500 -6.000 7.500
v 4.500 -5.000 7.500
v 4.500 -4.000 -7.500
v 4.500 -4.000 7.500
v 4.500 -4.000 -8.500
v 4.500 -3.000 -8.500
v 4.500 -4.000 8.500
v 4.500 -3.000 8.500
v 4.500 -2.000 -8.500
v 4.500 -2.000 8.500
v 4.500 -1.000 -8.500
v 4.500 -1.000 8.500
v 4.500 0.000 -8.500
v 4.500 0.000 8.500
v 4.500 1.000 -8.500
v 4.500 1.000 8.500
v 4.500 2.000 -8.500
v 4.500 2.000 8.500
v 4.500 3.000 -8.500
v 4.500 3.000 8.500
v 4.500 4.000 -7.500
v 4.500 4.000 -8.500
v 4.500 4.000 8.500
v 4.500 4.000 7.500
v 4.500 5.000 -7.500
v 4.500 5.000 7.500
v 4.500 6.000 -6.500
v 4.500 6.000 -7.500
v 4.500 6.000 7.500
v 4.500 6.000 6.500
v 4.500 7.000 -5.500
v 4.500 7.000 -6.500
v 4.500 7.000 -4.500
v 4.500 7.000 5.500
v 4.500 7.000 4.500
v 4.500 7.000 6.500
v 4.500 8.000 -3.500
v 4.500 8.000 -4.500
v 4.500 8.000 -2.500
v 4.500 8.000 3.500
v 4.500 8.000 2.500
v 4.500 8.000 4.500
v 4.500 9.000 -1.500
v 4.500 9.000 -2.500
v 4.500 9.000 -0.500
v 4.500 9.000 0.500
v 4.500 9.000 1.500
v 4.500 9.000 2.500
v 5.500 -9.000 -2.500
v 5.500 -8.000 -2.500
v 5.500 -8.000 -1.500
v 5.500 -9.000 -1.500
v 5.500 -8.000 -0.500
v 5.500 -9.000 -0.500
v 5.500 -8.000 0.500
v 5.500 -9.000 0.500
v 5.500 -8.000 1.500
v 5.500 -9.000 1.500
v 5.500 -8.000 2.500
v 5.500 -9.000 2.500
v 5.500 -8.000 -4.500
v 5.500 -7.000 -4.500
v 5.500 -7.000 -3.500
v 5.500 -8.000 -3.500
v 5.500 -7.000 -2.500
v 5.500 -7.000 2.500
v 5.500 -7.000 3.500
v 5.500 -8.000 3.500
v 5.500 -7.000 4.500
v 5.500 -8.000 4.500
v 5.500 -7.000 -6.500
v 5.500 -6.000 -6.500
v 5.500 -6.000 -5.500
v 5.500 -7.000 -5.500
v 5.500 -6.000 -4.500
v 5.500 -6.000 4.500
v 5.500 -6.000 5.500
v 5.500 -7.000 5.500
v 5.500 -6.000 6.500
v 5.500 -7.000 6.500
v 5.500 -6.000 -7.500
v 5.500 -5.000 -7.500
v 5.500 -5.000 -6.500
v 5.500 -5.000 -5.500
v 5.500 -5.000 5.500
v 5.500 -5.000 6.500
v 5.500 -5.000 7.500
v 5.500 -6.000 7.500
v 5.500 -4.000 -7.500
v 5.500 -4.000 -6.500
v 5.500 -4.000 6.500
v 5.500 -4.000 7.500
v 5.500 -4.000 -8.500
v 5.500 -3.000 -8.500
v 5.500 -3.000 -7.500
v 5.500 -3.000 7.500
v 5.500 -3.000 8.500
v 5.500 -4.000 8.500
v 5.500 -2.000 -8.500
v 5.500 -2.000 -7.500
v 5.500 -2.000 7.500
v 5.500 -2.000 8.500
v 5.500 -1.000 -8.500
v 5.500 -1.000 -7.500
v 5.500 -1.000 7.500
v 5.500 -1.000 8.500
v 5.500 0.000 -8.500
v 5.500 0.000 -7.500
v 5.500 0.000 7.500
v 5.500 0.000 8.500
v 5.500 1.000 -8.500
v 5.500 1.000 -7.500
v 5.500 1.000 7.500
v 5.500 1.000 8.500
v 5.500 2.000 -8.500
v 5.500 2.000 -7.500
v 5.500 2.000 7.500
v 5.500 2.000 8.500
v 5.500 3.000 -8.500
v 5.500 3.000 -7.500
v 5.500 3.000 7.500
v 5.500 3.000 8.500
v 5.500 4.000 -8.500
v 5.500 4.000 -7.500
v 5.500 4.000 7.500
v 5.500 4.000 8.500
v 5.500 5.000 -7.500
v 5.500 5.000 -6.500
v 5.500 4.000 -6.500
v 5.500 4.000 6.500
v 5.500 5.000 6.500
v 5.500 5.000 7.500
v 5.500 6.000 -7.500
v 5.500 6.000 -6.500
v 5.500 6.000 -5.500
v 5.500 5.000 -5.500
v 5.500 5.000 5.500
v 5.500 6.000 5.500
v 5.500 6.000 6.500
v 5.500 6.000 7.500
v 5.500 7.000 -6.500
v 5.500 7.000 -5.500
v 5.500 7.000 -4.500
v 5.500 6.000 -4.500
v 5.500 6.000 4.500
v 5.500 7.000 4.500
v 5.500 7.000 5.500
v 5.500 7.000 6.500
v 5.500 8.000 -4.500
v 5.500 8.000 -3.500
v 5.500 7.000 -3.500
v 5.500 8.000 -2.500
v 5.500 7.000 -2.500
v 5.500 7.000 2.500
v 5.500 8.000 2.500
v 5.500 8.000 3.500
v 5.500 7.000 3.500
v 5.500 8.000 4.500
v 5.500 9.000 -2.500
v 5.500 9.000 -1.500
v 5.500 8.000 -1.500
v 5.500 9.000 -0.500
v 5.500 8.000 -0.500
v 5.500 9.000 0.500
v 5.500 8.000 0.500
v 5.500 9.000 1.500
v 5.500 8.000 1.500
v 5.500 9.000 2.500
v 6.500 -8.000 -2.500
v 6.500 -8.000 -1.500
v 6.500 -7.000 -2.500
v 6.500 -8.000 -0.500
v 6.500 -8.000 0.500
v 6.500 -8.000 1.500
v 6.500 -8.000 2.500
v 6.500 -7.000 2.500
v 6.500 -7.000 -4.500
v 6.500 -7.000 -3.500
v 6.500 -6.000 -4.500
v 6.500 -7.000 3.500
v 6.500 -7.000 4.500
v 6.500 -6.000 4.500
v 6.500 -6.000 -5.500
v 6.500 -5.000 -5.500
v 6.500 -6.000 5.500
v 6.500 -5.000 5.500
v 6.500 -5.000 -6.500
v 6.500 -4.000 -6.500
v 6.500 -5.000 6.500
v 6.500 -4.000 6.500
v 6.500 -4.000 -7.500
v 6.500 -3.000 -7.500
v 6.500 -4.000 7.500
v 6.500 -3.000 7.500
v 6.500 -2.000 -7.500
v 6.500 -2.000 7.500
v 6.500 -1.000 -7.500
v 6.500 -1.000 7.500
v 6.500 0.000 -7.500
v 6.500 0.000 7.500
v 6.500 1.000 -7.500
v 6.500 1.000 7.500
v 6.500 2.000 -7.500
v 6.500 2.000 7.500
v 6.500 3.000 -7.500
v 6.500 3.000 7.500
v 6.500 4.000 -6.500
v 6.500 4.000 -7.500
v 6.500 4.000 7.500
v 6.500 4.000 6.500
v 6.500 5.000 -5.500
v 6.500 5.000 -6.500
v 6.500 5.000 6.500
v 6.500 5.000 5.500
v 6.500 6.000 -4.500
v 6.500 6.000 -5.500
v 6.500 6.000 5.500
v 6.500 6.000 4.500
v 6.500 7.000 -3.500
v 6.500 7.000 -4.500
v 6.500 7.000 -2.500
v 6.500 7.000 3.500
v 6.500 7.000 2.500
v 6.500 7.000 4.500
v 6.500 8.000 -1.500
v 6.500 8.000 -2.500
v 6.500 8.000 -0.500
v 6.500 8.000 0.500
v 6.500 8.000 1.500
v 6.500 8.000 2.500
v 7.500 -8.000 -2.500
v 7.500 -8.000 -1.500
v 7.500 -7.000 -2.500
v 7.500 -8.000 -0.500
v 7.500 -8.000 0.500
v 7.500 -8.000 1.500
v 7.500 -8.000 2.500
v 7.500 -7.000 2.500
v 7.500 -7.000 -4.500
v 7.500 -7.000 -3.500
v 7.500 -6.000 -4.500
v 7.500 -7.000 3.500
v 7.500 -7.000 4.500
v 7.500 -6.000 4.500
v 7.500 -6.000 -5.500
v 7.500 -5.000 -5.500
v 7.500 -6.000 5.500
v 7.500 -5.000 5.500
v 7.500 -5.000 -6.500
v 7.500 -4.000 -6.500
v 7.500 -5.000 6.500
v 7.500 -4.000 6.500
v 7.500 -4.000 -7.500
v 7.500 -3.000 -7.500
v 7.500 -4.000 7.500
v 7.500 -3.000 7.500
v 7.500 -2.000 -7.500
v 7.500 -2.000 7.500
v 7.500 -1.000 -7.500
v 7.500 -1.000 7.500
v 7.500 0.000 -7.500
v 7.500 0.000 7.500
v 7.500 1.000 -7.500
v 7.500 1.000 7.500
v 7.500 2.000 -7.500
v 7.500 2.000 7.500
v 7.500 3.000 -7.500
v 7.500 3.000 7.500
v 7.500 4.000 -6.500
v 7.500 4.000 -7.500
v 7.500 4.000 7.500
v 7.500 4.000 6.500
v 7.500 5.000 -5.500
v 7.500 5.000 -6.500
v 7.500 5.000 6.500
v 7.500 5.000 5.500
v 7.500 6.000 -4.500
v 7.500 6.000 -5.500
v 7.500 6.000 5.500
v 7.500 6.000 4.500
v 7.500 7.000 -3.500
v 7.500 7.000 -4.500
v 7.500 7.000 -2.500
v 7.500 7.000 3.500
v 7.500 7.000 2.500
v 7.500 7.000 4.500
v 7.500 8.000 -1.500
v 7.500 8.000 -2.500
v 7.500 8.000 -0.500
v 7.500 8.000 0.500
v 7.500 8.000 1.500
v 7.500 8.000 2.500
v 8.500 -8.000 -2.500
v 8.500 -7.000 -2.500
v 8.500 -7.000 -1.500
v 8.500 -8.000 -1.500
v 8.500 -7.000 -0.500
v 8.500 -8.000 -0.500
v 8.500 -7.000 0.500
v 8.500 -8.000 0.500
v 8.500 -7.000 1.500
v 8.500 -8.000 1.500
v 8.500 -7.000 2.500
v 8.500 -8.000 2.500
v 8.500 -7.000 -4.500
v 8.500 -6.000 -4.500
v 8.500 -6.000 -3.500
v 8.500 -7.000 -3.500
v 8.500 -6.000 -2.500
v 8.500 -6.000 2.500
v 8.500 -6.000 3.500
v 8.500 -7.000 3.500
v 8.500 -6.000 4.500
v 8.500 -7.000 4.500
v 8.500 -6.000 -5.500
v 8.500 -5.000 -5.500
v 8.500 -5.000 -4.500
v 8.500 -5.000 4.500
v 8.500 -5.000 5.500
v 8.500 -6.000 5.500
v 8.500 -5.000 -6.500
v 8.500 -4.000 -6.500
v 8.500 -4.000 -5.500
v 8.500 -4.000 5.500
v 8.500 -4.000 6.500
v 8.500 -5.000 6.500
v 8.500 -4.000 -7.500
v 8.500 -3.000 -7.500
v 8.500 -3.000 -6.500
v 8.500 -3.000 6.500
v 8.500 -3.000 7.500
v 8.500 -4.000 7.500
v 8.500 -2.000 -7.500
v 8.500 -2.000 -6.500
v 8.500 -2.000 6.500
v 8.500 -2.000 7.500
v 8.500 -1.000 -7.500
v 8.500 -1.000 -6.500
v 8.500 -1.000 6.500
v 8.500 -1.000 7.500
v 8.500 0.000 -7.500
v 8.500 0.000 -6.500
v 8.500 0.000 6.500
v 8.500 0.000 7.500
v 8.500 1.000 -7.500
v 8.500 1.000 -6.500
v 8.500 1.000 6.500
v 8.500 1.000 7.500
v 8.500 2.000 -7.500
v 8.500 2.000 -6.500
v 8.500 2.000 6.500
v 8.500 2.000 7.500
v 8.500 3.000 -7.500
v 8.500 3.000 -6.500
v 8.500 3.000 6.500
v 8.500 3.000 7.500
v 8.500 4.000 -7.500
v 8.500 4.000 -6.500
v 8.500 4.000 6.500
v 8.500 4.000 7.500
v 8.500 5.000 -6.500
v 8.500 5.000 -5.500
v 8.500 4.000 -5.500
v 8.500 4.000 5.500
v 8.500 5.000 5.500
v 8.500 5.000 6.500
v 8.500 6.000 -5.500
v 8.500 6.000 -4.500
v 8.500 5.000 -4.500
v 8.500 5.000 4.500
v 8.500 6.000 4.500
v 8.500 6.000 5.500
v 8.500 7.000 -4.500
v 8.500 7.000 -3.500
v 8.500 6.000 -3.500
v 8.500 7.000 -2.500
v 8.500 6.000 -2.500
v 8.500 6.000 2.500
v 8.500 7.000 2.500
v 8.500 7.000 3.500
v 8.500 6.000 3.500
v 8.500 7.000 4.500
v 8.500 8.000 -2.500
v 8.500 8.000 -1.500
v 8.500 7.000 -1.500
v 8.500 8.000 -0.500
v 8.500 7.000 -0.500
v 8.500 8.000 0.500
v 8.500 7.000 0.500
v 8.500 8.000 1.500
v 8.500 7.000 1.500
v 8.500 8.000 2.500
v 9.500 -7.000 -2.500
v 9.500 -7.000 -1.500
v 9.500 -6.000 -2.500
v 9.500 -7.000 -0.500
v 9.500 -7.000 0.500
v 9.500 -7.000 1.500
v 9.500 -7.000 2.500
v 9.500 -6.000 2.500
v 9.500 -6.000 -4.500
v 9.500 -6.000 -3.500
v 9.500 -5.000 -4.500
v 9.500 -6.000 3.500
v 9.500 -6.000 4.500
v 9.500 -5.000 4.500
v 9.500 -5.000 -5.500
v 9.500 -4.000 -5.500
v 9.500 -5.000 5.500
v 9.500 -4.000 5.500
v 9.500 -4.000 -6.500
v 9.500 -3.000 -6.500
v 9.500 -4.000 6.500
v 9.500 -3.000 6.500
v 9.500 -2.000 -6.500
v 9.500 -2.000 6.500
v 9.500 -1.000 -6.500
v 9.500 -1.000 6.500
v 9.500 0.000 -6.500
v 9.500 0.000 6.500
v 9.500 1.000 -6.500
v 9.500 1.000 6.500
v 9.500 2.000 -6.500
v 9.500 2.000 6.500
v 9.500 3.000 -6.500
v 9.500 3.000 6.500
v 9.500 4.000 -5.500
v 9.500 4.000 -6.500
v 9.500 4.000 6.500
v 9.500 4.000 5.500
v 9.500 5.000 -4.500
v 9.500 5.000 -5.500
v 9.500 5.000 5.500
v 9.500 5.000 4.500
v 9.500 6.000 -3.500
v 9.500 6.000 -4.500
v 9.500 6.000 -2.500
v 9.500 6.000 3.500
v 9.500 6.000 2.500
v 9.500 6.000 4.500
v 9.500 7.000 -1.500
v 9.500 7.000 -2.500
v 9.500 7.000 -0.500
v 9.500 7.000 0.500
v 9.500 7.000 1.500
v 9.500 7.000 2.500
v 10.500 -7.000 -2.500
v 10.500 -7.000 -1.500
v 10.500 -6.000 -2.500
v 10.500 -7.000 -0.500
v 10.500 -7.000 0.500
v 10.500 -7.000 1.500
v 10.500 -7.000 2.500
v 10.500 -6.000 2.500
v 10.500 -6.000 -4.500
v 10.500 -6.000 -3.500
v 10.500 -5.000 -4.500
v 10.500 -6.000 3.500
v 10.500 -6.000 4.500
v 10.500 -5.000 4.500
v 10.500 -5.000 -5.500
v 10.500 -4.000 -5.500
v 10.500 -5.000 5.500
v 10.500 -4.000 5.500
v 10.500 -4.000 -6.500
v 10.500 -3.000 -6.500
v 10.500 -4.000 6.500
v 10.500 -3.000 6.500
v 10.500 -2.000 -6.500
v 10.500 -2.000 6.500
v 10.500 -1.000 -6.500
v 10.500 -1.000 6.500
v 10.500 0.000 -6.500
v 10.500 0.000 6.500
v 10.500 1.000 -6.500
v 10.500 1.000 6.500
v 10.500 2.000 -6.500
v 10.500 2.000 6.500
v 10.500 3.000 -6.500
v 10.500 3.000 6.500
v 10.500 4.000 -5.500
v 10.500 4.000 -6.500
v 10.500 4.000 6.500
v 10.500 4.000 5.500
v 10.500 5.000 -4.500
v 10.500 5.000 -5.500
v 10.500 5.000 5.500
v 10.500 5.000 4.500
v 10.500 6.000 -3.500
v 10.500 6.000 -4.500
v 10.500 6.000 -2.500
v 10.500 6.000 3.500
v 10.500 6.000 2.500
v 10.500 6.000 4.500
v 10.500 7.000 -1.500
v 10.500 7.000 -2.500
v 10.500 7.000 -0.500
v 10.500 7.000 0.500
v 10.500 7.000 1.500
v 10.500 7.000 2.500
v 11.500 -7.000 -2.500
v 11.500 -6.000 -2.500
v 11.500 -6.000 -1.500
v 11.500 -7.000 -1.500
v 11.500 -6.000 -0.500
v 11.500 -7.000 -0.500
v 11.500 -6.000 0.500
v 11.500 -7.000 0.500
v 11.500 -6.000 1.500
v 11.500 -7.000 1.500
v 11.500 -6.000 2.500
v 11.500 -7.000 2.500
v 11.500 -6.000 -4.500
v 11.500 -5.000 -4.500
v 11.500 -5.000 -3.500
v 11.500 -6.000 -3.500
v 11.500 -5.000 -2.500
v 11.500 -5.000 2.500
v 11.500 -5.000 3.500
v 11.500 -6.000 3.500
v 11.500 -5.000 4.500
v 11.500 -6.000 4.500
v 11.500 -5.000 -5.500
v 11.500 -4.000 -5.500
v 11.500 -4.000 -4.500
v 11.500 -4.000 -3.500
v 11.500 -4.000 3.500
v 11.500 -4.000 4.500
v 11.500 -4.000 5.500
v 11.500 -5.000 5.500
v 11.500 -4.000 -6.500
v 11.500 -3.000 -6.500
v 11.500 -3.000 -5.500
v 11.500 -3.000 -4.500
v 11.500 -3.000 4.500
v 11.500 -3.000 5.500
v 11.500 -3.000 6.500
v 11.500 -4.000 6.500
v 11.500 -2.000 -6.500
v 11.500 -2.000 -5.500
v 11.500 -2.000 5.500
v 11.500 -2.000 6.500
v 11.500 -1.000 -6.500
v 11.500 -1.000 -5.500
v 11.500 -1.000 5.500
v 11.500 -1.000 6.500
v 11.500 0.000 -6.500
v 11.500 0.000 -5.500
v 11.500 0.000 5.500
v 11.500 0.000 6.500
v 11.500 1.000 -6.500
v 11.500 1.000 -5.500
v 11.500 1.000 5.500
v 11.500 1.000 6.500
v 11.500 2.000 -6.500
v 11.500 2.000 -5.500
v 11.500 2.000 5.500
v 11.500 2.000 6.500
v 11.500 3.000 -6.500
v 11.500 3.000 -5.500
v 11.500 3.000 5.500
v 11.500 3.000 6.500
v 11.500 4.000 -6.500
v 11.500 4.000 -5.500
v 11.500 4.000 -4.500
v 11.500 3.000 -4.500
v 11.500 3.000 4.500
v 11.500 4.000 4.500
v 11.500 4.000 5.500
v 11.500 4.000 6.500
v 11.500 5.000 -5.500
v 11.500 5.000 -4.500
v 11.500 5.000 -3.500
v 11.500 4.000 -3.500
v 11.500 4.000 3.500
v 11.500 5.000 3.500
v 11.500 5.000 4.500
v 11.500 5.000 5.500
v 11.500 6.000 -4.500
v 11.500 6.000 -3.500
v 11.500 6.000 -2.500
v 11.500 5.000 -2.500
v 11.500 5.000 2.500
v 11.500 6.000 2.500
v 11.500 6.000 3.500
v 11.500 6.000 4.500
v 11.500 7.000 -2.500
v 11.500 7.000 -1.500
v 11.500 6.000 -1.500
v 11.500 7.000 -0.500
v 11.500 6.000 -0.500
v 11.500 7.000 0.500
v 11.500 6.000 0.500
v 11.500 7.000 1.500
v 11.500 6.000 1.500
v 11.500 7.000 2.500
v 12.500 -6.000 -2.500
v 12.500 -6.000 -1.500
v 12.500 -5.000 -2.500
v 12.500 -6.000 -0.500
v 12.500 -6.000 0.500
v 12.500 -6.000 1.500
v 12.500 -6.000 2.500
v 12.500 -5.000 2.500
v 12.500 -5.000 -3.500
v 12.500 -4.000 -3.500
v 12.500 -5.000 3.500
v 12.500 -4.000 3.500
v 12.500 -4.000 -4.500
v 12.500 -3.000 -4.500
v 12.500 -4.000 4.500
v 12.500 -3.000 4.500
v 12.500 -3.000 -5.500
v 12.500 -2.000 -5.500
v 12.500 -3.000 5.500
v 12.500 -2.000 5.500
v 12.500 -1.000 -5.500
v 12.500 -1.000 5.500
v 12.500 0.000 -5.500
v 12.500 0.000 5.500
v 12.500 1.000 -5.500
v 12.500 1.000 5.500
v 12.500 2.000 -5.500
v 12.500 2.000 5.500
v 12.500 3.000 -4.500
v 12.500 3.000 -5.500
v 12.500 3.000 5.500
v 12.500 3.000 4.500
v 12.500 4.000 -3.500
v 12.500 4.000 -4.500
v 12.500 4.000 4.500
v 12.500 4.000 3.500
v 12.500 5.000 -2.500
v 12.500 5.000 -3.500
v 12.500 5.000 3.500
v 12.500 5.000 2.500
v 12.500 6.000 -1.500
v 12.500 6.000 -2.500
v 12.500 6.000 -0.500
v 12.500 6.000 0.500
v 12.500 6.000 1.500
v 12.500 6.000 2.500
v 13.500 -6.000 -2.500
v 13.500 -5.000 -2.500
v 13.500 -5.000 -1.500
v 13.500 -6.000 -1.500
v 13.500 -5.000 -0.500
v 13.500 -6.000 -0.500
v 13.500 -5.000 0.500
v 13.500 -6.000 0.500
v 13.500 -5.000 1.500
v 13.500 -6.000 1.500
v 13.500 -5.000 2.500
v 13.500 -6.000 2.500
v 13.500 -5.000 -3.500
v 13.500 -4.000 -3.500
v 13.500 -4.000 -2.500
v 13.500 -4.000 2.500
v 13.500 -4.000 3.500
v 13.500 -5.000 3.500
v 13.500 -4.000 -4.500
v 13.500 -3.000 -4.500
v 13.500 -3.000 -3.500
v 13.500 -3.000 3.500
v 13.500 -3.000 4.500
v 13.500 -4.000 4.500
v 13.500 -3.000 -5.500
v 13.500 -2.000 -5.500
v 13.500 -2.000 -4.500
v 13.500 -2.000 4.500
v 13.500 -2.000 5.500
v 13.500 -3.000 5.500
v 13.500 -1.000 -5.500
v 13.500 -1.000 -4.500
v 13.500 -1.000 4.500
v 13.500 -1.000 5.500
v 13.500 0.000 -5.500
v 13.500 0.000 -4.500
v 13.500 0.000 4.500
v 13.500 0.000 5.500
v 13.500 1.000 -5.500
v 13.500 1.000 -4.500
v 13.500 1.000 4.500
v 13.500 1.000 5.500
v 13.500 2.000 -5.500
v 13.500 2.000 -4.500
v 13.500 2.000 4.500
v 13.500 2.000 5.500
v 13.500 3.000 -5.500
v 13.500 3.000 -4.500
v 13.500 3.000 4.500
v 13.500 3.000 5.500
v 13.500 4.000 -4.500
v 13.500 4.000 -3.500
v 13.500 3.000 -3.500
v 13.500 3.000 3.500
v 13.500 4.000 3.500
v 13.500 4.000 4.500
v 13.500 5.000 -3.500
v 13.500 5.000 -2.500
v 13.500 4.000 -2.500
v 13.500 4.000 2.500
v 13.500 5.000 2.500
v 13.500 5.000 3.500
v 13.500 6.000 -2.500
v 13.500 6.000 -1.500
v 13.500 5.000 -1.500
v 13.500 6.000 -0.500
v 13.500 5.000 -0.500
v 13.500 6.000 0.500
v 13.500 5.000 0.500
v 13.500 6.000 1.500
v 13.500 5.000 1.500
v 13.500 6.000 2.500
v 14.500 -5.000 -2.500
v 14.500 -5.000 -1.500
v 14.500 -4.000 -2.500
v 14.500 -5.000 -0.500
v 14.500 -5.000 0.500
v 14.500 -5.000 1.500
v 14.500 -5.000 2.500
v 14.500 -4.000 2.500
v 14.500 -4.000 -3.500
v 14.500 -3.000 -3.500
v 14.500 -4.000 3.500
v 14.500 -3.000 3.500
v 14.500 -3.000 -4.500
v 14.500 -2.000 -4.500
v 14.500 -3.000 4.500
v 14.500 -2.000 4.500
v 14.500 -1.000 -4.500
v 14.500 -1.000 4.500
v 14.500 0.000 -4.500
v 14.500 0.000 4.500
v 14.500 1.000 -4.500
v 14.500 1.000 4.500
v 14.500 2.000 -4.500
v 14.500 2.000 4.500
v 14.500 3.000 -3.500
v 14.500 3.000 -4.500
v 14.500 3.000 4.500
v 14.500 3.000 3.500
v 14.500 4.000 -2.500
v 14.500 4.000 -3.500
v 14.500 4.000 3.500
v 14.500 4.000 2.500
v 14.500 5.000 -1.500
v 14.500 5.000 -2.500
v 14.500 5.000 -0.500
v 14.500 5.000 0.500
v 14.500 5.000 1.500
v 14.500 5.000 2.500
v 15.500 -5.000 -2.500
v 15.500 -4.000 -2.500
v 15.500 -4.000 -1.500
v 15.500 -5.000 -1.500
v 15.500 -4.000 -0.500
v 15.500 -5.000 -0.500
v 15.500 -4.000 0.500
v 15.500 -5.000 0.500
v 15.500 -4.000 1.500
v 15.500 -5.000 1.500
v 15.500 -4.000 2.500
v 15.500 -5.000 2.500
v 15.500 -4.000 -3.500
v 15.500 -3.000 -3.500
v 15.500 -3.000 -2.500
v 15.500 -3.000 -1.500
v 15.500 -3.000 1.500
v 15.500 -3.000 2.500
v 15.500 -3.000 3.500
v 15.500 -4.000 3.500
v 15.500 -3.000 -4.500
v 15.500 -2.000 -4.500
v 15.500 -2.000 -3.500
v 15.500 -2.000 3.500
v 15.500 -2.000 4.500
v 15.500 -3.000 4.500
v 15.500 -1.000 -4.500
v 15.500 -1.000 -3.500
v 15.500 -1.000 3.500
v 15.500 -1.000 4.500
v 15.500 0.000 -4.500
v 15.500 0.000 -3.500
v 15.500 0.000 3.500
v 15.500 0.000 4.500
v 15.500 1.000 -4.500
v 15.500 1.000 -3.500
v 15.500 1.000 3.500
v 15.500 1.000 4.500
v 15.500 2.000 -4.500
v 15.500 2.000 -3.500
v 15.500 2.000 3.500
v 15.500 2.000 4.500
v 15.500 3.000 -4.500
v 15.500 3.000 -3.500
v 15.500 3.000 3.500
v 15.500 3.000 4.500
v 15.500 4.000 -3.500
v 15.500 4.000 -2.500
v 15.500 3.000 -2.500
v 15.500 4.000 -1.500
v 15.500 3.000 -1.500
v 15.500 3.000 1.500
v 15.500 4.000 1.500
v 15.500 4.000 2.500
v 15.500 3.000 2.500
v 15.500 4.000 3.500
v 15.500 5.000 -2.500
v 15.500 5.000 -1.500
v 15.500 5.000 -0.500
v 15.500 4.000 -0.500
v 15.500 5.000 0.500
v 15.500 4.000 0.500
v 15.500 5.000 1.500
v 15.500 5.000 2.500
v 16.500 -4.000 -1.500
v 16.500 -4.000 -0.500
v 16.500 -3.000 -1.500
v 16.500 -4.000 0.500
v 16.500 -4.000 1.500
v 16.500 -3.000 1.500
v 16.500 -3.000 -3.500
v 16.500 -3.000 -2.500
v 16.500 -2.000 -3.500
v 16.500 -3.000 2.500
v 16.500 -3.000 3.500
v 16.500 -2.000 3.500
v 16.500 -1.000 -3.500
v 16.500 -1.000 3.500
v 16.500 0.000 -3.500
v 16.500 0.000 3.500
v 16.500 1.000 -3.500
v 16.500 1.000 3.500
v 16.500 2.000 -3.500
v 16.500 2.000 3.500
v 16.500 3.000 -2.500
v 16.500 3.000 -3.500
v 16.500 3.000 -1.500
v 16.500 3.000 2.500
v 16.500 3.000 1.500
v 16.500 3.000 3.500
v 16.500 4.000 -0.500
v 16.500 4.000 -1.500
v 16.500 4.000 0.500
v 16.500 4.000 1.500
v 17.500 -4.000 -1.500
v 17.500 -3.000 -1.500
v 17.500 -3.000 -0.500
v 17.500 -4.000 -0.500
v 17.500 -3.000 0.500
v 17.500 -4.000 0.500
v 17.500 -3.000 1.500
v 17.500 -4.000 1.500
v 17.500 -3.000 -3.500
v 17.500 -2.000 -3.500
v 17.500 -2.000 -2.500
v 17.500 -3.000 -2.500
v 17.500 -2.000 -1.500
v 17.500 -2.000 1.500
v 17.500 -2.000 2.500
v 17.500 -3.000 2.500
v 17.500 -2.000 3.500
v 17.500 -3.000 3.500
v 17.500 -1.000 -3.500
v 17.500 -1.000 -2.500
v 17.500 -1.000 2.500
v 17.500 -1.000 3.500
v 17.500 0.000 -3.500
v 17.500 0.000 -2.500
v 17.500 0.000 2.500
v 17.500 0.000 3.500
v 17.500 1.000 -3.500
v 17.500 1.000 -2.500
v 17.500 1.000 2.500
v 17.500 1.000 3.500
v 17.500 2.000 -3.500
v 17.500 2.000 -2.500
v 17.500 2.000 2.500
v 17.500 2.000 3.500
v 17.500 3.000 -3.500
v 17.500 3.000 -2.500
v 17.500 3.000 -1.500
v 17.500 2.000 -1.500
v 17.500 2.000 1.500
v 17.500 3.000 1.500
v 17.500 3.000 2.500
v 17.500 3.000 3.500
v 17.500 4.000 -1.500
v 17.500 4.000 -0.500
v 17.500 3.000 -0.500
v 17.500 4.000 0.500
v 17.500 3.000 0.500
v 17.500 4.000 1.500
v 18.500 -3.000 -1.500
v 18.500 -3.000 -0.500
v 18.500 -2.000 -1.500
v 18.500 -3.000 0.500
v 18.500 -3.000 1.500
v 18.500 -2.000 1.500
v 18.500 -2.000 -2.500
v 18.500 -1.000 -2.500
v 18.500 -2.000 2.500
v 18.500 -1.000 2.500
v 18.500 0.000 -2.500
v 18.500 0.000 2.500
v 18.500 1.000 -2.500
v 18.500 1.000 2.500
v 18.500 2.000 -1.500
v 18.500 2.000 -2.500
v 18.500 2.000 2.500
v 18.500 2.000 1.500
v 18.500 3.000 -0.500
v 18.500 3.000 -1.500
v 18.500 3.000 0.500
v 18.500 3.000 1.500
v 19.500 -3.000 -1.500
v 19.500 -2.000 -1.500
v 19.500 -2.000 -0.500
v 19.500 -3.000 -0.500
v 19.500 -2.000 0.500
v 19.500 -3.000 0.500
v 19.500 -2.000 1.500
v 19.500 -3.000 1.500
v 19.500 -2.000 -2.500
v 19.500 -1.000 -2.500
v 19.500 -1.000 -1.500
v 19.500 -1.000 1.500
v 19.500 -1.000 2.500
v 19.500 -2.000 2.500
v 19.500 0.000 -2.500
v 19.500 0.000 -1.500
v 19.500 0.000 1.500
v 19.500 0.000 2.500
v 19.500 1.000 -2.500
v 19.500 1.000 -1.500
v 19.500 1.000 1.500
v 19.500 1.000 2.500
v 19.500 2.000 -2.500
v 19.500 2.000 -1.500
v 19.500 2.000 1.500
v 19.500 2.000 2.500
v 19.500 3.000 -1.500
v 19.500 3.000 -0.500
v 19.500 2.000 -0.500
v 19.500 3.000 0.500
v 19.500 2.000 0.500
v 19.500 3.000 1.500
v 20.500 -2.000 -1.500
v 20.500 -1.000 -1.500
v 20.500 -1.000 -0.500
v 20.500 -2.000 -0.500
v 20.500 -1.000 0.500
v 20.500 -2.000 0.500
v 20.500 -1.000 1.500
v 20.500 -2.000 1.500
v 20.500 0.000 -1.500
v 20.500 0.000 -0.500
v 20.500 0.000 0.500
v 20.500 0.000 1.500
v 20.500 1.000 -1.500
v 20.500 1.000 -0.500
v 20.500 1.000 0.500
v 20.500 1.000 1.500
v 20.500 2.000 -1.500
v 20.500 2.000 -0.500
v 20.500 2.000 0.500
v 20.500 2.000 1.500
v 21.500 -1.000 -0.500
v 21.500 -1.000 0.500
v 21.500 0.000 0.500
v 21.500 0.000 -0.500
v 21.500 1.000 0.500
v 21.500 1.000 -0.500
v 22.500 -1.000 -0.500
v 22.500 0.000 -0.500
v 22.500 0.000 0.500
v 22.500 -1.000 0.500
v 22.500 1.000 -0.500
v 22.500 1.000 0.500
f 1 2 3 4
f 1 4 5 6
f 5 4 3 7
f 8 9 2 1
f 8 1 6 10
f 11 12 9 8
f 11 8 10 13
f 14 15 12 11
f 14 11 13 16
f 17 18 15 14
f 17 14 16 19
f 17 19 20 18
f 21 22 23 24
f 21 24 25 26
f 25 24 23 27
f 3 28 22 21
f 3 21 26 7
f 2 29 28 3
f 9 30 29 2
f 12 31 30 9
f 15 32 31 12
f 18 33 32 15
f 34 35 33 18
f 34 18 20 36
f 37 38 35 34
f 37 34 36 39
f 37 39 40 38
f 23 41 42 43
f 23 43 44 27
f 44 43 42 45
f 22 46 41 23
f 28 47 46 22
f 29 48 47 28
f 30 49 48 29
f 31 50 49 30
f 32 51 50 31
f 33 52 51 32
f 35 53 52 33
f 38 54 53 35
f 55 56 54 38
f 55 38 40 57
f 55 57 58 56
f 42 59 60 61
f 42 61 62 45
f 62 61 60 63
f 41 64 59 42
f 46 65 64 41
f 47 66 65 46
f 48 67 66 47
f 49 68 67 48
f 50 69 68 49
f 51 70 69 50
f 52 71 70 51
f 53 72 71 52
f 54 73 72 53
f 56 74 73 54
f 75 76 74 56
f 75 56 58 77
f 75 77 78 76
f 60 79 80 81
f 60 81 82 63
f 82 81 80 83
f 59 84 79 60
f 64 85 84 59
f 65 86 85 64
f 66 87 86 65
f 67 88 87 66
f 68 89 88 67
f 69 90 89 68
f 70 91 90 69
f 71 92 91 70
f 72 93 92 71
f 73 94 93 72
f 74 95 94 73
f 76 96 95 74
f 97 98 96 76
f 97 76 78 99
f 97 99 100 98
f 79 101 102 80
f 83 80 102 103
f 84 104 101 79
f 85 105 104 84
f 86 106 105 85
f 87 107 106 86
f 88 108 107 87
f 89 109 108 88
f 90 110 109 89
f 91 111 110 90
f 92 112 111 91
f 93 113 112 92
f 94 114 113 93
f 95 115 114 94
f 96 116 115 95
f 98 117 116 96
f 98 100 118 117
f 101 119 120 102
f 103 102 120 121
f 104 122 119 101
f 105 123 122 104
f 106 124 123 105
f 107 125 124 106
f 108 126 125 107
f 109 127 126 108
f 110 128 127 109
f 111 129 128 110
f 112 130 129 111
f 113 131 130 112
f 114 132 131 113
f 115 133 132 114
f 116 134 133 115
f 117 135 134 116
f 117 118 136 135
f 119 137 138 120
f 121 120 138 139
f 122 140 137 119
f 123 141 140 122
f 124 142 141 123
f 125 143 142 124
f 126 144 143 125
f 127 145 144 126
f 128 146 145 127
f 129 147 146 128
f 130 148 147 129
f 131 149 148 130
f 132 150 149 131
f 133 151 150 132
f 134 152 151 133
f 135 153 152 134
f 135 136 154 153
f 137 155 156 138
f 139 138 156 157
f 140 158 155 137
f 141 159 158 140
f 142 160 159 141
f 143 161 160 142
f 144 162 161 143
f 145 163 162 144
f 146 164 163 145
f 147 165 164 146
f 148 166 165 147
f 149 167 166 148
f 150 168 167 149
f 151 169 168 150
f 152 170 169 151
f 153 171 170 152
f 153 154 172 171
f 155 173 174 156
f 157 156 174 175
f 158 176 173 155
f 159 177 176 158
f 160 178 177 159
f 161 179 178 160
f 162 180 179 161
f 163 181 180 162
f 164 182 181 163
f 165 183 182 164
f 166 184 183 165
f 167 185 184 166
f 168 186 185 167
f 169 187 186 168
f 170 188 187 169
f 171 189 188 170
f 171 172 190 189
f 173 191 192 174
f 175 174 192 193
f 176 194 191 173
f 177 195 194 176
f 178 196 195 177
f 179 197 196 178
f 180 198 197 179
f 181 199 198 180
f 182 200 199 181
f 183 201 200 182
f 184 202 201 183
f 185 203 202 184
f 186 204 203 185
f 187 205 204 186
f 188 206 205 187
f 189 207 206 188
f 189 190 208 207
f 191 209 210 192
f 210 209 211 212
f 193 192 210 212
f 194 213 209 191
f 195 214 213 194
f 196 215 214 195
f 197 216 215 196
f 198 217 216 197
f 199 218 217 198
f 200 219 218 199
f 201 220 219 200
f 202 221 220 201
f 203 222 221 202
f 204 223 222 203
f 205 224 223 204
f 206 225 224 205
f 207 226 225 206
f 225 226 227 228
f 207 208 227 226
f 213 229 230 209
f 230 229 231 232
f 211 209 230 232
f 214 233 229 213
f 215 234 233 214
f 216 235 234 215
f 217 236 235 216
f 218 237 236 217
f 219 238 237 218
f 220 239 238 219
f 221 240 239 220
f 222 241 240 221
f 223 242 241 222
f 224 243 242 223
f 225 244 243 224
f 243 244 245 246
f 225 228 245 244
f 233 247 248 229
f 248 247 249 250
f 231 229 248 250
f 234 251 247 233
f 235 252 251 234
f 236 253 252 235
f 237 254 253 236
f 238 255 254 237
f 239 256 255 238
f 240 257 256 239
f 241 258 257 240
f 242 259 258 241
f 243 260 259 242
f 259 260 261 262
f 243 246 261 260
f 251 263 264 247
f 264 263 265 266
f 249 247 264 266
f 252 267 263 251
f 263 267 268 265
f 253 269 267 252
f 254 270 269 253
f 255 271 270 254
f 256 272 271 255
f 257 273 272 256
f 258 274 273 257
f 273 274 275 276
f 259 277 274 258
f 274 277 278 275
f 259 262 278 277
f 269 279 280 267
f 280 279 281 282
f 268 267 280 282
f 270 283 279 269
f 279 283 284 281
f 271 285 283 270
f 283 285 286 284
f 272 287 285 271
f 285 287 288 286
f 273 289 287 272
f 287 289 290 288
f 273 276 290 289
f 291 292 293 294
f 295 6 5 296
f 295 296 291 294
f 291 296 5 292
f 294 293 297 298
f 299 10 6 295
f 299 295 294 298
f 298 297 300 301
f 302 13 10 299
f 302 299 298 301
f 301 300 303 304
f 305 16 13 302
f 305 302 301 304
f 304 303 306 307
f 308 19 16 305
f 308 305 304 307
f 308 307 306 19
f 309 310 311 312
f 313 26 25 314
f 313 314 309 312
f 309 314 25 310
f 312 311 315 292
f 5 7 26 313
f 5 313 312 292
f 306 316 317 318
f 319 36 20 19
f 319 19 306 318
f 318 317 320 321
f 322 39 36 319
f 322 319 318 321
f 322 321 320 39
f 323 324 325 326
f 327 44 328 329
f 327 329 323 326
f 323 329 328 324
f 326 325 330 310
f 25 27 44 327
f 25 327 326 310
f 320 331 332 333
f 334 57 40 39
f 334 39 320 333
f 333 332 335 336
f 337 338 57 334
f 337 334 333 336
f 337 336 335 338
f 339 340 341 324
f 328 62 342 343
f 328 343 339 324
f 339 343 342 340
f 324 341 344 325
f 44 45 62 328
f 332 345 346 335
f 338 77 58 57
f 335 346 347 348
f 349 350 77 338
f 349 338 335 348
f 349 348 347 350
f 340 351 352 341
f 62 63 82 342
f 340 342 82 351
f 346 353 354 347
f 350 99 78 77
f 350 347 354 99
f 355 356 357 351
f 82 83 358 359
f 82 359 355 351
f 355 359 358 356
f 354 360 361 362
f 363 364 100 99
f 363 99 354 362
f 363 362 361 364
f 356 365 366 357
f 83 103 367 358
f 356 358 367 365
f 360 368 369 361
f 364 370 118 100
f 364 361 369 370
f 365 371 372 366
f 103 121 373 367
f 365 367 373 371
f 368 374 375 369
f 370 376 136 118
f 370 369 375 376
f 371 377 378 372
f 121 139 379 373
f 371 373 379 377
f 374 380 381 375
f 376 382 154 136
f 376 375 381 382
f 377 383 384 378
f 139 157 385 379
f 377 379 385 383
f 380 386 387 381
f 382 388 172 154
f 382 381 387 388
f 383 389 390 384
f 157 175 391 385
f 383 385 391 389
f 386 392 393 387
f 388 394 190 172
f 388 387 393 394
f 389 395 396 390
f 175 193 397 391
f 389 391 397 395
f 392 398 399 393
f 394 400 208 190
f 394 393 399 400
f 395 401 402 396
f 193 212 403 397
f 403 212 402 401
f 395 397 403 401
f 398 404 405 399
f 400 406 227 208
f 227 406 405 404
f 400 399 405 406
f 402 407 408 409
f 211 232 410 212
f 402 212 410 407
f 411 412 413 404
f 227 414 245 228
f 227 404 413 414
f 407 415 416 408
f 232 417 418 410
f 418 417 416 415
f 407 410 418 415
f 408 416 419 420
f 231 250 417 232
f 421 422 423 412
f 245 424 261 246
f 412 423 425 413
f 414 426 424 245
f 424 426 425 423
f 414 413 425 426
f 416 427 428 419
f 250 429 430 417
f 430 429 428 427
f 416 417 430 427
f 419 428 431 432
f 249 266 429 250
f 429 266 431 428
f 433 434 435 422
f 261 436 278 262
f 278 436 435 434
f 422 435 437 423
f 424 438 436 261
f 436 438 437 435
f 424 423 437 438
f 431 439 440 441
f 265 442 443 266
f 443 442 440 439
f 431 266 443 439
f 441 440 444 445
f 268 282 442 265
f 442 282 444 440
f 446 447 448 449
f 275 450 290 276
f 290 450 448 447
f 449 448 451 434
f 278 452 450 275
f 450 452 451 448
f 278 434 451 452
f 444 453 454 455
f 281 456 457 282
f 457 456 454 453
f 444 282 457 453
f 455 454 458 459
f 284 460 456 281
f 456 460 458 454
f 459 458 461 462
f 286 463 460 284
f 460 463 461 458
f 462 461 464 465
f 288 466 463 286
f 463 466 464 461
f 465 464 467 447
f 290 468 466 288
f 466 468 467 464
f 290 447 467 468
f 469 470 471 472
f 293 292 469 472
f 469 292 315 470
f 472 471 473 474
f 297 293 472 474
f 474 473 475 476
f 300 297 474 476
f 476 475 477 478
f 303 300 476 478
f 478 477 479 480
f 306 303 478 480
f 306 480 479 316
f 481 482 483 484
f 311 310 481 484
f 481 310 330 482
f 484 483 485 470
f 315 311 484 470
f 479 486 487 488
f 317 316 479 488
f 488 487 489 490
f 320 317 488 490
f 320 490 489 331
f 491 492 493 482
f 330 325 491 482
f 491 325 344 492
f 489 494 495 496
f 332 331 489 496
f 332 496 495 345
f 497 498 499 492
f 344 341 497 492
f 497 341 352 498
f 495 500 501 502
f 346 345 495 502
f 346 502 501 353
f 503 504 505 498
f 352 351 503 498
f 503 351 357 504
f 501 506 507 508
f 354 353 501 508
f 354 508 507 360
f 504 509 510 505
f 504 357 366 509
f 506 511 512 507
f 360 507 512 368
f 509 513 514 510
f 509 366 372 513
f 511 515 516 512
f 368 512 516 374
f 513 517 518 514
f 513 372 378 517
f 515 519 520 516
f 374 516 520 380
f 517 521 522 518
f 517 378 384 521
f 519 523 524 520
f 380 520 524 386
f 521 525 526 522
f 521 384 390 525
f 523 527 528 524
f 386 524 528 392
f 525 529 530 526
f 525 390 396 529
f 527 531 532 528
f 392 528 532 398
f 529 533 534 530
f 402 409 534 533
f 529 396 402 533
f 531 535 536 532
f 411 404 536 535
f 398 532 536 404
f 534 537 538 539
f 408 420 538 537
f 534 409 408 537
f 540 541 542 535
f 421 412 542 541
f 411 535 542 412
f 538 543 544 545
f 419 432 544 543
f 538 420 419 543
f 546 547 548 541
f 433 422 548 547
f 421 541 548 422
f 544 549 550 551
f 431 441 550 549
f 544 432 431 549
f 551 550 552 553
f 441 445 552 550
f 554 555 556 557
f 446 449 556 555
f 557 556 558 547
f 449 434 558 556
f 433 547 558 434
f 552 559 560 561
f 444 455 560 559
f 552 445 444 559
f 561 560 562 563
f 455 459 562 560
f 563 562 564 565
f 459 462 564 562
f 565 564 566 567
f 462 465 566 564
f 567 566 568 555
f 465 447 568 566
f 446 555 568 447
f 471 470 569 570
f 569 470 485 571
f 473 471 570 572
f 475 473 572 573
f 477 475 573 574
f 479 477 574 575
f 479 575 576 486
f 483 482 577 578
f 577 482 493 579
f 485 483 578 571
f 487 486 576 580
f 489 487 580 581
f 489 581 582 494
f 493 492 583 579
f 583 492 499 584
f 495 494 582 585
f 495 585 586 500
f 499 498 587 584
f 587 498 505 588
f 501 500 586 589
f 501 589 590 506
f 588 505 510 591
f 506 590 592 511
f 591 510 514 593
f 511 592 594 515
f 593 514 518 595
f 515 594 596 519
f 595 518 522 597
f 519 596 598 523
f 597 522 526 599
f 523 598 600 527
f 599 526 530 601
f 527 600 602 531
f 534 539 603 604
f 601 530 534 604
f 540 535 605 606
f 531 602 605 535
f 538 545 607 608
f 603 539 538 608
f 546 541 609 610
f 540 606 609 541
f 544 551 611 612
f 607 545 544 612
f 551 553 613 611
f 554 557 614 615
f 557 547 616 614
f 546 610 616 547
f 552 561 617 618
f 613 553 552 618
f 561 563 619 617
f 563 565 620 619
f 565 567 621 620
f 567 555 622 621
f 554 615 622 555
f 623 570 569 624
f 623 624 625 626
f 625 624 569 627
f 628 572 570 623
f 628 623 626 629
f 630 573 572 628
f 630 628 629 631
f 632 574 573 630
f 632 630 631 633
f 634 575 574 632
f 634 632 633 635
f 634 635 636 575
f 637 578 577 638
f 637 638 639 640
f 639 638 577 641
f 569 571 578 637
f 569 637 640 627
f 642 580 576 575
f 642 575 636 643
f 644 581 580 642
f 644 642 643 645
f 644 645 646 581
f 577 579 583 647
f 577 647 648 641
f 648 647 583 649
f 650 585 582 581
f 650 581 646 651
f 650 651 652 585
f 583 584 587 653
f 583 653 654 649
f 654 653 587 655
f 656 589 586 585
f 656 585 652 657
f 656 657 658 589
f 587 588 659 660
f 587 660 661 655
f 661 660 659 662
f 663 664 590 589
f 663 589 658 665
f 663 665 666 664
f 588 591 667 659
f 662 659 667 668
f 664 669 592 590
f 664 666 670 669
f 591 593 671 667
f 668 667 671 672
f 669 673 594 592
f 669 670 674 673
f 593 595 675 671
f 672 671 675 676
f 673 677 596 594
f 673 674 678 677
f 595 597 679 675
f 676 675 679 680
f 677 681 598 596
f 677 678 682 681
f 597 599 683 679
f 680 679 683 684
f 681 685 600 598
f 681 682 686 685
f 599 601 687 683
f 684 683 687 688
f 685 689 602 600
f 685 686 690 689
f 601 604 691 687
f 691 604 692 693
f 688 687 691 693
f 689 694 605 602
f 605 694 695 696
f 689 690 695 694
f 603 608 697 604
f 697 608 698 699
f 692 604 697 699
f 605 700 609 606
f 609 700 701 702
f 605 696 701 700
f 607 612 703 608
f 703 612 704 705
f 698 608 703 705
f 609 706 616 610
f 616 706 707 708
f 609 702 707 706
f 611 709 710 612
f 710 709 711 712
f 704 612 710 712
f 613 618 709 611
f 709 618 713 711
f 614 714 622 615
f 622 714 715 716
f 616 717 714 614
f 714 717 718 715
f 616 708 718 717
f 617 719 720 618
f 720 719 721 722
f 713 618 720 722
f 619 723 719 617
f 719 723 724 721
f 620 725 723 619
f 723 725 726 724
f 621 727 725 620
f 725 727 728 726
f 622 729 727 621
f 727 729 730 728
f 622 716 730 729
f 626 625 731 732
f 731 625 627 733
f 629 626 732 734
f 631 629 734 735
f 633 631 735 736
f 635 633 736 737
f 635 737 738 636
f 640 639 739 740
f 739 639 641 741
f 627 640 740 733
f 643 636 738 742
f 645 643 742 743
f 645 743 744 646
f 641 648 745 741
f 745 648 649 746
f 651 646 744 747
f 651 747 748 652
f 649 654 749 746
f 749 654 655 750
f 657 652 748 751
f 657 751 752 658
f 655 661 753 750
f 753 661 662 754
f 665 658 752 755
f 665 755 756 666
f 754 662 668 757
f 666 756 758 670
f 757 668 672 759
f 670 758 760 674
f 759 672 676 761
f 674 760 762 678
f 761 676 680 763
f 678 762 764 682
f 763 680 684 765
f 682 764 766 686
f 765 684 688 767
f 686 766 768 690
f 693 692 769 770
f 767 688 693 770
f 696 695 771 772
f 690 768 771 695
f 699 698 773 774
f 769 692 699 774
f 702 701 775 776
f 696 772 775 701
f 705 704 777 778
f 773 698 705 778
f 708 707 779 780
f 702 776 779 707
f 712 711 781 782
f 777 704 712 782
f 711 713 783 781
f 716 715 784 785
f 715 718 786 784
f 708 780 786 718
f 722 721 787 788
f 783 713 722 788
f 721 724 789 787
f 724 726 790 789
f 726 728 791 790
f 728 730 792 791
f 716 785 792 730
f 793 794 795 796
f 797 732 731 798
f 797 798 793 796
f 793 798 731 794
f 796 795 799 800
f 801 734 732 797
f 801 797 796 800
f 800 799 802 803
f 804 735 734 801
f 804 801 800 803
f 803 802 805 806
f 807 736 735 804
f 807 804 803 806
f 806 805 808 809
f 810 737 736 807
f 810 807 806 809
f 810 809 808 737
f 811 812 813 814
f 815 740 739 816
f 815 816 811 814
f 811 816 739 812
f 814 813 817 794
f 731 733 740 815
f 731 815 814 794
f 808 818 819 820
f 821 742 738 737
f 821 737 808 820
f 820 819 822 823
f 824 743 742 821
f 824 821 820 823
f 824 823 822 743
f 825 826 827 828
f 829 745 830 831
f 829 831 825 828
f 825 831 830 826
f 828 827 832 812
f 739 741 745 829
f 739 829 828 812
f 822 833 834 835
f 836 747 744 743
f 836 743 822 835
f 835 834 837 838
f 839 840 747 836
f 839 836 835 838
f 839 838 837 840
f 841 842 843 826
f 830 749 844 845
f 830 845 841 826
f 841 845 844 842
f 826 843 846 827
f 745 746 749 830
f 834 847 848 837
f 840 751 748 747
f 837 848 849 850
f 851 852 751 840
f 851 840 837 850
f 851 850 849 852
f 842 853 854 843
f 749 750 753 844
f 842 844 753 853
f 848 855 856 849
f 852 755 752 751
f 852 849 856 755
f 857 858 859 853
f 753 754 860 861
f 753 861 857 853
f 857 861 860 858
f 856 862 863 864
f 865 866 756 755
f 865 755 856 864
f 865 864 863 866
f 858 867 868 859
f 754 757 869 860
f 858 860 869 867
f 862 870 871 863
f 866 872 758 756
f 866 863 871 872
f 867 873 874 868
f 757 759 875 869
f 867 869 875 873
f 870 876 877 871
f 872 878 760 758
f 872 871 877 878
f 873 879 880 874
f 759 761 881 875
f 873 875 881 879
f 876 882 883 877
f 878 884 762 760
f 878 877 883 884
f 879 885 886 880
f 761 763 887 881
f 879 881 887 885
f 882 888 889 883
f 884 890 764 762
f 884 883 889 890
f 885 891 892 886
f 763 765 893 887
f 885 887 893 891
f 888 894 895 889
f 890 896 766 764
f 890 889 895 896
f 891 897 898 892
f 765 767 899 893
f 891 893 899 897
f 894 900 901 895
f 896 902 768 766
f 896 895 901 902
f 897 903 904 898
f 767 770 905 899
f 905 770 904 903
f 897 899 905 903
f 900 906 907 901
f 902 908 771 768
f 771 908 907 906
f 902 901 907 908
f 904 909 910 911
f 769 774 912 770
f 904 770 912 909
f 913 914 915 906
f 771 916 775 772
f 771 906 915 916
f 909 917 918 910
f 774 919 920 912
f 920 919 918 917
f 909 912 920 917
f 910 918 921 922
f 773 778 919 774
f 923 924 925 914
f 775 926 779 776
f 914 925 927 915
f 916 928 926 775
f 926 928 927 925
f 916 915 927 928
f 918 929 930 921
f 778 931 932 919
f 932 931 930 929
f 918 919 932 929
f 921 930 933 934
f 777 782 931 778
f 931 782 933 930
f 935 936 937 924
f 779 938 786 780
f 786 938 937 936
f 924 937 939 925
f 926 940 938 779
f 938 940 939 937
f 926 925 939 940
f 933 941 942 943
f 781 944 945 782
f 945 944 942 941
f 933 782 945 941
f 943 942 946 947
f 783 788 944 781
f 944 788 946 942
f 948 949 950 951
f 784 952 792 785
f 792 952 950 949
f 951 950 953 936
f 786 954 952 784
f 952 954 953 950
f 786 936 953 954
f 946 955 956 957
f 787 958 959 788
f 959 958 956 955
f 946 788 959 955
f 957 956 960 961
f 789 962 958 787
f 958 962 960 956
f 961 960 963 964
f 790 965 962 789
f 962 965 963 960
f 964 963 966 967
f 791 968 965 790
f 965 968 966 963
f 967 966 969 949
f 792 970 968 791
f 968 970 969 966
f 792 949 969 970
f 795 794 971 972
f 971 794 817 973
f 799 795 972 974
f 802 799 974 975
f 805 802 975 976
f 808 805 976 977
f 808 977 978 818
f 813 812 979 980
f 979 812 832 981
f 817 813 980 973
f 819 818 978 982
f 822 819 982 983
f 822 983 984 833
f 832 827 985 981
f 985 827 846 986
f 834 833 984 987
f 834 987 988 847
f 846 843 989 986
f 989 843 854 990
f 848 847 988 991
f 848 991 992 855
f 854 853 993 990
f 993 853 859 994
f 856 855 992 995
f 856 995 996 862
f 994 859 868 997
f 862 996 998 870
f 997 868 874 999
f 870 998 1000 876
f 999 874 880 1001
f 876 1000 1002 882
f 1001 880 886 1003
f 882 1002 1004 888
f 1003 886 892 1005
f 888 1004 1006 894
f 1005 892 898 1007
f 894 1006 1008 900
f 904 911 1009 1010
f 1007 898 904 1010
f 913 906 1011 1012
f 900 1008 1011 906
f 910 922 1013 1014
f 1009 911 910 1014
f 923 914 1015 1016
f 913 1012 1015 914
f 921 934 1017 1018
f 1013 922 921 1018
f 935 924 1019 1020
f 923 1016 1019 924
f 933 943 1021 1022
f 1017 934 933 1022
f 943 947 1023 1021
f 948 951 1024 1025
f 951 936 1026 1024
f 935 1020 1026 936
f 946 957 1027 1028
f 1023 947 946 1028
f 957 961 1029 1027
f 961 964 1030 1029
f 964 967 1031 1030
f 967 949 1032 1031
f 948 1025 1032 949
f 1033 1034 1035 1036
f 972 971 1033 1036
f 1033 971 973 1034
f 1036 1035 1037 1038
f 974 972 1036 1038
f 1038 1037 1039 1040
f 975 974 1038 1040
f 1040 1039 1041 1042
f 976 975 1040 1042
f 1042 1041 1043 1044
f 977 976 1042 1044
f 977 1044 1043 978
f 1045 1046 1047 1048
f 980 979 1045 1048
f 1045 979 981 1046
f 1048 1047 1049 1034
f 973 980 1048 1034
f 1034 1049 1050 1035
f 1035 1050 1051 1037
f 1037 1051 1052 1039
f 1039 1052 1053 1041
f 1041 1053 1054 1043
f 1043 1054 1055 1056
f 982 978 1043 1056
f 1056 1055 1057 1058
f 983 982 1056 1058
f 983 1058 1057 984
f 1059 1060 1061 1046
f 981 985 1059 1046
f 1059 985 986 1060
f 1046 1061 1062 1047
f 1047 1062 1063 1049
f 1049 1063 1064 1050
f 1050 1064 1065 1051
f 1051 1065 1066 1052
f 1052 1066 1067 1053
f 1053 1067 1068 1054
f 1054 1068 1069 1055
f 1055 1069 1070 1057
f 1057 1070 1071 1072
f 987 984 1057 1072
f 987 1072 1071 988
f 1073 1074 1075 1060
f 986 989 1073 1060
f 1073 989 990 1074
f 1060 1075 1076 1061
f 1061 1076 1077 1062
f 1062 1077 1078 1063
f 1063 1078 1079 1064
f 1064 1079 1080 1065
f 1065 1080 1081 1066
f 1066 1081 1082 1067
f 1067 1082 1083 1068
f 1068 1083 1084 1069
f 1069 1084 1085 1070
f 1070 1085 1086 1071
f 1071 1086 1087 1088
f 991 988 1071 1088
f 991 1088 1087 992
f 1089 1090 1091 1074
f 990 993 1089 1074
f 1089 993 994 1090
f 1074 1091 1092 1075
f 1075 1092 1093 1076
f 1076 1093 1094 1077
f 1077 1094 1095 1078
f 1078 1095 1096 1079
f 1079 1096 1097 1080
f 1080 1097 1098 1081
f 1081 1098 1099 1082
f 1082 1099 1100 1083
f 1083 1100 1101 1084
f 1084 1101 1102 1085
f 1085 1102 1103 1086
f 1086 1103 1104 1087
f 1087 1104 1105 1106
f 995 992 1087 1106
f 995 1106 1105 996
f 1090 1107 1108 1091
f 1090 994 997 1107
f 1091 1108 1109 1092
f 1092 1109 1110 1093
f 1093 1110 1111 1094
f 1094 1111 1112 1095
f 1095 1112 1113 1096
f 1096 1113 1114 1097
f 1097 1114 1115 1098
f 1098 1115 1116 1099
f 1099 1116 1117 1100
f 1100 1117 1118 1101
f 1101 1118 1119 1102
f 1102 1119 1120 1103
f 1103 1120 1121 1104
f 1104 1121 1122 1105
f 996 1105 1122 998
f 1107 1123 1124 1108
f 1107 997 999 1123
f 1108 1124 1125 1109
f 1109 1125 1126 1110
f 1110 1126 1127 1111
f 1111 1127 1128 1112
f 1112 1128 1129 1113
f 1116 1130 1131 1117
f 1117 1131 1132 1118
f 1118 1132 1133 1119
f 1119 1133 1134 1120
f 1120 1134 1135 1121
f 1121 1135 1136 1122
f 998 1122 1136 1000
f 1123 1137 1138 1124
f 1123 999 1001 1137
f 1124 1138 1139 1125
f 1125 1139 1140 1126
f 1126 1140 1141 1127
f 1127 1141 1142 1128
f 1128 1142 1143 1129
f 1130 1144 1145 1131
f 1131 1145 1146 1132
f 1132 1146 1147 1133
f 1133 1147 1148 1134
f 1134 1148 1149 1135
f 1135 1149 1150 1136
f 1000 1136 1150 1002
f 1137 1151 1152 1138
f 1137 1001 1003 1151
f 1138 1152 1153 1139
f 1139 1153 1154 1140
f 1140 1154 1155 1141
f 1141 1155 1156 1142
f 1142 1156 1157 1143
f 1144 1158 1159 1145
f 1145 1159 1160 1146
f 1146 1160 1161 1147
f 1147 1161 1162 1148
f 1148 1162 1163 1149
f 1149 1163 1164 1150
f 1002 1150 1164 1004
f 1151 1165 1166 1152
f 1151 1003 1005 1165
f 1152 1166 1167 1153
f 1153 1167 1168 1154
f 1154 1168 1169 1155
f 1155 1169 1170 1156
f 1156 1170 1171 1157
f 1158 1172 1173 1159
f 1159 1173 1174 1160
f 1160 1174 1175 1161
f 1161 1175 1176 1162
f 1162 1176 1177 1163
f 1163 1177 1178 1164
f 1004 1164 1178 1006
f 1165 1179 1180 1166
f 1165 1005 1007 1179
f 1166 1180 1181 1167
f 1167 1181 1182 1168
f 1168 1182 1183 1169
f 1169 1183 1184 1170
f 1170 1184 1185 1171
f 1171 1185 1186 1187
f 1187 1186 1188 1189
f 1189 1188 1190 1172
f 1172 1190 1191 1173
f 1173 1191 1192 1174
f 1174 1192 1193 1175
f 1175 1193 1194 1176
f 1176 1194 1195 1177
f 1177 1195 1196 1178
f 1006 1178 1196 1008
f 1179 1197 1198 1180
f 1010 1009 1198 1197
f 1179 1007 1010 1197
f 1180 1198 1199 1181
f 1181 1199 1200 1182
f 1182 1200 1201 1183
f 1183 1201 1202 1184
f 1184 1202 1203 1185
f 1185 1203 1204 1186
f 1186 1204 1205 1188
f 1188 1205 1206 1190
f 1190 1206 1207 1191
f 1191 1207 1208 1192
f 1192 1208 1209 1193
f 1193 1209 1210 1194
f 1194 1210 1211 1195
f 1195 1211 1212 1196
f 1012 1011 1212 1211
f 1008 1196 1212 1011
f 1198 1213 1214 1199
f 1014 1013 1214 1213
f 1198 1009 1014 1213
f 1199 1214 1215 1200
f 1200 1215 1216 1201
f 1201 1216 1217 1202
f 1202 1217 1218 1203
f 1203 1218 1219 1204
f 1204 1219 1220 1205
f 1205 1220 1221 1206
f 1206 1221 1222 1207
f 1207 1222 1223 1208
f 1208 1223 1224 1209
f 1209 1224 1225 1210
f 1210 1225 1226 1211
f 1016 1015 1226 1225
f 1012 1211 1226 1015
f 1214 1227 1228 1215
f 1018 1017 1228 1227
f 1214 1013 1018 1227
f 1215 1228 1229 1216
f 1216 1229 1230 1217
f 1217 1230 1231 1218
f 1218 1231 1232 1219
f 1219 1232 1233 1220
f 1220 1233 1234 1221
f 1221 1234 1235 1222
f 1222 1235 1236 1223
f 1223 1236 1237 1224
f 1224 1237 1238 1225
f 1020 1019 1238 1237
f 1016 1225 1238 1019
f 1228 1239 1240 1229
f 1022 1021 1240 1239
f 1228 1017 1022 1239
f 1229 1240 1241 1230
f 1021 1023 1241 1240
f 1230 1241 1242 1231
f 1231 1242 1243 1232
f 1232 1243 1244 1233
f 1233 1244 1245 1234
f 1234 1245 1246 1235
f 1235 1246 1247 1236
f 1025 1024 1247 1246
f 1236 1247 1248 1237
f 1024 1026 1248 1247
f 1020 1237 1248 1026
f 1241 1249 1250 1242
f 1028 1027 1250 1249
f 1241 1023 1028 1249
f 1242 1250 1251 1243
f 1027 1029 1251 1250
f 1243 1251 1252 1244
f 1029 1030 1252 1251
f 1244 1252 1253 1245
f 1030 1031 1253 1252
f 1245 1253 1254 1246
f 1031 1032 1254 1253
f 1025 1246 1254 1032
f 1114 1113 1255 1256
f 1255 1113 1129 1257
f 1115 1114 1256 1258
f 1116 1115 1258 1259
f 1116 1259 1260 1130
f 1257 1129 1143 1261
f 1130 1260 1262 1144
f 1261 1143 1157 1263
f 1144 1262 1264 1158
f 1171 1187 1265 1266
f 1263 1157 1171 1266
f 1187 1189 1267 1265
f 1189 1172 1268 1267
f 1158 1264 1268 1172
f 1256 1255 1269 1270
f 1269 1255 1257 1271
f 1258 1256 1270 1272
f 1259 1258 1272 1273
f 1259 1273 1274 1260
f 1271 1257 1261 1275
f 1260 1274 1276 1262
f 1275 1261 1263 1277
f 1262 1276 1278 1264
f 1266 1265 1279 1280
f 1277 1263 1266 1280
f 1265 1267 1281 1279
f 1267 1268 1282 1281
f 1264 1278 1282 1268
f 1270 1269 1283 1284
f 1283 1269 1271 1285
f 1272 1270 1284 1286
f 1273 1272 1286 1287
f 1273 1287 1288 1274
f 1285 1271 1275 1289
f 1274 1288 1290 1276
f 1289 1275 1277 1291
f 1276 1290 1292 1278
f 1280 1279 1293 1294
f 1291 1277 1280 1294
f 1279 1281 1295 1293
f 1281 1282 1296 1295
f 1278 1292 1296 1282
f 1284 1283 1297 1298
f 1297 1283 1285 1299
f 1286 1284 1298 1300
f 1287 1286 1300 1301
f 1287 1301 1302 1288
f 1299 1285 1289 1303
f 1288 1302 1304 1290
f 1303 1289 1291 1305
f 1290 1304 1306 1292
f 1294 1293 1307 1308
f 1305 1291 1294 1308
f 1293 1295 1309 1307
f 1295 1296 1310 1309
f 1292 1306 1310 1296
f 1298 1297 1311 1312
f 1311 1297 1299 1313
f 1300 1298 1312 1314
f 1301 1300 1314 1315
f 1301 1315 1316 1302
f 1313 1299 1303 1317
f 1302 1316 1318 1304
f 1317 1303 1305 1319
f 1304 1318 1320 1306
f 1308 1307 1321 1322
f 1319 1305 1308 1322
f 1307 1309 1323 1321
f 1309 1310 1324 1323
f 1306 1320 1324 1310
f 1325 1326 1327 1328
f 1325 1328 1329 1330
f 1329 1328 1327 1331
f 1332 1333 1326 1325
f 1332 1325 1330 1334
f 1335 1336 1333 1332
f 1335 1332 1334 1337
f 1335 1337 1338 1336
f 1339 1340 1341 1342
f 1339 1342 1343 1344
f 1343 1342 1341 1345
f 1327 1311 1340 1339
f 1327 1339 1344 1331
f 1326 1312 1311 1327
f 1333 1314 1312 1326
f 1336 1315 1314 1333
f 1346 1347 1315 1336
f 1346 1336 1338 1348
f 1349 1350 1347 1346
f 1349 1346 1348 1351
f 1349 1351 1352 1350
f 1340 1353 1354 1341
f 1345 1341 1354 1355
f 1311 1313 1353 1340
f 1347 1356 1316 1315
f 1350 1357 1356 1347
f 1350 1352 1358 1357
f 1353 1359 1360 1354
f 1355 1354 1360 1361
f 1313 1317 1359 1353
f 1356 1362 1318 1316
f 1357 1363 1362 1356
f 1357 1358 1364 1363
f 1359 1365 1366 1360
f 1361 1360 1366 1367
f 1317 1319 1365 1359
f 1362 1368 1320 1318
f 1363 1369 1368 1362
f 1363 1364 1370 1369
f 1365 1371 1372 1366
f 1367 1366 1372 1373
f 1319 1322 1371 1365
f 1368 1374 1324 1320
f 1369 1375 1374 1368
f 1369 1370 1376 1375
f 1371 1377 1378 1372
f 1378 1377 1379 1380
f 1373 1372 1378 1380
f 1322 1381 1377 1371
f 1377 1381 1382 1379
f 1321 1383 1381 1322
f 1323 1384 1383 1321
f 1324 1385 1384 1323
f 1374 1386 1385 1324
f 1385 1386 1387 1388
f 1375 1389 1386 1374
f 1386 1389 1390 1387
f 1375 1376 1390 1389
f 1383 1391 1392 1381
f 1392 1391 1393 1394
f 1382 1381 1392 1394
f 1384 1395 1391 1383
f 1391 1395 1396 1393
f 1385 1397 1395 1384
f 1395 1397 1398 1396
f 1385 1388 1398 1397
f 1399 1400 1401 1402
f 1399 1402 1403 1404
f 1403 1402 1401 1405
f 1406 1407 1400 1399
f 1406 1399 1404 1408
f 1409 1410 1407 1406
f 1409 1406 1408 1411
f 1412 1413 1410 1409
f 1412 1409 1411 1414
f 1415 1416 1413 1412
f 1415 1412 1414 1417
f 1415 1417 1418 1416
f 1401 1419 1420 1421
f 1401 1421 1422 1405
f 1422 1421 1420 1423
f 1400 1329 1419 1401
f 1407 1330 1329 1400
f 1410 1334 1330 1407
f 1413 1337 1334 1410
f 1416 1424 1337 1413
f 1425 1426 1424 1416
f 1425 1416 1418 1427
f 1425 1427 1428 1426
f 1420 1343 1429 1430
f 1420 1430 1431 1423
f 1431 1430 1429 1432
f 1419 1344 1343 1420
f 1329 1331 1344 1419
f 1424 1348 1338 1337
f 1426 1351 1348 1424
f 1433 1434 1351 1426
f 1433 1426 1428 1435
f 1433 1435 1436 1434
f 1429 1437 1438 1439
f 1429 1439 1440 1432
f 1440 1439 1438 1441
f 1343 1345 1437 1429
f 1434 1442 1352 1351
f 1443 1444 1442 1434
f 1443 1434 1436 1445
f 1443 1445 1446 1444
f 1437 1447 1448 1438
f 1441 1438 1448 1449
f 1345 1355 1447 1437
f 1442 1450 1358 1352
f 1444 1451 1450 1442
f 1444 1446 1452 1451
f 1447 1453 1454 1448
f 1449 1448 1454 1455
f 1355 1361 1453 1447
f 1450 1456 1364 1358
f 1451 1457 1456 1450
f 1451 1452 1458 1457
f 1453 1459 1460 1454
f 1455 1454 1460 1461
f 1361 1367 1459 1453
f 1456 1462 1370 1364
f 1457 1463 1462 1456
f 1457 1458 1464 1463
f 1459 1465 1466 1460
f 1461 1460 1466 1467
f 1367 1373 1465 1459
f 1462 1468 1376 1370
f 1463 1469 1468 1462
f 1463 1464 1470 1469
f 1465 1471 1472 1466
f 1472 1471 1473 1474
f 1467 1466 1472 1474
f 1373 1380 1471 1465
f 1468 1475 1390 1376
f 1469 1476 1475 1468
f 1475 1476 1477 1478
f 1469 1470 1477 1476
f 1380 1479 1480 1471
f 1480 1479 1481 1482
f 1473 1471 1480 1482
f 1379 1483 1479 1380
f 1382 1394 1483 1379
f 1387 1484 1398 1388
f 1390 1485 1484 1387
f 1475 1486 1485 1390
f 1485 1486 1487 1488
f 1475 1478 1487 1486
f 1483 1489 1490 1479
f 1490 1489 1491 1492
f 1481 1479 1490 1492
f 1394 1493 1489 1483
f 1393 1494 1493 1394
f 1396 1495 1494 1393
f 1398 1496 1495 1396
f 1484 1497 1496 1398
f 1485 1498 1497 1484
f 1497 1498 1499 1500
f 1485 1488 1499 1498
f 1493 1501 1502 1489
f 1502 1501 1503 1504
f 1491 1489 1502 1504
f 1494 1505 1501 1493
f 1501 1505 1506 1503
f 1495 1507 1505 1494
f 1505 1507 1508 1506
f 1496 1509 1507 1495
f 1507 1509 1510 1508
f 1497 1511 1509 1496
f 1509 1511 1512 1510
f 1497 1500 1512 1511
f 1513 1404 1403 1514
f 1513 1514 1515 1516
f 1515 1514 1403 1517
f 1518 1408 1404 1513
f 1518 1513 1516 1519
f 1520 1411 1408 1518
f 1520 1518 1519 1521
f 1522 1414 1411 1520
f 1522 1520 1521 1523
f 1524 1417 1414 1522
f 1524 1522 1523 1525
f 1524 1525 1526 1417
f 1527 1422 1528 1529
f 1527 1529 1530 1531
f 1530 1529 1528 1532
f 1403 1405 1422 1527
f 1403 1527 1531 1517
f 1533 1427 1418 1417
f 1533 1417 1526 1534
f 1535 1536 1427 1533
f 1535 1533 1534 1537
f 1535 1537 1538 1536
f 1528 1431 1539 1540
f 1528 1540 1541 1532
f 1541 1540 1539 1542
f 1422 1423 1431 1528
f 1536 1435 1428 1427
f 1543 1544 1435 1536
f 1543 1536 1538 1545
f 1543 1545 1546 1544
f 1539 1440 1547 1548
f 1539 1548 1549 1542
f 1549 1548 1547 1550
f 1431 1432 1440 1539
f 1544 1445 1436 1435
f 1551 1552 1445 1544
f 1551 1544 1546 1553
f 1551 1553 1554 1552
f 1440 1441 1555 1547
f 1550 1547 1555 1556
f 1552 1557 1446 1445
f 1552 1554 1558 1557
f 1441 1449 1559 1555
f 1556 1555 1559 1560
f 1557 1561 1452 1446
f 1557 1558 1562 1561
f 1449 1455 1563 1559
f 1560 1559 1563 1564
f 1561 1565 1458 1452
f 1561 1562 1566 1565
f 1455 1461 1567 1563
f 1564 1563 1567 1568
f 1565 1569 1464 1458
f 1565 1566 1570 1569
f 1461 1467 1571 1567
f 1568 1567 1571 1572
f 1569 1573 1470 1464
f 1569 1570 1574 1573
f 1467 1474 1575 1571
f 1572 1571 1575 1576
f 1573 1577 1477 1470
f 1573 1574 1578 1577
f 1474 1579 1580 1575
f 1580 1579 1581 1582
f 1576 1575 1580 1582
f 1473 1482 1579 1474
f 1477 1583 1487 1478
f 1577 1584 1583 1477
f 1583 1584 1585 1586
f 1577 1578 1585 1584
f 1482 1587 1588 1579
f 1588 1587 1589 1590
f 1581 1579 1588 1590
f 1481 1492 1587 1482
f 1487 1591 1499 1488
f 1583 1592 1591 1487
f 1591 1592 1593 1594
f 1583 1586 1593 1592
f 1492 1595 1596 1587
f 1596 1595 1597 1598
f 1589 1587 1596 1598
f 1491 1504 1595 1492
f 1595 1504 1599 1597
f 1499 1600 1512 1500
f 1512 1600 1601 1602
f 1591 1603 1600 1499
f 1600 1603 1604 1601
f 1591 1594 1604 1603
f 1503 1605 1606 1504
f 1606 1605 1607 1608
f 1599 1504 1606 1608
f 1506 1609 1605 1503
f 1605 1609 1610 1607
f 1508 1611 1609 1506
f 1609 1611 1612 1610
f 1510 1613 1611 1508
f 1611 1613 1614 1612
f 1512 1615 1613 1510
f 1613 1615 1616 1614
f 1512 1602 1616 1615
f 1617 1516 1515 1618
f 1617 1618 1619 1620
f 1619 1618 1515 1621
f 1622 1519 1516 1617
f 1622 1617 1620 1623
f 1624 1521 1519 1622
f 1624 1622 1623 1625
f 1626 1523 1521 1624
f 1626 1624 1625 1627
f 1628 1525 1523 1626
f 1628 1626 1627 1629
f 1628 1629 1630 1525
f 1631 1531 1530 1632
f 1631 1632 1633 1634
f 1633 1632 1530 1635
f 1515 1517 1531 1631
f 1515 1631 1634 1621
f 1636 1534 1526 1525
f 1636 1525 1630 1637
f 1638 1537 1534 1636
f 1638 1636 1637 1639
f 1638 1639 1640 1537
f 1530 1532 1541 1641
f 1530 1641 1642 1635
f 1642 1641 1541 1643
f 1644 1545 1538 1537
f 1644 1537 1640 1645
f 1644 1645 1646 1545
f 1541 1542 1549 1647
f 1541 1647 1648 1643
f 1648 1647 1549 1649
f 1650 1553 1546 1545
f 1650 1545 1646 1651
f 1650 1651 1652 1553
f 1549 1550 1653 1654
f 1549 1654 1655 1649
f 1655 1654 1653 1656
f 1657 1658 1554 1553
f 1657 1553 1652 1659
f 1657 1659 1660 1658
f 1550 1556 1661 1653
f 1656 1653 1661 1662
f 1658 1663 1558 1554
f 1658 1660 1664 1663
f 1556 1560 1665 1661
f 1662 1661 1665 1666
f 1663 1667 1562 1558
f 1663 1664 1668 1667
f 1560 1564 1669 1665
f 1666 1665 1669 1670
f 1667 1671 1566 1562
f 1667 1668 1672 1671
f 1564 1568 1673 1669
f 1670 1669 1673 1674
f 1671 1675 1570 1566
f 1671 1672 1676 1675
f 1568 1572 1677 1673
f 1674 1673 1677 1678
f 1675 1679 1574 1570
f 1675 1676 1680 1679
f 1572 1576 1681 1677
f 1678 1677 1681 1682
f 1679 1683 1578 1574
f 1679 1680 1684 1683
f 1576 1582 1685 1681
f 1685 1582 1686 1687
f 1682 1681 1685 1687
f 1683 1688 1585 1578
f 1585 1688 1689 1690
f 1683 1684 1689 1688
f 1581 1590 1691 1582
f 1691 1590 1692 1693
f 1686 1582 1691 1693
f 1585 1694 1593 1586
f 1593 1694 1695 1696
f 1585 1690 1695 1694
f 1589 1598 1697 1590
f 1697 1598 1698 1699
f 1692 1590 1697 1699
f 1593 1700 1604 1594
f 1604 1700 1701 1702
f 1593 1696 1701 1700
f 1597 1703 1704 1598
f 1704 1703 1705 1706
f 1698 1598 1704 1706
f 1599 1608 1703 1597
f 1703 1608 1707 1705
f 1601 1708 1616 1602
f 1616 1708 1709 1710
f 1604 1711 1708 1601
f 1708 1711 1712 1709
f 1604 1702 1712 1711
f 1607 1713 1714 1608
f 1714 1713 1715 1716
f 1707 1608 1714 1716
f 1610 1717 1713 1607
f 1713 1717 1718 1715
f 1612 1719 1717 1610
f 1717 1719 1720 1718
f 1614 1721 1719 1612
f 1719 1721 1722 1720
f 1616 1723 1721 1614
f 1721 1723 1724 1722
f 1616 1710 1724 1723
f 1620 1619 1725 1726
f 1725 1619 1621 1727
f 1623 1620 1726 1728
f 1625 1623 1728 1729
f 1627 1625 1729 1730
f 1629 1627 1730 1731
f 1629 1731 1732 1630
f 1634 1633 1733 1734
f 1733 1633 1635 1735
f 1621 1634 1734 1727
f 1637 1630 1732 1736
f 1639 1637 1736 1737
f 1639 1737 1738 1640
f 1635 1642 1739 1735
f 1739 1642 1643 1740
f 1645 1640 1738 1741
f 1645 1741 1742 1646
f 1643 1648 1743 1740
f 1743 1648 1649 1744
f 1651 1646 1742 1745
f 1651 1745 1746 1652
f 1649 1655 1747 1744
f 1747 1655 1656 1748
f 1659 1652 1746 1749
f 1659 1749 1750 1660
f 1748 1656 1662 1751
f 1660 1750 1752 1664
f 1751 1662 1666 1753
f 1664 1752 1754 1668
f 1753 1666 1670 1755
f 1668 1754 1756 1672
f 1755 1670 1674 1757
f 1672 1756 1758 1676
f 1757 1674 1678 1759
f 1676 1758 1760 1680
f 1759 1678 1682 1761
f 1680 1760 1762 1684
f 1687 1686 1763 1764
f 1761 1682 1687 1764
f 1690 1689 1765 1766
f 1684 1762 1765 1689
f 1693 1692 1767 1768
f 1763 1686 1693 1768
f 1696 1695 1769 1770
f 1690 1766 1769 1695
f 1699 1698 1771 1772
f 1767 1692 1699 1772
f 1702 1701 1773 1774
f 1696 1770 1773 1701
f 1706 1705 1775 1776
f 1771 1698 1706 1776
f 1705 1707 1777 1775
f 1710 1709 1778 1779
f 1709 1712 1780 1778
f 1702 1774 1780 1712
f 1716 1715 1781 1782
f 1777 1707 1716 1782
f 1715 1718 1783 1781
f 1718 1720 1784 1783
f 1720 1722 1785 1784
f 1722 1724 1786 1785
f 1710 1779 1786 1724
f 1726 1725 1787 1788
f 1787 1725 1727 1789
f 1728 1726 1788 1790
f 1729 1728 1790 1791
f 1730 1729 1791 1792
f 1731 1730 1792 1793
f 1731 1793 1794 1732
f 1734 1733 1795 1796
f 1795 1733 1735 1797
f 1727 1734 1796 1789
f 1736 1732 1794 1798
f 1737 1736 1798 1799
f 1737 1799 1800 1738
f 1735 1739 1801 1797
f 1801 1739 1740 1802
f 1741 1738 1800 1803
f 1741 1803 1804 1742
f 1740 1743 1805 1802
f 1805 1743 1744 1806
f 1745 1742 1804 1807
f 1745 1807 1808 1746
f 1744 1747 1809 1806
f 1809 1747 1748 1810
f 1749 1746 1808 1811
f 1749 1811 1812 1750
f 1810 1748 1751 1813
f 1750 1812 1814 1752
f 1813 1751 1753 1815
f 1752 1814 1816 1754
f 1815 1753 1755 1817
f 1754 1816 1818 1756
f 1817 1755 1757 1819
f 1756 1818 1820 1758
f 1819 1757 1759 1821
f 1758 1820 1822 1760
f 1821 1759 1761 1823
f 1760 1822 1824 1762
f 1764 1763 1825 1826
f 1823 1761 1764 1826
f 1766 1765 1827 1828
f 1762 1824 1827 1765
f 1768 1767 1829 1830
f 1825 1763 1768 1830
f 1770 1769 1831 1832
f 1766 1828 1831 1769
f 1772 1771 1833 1834
f 1829 1767 1772 1834
f 1774 1773 1835 1836
f 1770 1832 1835 1773
f 1776 1775 1837 1838
f 1833 1771 1776 1838
f 1775 1777 1839 1837
f 1779 1778 1840 1841
f 1778 1780 1842 1840
f 1774 1836 1842 1780
f 1782 1781 1843 1844
f 1839 1777 1782 1844
f 1781 1783 1845 1843
f 1783 1784 1846 1845
f 1784 1785 1847 1846
f 1785 1786 1848 1847
f 1779 1841 1848 1786
f 1849 1788 1787 1850
f 1849 1850 1851 1852
f 1851 1850 1787 1853
f 1854 1790 1788 1849
f 1854 1849 1852 1855
f 1856 1791 1790 1854
f 1856 1854 1855 1857
f 1858 1792 1791 1856
f 1858 1856 1857 1859
f 1860 1793 1792 1858
f 1860 1858 1859 1861
f 1860 1861 1862 1793
f 1863 1796 1795 1864
f 1863 1864 1865 1866
f 1865 1864 1795 1867
f 1787 1789 1796 1863
f 1787 1863 1866 1853
f 1868 1798 1794 1793
f 1868 1793 1862 1869
f 1870 1799 1798 1868
f 1870 1868 1869 1871
f 1870 1871 1872 1799
f 1873 1801 1874 1875
f 1873 1875 1876 1877
f 1876 1875 1874 1878
f 1795 1797 1801 1873
f 1795 1873 1877 1867
f 1879 1803 1800 1799
f 1879 1799 1872 1880
f 1881 1882 1803 1879
f 1881 1879 1880 1883
f 1881 1883 1884 1882
f 1874 1805 1885 1886
f 1874 1886 1887 1878
f 1887 1886 1885 1888
f 1801 1802 1805 1874
f 1882 1807 1804 1803
f 1889 1890 1807 1882
f 1889 1882 1884 1891
f 1889 1891 1892 1890
f 1805 1806 1809 1885
f 1888 1885 1809 1893
f 1890 1811 1808 1807
f 1890 1892 1894 1811
f 1809 1810 1895 1896
f 1809 1896 1897 1893
f 1897 1896 1895 1898
f 1899 1900 1812 1811
f 1899 1811 1894 1901
f 1899 1901 1902 1900
f 1810 1813 1903 1895
f 1898 1895 1903 1904
f 1900 1905 1814 1812
f 1900 1902 1906 1905
f 1813 1815 1907 1903
f 1904 1903 1907 1908
f 1905 1909 1816 1814
f 1905 1906 1910 1909
f 1815 1817 1911 1907
f 1908 1907 1911 1912
f 1909 1913 1818 1816
f 1909 1910 1914 1913
f 1817 1819 1915 1911
f 1912 1911 1915 1916
f 1913 1917 1820 1818
f 1913 1914 1918 1917
f 1819 1821 1919 1915
f 1916 1915 1919 1920
f 1917 1921 1822 1820
f 1917 1918 1922 1921
f 1821 1823 1923 1919
f 1920 1919 1923 1924
f 1921 1925 1824 1822
f 1921 1922 1926 1925
f 1823 1826 1927 1923
f 1927 1826 1928 1929
f 1924 1923 1927 1929
f 1925 1930 1827 1824
f 1827 1930 1931 1932
f 1925 1926 1931 1930
f 1825 1830 1933 1826
f 1928 1826 1933 1934
f 1827 1935 1831 1828
f 1827 1932 1936 1935
f 1830 1937 1938 1933
f 1938 1937 1939 1940
f 1934 1933 1938 1940
f 1829 1834 1937 1830
f 1831 1941 1835 1832
f 1935 1942 1941 1831
f 1941 1942 1943 1944
f 1935 1936 1943 1942
f 1834 1945 1946 1937
f 1946 1945 1947 1948
f 1939 1937 1946 1948
f 1833 1838 1945 1834
f 1945 1838 1949 1947
f 1835 1950 1842 1836
f 1842 1950 1951 1952
f 1941 1953 1950 1835
f 1950 1953 1954 1951
f 1941 1944 1954 1953
f 1837 1955 1956 1838
f 1956 1955 1957 1958
f 1949 1838 1956 1958
f 1839 1844 1955 1837
f 1955 1844 1959 1957
f 1840 1960 1848 1841
f 1848 1960 1961 1962
f 1842 1963 1960 1840
f 1960 1963 1964 1961
f 1842 1952 1964 1963
f 1843 1965 1966 1844
f 1966 1965 1967 1968
f 1959 1844 1966 1968
f 1845 1969 1965 1843
f 1965 1969 1970 1967
f 1846 1971 1969 1845
f 1969 1971 1972 1970
f 1847 1973 1971 1846
f 1971 1973 1974 1972
f 1848 1975 1973 1847
f 1973 1975 1976 1974
f 1848 1962 1976 1975
f 1852 1851 1977 1978
f 1977 1851 1853 1979
f 1855 1852 1978 1980
f 1857 1855 1980 1981
f 1859 1857 1981 1982
f 1861 1859 1982 1983
f 1861 1983 1984 1862
f 1866 1865 1985 1986
f 1985 1865 1867 1987
f 1853 1866 1986 1979
f 1869 1862 1984 1988
f 1871 1869 1988 1989
f 1871 1989 1990 1872
f 1877 1876 1991 1992
f 1991 1876 1878 1993
f 1867 1877 1992 1987
f 1880 1872 1990 1994
f 1883 1880 1994 1995
f 1883 1995 1996 1884
f 1878 1887 1997 1993
f 1997 1887 1888 1998
f 1891 1884 1996 1999
f 1891 1999 2000 1892
f 1998 1888 1893 2001
f 1892 2000 2002 1894
f 1893 1897 2003 2001
f 2003 1897 1898 2004
f 1901 1894 2002 2005
f 1901 2005 2006 1902
f 2004 1898 1904 2007
f 1902 2006 2008 1906
f 2007 1904 1908 2009
f 1906 2008 2010 1910
f 2009 1908 1912 2011
f 1910 2010 2012 1914
f 2011 1912 1916 2013
f 1914 2012 2014 1918
f 2013 1916 1920 2015
f 1918 2014 2016 1922
f 2015 1920 1924 2017
f 1922 2016 2018 1926
f 1929 1928 2019 2020
f 2017 1924 1929 2020
f 1932 1931 2021 2022
f 1926 2018 2021 1931
f 2019 1928 1934 2023
f 1932 2022 2024 1936
f 1940 1939 2025 2026
f 2023 1934 1940 2026
f 1944 1943 2027 2028
f 1936 2024 2027 1943
f 1948 1947 2029 2030
f 2025 1939 1948 2030
f 1947 1949 2031 2029
f 1952 1951 2032 2033
f 1951 1954 2034 2032
f 1944 2028 2034 1954
f 1958 1957 2035 2036
f 2031 1949 1958 2036
f 1957 1959 2037 2035
f 1962 1961 2038 2039
f 1961 1964 2040 2038
f 1952 2033 2040 1964
f 1968 1967 2041 2042
f 2037 1959 1968 2042
f 1967 1970 2043 2041
f 1970 1972 2044 2043
f 1972 1974 2045 2044
f 1974 1976 2046 2045
f 1962 2039 2046 1976
f 1978 1977 2047 2048
f 2047 1977 1979 2049
f 1980 1978 2048 2050
f 1981 1980 2050 2051
f 1982 1981 2051 2052
f 1983 1982 2052 2053
f 1983 2053 2054 1984
f 1986 1985 2055 2056
f 2055 1985 1987 2057
f 1979 1986 2056 2049
f 1988 1984 2054 2058
f 1989 1988 2058 2059
f 1989 2059 2060 1990
f 1992 1991 2061 2062
f 2061 1991 1993 2063
f 1987 1992 2062 2057
f 1994 1990 2060 2064
f 1995 1994 2064 2065
f 1995 2065 2066 1996
f 1993 1997 2067 2063
f 2067 1997 1998 2068
f 1999 1996 2066 2069
f 1999 2069 2070 2000
f 2068 1998 2001 2071
f 2000 2070 2072 2002
f 2001 2003 2073 2071
f 2073 2003 2004 2074
f 2005 2002 2072 2075
f 2005 2075 2076 2006
f 2074 2004 2007 2077
f 2006 2076 2078 2008
f 2077 2007 2009 2079
f 2008 2078 2080 2010
f 2079 2009 2011 2081
f 2010 2080 2082 2012
f 2081 2011 2013 2083
f 2012 2082 2084 2014
f 2083 2013 2015 2085
f 2014 2084 2086 2016
f 2085 2015 2017 2087
f 2016 2086 2088 2018
f 2020 2019 2089 2090
f 2087 2017 2020 2090
f 2022 2021 2091 2092
f 2018 2088 2091 2021
f 2089 2019 2023 2093
f 2022 2092 2094 2024
f 2026 2025 2095 2096
f 2093 2023 2026 2096
f 2028 2027 2097 2098
f 2024 2094 2097 2027
f 2030 2029 2099 2100
f 2095 2025 2030 2100
f 2029 2031 2101 2099
f 2033 2032 2102 2103
f 2032 2034 2104 2102
f 2028 2098 2104 2034
f 2036 2035 2105 2106
f 2101 2031 2036 2106
f 2035 2037 2107 2105
f 2039 2038 2108 2109
f 2038 2040 2110 2108
f 2033 2103 2110 2040
f 2042 2041 2111 2112
f 2107 2037 2042 2112
f 2041 2043 2113 2111
f 2043 2044 2114 2113
f 2044 2045 2115 2114
f 2045 2046 2116 2115
f 2039 2109 2116 2046
f 2048 2047 2117 2118
f 2117 2047 2049 2119
f 2050 2048 2118 2120
f 2051 2050 2120 2121
f 2052 2051 2121 2122
f 2053 2052 2122 2123
f 2053 2123 2124 2054
f 2056 2055 2125 2126
f 2125 2055 2057 2127
f 2049 2056 2126 2119
f 2058 2054 2124 2128
f 2059 2058 2128 2129
f 2059 2129 2130 2060
f 2062 2061 2131 2132
f 2131 2061 2063 2133
f 2057 2062 2132 2127
f 2064 2060 2130 2134
f 2065 2064 2134 2135
f 2065 2135 2136 2066
f 2063 2067 2137 2133
f 2137 2067 2068 2138
f 2069 2066 2136 2139
f 2069 2139 2140 2070
f 2138 2068 2071 2141
f 2070 2140 2142 2072
f 2071 2073 2143 2141
f 2143 2073 2074 2144
f 2075 2072 2142 2145
f 2075 2145 2146 2076
f 2144 2074 2077 2147
f 2076 2146 2148 2078
f 2147 2077 2079 2149
f 2078 2148 2150 2080
f 2149 2079 2081 2151
f 2080 2150 2152 2082
f 2151 2081 2083 2153
f 2082 2152 2154 2084
f 2153 2083 2085 2155
f 2084 2154 2156 2086
f 2155 2085 2087 2157
f 2086 2156 2158 2088
f 2090 2089 2159 2160
f 2157 2087 2090 2160
f 2092 2091 2161 2162
f 2088 2158 2161 2091
f 2159 2089 2093 2163
f 2092 2162 2164 2094
f 2096 2095 2165 2166
f 2163 2093 2096 2166
f 2098 2097 2167 2168
f 2094 2164 2167 2097
f 2100 2099 2169 2170
f 2165 2095 2100 2170
f 2099 2101 2171 2169
f 2103 2102 2172 2173
f 2102 2104 2174 2172
f 2098 2168 2174 2104
f 2106 2105 2175 2176
f 2171 2101 2106 2176
f 2105 2107 2177 2175
f 2109 2108 2178 2179
f 2108 2110 2180 2178
f 2103 2173 2180 2110
f 2112 2111 2181 2182
f 2177 2107 2112 2182
f 2111 2113 2183 2181
f 2113 2114 2184 2183
f 2114 2115 2185 2184
f 2115 2116 2186 2185
f 2109 2179 2186 2116
f 2118 2117 2187 2188
f 2187 2117 2119 2189
f 2120 2118 2188 2190
f 2121 2120 2190 2191
f 2122 2121 2191 2192
f 2123 2122 2192 2193
f 2123 2193 2194 2124
f 2126 2125 2195 2196
f 2195 2125 2127 2197
f 2119 2126 2196 2189
f 2128 2124 2194 2198
f 2129 2128 2198 2199
f 2129 2199 2200 2130
f 2132 2131 2201 2202
f 2201 2131 2133 2203
f 2127 2132 2202 2197
f 2134 2130 2200 2204
f 2135 2134 2204 2205
f 2135 2205 2206 2136
f 2133 2137 2207 2203
f 2207 2137 2138 2208
f 2139 2136 2206 2209
f 2139 2209 2210 2140
f 2208 2138 2141 2211
f 2140 2210 2212 2142
f 2141 2143 2213 2211
f 2213 2143 2144 2214
f 2145 2142 2212 2215
f 2145 2215 2216 2146
f 2214 2144 2147 2217
f 2146 2216 2218 2148
f 2217 2147 2149 2219
f 2148 2218 2220 2150
f 2219 2149 2151 2221
f 2150 2220 2222 2152
f 2221 2151 2153 2223
f 2152 2222 2224 2154
f 2223 2153 2155 2225
f 2154 2224 2226 2156
f 2225 2155 2157 2227
f 2156 2226 2228 2158
f 2160 2159 2229 2230
f 2227 2157 2160 2230
f 2162 2161 2231 2232
f 2158 2228 2231 2161
f 2229 2159 2163 2233
f 2162 2232 2234 2164
f 2166 2165 2235 2236
f 2233 2163 2166 2236
f 2168 2167 2237 2238
f 2164 2234 2237 2167
f 2170 2169 2239 2240
f 2235 2165 2170 2240
f 2169 2171 2241 2239
f 2173 2172 2242 2243
f 2172 2174 2244 2242
f 2168 2238 2244 2174
f 2176 2175 2245 2246
f 2241 2171 2176 2246
f 2175 2177 2247 2245
f 2179 2178 2248 2249
f 2178 2180 2250 2248
f 2173 2243 2250 2180
f 2182 2181 2251 2252
f 2247 2177 2182 2252
f 2181 2183 2253 2251
f 2183 2184 2254 2253
f 2184 2185 2255 2254
f 2185 2186 2256 2255
f 2179 2249 2256 2186
f 2188 2187 2257 2258
f 2257 2187 2189 2259
f 2190 2188 2258 2260
f 2191 2190 2260 2261
f 2192 2191 2261 2262
f 2193 2192 2262 2263
f 2193 2263 2264 2194
f 2196 2195 2265 2266
f 2265 2195 2197 2267
f 2189 2196 2266 2259
f 2198 2194 2264 2268
f 2199 2198 2268 2269
f 2199 2269 2270 2200
f 2202 2201 2271 2272
f 2271 2201 2203 2273
f 2197 2202 2272 2267
f 2204 2200 2270 2274
f 2205 2204 2274 2275
f 2205 2275 2276 2206
f 2203 2207 2277 2273
f 2277 2207 2208 2278
f 2209 2206 2276 2279
f 2209 2279 2280 2210
f 2278 2208 2211 2281
f 2210 2280 2282 2212
f 2211 2213 2283 2281
f 2283 2213 2214 2284
f 2215 2212 2282 2285
f 2215 2285 2286 2216
f 2284 2214 2217 2287
f 2216 2286 2288 2218
f 2287 2217 2219 2289
f 2218 2288 2290 2220
f 2289 2219 2221 2291
f 2220 2290 2292 2222
f 2291 2221 2223 2293
f 2222 2292 2294 2224
f 2293 2223 2225 2295
f 2224 2294 2296 2226
f 2295 2225 2227 2297
f 2226 2296 2298 2228
f 2230 2229 2299 2300
f 2297 2227 2230 2300
f 2232 2231 2301 2302
f 2228 2298 2301 2231
f 2299 2229 2233 2303
f 2232 2302 2304 2234
f 2236 2235 2305 2306
f 2303 2233 2236 2306
f 2238 2237 2307 2308
f 2234 2304 2307 2237
f 2240 2239 2309 2310
f 2305 2235 2240 2310
f 2239 2241 2311 2309
f 2243 2242 2312 2313
f 2242 2244 2314 2312
f 2238 2308 2314 2244
f 2246 2245 2315 2316
f 2311 2241 2246 2316
f 2245 2247 2317 2315
f 2249 2248 2318 2319
f 2248 2250 2320 2318
f 2243 2313 2320 2250
f 2252 2251 2321 2322
f 2317 2247 2252 2322
f 2251 2253 2323 2321
f 2253 2254 2324 2323
f 2254 2255 2325 2324
f 2255 2256 2326 2325
f 2249 2319 2326 2256
f 2258 2257 2327 2328
f 2327 2257 2259 2329
f 2260 2258 2328 2330
f 2261 2260 2330 2331
f 2262 2261 2331 2332
f 2263 2262 2332 2333
f 2263 2333 2334 2264
f 2266 2265 2335 2336
f 2335 2265 2267 2337
f 2259 2266 2336 2329
f 2268 2264 2334 2338
f 2269 2268 2338 2339
f 2269 2339 2340 2270
f 2272 2271 2341 2342
f 2341 2271 2273 2343
f 2267 2272 2342 2337
f 2274 2270 2340 2344
f 2275 2274 2344 2345
f 2275 2345 2346 2276
f 2273 2277 2347 2343
f 2347 2277 2278 2348
f 2279 2276 2346 2349
f 2279 2349 2350 2280
f 2348 2278 2281 2351
f 2280 2350 2352 2282
f 2281 2283 2353 2351
f 2353 2283 2284 2354
f 2285 2282 2352 2355
f 2285 2355 2356 2286
f 2354 2284 2287 2357
f 2286 2356 2358 2288
f 2357 2287 2289 2359
f 2288 2358 2360 2290
f 2359 2289 2291 2361
f 2290 2360 2362 2292
f 2361 2291 2293 2363
f 2292 2362 2364 2294
f 2363 2293 2295 2365
f 2294 2364 2366 2296
f 2365 2295 2297 2367
f 2296 2366 2368 2298
f 2300 2299 2369 2370
f 2367 2297 2300 2370
f 2302 2301 2371 2372
f 2298 2368 2371 2301
f 2369 2299 2303 2373
f 2302 2372 2374 2304
f 2306 2305 2375 2376
f 2373 2303 2306 2376
f 2308 2307 2377 2378
f 2304 2374 2377 2307
f 2310 2309 2379 2380
f 2375 2305 2310 2380
f 2309 2311 2381 2379
f 2313 2312 2382 2383
f 2312 2314 2384 2382
f 2308 2378 2384 2314
f 2316 2315 2385 2386
f 2381 2311 2316 2386
f 2315 2317 2387 2385
f 2319 2318 2388 2389
f 2318 2320 2390 2388
f 2313 2383 2390 2320
f 2322 2321 2391 2392
f 2387 2317 2322 2392
f 2321 2323 2393 2391
f 2323 2324 2394 2393
f 2324 2325 2395 2394
f 2325 2326 2396 2395
f 2319 2389 2396 2326
f 2397 2398 2399 2400
f 2328 2327 2397 2400
f 2397 2327 2329 2398
f 2400 2399 2401 2402
f 2330 2328 2400 2402
f 2402 2401 2403 2404
f 2331 2330 2402 2404
f 2404 2403 2405 2406
f 2332 2331 2404 2406
f 2406 2405 2407 2408
f 2333 2332 2406 2408
f 2333 2408 2407 2334
f 2409 2410 2411 2412
f 2336 2335 2409 2412
f 2409 2335 2337 2410
f 2412 2411 2413 2398
f 2329 2336 2412 2398
f 2407 2414 2415 2416
f 2338 2334 2407 2416
f 2416 2415 2417 2418
f 2339 2338 2416 2418
f 2339 2418 2417 2340
f 2419 2420 2421 2422
f 2342 2341 2419 2422
f 2419 2341 2343 2420
f 2422 2421 2423 2410
f 2337 2342 2422 2410
f 2417 2424 2425 2426
f 2344 2340 2417 2426
f 2426 2425 2427 2428
f 2345 2344 2426 2428
f 2345 2428 2427 2346
f 2429 2430 2431 2420
f 2343 2347 2429 2420
f 2429 2347 2348 2430
f 2420 2431 2432 2421
f 2425 2433 2434 2427
f 2427 2434 2435 2436
f 2349 2346 2427 2436
f 2349 2436 2435 2350
f 2430 2437 2438 2431
f 2430 2348 2351 2437
f 2434 2439 2440 2435
f 2350 2435 2440 2352
f 2441 2442 2443 2437
f 2351 2353 2441 2437
f 2441 2353 2354 2442
f 2440 2444 2445 2446
f 2355 2352 2440 2446
f 2355 2446 2445 2356
f 2442 2447 2448 2443
f 2442 2354 2357 2447
f 2444 2449 2450 2445
f 2356 2445 2450 2358
f 2447 2451 2452 2448
f 2447 2357 2359 2451
f 2449 2453 2454 2450
f 2358 2450 2454 2360
f 2451 2455 2456 2452
f 2451 2359 2361 2455
f 2453 2457 2458 2454
f 2360 2454 2458 2362
f 2455 2459 2460 2456
f 2455 2361 2363 2459
f 2457 2461 2462 2458
f 2362 2458 2462 2364
f 2459 2463 2464 2460
f 2459 2363 2365 2463
f 2461 2465 2466 2462
f 2364 2462 2466 2366
f 2463 2467 2468 2464
f 2463 2365 2367 2467
f 2465 2469 2470 2466
f 2366 2466 2470 2368
f 2467 2471 2472 2468
f 2370 2369 2472 2471
f 2467 2367 2370 2471
f 2469 2473 2474 2470
f 2372 2371 2474 2473
f 2368 2470 2474 2371
f 2472 2475 2476 2477
f 2472 2369 2373 2475
f 2478 2479 2480 2473
f 2372 2473 2480 2374
f 2475 2481 2482 2476
f 2376 2375 2482 2481
f 2475 2373 2376 2481
f 2476 2482 2483 2484
f 2485 2486 2487 2479
f 2479 2487 2488 2480
f 2378 2377 2488 2487
f 2374 2480 2488 2377
f 2482 2489 2490 2483
f 2380 2379 2490 2489
f 2482 2375 2380 2489
f 2483 2490 2491 2492
f 2379 2381 2491 2490
f 2493 2494 2495 2486
f 2383 2382 2495 2494
f 2486 2495 2496 2487
f 2382 2384 2496 2495
f 2378 2487 2496 2384
f 2491 2497 2498 2499
f 2386 2385 2498 2497
f 2491 2381 2386 2497
f 2499 2498 2500 2501
f 2385 2387 2500 2498
f 2502 2503 2504 2505
f 2389 2388 2504 2503
f 2505 2504 2506 2494
f 2388 2390 2506 2504
f 2383 2494 2506 2390
f 2500 2507 2508 2509
f 2392 2391 2508 2507
f 2500 2387 2392 2507
f 2509 2508 2510 2511
f 2391 2393 2510 2508
f 2511 2510 2512 2513
f 2393 2394 2512 2510
f 2513 2512 2514 2515
f 2394 2395 2514 2512
f 2515 2514 2516 2503
f 2395 2396 2516 2514
f 2389 2503 2516 2396
f 2399 2398 2517 2518
f 2517 2398 2413 2519
f 2401 2399 2518 2520
f 2403 2401 2520 2521
f 2405 2403 2521 2522
f 2407 2405 2522 2523
f 2407 2523 2524 2414
f 2411 2410 2525 2526
f 2525 2410 2423 2527
f 2413 2411 2526 2519
f 2415 2414 2524 2528
f 2417 2415 2528 2529
f 2417 2529 2530 2424
f 2423 2421 2531 2527
f 2531 2421 2432 2532
f 2425 2424 2530 2533
f 2425 2533 2534 2433
f 2432 2431 2535 2532
f 2535 2431 2438 2536
f 2434 2433 2534 2537
f 2434 2537 2538 2439
f 2438 2437 2539 2536
f 2539 2437 2443 2540
f 2440 2439 2538 2541
f 2440 2541 2542 2444
f 2540 2443 2448 2543
f 2444 2542 2544 2449
f 2543 2448 2452 2545
f 2449 2544 2546 2453
f 2545 2452 2456 2547
f 2453 2546 2548 2457
f 2547 2456 2460 2549
f 2457 2548 2550 2461
f 2549 2460 2464 2551
f 2461 2550 2552 2465
f 2551 2464 2468 2553
f 2465 2552 2554 2469
f 2472 2477 2555 2556
f 2553 2468 2472 2556
f 2478 2473 2557 2558
f 2469 2554 2557 2473
f 2476 2484 2559 2560
f 2555 2477 2476 2560
f 2485 2479 2561 2562
f 2478 2558 2561 2479
f 2483 2492 2563 2564
f 2559 2484 2483 2564
f 2493 2486 2565 2566
f 2485 2562 2565 2486
f 2491 2499 2567 2568
f 2563 2492 2491 2568
f 2499 2501 2569 2567
f 2502 2505 2570 2571
f 2505 2494 2572 2570
f 2493 2566 2572 2494
f 2500 2509 2573 2574
f 2569 2501 2500 2574
f 2509 2511 2575 2573
f 2511 2513 2576 2575
f 2513 2515 2577 2576
f 2515 2503 2578 2577
f 2502 2571 2578 2503
f 2518 2517 2579 2580
f 2579 2517 2519 2581
f 2520 2518 2580 2582
f 2521 2520 2582 2583
f 2522 2521 2583 2584
f 2523 2522 2584 2585
f 2523 2585 2586 2524
f 2526 2525 2587 2588
f 2587 2525 2527 2589
f 2519 2526 2588 2581
f 2528 2524 2586 2590
f 2529 2528 2590 2591
f 2529 2591 2592 2530
f 2527 2531 2593 2589
f 2593 2531 2532 2594
f 2533 2530 2592 2595
f 2533 2595 2596 2534
f 2532 2535 2597 2594
f 2597 2535 2536 2598
f 2537 2534 2596 2599
f 2537 2599 2600 2538
f 2536 2539 2601 2598
f 2601 2539 2540 2602
f 2541 2538 2600 2603
f 2541 2603 2604 2542
f 2602 2540 2543 2605
f 2542 2604 2606 2544
f 2605 2543 2545 2607
f 2544 2606 2608 2546
f 2607 2545 2547 2609
f 2546 2608 2610 2548
f 2609 2547 2549 2611
f 2548 2610 2612 2550
f 2611 2549 2551 2613
f 2550 2612 2614 2552
f 2613 2551 2553 2615
f 2552 2614 2616 2554
f 2556 2555 2617 2618
f 2615 2553 2556 2618
f 2558 2557 2619 2620
f 2554 2616 2619 2557
f 2560 2559 2621 2622
f 2617 2555 2560 2622
f 2562 2561 2623 2624
f 2558 2620 2623 2561
f 2564 2563 2625 2626
f 2621 2559 2564 2626
f 2566 2565 2627 2628
f 2562 2624 2627 2565
f 2568 2567 2629 2630
f 2625 2563 2568 2630
f 2567 2569 2631 2629
f 2571 2570 2632 2633
f 2570 2572 2634 2632
f 2566 2628 2634 2572
f 2574 2573 2635 2636
f 2631 2569 2574 2636
f 2573 2575 2637 2635
f 2575 2576 2638 2637
f 2576 2577 2639 2638
f 2577 2578 2640 2639
f 2571 2633 2640 2578
f 2641 2642 2643 2644
f 2580 2579 2641 2644
f 2641 2579 2581 2642
f 2644 2643 2645 2646
f 2582 2580 2644 2646
f 2646 2645 2647 2648
f 2583 2582 2646 2648
f 2648 2647 2649 2650
f 2584 2583 2648 2650
f 2650 2649 2651 2652
f 2585 2584 2650 2652
f 2585 2652 2651 2586
f 2653 2654 2655 2656
f 2588 2587 2653 2656
f 2653 2587 2589 2654
f 2656 2655 2657 2642
f 2581 2588 2656 2642
f 2651 2658 2659 2660
f 2590 2586 2651 2660
f 2660 2659 2661 2662
f 2591 2590 2660 2662
f 2591 2662 2661 2592
f 2663 2664 2665 2654
f 2589 2593 2663 2654
f 2663 2593 2594 2664
f 2661 2666 2667 2668
f 2595 2592 2661 2668
f 2595 2668 2667 2596
f 2669 2670 2671 2664
f 2594 2597 2669 2664
f 2669 2597 2598 2670
f 2667 2672 2673 2674
f 2599 2596 2667 2674
f 2599 2674 2673 2600
f 2675 2676 2677 2670
f 2598 2601 2675 2670
f 2675 2601 2602 2676
f 2673 2678 2679 2680
f 2603 2600 2673 2680
f 2603 2680 2679 2604
f 2676 2681 2682 2677
f 2676 2602 2605 2681
f 2678 2683 2684 2679
f 2604 2679 2684 2606
f 2681 2685 2686 2682
f 2681 2605 2607 2685
f 2683 2687 2688 2684
f 2606 2684 2688 2608
f 2685 2689 2690 2686
f 2685 2607 2609 2689
f 2687 2691 2692 2688
f 2608 2688 2692 2610
f 2689 2693 2694 2690
f 2689 2609 2611 2693
f 2691 2695 2696 2692
f 2610 2692 2696 2612
f 2693 2697 2698 2694
f 2693 2611 2613 2697
f 2695 2699 2700 2696
f 2612 2696 2700 2614
f 2697 2701 2702 2698
f 2697 2613 2615 2701
f 2699 2703 2704 2700
f 2614 2700 2704 2616
f 2701 2705 2706 2702
f 2618 2617 2706 2705
f 2701 2615 2618 2705
f 2703 2707 2708 2704
f 2620 2619 2708 2707
f 2616 2704 2708 2619
f 2706 2709 2710 2711
f 2622 2621 2710 2709
f 2706 2617 2622 2709
f 2712 2713 2714 2707
f 2624 2623 2714 2713
f 2620 2707 2714 2623
f 2710 2715 2716 2717
f 2626 2625 2716 2715
f 2710 2621 2626 2715
f 2718 2719 2720 2713
f 2628 2627 2720 2719
f 2624 2713 2720 2627
f 2716 2721 2722 2723
f 2630 2629 2722 2721
f 2716 2625 2630 2721
f 2723 2722 2724 2725
f 2629 2631 2724 2722
f 2726 2727 2728 2729
f 2633 2632 2728 2727
f 2729 2728 2730 2719
f 2632 2634 2730 2728
f 2628 2719 2730 2634
f 2724 2731 2732 2733
f 2636 2635 2732 2731
f 2724 2631 2636 2731
f 2733 2732 2734 2735
f 2635 2637 2734 2732
f 2735 2734 2736 2737
f 2637 2638 2736 2734
f 2737 2736 2738 2739
f 2638 2639 2738 2736
f 2739 2738 2740 2727
f 2639 2640 2740 2738
f 2633 2727 2740 2640
f 2643 2642 2741 2742
f 2741 2642 2657 2743
f 2645 2643 2742 2744
f 2647 2645 2744 2745
f 2649 2647 2745 2746
f 2651 2649 2746 2747
f 2651 2747 2748 2658
f 2655 2654 2749 2750
f 2749 2654 2665 2751
f 2657 2655 2750 2743
f 2659 2658 2748 2752
f 2661 2659 2752 2753
f 2661 2753 2754 2666
f 2665 2664 2755 2751
f 2755 2664 2671 2756
f 2667 2666 2754 2757
f 2667 2757 2758 2672
f 2671 2670 2759 2756
f 2759 2670 2677 2760
f 2673 2672 2758 2761
f 2673 2761 2762 2678
f 2760 2677 2682 2763
f 2678 2762 2764 2683
f 2763 2682 2686 2765
f 2683 2764 2766 2687
f 2765 2686 2690 2767
f 2687 2766 2768 2691
f 2767 2690 2694 2769
f 2691 2768 2770 2695
f 2769 2694 2698 2771
f 2695 2770 2772 2699
f 2771 2698 2702 2773
f 2699 2772 2774 2703
f 2706 2711 2775 2776
f 2773 2702 2706 2776
f 2712 2707 2777 2778
f 2703 2774 2777 2707
f 2710 2717 2779 2780
f 2775 2711 2710 2780
f 2718 2713 2781 2782
f 2712 2778 2781 2713
f 2716 2723 2783 2784
f 2779 2717 2716 2784
f 2723 2725 2785 2783
f 2726 2729 2786 2787
f 2729 2719 2788 2786
f 2718 2782 2788 2719
f 2724 2733 2789 2790
f 2785 2725 2724 2790
f 2733 2735 2791 2789
f 2735 2737 2792 2791
f 2737 2739 2793 2792
f 2739 2727 2794 2793
f 2726 2787 2794 2727
f 2742 2741 2795 2796
f 2795 2741 2743 2797
f 2744 2742 2796 2798
f 2745 2744 2798 2799
f 2746 2745 2799 2800
f 2747 2746 2800 2801
f 2747 2801 2802 2748
f 2750 2749 2803 2804
f 2803 2749 2751 2805
f 2743 2750 2804 2797
f 2752 2748 2802 2806
f 2753 2752 2806 2807
f 2753 2807 2808 2754
f 2751 2755 2809 2805
f 2809 2755 2756 2810
f 2757 2754 2808 2811
f 2757 2811 2812 2758
f 2756 2759 2813 2810
f 2813 2759 2760 2814
f 2761 2758 2812 2815
f 2761 2815 2816 2762
f 2814 2760 2763 2817
f 2762 2816 2818 2764
f 2817 2763 2765 2819
f 2764 2818 2820 2766
f 2819 2765 2767 2821
f 2766 2820 2822 2768
f 2821 2767 2769 2823
f 2768 2822 2824 2770
f 2823 2769 2771 2825
f 2770 2824 2826 2772
f 2825 2771 2773 2827
f 2772 2826 2828 2774
f 2776 2775 2829 2830
f 2827 2773 2776 2830
f 2778 2777 2831 2832
f 2774 2828 2831 2777
f 2780 2779 2833 2834
f 2829 2775 2780 2834
f 2782 2781 2835 2836
f 2778 2832 2835 2781
f 2784 2783 2837 2838
f 2833 2779 2784 2838
f 2783 2785 2839 2837
f 2787 2786 2840 2841
f 2786 2788 2842 2840
f 2782 2836 2842 2788
f 2790 2789 2843 2844
f 2839 2785 2790 2844
f 2789 2791 2845 2843
f 2791 2792 2846 2845
f 2792 2793 2847 2846
f 2793 2794 2848 2847
f 2787 2841 2848 2794
f 2849 2850 2851 2852
f 2796 2795 2849 2852
f 2849 2795 2797 2850
f 2852 2851 2853 2854
f 2798 2796 2852 2854
f 2854 2853 2855 2856
f 2799 2798 2854 2856
f 2856 2855 2857 2858
f 2800 2799 2856 2858
f 2858 2857 2859 2860
f 2801 2800 2858 2860
f 2801 2860 2859 2802
f 2861 2862 2863 2864
f 2804 2803 2861 2864
f 2861 2803 2805 2862
f 2864 2863 2865 2850
f 2797 2804 2864 2850
f 2859 2866 2867 2868
f 2806 2802 2859 2868
f 2868 2867 2869 2870
f 2807 2806 2868 2870
f 2807 2870 2869 2808
f 2871 2872 2873 2862
f 2805 2809 2871 2862
f 2871 2809 2810 2872
f 2862 2873 2874 2863
f 2867 2875 2876 2869
f 2869 2876 2877 2878
f 2811 2808 2869 2878
f 2811 2878 2877 2812
f 2879 2880 2881 2872
f 2810 2813 2879 2872
f 2879 2813 2814 2880
f 2872 2881 2882 2873
f 2876 2883 2884 2877
f 2877 2884 2885 2886
f 2815 2812 2877 2886
f 2815 2886 2885 2816
f 2880 2887 2888 2881
f 2880 2814 2817 2887
f 2884 2889 2890 2885
f 2816 2885 2890 2818
f 2887 2891 2892 2888
f 2887 2817 2819 2891
f 2889 2893 2894 2890
f 2818 2890 2894 2820
f 2891 2895 2896 2892
f 2891 2819 2821 2895
f 2893 2897 2898 2894
f 2820 2894 2898 2822
f 2895 2899 2900 2896
f 2895 2821 2823 2899
f 2897 2901 2902 2898
f 2822 2898 2902 2824
f 2899 2903 2904 2900
f 2899 2823 2825 2903
f 2901 2905 2906 2902
f 2824 2902 2906 2826
f 2903 2907 2908 2904
f 2903 2825 2827 2907
f 2905 2909 2910 2906
f 2826 2906 2910 2828
f 2907 2911 2912 2908
f 2830 2829 2912 2911
f 2907 2827 2830 2911
f 2908 2912 2913 2914
f 2915 2916 2917 2909
f 2909 2917 2918 2910
f 2832 2831 2918 2917
f 2828 2910 2918 2831
f 2912 2919 2920 2913
f 2834 2833 2920 2919
f 2912 2829 2834 2919
f 2913 2920 2921 2922
f 2923 2924 2925 2916
f 2916 2925 2926 2917
f 2836 2835 2926 2925
f 2832 2917 2926 2835
f 2920 2927 2928 2921
f 2838 2837 2928 2927
f 2920 2833 2838 2927
f 2921 2928 2929 2930
f 2837 2839 2929 2928
f 2931 2932 2933 2924
f 2841 2840 2933 2932
f 2924 2933 2934 2925
f 2840 2842 2934 2933
f 2836 2925 2934 2842
f 2929 2935 2936 2937
f 2844 2843 2936 2935
f 2929 2839 2844 2935
f 2937 2936 2938 2939
f 2843 2845 2938 2936
f 2939 2938 2940 2941
f 2845 2846 2940 2938
f 2941 2940 2942 2943
f 2846 2847 2942 2940
f 2943 2942 2944 2932
f 2847 2848 2944 2942
f 2841 2932 2944 2848
f 2851 2850 2945 2946
f 2945 2850 2865 2947
f 2853 2851 2946 2948
f 2855 2853 2948 2949
f 2857 2855 2949 2950
f 2859 2857 2950 2951
f 2859 2951 2952 2866
f 2865 2863 2953 2947
f 2953 2863 2874 2954
f 2867 2866 2952 2955
f 2867 2955 2956 2875
f 2874 2873 2957 2954
f 2957 2873 2882 2958
f 2876 2875 2956 2959
f 2876 2959 2960 2883
f 2882 2881 2961 2958
f 2961 2881 2888 2962
f 2884 2883 2960 2963
f 2884 2963 2964 2889
f 2962 2888 2892 2965
f 2889 2964 2966 2893
f 2965 2892 2896 2967
f 2893 2966 2968 2897
f 2967 2896 2900 2969
f 2897 2968 2970 2901
f 2969 2900 2904 2971
f 2901 2970 2972 2905
f 2908 2914 2973 2974
f 2971 2904 2908 2974
f 2915 2909 2975 2976
f 2905 2972 2975 2909
f 2913 2922 2977 2978
f 2973 2914 2913 2978
f 2923 2916 2979 2980
f 2915 2976 2979 2916
f 2921 2930 2981 2982
f 2977 2922 2921 2982
f 2931 2924 2983 2984
f 2923 2980 2983 2924
f 2929 2937 2985 2986
f 2981 2930 2929 2986
f 2937 2939 2987 2985
f 2939 2941 2988 2987
f 2941 2943 2989 2988
f 2943 2932 2990 2989
f 2931 2984 2990 2932
f 2991 2992 2993 2994
f 2946 2945 2991 2994
f 2991 2945 2947 2992
f 2994 2993 2995 2996
f 2948 2946 2994 2996
f 2996 2995 2997 2998
f 2949 2948 2996 2998
f 2998 2997 2999 3000
f 2950 2949 2998 3000
f 3000 2999 3001 3002
f 2951 2950 3000 3002
f 2951 3002 3001 2952
f 3003 3004 3005 2992
f 2947 2953 3003 2992
f 3003 2953 2954 3004
f 3001 3006 3007 3008
f 2955 2952 3001 3008
f 2955 3008 3007 2956
f 3009 3010 3011 3004
f 2954 2957 3009 3004
f 3009 2957 2958 3010
f 3007 3012 3013 3014
f 2959 2956 3007 3014
f 2959 3014 3013 2960
f 3015 3016 3017 3010
f 2958 2961 3015 3010
f 3015 2961 2962 3016
f 3013 3018 3019 3020
f 2963 2960 3013 3020
f 2963 3020 3019 2964
f 3016 3021 3022 3017
f 3016 2962 2965 3021
f 3018 3023 3024 3019
f 2964 3019 3024 2966
f 3021 3025 3026 3022
f 3021 2965 2967 3025
f 3023 3027 3028 3024
f 2966 3024 3028 2968
f 3025 3029 3030 3026
f 3025 2967 2969 3029
f 3027 3031 3032 3028
f 2968 3028 3032 2970
f 3029 3033 3034 3030
f 3029 2969 2971 3033
f 3031 3035 3036 3032
f 2970 3032 3036 2972
f 3033 3037 3038 3034
f 2974 2973 3038 3037
f 3033 2971 2974 3037
f 3035 3039 3040 3036
f 2976 2975 3040 3039
f 2972 3036 3040 2975
f 3038 3041 3042 3043
f 2978 2977 3042 3041
f 3038 2973 2978 3041
f 3044 3045 3046 3039
f 2980 2979 3046 3045
f 2976 3039 3046 2979
f 3042 3047 3048 3049
f 2982 2981 3048 3047
f 3042 2977 2982 3047
f 3050 3051 3052 3045
f 2984 2983 3052 3051
f 2980 3045 3052 2983
f 3048 3053 3054 3055
f 2986 2985 3054 3053
f 3048 2981 2986 3053
f 3055 3054 3056 3057
f 2985 2987 3056 3054
f 3057 3056 3058 3059
f 2987 2988 3058 3056
f 3059 3058 3060 3061
f 2988 2989 3060 3058
f 3061 3060 3062 3051
f 2989 2990 3062 3060
f 2984 3051 3062 2990
f 2993 2992 3063 3064
f 3063 2992 3005 3065
f 2995 2993 3064 3066
f 2997 2995 3066 3067
f 2999 2997 3067 3068
f 3001 2999 3068 3069
f 3001 3069 3070 3006
f 3005 3004 3071 3065
f 3071 3004 3011 3072
f 3007 3006 3070 3073
f 3007 3073 3074 3012
f 3011 3010 3075 3072
f 3075 3010 3017 3076
f 3013 3012 3074 3077
f 3013 3077 3078 3018
f 3076 3017 3022 3079
f 3018 3078 3080 3023
f 3079 3022 3026 3081
f 3023 3080 3082 3027
f 3081 3026 3030 3083
f 3027 3082 3084 3031
f 3083 3030 3034 3085
f 3031 3084 3086 3035
f 3038 3043 3087 3088
f 3085 3034 3038 3088
f 3044 3039 3089 3090
f 3035 3086 3089 3039
f 3042 3049 3091 3092
f 3087 3043 3042 3092
f 3050 3045 3093 3094
f 3044 3090 3093 3045
f 3048 3055 3095 3096
f 3091 3049 3048 3096
f 3055 3057 3097 3095
f 3057 3059 3098 3097
f 3059 3061 3099 3098
f 3061 3051 3100 3099
f 3050 3094 3100 3051
f 3101 3102 3103 3104
f 3064 3063 3101 3104
f 3101 3063 3065 3102
f 3104 3103 3105 3106
f 3066 3064 3104 3106
f 3106 3105 3107 3108
f 3067 3066 3106 3108
f 3108 3107 3109 3110
f 3068 3067 3108 3110
f 3110 3109 3111 3112
f 3069 3068 3110 3112
f 3069 3112 3111 3070
f 3113 3114 3115 3102
f 3065 3071 3113 3102
f 3113 3071 3072 3114
f 3102 3115 3116 3103
f 3109 3117 3118 3111
f 3111 3118 3119 3120
f 3073 3070 3111 3120
f 3073 3120 3119 3074
f 3121 3122 3123 3114
f 3072 3075 3121 3114
f 3121 3075 3076 3122
f 3119 3124 3125 3126
f 3077 3074 3119 3126
f 3077 3126 3125 3078
f 3122 3127 3128 3123
f 3122 3076 3079 3127
f 3124 3129 3130 3125
f 3078 3125 3130 3080
f 3127 3131 3132 3128
f 3127 3079 3081 3131
f 3129 3133 3134 3130
f 3080 3130 3134 3082
f 3131 3135 3136 3132
f 3131 3081 3083 3135
f 3133 3137 3138 3134
f 3082 3134 3138 3084
f 3135 3139 3140 3136
f 3135 3083 3085 3139
f 3137 3141 3142 3138
f 3084 3138 3142 3086
f 3139 3143 3144 3140
f 3088 3087 3144 3143
f 3139 3085 3088 3143
f 3141 3145 3146 3142
f 3090 3089 3146 3145
f 3086 3142 3146 3089
f 3144 3147 3148 3149
f 3092 3091 3148 3147
f 3144 3087 3092 3147
f 3149 3148 3150 3151
f 3152 3153 3154 3155
f 3155 3154 3156 3145
f 3094 3093 3156 3154
f 3090 3145 3156 3093
f 3148 3157 3158 3150
f 3096 3095 3158 3157
f 3148 3091 3096 3157
f 3150 3158 3159 3160
f 3095 3097 3159 3158
f 3160 3159 3161 3162
f 3097 3098 3161 3159
f 3162 3161 3163 3153
f 3098 3099 3163 3161
f 3153 3163 3164 3154
f 3099 3100 3164 3163
f 3094 3154 3164 3100
f 3105 3103 3165 3166
f 3165 3103 3116 3167
f 3107 3105 3166 3168
f 3109 3107 3168 3169
f 3109 3169 3170 3117
f 3115 3114 3171 3172
f 3171 3114 3123 3173
f 3116 3115 3172 3167
f 3118 3117 3170 3174
f 3119 3118 3174 3175
f 3119 3175 3176 3124
f 3173 3123 3128 3177
f 3124 3176 3178 3129
f 3177 3128 3132 3179
f 3129 3178 3180 3133
f 3179 3132 3136 3181
f 3133 3180 3182 3137
f 3181 3136 3140 3183
f 3137 3182 3184 3141
f 3144 3149 3185 3186
f 3183 3140 3144 3186
f 3149 3151 3187 3185
f 3152 3155 3188 3189
f 3155 3145 3190 3188
f 3141 3184 3190 3145
f 3150 3160 3191 3192
f 3187 3151 3150 3192
f 3160 3162 3193 3191
f 3162 3153 3194 3193
f 3152 3189 3194 3153
f 3195 3196 3197 3198
f 3166 3165 3195 3198
f 3195 3165 3167 3196
f 3198 3197 3199 3200
f 3168 3166 3198 3200
f 3200 3199 3201 3202
f 3169 3168 3200 3202
f 3169 3202 3201 3170
f 3203 3204 3205 3206
f 3172 3171 3203 3206
f 3203 3171 3173 3204
f 3206 3205 3207 3196
f 3167 3172 3206 3196
f 3201 3208 3209 3210
f 3174 3170 3201 3210
f 3210 3209 3211 3212
f 3175 3174 3210 3212
f 3175 3212 3211 3176
f 3204 3213 3214 3205
f 3204 3173 3177 3213
f 3209 3215 3216 3211
f 3176 3211 3216 3178
f 3213 3217 3218 3214
f 3213 3177 3179 3217
f 3215 3219 3220 3216
f 3178 3216 3220 3180
f 3217 3221 3222 3218
f 3217 3179 3181 3221
f 3219 3223 3224 3220
f 3180 3220 3224 3182
f 3221 3225 3226 3222
f 3221 3181 3183 3225
f 3223 3227 3228 3224
f 3182 3224 3228 3184
f 3225 3229 3230 3226
f 3186 3185 3230 3229
f 3225 3183 3186 3229
f 3226 3230 3231 3232
f 3185 3187 3231 3230
f 3233 3234 3235 3227
f 3189 3188 3235 3234
f 3227 3235 3236 3228
f 3188 3190 3236 3235
f 3184 3228 3236 3190
f 3231 3237 3238 3239
f 3192 3191 3238 3237
f 3231 3187 3192 3237
f 3239 3238 3240 3241
f 3191 3193 3240 3238
f 3241 3240 3242 3234
f 3193 3194 3242 3240
f 3189 3234 3242 3194
f 3197 3196 3243 3244
f 3243 3196 3207 3245
f 3199 3197 3244 3246
f 3201 3199 3246 3247
f 3201 3247 3248 3208
f 3207 3205 3249 3245
f 3249 3205 3214 3250
f 3209 3208 3248 3251
f 3209 3251 3252 3215
f 3250 3214 3218 3253
f 3215 3252 3254 3219
f 3253 3218 3222 3255
f 3219 3254 3256 3223
f 3226 3232 3257 3258
f 3255 3222 3226 3258
f 3233 3227 3259 3260
f 3223 3256 3259 3227
f 3231 3239 3261 3262
f 3257 3232 3231 3262
f 3239 3241 3263 3261
f 3241 3234 3264 3263
f 3233 3260 3264 3234
f 3265 3266 3267 3268
f 3244 3243 3265 3268
f 3265 3243 3245 3266
f 3268 3267 3269 3270
f 3246 3244 3268 3270
f 3270 3269 3271 3272
f 3247 3246 3270 3272
f 3247 3272 3271 3248
f 3273 3274 3275 3266
f 3245 3249 3273 3266
f 3273 3249 3250 3274
f 3271 3276 3277 3278
f 3251 3248 3271 3278
f 3251 3278 3277 3252
f 3274 3279 3280 3275
f 3274 3250 3253 3279
f 3276 3281 3282 3277
f 3252 3277 3282 3254
f 3279 3283 3284 3280
f 3279 3253 3255 3283
f 3281 3285 3286 3282
f 3254 3282 3286 3256
f 3283 3287 3288 3284
f 3258 3257 3288 3287
f 3283 3255 3258 3287
f 3285 3289 3290 3286
f 3260 3259 3290 3289
f 3256 3286 3290 3259
f 3288 3291 3292 3293
f 3262 3261 3292 3291
f 3288 3257 3262 3291
f 3293 3292 3294 3295
f 3261 3263 3294 3292
f 3295 3294 3296 3289
f 3263 3264 3296 3294
f 3260 3289 3296 3264
f 3297 3298 3299 3300
f 3267 3266 3297 3300
f 3297 3266 3275 3298
f 3300 3299 3301 3302
f 3269 3267 3300 3302
f 3302 3301 3303 3304
f 3271 3269 3302 3304
f 3271 3304 3303 3276
f 3298 3305 3306 3299
f 3298 3275 3280 3305
f 3301 3307 3308 3303
f 3276 3303 3308 3281
f 3305 3309 3310 3306
f 3305 3280 3284 3309
f 3307 3311 3312 3308
f 3281 3308 3312 3285
f 3309 3313 3314 3310
f 3288 3293 3314 3313
f 3309 3284 3288 3313
f 3310 3314 3315 3311
f 3293 3295 3315 3314
f 3311 3315 3316 3312
f 3295 3289 3316 3315
f 3285 3312 3316 3289
f 3301 3299 3317 3318
f 3301 3318 3319 3307
f 3317 3299 3306 3320
f 3310 3311 3321 3322
f 3307 3319 3321 3311
f 3320 3306 3310 3322
f 3323 3324 3325 3326
f 3318 3317 3323 3326
f 3318 3326 3325 3319
f 3323 3317 3320 3324
f 3324 3327 3328 3325
f 3322 3321 3328 3327
f 3319 3325 3328 3321
f 3324 3320 3322 3327
