# C-trident — lifted from a 2D silhouette by aide.lift
o C-trident
v -23.000 -8.000 -1.500
v -23.000 -7.000 -1.500
v -23.000 -7.000 -2.500
v -23.000 -8.000 -2.500
v -22.000 -8.000 -2.500
v -22.000 -8.000 -1.500
v -22.000 -7.000 -2.500
v -23.000 -8.000 -0.500
v -23.000 -7.000 -0.500
v -22.000 -8.000 -0.500
v -23.000 -8.000 0.500
v -23.000 -7.000 0.500
v -22.000 -8.000 0.500
v -23.000 -8.000 1.500
v -23.000 -7.000 1.500
v -22.000 -8.000 1.500
v -23.000 -8.000 2.500
v -23.000 -7.000 2.500
v -22.000 -8.000 2.500
v -22.000 -7.000 2.500
v -23.000 -7.000 -3.500
v -23.000 -6.000 -3.500
v -23.000 -6.000 -4.500
v -23.000 -7.000 -4.500
v -22.000 -7.000 -4.500
v -22.000 -7.000 -3.500
v -22.000 -6.000 -4.500
v -23.000 -6.000 -2.500
v -23.000 -6.000 -1.500
v -23.000 -6.000 -0.500
v -23.000 -6.000 0.500
v -23.000 -6.000 1.500
v -23.000 -6.000 2.500
v -23.000 -7.000 3.500
v -23.000 -6.000 3.500
v -22.000 -7.000 3.500
v -23.000 -7.000 4.500
v -23.000 -6.000 4.500
v -22.000 -7.000 4.500
v -22.000 -6.000 4.500
v -23.000 -5.000 -4.500
v -23.000 -5.000 -5.500
v -23.000 -6.000 -5.500
v -22.000 -6.000 -5.500
v -22.000 -5.000 -5.500
v -23.000 -5.000 -3.500
v -23.000 -5.000 -2.500
v -23.000 -5.000 -1.500
v -23.000 -5.000 -0.500
v -23.000 -5.000 0.500
v -23.000 -5.000 1.500
v -23.000 -5.000 2.500
v -23.000 -5.000 3.500
v -23.000 -5.000 4.500
v -23.000 -6.000 5.500
v -23.000 -5.000 5.500
v -22.000 -6.000 5.500
v -22.000 -5.000 5.500
v -23.000 -4.000 -5.500
v -23.000 -4.000 -6.500
v -23.000 -5.000 -6.500
v -22.000 -5.000 -6.500
v -22.000 -4.000 -6.500
v -23.000 -4.000 -4.500
v -23.000 -4.000 -3.500
v -23.000 -4.000 -2.500
v -23.000 -4.000 -1.500
v -23.000 -4.000 -0.500
v -23.000 -4.000 0.500
v -23.000 -4.000 1.500
v -23.000 -4.000 2.500
v -23.000 -4.000 3.500
v -23.000 -4.000 4.500
v -23.000 -4.000 5.500
v -23.000 -5.000 6.500
v -23.000 -4.000 6.500
v -22.000 -5.000 6.500
v -22.000 -4.000 6.500
v -23.000 -3.000 -6.500
v -23.000 -3.000 -7.500
v -23.000 -4.000 -7.500
v -22.000 -4.000 -7.500
v -22.000 -3.000 -7.500
v -23.000 -3.000 -5.500
v -23.000 -3.000 -4.500
v -23.000 -3.000 -3.500
v -23.000 -3.000 -2.500
v -23.000 -3.000 -1.500
v -23.000 -3.000 -0.500
v -23.000 -3.000 0.500
v -23.000 -3.000 1.500
v -23.000 -3.000 2.500
v -23.000 -3.000 3.500
v -23.000 -3.000 4.500
v -23.000 -3.000 5.500
v -23.000 -3.000 6.500
v -23.000 -4.000 7.500
v -23.000 -3.000 7.500
v -22.000 -4.000 7.500
v -22.000 -3.000 7.500
v -23.000 -2.000 -6.500
v -23.000 -2.000 -7.500
v -22.000 -2.000 -7.500
v -23.000 -2.000 -5.500
v -23.000 -2.000 -4.500
v -23.000 -2.000 -3.500
v -23.000 -2.000 -2.500
v -23.000 -2.000 -1.500
v -23.000 -2.000 -0.500
v -23.000 -2.000 0.500
v -23.000 -2.000 1.500
v -23.000 -2.000 2.500
v -23.000 -2.000 3.500
v -23.000 -2.000 4.500
v -23.000 -2.000 5.500
v -23.000 -2.000 6.500
v -23.000 -2.000 7.500
v -22.000 -2.000 7.500
v -23.000 -1.000 -6.500
v -23.000 -1.000 -7.500
v -22.000 -1.000 -7.500
v -23.000 -1.000 -5.500
v -23.000 -1.000 -4.500
v -23.000 -1.000 -3.500
v -23.000 -1.000 -2.500
v -23.000 -1.000 -1.500
v -23.000 -1.000 -0.500
v -23.000 -1.000 0.500
v -23.000 -1.000 1.500
v -23.000 -1.000 2.500
v -23.000 -1.000 3.500
v -23.000 -1.000 4.500
v -23.000 -1.000 5.500
v -23.000 -1.000 6.500
v -23.000 -1.000 7.500
v -22.000 -1.000 7.500
v -23.000 0.000 -6.500
v -23.000 0.000 -7.500
v -22.000 0.000 -7.500
v -23.000 0.000 -5.500
v -23.000 0.000 -4.500
v -23.000 0.000 -3.500
v -23.000 0.000 -2.500
v -23.000 0.000 -1.500
v -23.000 0.000 -0.500
v -23.000 0.000 0.500
v -23.000 0.000 1.500
v -23.000 0.000 2.500
v -23.000 0.000 3.500
v -23.000 0.000 4.500
v -23.000 0.000 5.500
v -23.000 0.000 6.500
v -23.000 0.000 7.500
v -22.000 0.000 7.500
v -23.000 1.000 -6.500
v -23.000 1.000 -7.500
v -22.000 1.000 -7.500
v -23.000 1.000 -5.500
v -23.000 1.000 -4.500
v -23.000 1.000 -3.500
v -23.000 1.000 -2.500
v -23.000 1.000 -1.500
v -23.000 1.000 -0.500
v -23.000 1.000 0.500
v -23.000 1.000 1.500
v -23.000 1.000 2.500
v -23.000 1.000 3.500
v -23.000 1.000 4.500
v -23.000 1.000 5.500
v -23.000 1.000 6.500
v -23.000 1.000 7.500
v -22.000 1.000 7.500
v -23.000 2.000 -6.500
v -23.000 2.000 -7.500
v -22.000 2.000 -7.500
v -23.000 2.000 -5.500
v -23.000 2.000 -4.500
v -23.000 2.000 -3.500
v -23.000 2.000 -2.500
v -23.000 2.000 -1.500
v -23.000 2.000 -0.500
v -23.000 2.000 0.500
v -23.000 2.000 1.500
v -23.000 2.000 2.500
v -23.000 2.000 3.500
v -23.000 2.000 4.500
v -23.000 2.000 5.500
v -23.000 2.000 6.500
v -23.000 2.000 7.500
v -22.000 2.000 7.500
v -23.000 3.000 -6.500
v -23.000 3.000 -7.500
v -22.000 3.000 -7.500
v -23.000 3.000 -5.500
v -23.000 3.000 -4.500
v -23.000 3.000 -3.500
v -23.000 3.000 -2.500
v -23.000 3.000 -1.500
v -23.000 3.000 -0.500
v -23.000 3.000 0.500
v -23.000 3.000 1.500
v -23.000 3.000 2.500
v -23.000 3.000 3.500
v -23.000 3.000 4.500
v -23.000 3.000 5.500
v -23.000 3.000 6.500
v -23.000 3.000 7.500
v -22.000 3.000 7.500
v -23.000 4.000 -6.500
v -23.000 4.000 -7.500
v -22.000 4.000 -6.500
v -22.000 4.000 -7.500
v -23.000 4.000 -5.500
v -23.000 4.000 -4.500
v -23.000 4.000 -3.500
v -23.000 4.000 -2.500
v -23.000 4.000 -1.500
v -23.000 4.000 -0.500
v -23.000 4.000 0.500
v -23.000 4.000 1.500
v -23.000 4.000 2.500
v -23.000 4.000 3.500
v -23.000 4.000 4.500
v -23.000 4.000 5.500
v -23.000 4.000 6.500
v -23.000 4.000 7.500
v -22.000 4.000 7.500
v -22.000 4.000 6.500
v -23.000 5.000 -5.500
v -23.000 5.000 -6.500
v -22.000 5.000 -5.500
v -22.000 5.000 -6.500
v -23.000 5.000 -4.500
v -23.000 5.000 -3.500
v -23.000 5.000 -2.500
v -23.000 5.000 -1.500
v -23.000 5.000 -0.500
v -23.000 5.000 0.500
v -23.000 5.000 1.500
v -23.000 5.000 2.500
v -23.000 5.000 3.500
v -23.000 5.000 4.500
v -23.000 5.000 5.500
v -23.000 5.000 6.500
v -22.000 5.000 6.500
v -22.000 5.000 5.500
v -23.000 6.000 -4.500
v -23.000 6.000 -5.500
v -22.000 6.000 -4.500
v -22.000 6.000 -5.500
v -23.000 6.000 -3.500
v -23.000 6.000 -2.500
v -23.000 6.000 -1.500
v -23.000 6.000 -0.500
v -23.000 6.000 0.500
v -23.000 6.000 1.500
v -23.000 6.000 2.500
v -23.000 6.000 3.500
v -23.000 6.000 4.500
v -23.000 6.000 5.500
v -22.000 6.000 5.500
v -22.000 6.000 4.500
v -23.000 7.000 -3.500
v -23.000 7.000 -4.500
v -22.000 7.000 -3.500
v -22.000 7.000 -4.500
v -23.000 7.000 -2.500
v -22.000 7.000 -2.500
v -23.000 7.000 -1.500
v -23.000 7.000 -0.500
v -23.000 7.000 0.500
v -23.000 7.000 1.500
v -23.000 7.000 2.500
v -23.000 7.000 3.500
v -22.000 7.000 3.500
v -22.000 7.000 2.500
v -23.000 7.000 4.500
v -22.000 7.000 4.500
v -23.000 8.000 -1.500
v -23.000 8.000 -2.500
v -22.000 8.000 -1.500
v -22.000 8.000 -2.500
v -23.000 8.000 -0.500
v -22.000 8.000 -0.500
v -23.000 8.000 0.500
v -22.000 8.000 0.500
v -23.000 8.000 1.500
v -22.000 8.000 1.500
v -23.000 8.000 2.500
v -22.000 8.000 2.500
v -21.000 -9.000 -2.500
v -21.000 -8.000 -2.500
v -21.000 -8.000 -1.500
v -21.000 -9.000 -1.500
v -22.000 -9.000 -1.500
v -22.000 -9.000 -2.500
v -21.000 -8.000 -0.500
v -21.000 -9.000 -0.500
v -22.000 -9.000 -0.500
v -21.000 -8.000 0.500
v -21.000 -9.000 0.500
v -22.000 -9.000 0.500
v -21.000 -8.000 1.500
v -21.000 -9.000 1.500
v -22.000 -9.000 1.500
v -21.000 -8.000 2.500
v -21.000 -9.000 2.500
v -22.000 -9.000 2.500
v -21.000 -8.000 -4.500
v -21.000 -7.000 -4.500
v -21.000 -7.000 -3.500
v -21.000 -8.000 -3.500
v -22.000 -8.000 -3.500
v -22.000 -8.000 -4.500
v -21.000 -7.000 -2.500
v -21.000 -7.000 2.500
v -21.000 -7.000 3.500
v -21.000 -8.000 3.500
v -22.000 -8.000 3.500
v -21.000 -7.000 4.500
v -21.000 -8.000 4.500
v -22.000 -8.000 4.500
v -21.000 -7.000 -6.500
v -21.000 -6.000 -6.500
v -21.000 -6.000 -5.500
v -21.000 -7.000 -5.500
v -22.000 -7.000 -5.500
v -22.000 -6.000 -6.500
v -22.000 -7.000 -6.500
v -21.000 -6.000 -4.500
v -21.000 -6.000 4.500
v -21.000 -6.000 5.500
v -21.000 -7.000 5.500
v -22.000 -7.000 5.500
v -21.000 -6.000 6.500
v -21.000 -7.000 6.500
v -22.000 -7.000 6.500
v -22.000 -6.000 6.500
v -21.000 -6.000 -7.500
v -21.000 -5.000 -7.500
v -21.000 -5.000 -6.500
v -22.000 -5.000 -7.500
v -22.000 -6.000 -7.500
v -21.000 -5.000 -5.500
v -21.000 -5.000 5.500
v -21.000 -5.000 6.500
v -21.000 -5.000 7.500
v -21.000 -6.000 7.500
v -22.000 -6.000 7.500
v -22.000 -5.000 7.500
v -21.000 -4.000 -7.500
v -21.000 -4.000 -6.500
v -21.000 -4.000 6.500
v -21.000 -4.000 7.500
v -21.000 -4.000 -8.500
v -21.000 -3.000 -8.500
v -21.000 -3.000 -7.500
v -22.000 -3.000 -8.500
v -22.000 -4.000 -8.500
v -21.000 -3.000 7.500
v -21.000 -3.000 8.500
v -21.000 -4.000 8.500
v -22.000 -4.000 8.500
v -22.000 -3.000 8.500
v -21.000 -2.000 -8.500
v -21.000 -2.000 -7.500
v -22.000 -2.000 -8.500
v -21.000 -2.000 7.500
v -21.000 -2.000 8.500
v -22.000 -2.000 8.500
v -21.000 -1.000 -8.500
v -21.000 -1.000 -7.500
v -22.000 -1.000 -8.500
v -21.000 -1.000 7.500
v -21.000 -1.000 8.500
v -22.000 -1.000 8.500
v -21.000 0.000 -8.500
v -21.000 0.000 -7.500
v -22.000 0.000 -8.500
v -21.000 0.000 7.500
v -21.000 0.000 8.500
v -22.000 0.000 8.500
v -21.000 1.000 -8.500
v -21.000 1.000 -7.500
v -22.000 1.000 -8.500
v -21.000 1.000 7.500
v -21.000 1.000 8.500
v -22.000 1.000 8.500
v -21.000 2.000 -8.500
v -21.000 2.000 -7.500
v -22.000 2.000 -8.500
v -21.000 2.000 7.500
v -21.000 2.000 8.500
v -22.000 2.000 8.500
v -21.000 3.000 -8.500
v -21.000 3.000 -7.500
v -22.000 3.000 -8.500
v -21.000 3.000 7.500
v -21.000 3.000 8.500
v -22.000 3.000 8.500
v -21.000 4.000 -8.500
v -21.000 4.000 -7.500
v -22.000 4.000 -8.500
v -21.000 4.000 7.500
v -21.000 4.000 8.500
v -22.000 4.000 8.500
v -21.000 5.000 -7.500
v -21.000 5.000 -6.500
v -21.000 4.000 -6.500
v -22.000 5.000 -7.500
v -21.000 4.000 6.500
v -21.000 5.000 6.500
v -21.000 5.000 7.500
v -22.000 5.000 7.500
v -21.000 6.000 -7.500
v -21.000 6.000 -6.500
v -22.000 6.000 -6.500
v -22.000 6.000 -7.500
v -21.000 6.000 -5.500
v -21.000 5.000 -5.500
v -21.000 5.000 5.500
v -21.000 6.000 5.500
v -21.000 6.000 6.500
v -22.000 6.000 6.500
v -21.000 6.000 7.500
v -22.000 6.000 7.500
v -21.000 7.000 -6.500
v -21.000 7.000 -5.500
v -22.000 7.000 -5.500
v -22.000 7.000 -6.500
v -21.000 7.000 -4.500
v -21.000 6.000 -4.500
v -21.000 6.000 4.500
v -21.000 7.000 4.500
v -21.000 7.000 5.500
v -22.000 7.000 5.500
v -21.000 7.000 6.500
v -22.000 7.000 6.500
v -21.000 8.000 -4.500
v -21.000 8.000 -3.500
v -21.000 7.000 -3.500
v -22.000 8.000 -3.500
v -22.000 8.000 -4.500
v -21.000 8.000 -2.500
v -21.000 7.000 -2.500
v -21.000 7.000 2.500
v -21.000 8.000 2.500
v -21.000 8.000 3.500
v -21.000 7.000 3.500
v -22.000 8.000 3.500
v -21.000 8.000 4.500
v -22.000 8.000 4.500
v -21.000 9.000 -2.500
v -21.000 9.000 -1.500
v -21.000 8.000 -1.500
v -22.000 9.000 -1.500
v -22.000 9.000 -2.500
v -21.000 9.000 -0.500
v -21.000 8.000 -0.500
v -22.000 9.000 -0.500
v -21.000 9.000 0.500
v -21.000 8.000 0.500
v -22.000 9.000 0.500
v -21.000 9.000 1.500
v -21.000 8.000 1.500
v -22.000 9.000 1.500
v -21.000 9.000 2.500
v -22.000 9.000 2.500
v -20.000 -8.000 -2.500
v -20.000 -7.000 -2.500
v -20.000 -7.000 -1.500
v -20.000 -8.000 -1.500
v -20.000 -7.000 -0.500
v -20.000 -8.000 -0.500
v -20.000 -7.000 0.500
v -20.000 -8.000 0.500
v -20.000 -7.000 1.500
v -20.000 -8.000 1.500
v -20.000 -7.000 2.500
v -20.000 -8.000 2.500
v -20.000 -7.000 -4.500
v -20.000 -6.000 -4.500
v -20.000 -6.000 -3.500
v -20.000 -7.000 -3.500
v -20.000 -6.000 -2.500
v -20.000 -6.000 2.500
v -20.000 -6.000 3.500
v -20.000 -7.000 3.500
v -20.000 -6.000 4.500
v -20.000 -7.000 4.500
v -20.000 -6.000 -5.500
v -20.000 -5.000 -5.500
v -20.000 -5.000 -4.500
v -20.000 -5.000 4.500
v -20.000 -5.000 5.500
v -20.000 -6.000 5.500
v -20.000 -5.000 -6.500
v -20.000 -4.000 -6.500
v -20.000 -4.000 -5.500
v -20.000 -4.000 5.500
v -20.000 -4.000 6.500
v -20.000 -5.000 6.500
v -20.000 -4.000 -7.500
v -20.000 -3.000 -7.500
v -20.000 -3.000 -6.500
v -20.000 -3.000 6.500
v -20.000 -3.000 7.500
v -20.000 -4.000 7.500
v -20.000 -2.000 -7.500
v -20.000 -2.000 -6.500
v -20.000 -2.000 6.500
v -20.000 -2.000 7.500
v -20.000 -1.000 -7.500
v -20.000 -1.000 -6.500
v -20.000 -1.000 6.500
v -20.000 -1.000 7.500
v -20.000 0.000 -7.500
v -20.000 0.000 -6.500
v -20.000 0.000 6.500
v -20.000 0.000 7.500
v -20.000 1.000 -7.500
v -20.000 1.000 -6.500
v -20.000 1.000 6.500
v -20.000 1.000 7.500
v -20.000 2.000 -7.500
v -20.000 2.000 -6.500
v -20.000 2.000 6.500
v -20.000 2.000 7.500
v -20.000 3.000 -7.500
v -20.000 3.000 -6.500
v -20.000 3.000 6.500
v -20.000 3.000 7.500
v -20.000 4.000 -7.500
v -20.000 4.000 -6.500
v -20.000 4.000 6.500
v -20.000 4.000 7.500
v -20.000 5.000 -6.500
v -20.000 5.000 -5.500
v -20.000 4.000 -5.500
v -20.000 4.000 5.500
v -20.000 5.000 5.500
v -20.000 5.000 6.500
v -20.000 6.000 -5.500
v -20.000 6.000 -4.500
v -20.000 5.000 -4.500
v -20.000 5.000 4.500
v -20.000 6.000 4.500
v -20.000 6.000 5.500
v -20.000 7.000 -4.500
v -20.000 7.000 -3.500
v -20.000 6.000 -3.500
v -20.000 7.000 -2.500
v -20.000 6.000 -2.500
v -20.000 6.000 2.500
v -20.000 7.000 2.500
v -20.000 7.000 3.500
v -20.000 6.000 3.500
v -20.000 7.000 4.500
v -20.000 8.000 -2.500
v -20.000 8.000 -1.500
v -20.000 7.000 -1.500
v -20.000 8.000 -0.500
v -20.000 7.000 -0.500
v -20.000 8.000 0.500
v -20.000 7.000 0.500
v -20.000 8.000 1.500
v -20.000 7.000 1.500
v -20.000 8.000 2.500
v -19.000 -7.000 -2.500
v -19.000 -7.000 -1.500
v -19.000 -6.000 -2.500
v -19.000 -7.000 -0.500
v -19.000 -7.000 0.500
v -19.000 -7.000 1.500
v -19.000 -7.000 2.500
v -19.000 -6.000 2.500
v -19.000 -6.000 -4.500
v -19.000 -6.000 -3.500
v -19.000 -5.000 -4.500
v -19.000 -6.000 3.500
v -19.000 -6.000 4.500
v -19.000 -5.000 4.500
v -19.000 -5.000 -5.500
v -19.000 -4.000 -5.500
v -19.000 -5.000 5.500
v -19.000 -4.000 5.500
v -19.000 -4.000 -6.500
v -19.000 -3.000 -6.500
v -19.000 -4.000 6.500
v -19.000 -3.000 6.500
v -19.000 -2.000 -6.500
v -19.000 -2.000 6.500
v -19.000 -1.000 -6.500
v -19.000 -1.000 6.500
v -19.000 0.000 -6.500
v -19.000 0.000 6.500
v -19.000 1.000 -6.500
v -19.000 1.000 6.500
v -19.000 2.000 -6.500
v -19.000 2.000 6.500
v -19.000 3.000 -6.500
v -19.000 3.000 6.500
v -19.000 4.000 -5.500
v -19.000 4.000 -6.500
v -19.000 4.000 6.500
v -19.000 4.000 5.500
v -19.000 5.000 -4.500
v -19.000 5.000 -5.500
v -19.000 5.000 5.500
v -19.000 5.000 4.500
v -19.000 6.000 -3.500
v -19.000 6.000 -4.500
v -19.000 6.000 -2.500
v -19.000 6.000 3.500
v -19.000 6.000 2.500
v -19.000 6.000 4.500
v -19.000 7.000 -1.500
v -19.000 7.000 -2.500
v -19.000 7.000 -0.500
v -19.000 7.000 0.500
v -19.000 7.000 1.500
v -19.000 7.000 2.500
v -19.000 -8.000 -1.500
v -19.000 -8.000 -2.500
v -18.000 -8.000 -2.500
v -18.000 -8.000 -1.500
v -18.000 -7.000 -2.500
v -19.000 -8.000 -0.500
v -18.000 -8.000 -0.500
v -19.000 -8.000 0.500
v -18.000 -8.000 0.500
v -19.000 -8.000 1.500
v -18.000 -8.000 1.500
v -19.000 -8.000 2.500
v -18.000 -8.000 2.500
v -18.000 -7.000 2.500
v -19.000 -7.000 -3.500
v -19.000 -7.000 -4.500
v -18.000 -7.000 -4.500
v -18.000 -7.000 -3.500
v -18.000 -6.000 -4.500
v -19.000 -7.000 3.500
v -18.000 -7.000 3.500
v -19.000 -7.000 4.500
v -18.000 -7.000 4.500
v -18.000 -6.000 4.500
v -19.000 -6.000 -5.500
v -18.000 -6.000 -5.500
v -18.000 -5.000 -5.500
v -19.000 -6.000 5.500
v -18.000 -6.000 5.500
v -18.000 -5.000 5.500
v -19.000 -5.000 -6.500
v -18.000 -5.000 -6.500
v -18.000 -4.000 -6.500
v -19.000 -5.000 6.500
v -18.000 -5.000 6.500
v -18.000 -4.000 6.500
v -19.000 -3.000 -7.500
v -19.000 -4.000 -7.500
v -18.000 -4.000 -7.500
v -18.000 -3.000 -7.500
v -19.000 -4.000 7.500
v -19.000 -3.000 7.500
v -18.000 -4.000 7.500
v -18.000 -3.000 7.500
v -19.000 -2.000 -7.500
v -18.000 -2.000 -7.500
v -19.000 -2.000 7.500
v -18.000 -2.000 7.500
v -19.000 -1.000 -7.500
v -18.000 -1.000 -7.500
v -19.000 -1.000 7.500
v -18.000 -1.000 7.500
v -19.000 0.000 -7.500
v -18.000 0.000 -7.500
v -19.000 0.000 7.500
v -18.000 0.000 7.500
v -19.000 1.000 -7.500
v -18.000 1.000 -7.500
v -19.000 1.000 7.500
v -18.000 1.000 7.500
v -19.000 2.000 -7.500
v -18.000 2.000 -7.500
v -19.000 2.000 7.500
v -18.000 2.000 7.500
v -19.000 3.000 -7.500
v -18.000 3.000 -7.500
v -19.000 3.000 7.500
v -18.000 3.000 7.500
v -19.000 4.000 -7.500
v -18.000 4.000 -6.500
v -18.000 4.000 -7.500
v -19.000 4.000 7.500
v -18.000 4.000 7.500
v -18.000 4.000 6.500
v -19.000 5.000 -6.500
v -18.000 5.000 -5.500
v -18.000 5.000 -6.500
v -19.000 5.000 6.500
v -18.000 5.000 6.500
v -18.000 5.000 5.500
v -19.000 6.000 -5.500
v -18.000 6.000 -4.500
v -18.000 6.000 -5.500
v -19.000 6.000 5.500
v -18.000 6.000 5.500
v -18.000 6.000 4.500
v -19.000 7.000 -3.500
v -19.000 7.000 -4.500
v -18.000 7.000 -3.500
v -18.000 7.000 -4.500
v -18.000 7.000 -2.500
v -19.000 7.000 3.500
v -18.000 7.000 3.500
v -18.000 7.000 2.500
v -19.000 7.000 4.500
v -18.000 7.000 4.500
v -19.000 8.000 -1.500
v -19.000 8.000 -2.500
v -18.000 8.000 -1.500
v -18.000 8.000 -2.500
v -19.000 8.000 -0.500
v -18.000 8.000 -0.500
v -19.000 8.000 0.500
v -18.000 8.000 0.500
v -19.000 8.000 1.500
v -18.000 8.000 1.500
v -19.000 8.000 2.500
v -18.000 8.000 2.500
v -17.000 -8.000 -2.500
v -17.000 -8.000 -1.500
v -17.000 -7.000 -2.500
v -17.000 -8.000 -0.500
v -17.000 -8.000 0.500
v -17.000 -8.000 1.500
v -17.000 -8.000 2.500
v -17.000 -7.000 2.500
v -17.000 -7.000 -4.500
v -17.000 -7.000 -3.500
v -17.000 -6.000 -4.500
v -17.000 -7.000 3.500
v -17.000 -7.000 4.500
v -17.000 -6.000 4.500
v -17.000 -6.000 -5.500
v -17.000 -5.000 -5.500
v -17.000 -6.000 5.500
v -17.000 -5.000 5.500
v -17.000 -5.000 -6.500
v -17.000 -4.000 -6.500
v -17.000 -5.000 6.500
v -17.000 -4.000 6.500
v -17.000 -4.000 -7.500
v -17.000 -3.000 -7.500
v -17.000 -4.000 7.500
v -17.000 -3.000 7.500
v -17.000 -2.000 -7.500
v -17.000 -2.000 7.500
v -17.000 -1.000 -7.500
v -17.000 -1.000 7.500
v -17.000 0.000 -7.500
v -17.000 0.000 7.500
v -17.000 1.000 -7.500
v -17.000 1.000 7.500
v -17.000 2.000 -7.500
v -17.000 2.000 7.500
v -17.000 3.000 -7.500
v -17.000 3.000 7.500
v -17.000 4.000 -6.500
v -17.000 4.000 -7.500
v -17.000 4.000 7.500
v -17.000 4.000 6.500
v -17.000 5.000 -5.500
v -17.000 5.000 -6.500
v -17.000 5.000 6.500
v -17.000 5.000 5.500
v -17.000 6.000 -4.500
v -17.000 6.000 -5.500
v -17.000 6.000 5.500
v -17.000 6.000 4.500
v -17.000 7.000 -3.500
v -17.000 7.000 -4.500
v -17.000 7.000 -2.500
v -17.000 7.000 3.500
v -17.000 7.000 2.500
v -17.000 7.000 4.500
v -17.000 8.000 -1.500
v -17.000 8.000 -2.500
v -17.000 8.000 -0.500
v -17.000 8.000 0.500
v -17.000 8.000 1.500
v -17.000 8.000 2.500
v -16.000 -9.000 -2.500
v -16.000 -8.000 -2.500
v -16.000 -8.000 -1.500
v -16.000 -9.000 -1.500
v -17.000 -9.000 -1.500
v -17.000 -9.000 -2.500
v -16.000 -8.000 -0.500
v -16.000 -9.000 -0.500
v -17.000 -9.000 -0.500
v -16.000 -8.000 0.500
v -16.000 -9.000 0.500
v -17.000 -9.000 0.500
v -16.000 -8.000 1.500
v -16.000 -9.000 1.500
v -17.000 -9.000 1.500
v -16.000 -8.000 2.500
v -16.000 -9.000 2.500
v -17.000 -9.000 2.500
v -16.000 -8.000 -4.500
v -16.000 -7.000 -4.500
v -16.000 -7.000 -3.500
v -16.000 -8.000 -3.500
v -17.000 -8.000 -3.500
v -17.000 -8.000 -4.500
v -16.000 -7.000 -2.500
v -16.000 -7.000 2.500
v -16.000 -7.000 3.500
v -16.000 -8.000 3.500
v -17.000 -8.000 3.500
v -16.000 -7.000 4.500
v -16.000 -8.000 4.500
v -17.000 -8.000 4.500
v -16.000 -7.000 -6.500
v -16.000 -6.000 -6.500
v -16.000 -6.000 -5.500
v -16.000 -7.000 -5.500
v -17.000 -7.000 -5.500
v -17.000 -6.000 -6.500
v -17.000 -7.000 -6.500
v -16.000 -6.000 -4.500
v -16.000 -6.000 4.500
v -16.000 -6.000 5.500
v -16.000 -7.000 5.500
v -17.000 -7.000 5.500
v -16.000 -6.000 6.500
v -16.000 -7.000 6.500
v -17.000 -7.000 6.500
v -17.000 -6.000 6.500
v -16.000 -6.000 -7.500
v -16.000 -5.000 -7.500
v -16.000 -5.000 -6.500
v -17.000 -5.000 -7.500
v -17.000 -6.000 -7.500
v -16.000 -5.000 -5.500
v -16.000 -5.000 5.500
v -16.000 -5.000 6.500
v -16.000 -5.000 7.500
v -16.000 -6.000 7.500
v -17.000 -6.000 7.500
v -17.000 -5.000 7.500
v -16.000 -4.000 -7.500
v -16.000 -4.000 -6.500
v -16.000 -4.000 6.500
v -16.000 -4.000 7.500
v -16.000 -4.000 -8.500
v -16.000 -3.000 -8.500
v -16.000 -3.000 -7.500
v -17.000 -3.000 -8.500
v -17.000 -4.000 -8.500
v -16.000 -3.000 7.500
v -16.000 -3.000 8.500
v -16.000 -4.000 8.500
v -17.000 -4.000 8.500
v -17.000 -3.000 8.500
v -16.000 -2.000 -8.500
v -16.000 -2.000 -7.500
v -17.000 -2.000 -8.500
v -16.000 -2.000 7.500
v -16.000 -2.000 8.500
v -17.000 -2.000 8.500
v -16.000 -1.000 -8.500
v -16.000 -1.000 -7.500
v -17.000 -1.000 -8.500
v -16.000 -1.000 7.500
v -16.000 -1.000 8.500
v -17.000 -1.000 8.500
v -16.000 0.000 -8.500
v -16.000 0.000 -7.500
v -17.000 0.000 -8.500
v -16.000 0.000 7.500
v -16.000 0.000 8.500
v -17.000 0.000 8.500
v -16.000 1.000 -8.500
v -16.000 1.000 -7.500
v -17.000 1.000 -8.500
v -16.000 1.000 7.500
v -16.000 1.000 8.500
v -17.000 1.000 8.500
v -16.000 2.000 -8.500
v -16.000 2.000 -7.500
v -17.000 2.000 -8.500
v -16.000 2.000 7.500
v -16.000 2.000 8.500
v -17.000 2.000 8.500
v -16.000 3.000 -8.500
v -16.000 3.000 -7.500
v -17.000 3.000 -8.500
v -16.000 3.000 7.500
v -16.000 3.000 8.500
v -17.000 3.000 8.500
v -16.000 4.000 -8.500
v -16.000 4.000 -7.500
v -17.000 4.000 -8.500
v -16.000 4.000 7.500
v -16.000 4.000 8.500
v -17.000 4.000 8.500
v -16.000 5.000 -7.500
v -16.000 5.000 -6.500
v -16.000 4.000 -6.500
v -17.000 5.000 -7.500
v -16.000 4.000 6.500
v -16.000 5.000 6.500
v -16.000 5.000 7.500
v -17.000 5.000 7.500
v -16.000 6.000 -7.500
v -16.000 6.000 -6.500
v -17.000 6.000 -6.500
v -17.000 6.000 -7.500
v -16.000 6.000 -5.500
v -16.000 5.000 -5.500
v -16.000 5.000 5.500
v -16.000 6.000 5.500
v -16.000 6.000 6.500
v -17.000 6.000 6.500
v -16.000 6.000 7.500
v -17.000 6.000 7.500
v -16.000 7.000 -6.500
v -16.000 7.000 -5.500
v -17.000 7.000 -5.500
v -17.000 7.000 -6.500
v -16.000 7.000 -4.500
v -16.000 6.000 -4.500
v -16.000 6.000 4.500
v -16.000 7.000 4.500
v -16.000 7.000 5.500
v -17.000 7.000 5.500
v -16.000 7.000 6.500
v -17.000 7.000 6.500
v -16.000 8.000 -4.500
v -16.000 8.000 -3.500
v -16.000 7.000 -3.500
v -17.000 8.000 -3.500
v -17.000 8.000 -4.500
v -16.000 8.000 -2.500
v -16.000 7.000 -2.500
v -16.000 7.000 2.500
v -16.000 8.000 2.500
v -16.000 8.000 3.500
v -16.000 7.000 3.500
v -17.000 8.000 3.500
v -16.000 8.000 4.500
v -17.000 8.000 4.500
v -16.000 9.000 -2.500
v -16.000 9.000 -1.500
v -16.000 8.000 -1.500
v -17.000 9.000 -1.500
v -17.000 9.000 -2.500
v -16.000 9.000 -0.500
v -16.000 8.000 -0.500
v -17.000 9.000 -0.500
v -16.000 9.000 0.500
v -16.000 8.000 0.500
v -17.000 9.000 0.500
v -16.000 9.000 1.500
v -16.000 8.000 1.500
v -17.000 9.000 1.500
v -16.000 9.000 2.500
v -17.000 9.000 2.500
v -15.000 -8.000 -2.500
v -15.000 -8.000 -1.500
v -15.000 -7.000 -2.500
v -15.000 -8.000 -0.500
v -15.000 -8.000 0.500
v -15.000 -8.000 1.500
v -15.000 -8.000 2.500
v -15.000 -7.000 2.500
v -15.000 -7.000 -4.500
v -15.000 -7.000 -3.500
v -15.000 -6.000 -4.500
v -15.000 -7.000 3.500
v -15.000 -7.000 4.500
v -15.000 -6.000 4.500
v -15.000 -6.000 -5.500
v -15.000 -5.000 -5.500
v -15.000 -6.000 5.500
v -15.000 -5.000 5.500
v -15.000 -5.000 -6.500
v -15.000 -4.000 -6.500
v -15.000 -5.000 6.500
v -15.000 -4.000 6.500
v -15.000 -4.000 -7.500
v -15.000 -3.000 -7.500
v -15.000 -4.000 7.500
v -15.000 -3.000 7.500
v -15.000 -2.000 -7.500
v -15.000 -2.000 7.500
v -15.000 -1.000 -7.500
v -15.000 -1.000 7.500
v -15.000 0.000 -7.500
v -15.000 0.000 7.500
v -15.000 1.000 -7.500
v -15.000 1.000 7.500
v -15.000 2.000 -7.500
v -15.000 2.000 7.500
v -15.000 3.000 -7.500
v -15.000 3.000 7.500
v -15.000 4.000 -6.500
v -15.000 4.000 -7.500
v -15.000 4.000 7.500
v -15.000 4.000 6.500
v -15.000 5.000 -5.500
v -15.000 5.000 -6.500
v -15.000 5.000 6.500
v -15.000 5.000 5.500
v -15.000 6.000 -4.500
v -15.000 6.000 -5.500
v -15.000 6.000 5.500
v -15.000 6.000 4.500
v -15.000 7.000 -3.500
v -15.000 7.000 -4.500
v -15.000 7.000 -2.500
v -15.000 7.000 3.500
v -15.000 7.000 2.500
v -15.000 7.000 4.500
v -15.000 8.000 -1.500
v -15.000 8.000 -2.500
v -15.000 8.000 -0.500
v -15.000 8.000 0.500
v -15.000 8.000 1.500
v -15.000 8.000 2.500
v -14.000 -8.000 -2.500
v -14.000 -7.000 -2.500
v -14.000 -7.000 -1.500
v -14.000 -8.000 -1.500
v -14.000 -7.000 -0.500
v -14.000 -8.000 -0.500
v -14.000 -7.000 0.500
v -14.000 -8.000 0.500
v -14.000 -7.000 1.500
v -14.000 -8.000 1.500
v -14.000 -7.000 2.500
v -14.000 -8.000 2.500
v -14.000 -7.000 -4.500
v -14.000 -6.000 -4.500
v -14.000 -6.000 -3.500
v -14.000 -7.000 -3.500
v -14.000 -6.000 -2.500
v -14.000 -6.000 -1.500
v -14.000 -6.000 -0.500
v -14.000 -6.000 0.500
v -14.000 -6.000 1.500
v -14.000 -6.000 2.500
v -14.000 -6.000 3.500
v -14.000 -7.000 3.500
v -14.000 -6.000 4.500
v -14.000 -7.000 4.500
v -14.000 -6.000 -5.500
v -14.000 -5.000 -5.500
v -14.000 -5.000 -4.500
v -14.000 -5.000 -3.500
v -14.000 -5.000 -2.500
v -14.000 -5.000 -1.500
v -14.000 -5.000 -0.500
v -14.000 -5.000 0.500
v -14.000 -5.000 1.500
v -14.000 -5.000 2.500
v -14.000 -5.000 3.500
v -14.000 -5.000 4.500
v -14.000 -5.000 5.500
v -14.000 -6.000 5.500
v -14.000 -5.000 -6.500
v -14.000 -4.000 -6.500
v -14.000 -4.000 -5.500
v -14.000 -4.000 -4.500
v -14.000 -4.000 -3.500
v -14.000 -4.000 -2.500
v -14.000 -4.000 -1.500
v -14.000 -4.000 -0.500
v -14.000 -4.000 0.500
v -14.000 -4.000 1.500
v -14.000 -4.000 2.500
v -14.000 -4.000 3.500
v -14.000 -4.000 4.500
v -14.000 -4.000 5.500
v -14.000 -4.000 6.500
v -14.000 -5.000 6.500
v -14.000 -4.000 -7.500
v -14.000 -3.000 -7.500
v -14.000 -3.000 -6.500
v -14.000 -3.000 -5.500
v -14.000 -3.000 -4.500
v -14.000 -3.000 -3.500
v -14.000 -3.000 -2.500
v -14.000 -3.000 -1.500
v -14.000 -3.000 -0.500
v -14.000 -3.000 0.500
v -14.000 -3.000 1.500
v -14.000 -3.000 2.500
v -14.000 -3.000 3.500
v -14.000 -3.000 4.500
v -14.000 -3.000 5.500
v -14.000 -3.000 6.500
v -14.000 -3.000 7.500
v -14.000 -4.000 7.500
v -14.000 -2.000 -7.500
v -14.000 -2.000 -6.500
v -14.000 -2.000 -5.500
v -14.000 -2.000 -4.500
v -14.000 -2.000 -3.500
v -14.000 -2.000 -2.500
v -14.000 -2.000 -1.500
v -14.000 -2.000 -0.500
v -14.000 -2.000 0.500
v -14.000 -2.000 1.500
v -14.000 -2.000 2.500
v -14.000 -2.000 3.500
v -14.000 -2.000 4.500
v -14.000 -2.000 5.500
v -14.000 -2.000 6.500
v -14.000 -2.000 7.500
v -14.000 -1.000 -7.500
v -14.000 -1.000 -6.500
v -14.000 -1.000 -5.500
v -14.000 -1.000 -4.500
v -14.000 -1.000 -3.500
v -14.000 -1.000 -2.500
v -14.000 -1.000 -1.500
v -14.000 -1.000 1.500
v -14.000 -1.000 2.500
v -14.000 -1.000 3.500
v -14.000 -1.000 4.500
v -14.000 -1.000 5.500
v -14.000 -1.000 6.500
v -14.000 -1.000 7.500
v -14.000 0.000 -7.500
v -14.000 0.000 -6.500
v -14.000 0.000 -5.500
v -14.000 0.000 -4.500
v -14.000 0.000 -3.500
v -14.000 0.000 -2.500
v -14.000 0.000 -1.500
v -14.000 0.000 1.500
v -14.000 0.000 2.500
v -14.000 0.000 3.500
v -14.000 0.000 4.500
v -14.000 0.000 5.500
v -14.000 0.000 6.500
v -14.000 0.000 7.500
v -14.000 1.000 -7.500
v -14.000 1.000 -6.500
v -14.000 1.000 -5.500
v -14.000 1.000 -4.500
v -14.000 1.000 -3.500
v -14.000 1.000 -2.500
v -14.000 1.000 -1.500
v -14.000 1.000 1.500
v -14.000 1.000 2.500
v -14.000 1.000 3.500
v -14.000 1.000 4.500
v -14.000 1.000 5.500
v -14.000 1.000 6.500
v -14.000 1.000 7.500
v -14.000 2.000 -7.500
v -14.000 2.000 -6.500
v -14.000 2.000 -5.500
v -14.000 2.000 -4.500
v -14.000 2.000 -3.500
v -14.000 2.000 -2.500
v -14.000 2.000 -1.500
v -14.000 2.000 1.500
v -14.000 2.000 2.500
v -14.000 2.000 3.500
v -14.000 2.000 4.500
v -14.000 2.000 5.500
v -14.000 2.000 6.500
v -14.000 2.000 7.500
v -14.000 3.000 -7.500
v -14.000 3.000 -6.500
v -14.000 3.000 -5.500
v -14.000 3.000 -4.500
v -14.000 3.000 -3.500
v -14.000 3.000 -2.500
v -14.000 3.000 -1.500
v -14.000 3.000 -0.500
v -14.000 2.000 -0.500
v -14.000 3.000 0.500
v -14.000 2.000 0.500
v -14.000 3.000 1.500
v -14.000 3.000 2.500
v -14.000 3.000 3.500
v -14.000 3.000 4.500
v -14.000 3.000 5.500
v -14.000 3.000 6.500
v -14.000 3.000 7.500
v -14.000 4.000 -7.500
v -14.000 4.000 -6.500
v -14.000 4.000 -5.500
v -14.000 4.000 -4.500
v -14.000 4.000 -3.500
v -14.000 4.000 -2.500
v -14.000 4.000 -1.500
v -14.000 4.000 -0.500
v -14.000 4.000 0.500
v -14.000 4.000 1.500
v -14.000 4.000 2.500
v -14.000 4.000 3.500
v -14.000 4.000 4.500
v -14.000 4.000 5.500
v -14.000 4.000 6.500
v -14.000 4.000 7.500
v -14.000 5.000 -6.500
v -14.000 5.000 -5.500
v -14.000 5.000 -4.500
v -14.000 5.000 -3.500
v -14.000 5.000 -2.500
v -14.000 5.000 -1.500
v -14.000 5.000 -0.500
v -14.000 5.000 0.500
v -14.000 5.000 1.500
v -14.000 5.000 2.500
v -14.000 5.000 3.500
v -14.000 5.000 4.500
v -14.000 5.000 5.500
v -14.000 5.000 6.500
v -14.000 6.000 -5.500
v -14.000 6.000 -4.500
v -14.000 6.000 -3.500
v -14.000 6.000 -2.500
v -14.000 6.000 -1.500
v -14.000 6.000 -0.500
v -14.000 6.000 0.500
v -14.000 6.000 1.500
v -14.000 6.000 2.500
v -14.000 6.000 3.500
v -14.000 6.000 4.500
v -14.000 6.000 5.500
v -14.000 7.000 -4.500
v -14.000 7.000 -3.500
v -14.000 7.000 -2.500
v -14.000 7.000 -1.500
v -14.000 7.000 -0.500
v -14.000 7.000 0.500
v -14.000 7.000 1.500
v -14.000 7.000 2.500
v -14.000 7.000 3.500
v -14.000 7.000 4.500
v -14.000 8.000 -2.500
v -14.000 8.000 -1.500
v -14.000 8.000 -0.500
v -14.000 8.000 0.500
v -14.000 8.000 1.500
v -14.000 8.000 2.500
v -13.000 -2.000 -1.500
v -13.000 -2.000 -0.500
v -13.000 -1.000 -1.500
v -13.000 -2.000 0.500
v -13.000 -2.000 1.500
v -13.000 -1.000 1.500
v -13.000 0.000 -1.500
v -13.000 0.000 1.500
v -13.000 1.000 -1.500
v -13.000 1.000 1.500
v -13.000 2.000 -0.500
v -13.000 2.000 -1.500
v -13.000 2.000 0.500
v -13.000 2.000 1.500
v -12.000 -2.000 -1.500
v -12.000 -2.000 -0.500
v -12.000 -1.000 -1.500
v -12.000 -2.000 0.500
v -12.000 -2.000 1.500
v -12.000 -1.000 1.500
v -12.000 0.000 -1.500
v -12.000 0.000 1.500
v -12.000 1.000 -1.500
v -12.000 1.000 1.500
v -12.000 2.000 -0.500
v -12.000 2.000 -1.500
v -12.000 2.000 0.500
v -12.000 2.000 1.500
v -11.000 -2.000 -1.500
v -11.000 -2.000 -0.500
v -11.000 -1.000 -1.500
v -11.000 -2.000 0.500
v -11.000 -2.000 1.500
v -11.000 -1.000 1.500
v -11.000 0.000 -1.500
v -11.000 0.000 1.500
v -11.000 1.000 -1.500
v -11.000 1.000 1.500
v -11.000 2.000 -0.500
v -11.000 2.000 -1.500
v -11.000 2.000 0.500
v -11.000 2.000 1.500
v -10.000 -2.000 -1.500
v -10.000 -2.000 -0.500
v -10.000 -1.000 -1.500
v -10.000 -2.000 0.500
v -10.000 -2.000 1.500
v -10.000 -1.000 1.500
v -10.000 0.000 -1.500
v -10.000 0.000 1.500
v -10.000 1.000 -1.500
v -10.000 1.000 1.500
v -10.000 2.000 -0.500
v -10.000 2.000 -1.500
v -10.000 2.000 0.500
v -10.000 2.000 1.500
v -10.000 -9.000 -1.500
v -10.000 -8.000 -1.500
v -10.000 -8.000 -2.500
v -10.000 -9.000 -2.500
v -9.000 -9.000 -2.500
v -9.000 -9.000 -1.500
v -9.000 -8.000 -2.500
v -10.000 -9.000 -0.500
v -10.000 -8.000 -0.500
v -9.000 -9.000 -0.500
v -10.000 -9.000 0.500
v -10.000 -8.000 0.500
v -9.000 -9.000 0.500
v -10.000 -9.000 1.500
v -10.000 -8.000 1.500
v -9.000 -9.000 1.500
v -10.000 -9.000 2.500
v -10.000 -8.000 2.500
v -9.000 -9.000 2.500
v -9.000 -8.000 2.500
v -10.000 -8.000 -3.500
v -10.000 -7.000 -3.500
v -10.000 -7.000 -4.500
v -10.000 -8.000 -4.500
v -9.000 -8.000 -4.500
v -9.000 -8.000 -3.500
v -9.000 -7.000 -4.500
v -10.000 -7.000 -2.500
v -10.000 -7.000 -1.500
v -10.000 -7.000 -0.500
v -10.000 -7.000 0.500
v -10.000 -7.000 1.500
v -10.000 -7.000 2.500
v -10.000 -8.000 3.500
v -10.000 -7.000 3.500
v -9.000 -8.000 3.500
v -10.000 -8.000 4.500
v -10.000 -7.000 4.500
v -9.000 -8.000 4.500
v -9.000 -7.000 4.500
v -10.000 -7.000 -5.500
v -10.000 -6.000 -5.500
v -10.000 -6.000 -6.500
v -10.000 -7.000 -6.500
v -9.000 -7.000 -6.500
v -9.000 -7.000 -5.500
v -9.000 -6.000 -6.500
v -10.000 -6.000 -4.500
v -10.000 -6.000 -3.500
v -10.000 -6.000 -2.500
v -10.000 -6.000 -1.500
v -10.000 -6.000 -0.500
v -10.000 -6.000 0.500
v -10.000 -6.000 1.500
v -10.000 -6.000 2.500
v -10.000 -6.000 3.500
v -10.000 -6.000 4.500
v -10.000 -7.000 5.500
v -10.000 -6.000 5.500
v -9.000 -7.000 5.500
v -10.000 -7.000 6.500
v -10.000 -6.000 6.500
v -9.000 -7.000 6.500
v -9.000 -6.000 6.500
v -10.000 -5.000 -6.500
v -10.000 -5.000 -7.500
v -10.000 -6.000 -7.500
v -9.000 -6.000 -7.500
v -9.000 -5.000 -7.500
v -10.000 -5.000 -5.500
v -10.000 -5.000 -4.500
v -10.000 -5.000 -3.500
v -10.000 -5.000 -2.500
v -10.000 -5.000 -1.500
v -10.000 -5.000 -0.500
v -10.000 -5.000 0.500
v -10.000 -5.000 1.500
v -10.000 -5.000 2.500
v -10.000 -5.000 3.500
v -10.000 -5.000 4.500
v -10.000 -5.000 5.500
v -10.000 -5.000 6.500
v -10.000 -6.000 7.500
v -10.000 -5.000 7.500
v -9.000 -6.000 7.500
v -9.000 -5.000 7.500
v -10.000 -4.000 -6.500
v -10.000 -4.000 -7.500
v -9.000 -4.000 -7.500
v -10.000 -4.000 -5.500
v -10.000 -4.000 -4.500
v -10.000 -4.000 -3.500
v -10.000 -4.000 -2.500
v -10.000 -4.000 -1.500
v -10.000 -4.000 -0.500
v -10.000 -4.000 0.500
v -10.000 -4.000 1.500
v -10.000 -4.000 2.500
v -10.000 -4.000 3.500
v -10.000 -4.000 4.500
v -10.000 -4.000 5.500
v -10.000 -4.000 6.500
v -10.000 -4.000 7.500
v -9.000 -4.000 7.500
v -10.000 -3.000 -7.500
v -10.000 -3.000 -8.500
v -10.000 -4.000 -8.500
v -9.000 -4.000 -8.500
v -9.000 -3.000 -8.500
v -10.000 -3.000 -6.500
v -10.000 -3.000 -5.500
v -10.000 -3.000 -4.500
v -10.000 -3.000 -3.500
v -10.000 -3.000 -2.500
v -10.000 -3.000 -1.500
v -10.000 -3.000 -0.500
v -10.000 -3.000 0.500
v -10.000 -3.000 1.500
v -10.000 -3.000 2.500
v -10.000 -3.000 3.500
v -10.000 -3.000 4.500
v -10.000 -3.000 5.500
v -10.000 -3.000 6.500
v -10.000 -3.000 7.500
v -10.000 -4.000 8.500
v -10.000 -3.000 8.500
v -9.000 -4.000 8.500
v -9.000 -3.000 8.500
v -10.000 -2.000 -7.500
v -10.000 -2.000 -8.500
v -9.000 -2.000 -8.500
v -10.000 -2.000 -6.500
v -10.000 -2.000 -5.500
v -10.000 -2.000 -4.500
v -10.000 -2.000 -3.500
v -10.000 -2.000 -2.500
v -10.000 -2.000 2.500
v -10.000 -2.000 3.500
v -10.000 -2.000 4.500
v -10.000 -2.000 5.500
v -10.000 -2.000 6.500
v -10.000 -2.000 7.500
v -10.000 -2.000 8.500
v -9.000 -2.000 8.500
v -10.000 -1.000 -7.500
v -10.000 -1.000 -8.500
v -9.000 -1.000 -8.500
v -10.000 -1.000 -6.500
v -10.000 -1.000 -5.500
v -10.000 -1.000 -4.500
v -10.000 -1.000 -3.500
v -10.000 -1.000 -2.500
v -10.000 -1.000 2.500
v -10.000 -1.000 3.500
v -10.000 -1.000 4.500
v -10.000 -1.000 5.500
v -10.000 -1.000 6.500
v -10.000 -1.000 7.500
v -10.000 -1.000 8.500
v -9.000 -1.000 8.500
v -10.000 0.000 -7.500
v -10.000 0.000 -8.500
v -9.000 0.000 -8.500
v -10.000 0.000 -6.500
v -10.000 0.000 -5.500
v -10.000 0.000 -4.500
v -10.000 0.000 -3.500
v -10.000 0.000 -2.500
v -10.000 0.000 2.500
v -10.000 0.000 3.500
v -10.000 0.000 4.500
v -10.000 0.000 5.500
v -10.000 0.000 6.500
v -10.000 0.000 7.500
v -10.000 0.000 8.500
v -9.000 0.000 8.500
v -10.000 1.000 -7.500
v -10.000 1.000 -8.500
v -9.000 1.000 -8.500
v -10.000 1.000 -6.500
v -10.000 1.000 -5.500
v -10.000 1.000 -4.500
v -10.000 1.000 -3.500
v -10.000 1.000 -2.500
v -10.000 1.000 2.500
v -10.000 1.000 3.500
v -10.000 1.000 4.500
v -10.000 1.000 5.500
v -10.000 1.000 6.500
v -10.000 1.000 7.500
v -10.000 1.000 8.500
v -9.000 1.000 8.500
v -10.000 2.000 -7.500
v -10.000 2.000 -8.500
v -9.000 2.000 -8.500
v -10.000 2.000 -6.500
v -10.000 2.000 -5.500
v -10.000 2.000 -4.500
v -10.000 2.000 -3.500
v -10.000 2.000 -2.500
v -10.000 2.000 2.500
v -10.000 2.000 3.500
v -10.000 2.000 4.500
v -10.000 2.000 5.500
v -10.000 2.000 6.500
v -10.000 2.000 7.500
v -10.000 2.000 8.500
v -9.000 2.000 8.500
v -10.000 3.000 -7.500
v -10.000 3.000 -8.500
v -9.000 3.000 -8.500
v -10.000 3.000 -6.500
v -10.000 3.000 -5.500
v -10.000 3.000 -4.500
v -10.000 3.000 -3.500
v -10.000 3.000 -2.500
v -10.000 3.000 -1.500
v -10.000 3.000 -0.500
v -10.000 3.000 0.500
v -10.000 3.000 1.500
v -10.000 3.000 2.500
v -10.000 3.000 3.500
v -10.000 3.000 4.500
v -10.000 3.000 5.500
v -10.000 3.000 6.500
v -10.000 3.000 7.500
v -10.000 3.000 8.500
v -9.000 3.000 8.500
v -10.000 4.000 -7.500
v -10.000 4.000 -8.500
v -9.000 4.000 -7.500
v -9.000 4.000 -8.500
v -10.000 4.000 -6.500
v -10.000 4.000 -5.500
v -10.000 4.000 -4.500
v -10.000 4.000 -3.500
v -10.000 4.000 -2.500
v -10.000 4.000 -1.500
v -10.000 4.000 -0.500
v -10.000 4.000 0.500
v -10.000 4.000 1.500
v -10.000 4.000 2.500
v -10.000 4.000 3.500
v -10.000 4.000 4.500
v -10.000 4.000 5.500
v -10.000 4.000 6.500
v -10.000 4.000 7.500
v -10.000 4.000 8.500
v -9.000 4.000 8.500
v -9.000 4.000 7.500
v -10.000 5.000 -6.500
v -10.000 5.000 -7.500
v -9.000 5.000 -7.500
v -10.000 5.000 -5.500
v -10.000 5.000 -4.500
v -10.000 5.000 -3.500
v -10.000 5.000 -2.500
v -10.000 5.000 -1.500
v -10.000 5.000 -0.500
v -10.000 5.000 0.500
v -10.000 5.000 1.500
v -10.000 5.000 2.500
v -10.000 5.000 3.500
v -10.000 5.000 4.500
v -10.000 5.000 5.500
v -10.000 5.000 6.500
v -10.000 5.000 7.500
v -9.000 5.000 7.500
v -10.000 6.000 -6.500
v -10.000 6.000 -7.500
v -9.000 6.000 -6.500
v -9.000 6.000 -7.500
v -10.000 6.000 -5.500
v -10.000 6.000 -4.500
v -10.000 6.000 -3.500
v -10.000 6.000 -2.500
v -10.000 6.000 -1.500
v -10.000 6.000 -0.500
v -10.000 6.000 0.500
v -10.000 6.000 1.500
v -10.000 6.000 2.500
v -10.000 6.000 3.500
v -10.000 6.000 4.500
v -10.000 6.000 5.500
v -10.000 6.000 6.500
v -10.000 6.000 7.500
v -9.000 6.000 7.500
v -9.000 6.000 6.500
v -10.000 7.000 -5.500
v -10.000 7.000 -6.500
v -9.000 7.000 -5.500
v -9.000 7.000 -6.500
v -10.000 7.000 -4.500
v -9.000 7.000 -4.500
v -10.000 7.000 -3.500
v -10.000 7.000 -2.500
v -10.000 7.000 -1.500
v -10.000 7.000 -0.500
v -10.000 7.000 0.500
v -10.000 7.000 1.500
v -10.000 7.000 2.500
v -10.000 7.000 3.500
v -10.000 7.000 4.500
v -10.000 7.000 5.500
v -9.000 7.000 5.500
v -9.000 7.000 4.500
v -10.000 7.000 6.500
v -9.000 7.000 6.500
v -10.000 8.000 -3.500
v -10.000 8.000 -4.500
v -9.000 8.000 -3.500
v -9.000 8.000 -4.500
v -10.000 8.000 -2.500
v -9.000 8.000 -2.500
v -10.000 8.000 -1.500
v -10.000 8.000 -0.500
v -10.000 8.000 0.500
v -10.000 8.000 1.500
v -10.000 8.000 2.500
v -10.000 8.000 3.500
v -9.000 8.000 3.500
v -9.000 8.000 2.500
v -10.000 8.000 4.500
v -9.000 8.000 4.500
v -10.000 9.000 -1.500
v -10.000 9.000 -2.500
v -9.000 9.000 -1.500
v -9.000 9.000 -2.500
v -10.000 9.000 -0.500
v -9.000 9.000 -0.500
v -10.000 9.000 0.500
v -9.000 9.000 0.500
v -10.000 9.000 1.500
v -9.000 9.000 1.500
v -10.000 9.000 2.500
v -9.000 9.000 2.500
v -8.000 -9.000 -2.500
v -8.000 -9.000 -1.500
v -8.000 -8.000 -2.500
v -8.000 -9.000 -0.500
v -8.000 -9.000 0.500
v -8.000 -9.000 1.500
v -8.000 -9.000 2.500
v -8.000 -8.000 2.500
v -8.000 -8.000 -4.500
v -8.000 -8.000 -3.500
v -8.000 -7.000 -4.500
v -8.000 -8.000 3.500
v -8.000 -8.000 4.500
v -8.000 -7.000 4.500
v -8.000 -7.000 -6.500
v -8.000 -6.000 -6.500
v -8.000 -6.000 -5.500
v -8.000 -7.000 -5.500
v -8.000 -6.000 -4.500
v -8.000 -6.000 4.500
v -8.000 -6.000 5.500
v -8.000 -7.000 5.500
v -8.000 -6.000 6.500
v -8.000 -7.000 6.500
v -8.000 -6.000 -7.500
v -8.000 -5.000 -7.500
v -8.000 -5.000 -6.500
v -8.000 -5.000 -5.500
v -8.000 -5.000 -4.500
v -8.000 -5.000 4.500
v -8.000 -5.000 5.500
v -8.000 -5.000 6.500
v -8.000 -5.000 7.500
v -8.000 -6.000 7.500
v -8.000 -4.000 -7.500
v -8.000 -4.000 -6.500
v -8.000 -4.000 -5.500
v -8.000 -4.000 -4.500
v -8.000 -4.000 4.500
v -8.000 -4.000 5.500
v -8.000 -4.000 6.500
v -8.000 -4.000 7.500
v -8.000 -4.000 -8.500
v -8.000 -3.000 -8.500
v -8.000 -3.000 -7.500
v -8.000 -3.000 -6.500
v -8.000 -3.000 -5.500
v -8.000 -3.000 -4.500
v -8.000 -3.000 4.500
v -8.000 -3.000 5.500
v -8.000 -3.000 6.500
v -8.000 -3.000 7.500
v -8.000 -3.000 8.500
v -8.000 -4.000 8.500
v -8.000 -2.000 -8.500
v -8.000 -2.000 -7.500
v -8.000 -2.000 -6.500
v -8.000 -2.000 -5.500
v -8.000 -2.000 -4.500
v -8.000 -2.000 4.500
v -8.000 -2.000 5.500
v -8.000 -2.000 6.500
v -8.000 -2.000 7.500
v -8.000 -2.000 8.500
v -8.000 -1.000 -8.500
v -8.000 -1.000 -7.500
v -8.000 -1.000 -6.500
v -8.000 -1.000 -5.500
v -8.000 -1.000 -4.500
v -8.000 -1.000 4.500
v -8.000 -1.000 5.500
v -8.000 -1.000 6.500
v -8.000 -1.000 7.500
v -8.000 -1.000 8.500
v -8.000 0.000 -8.500
v -8.000 0.000 -7.500
v -8.000 0.000 -6.500
v -8.000 0.000 -5.500
v -8.000 0.000 -4.500
v -8.000 0.000 4.500
v -8.000 0.000 5.500
v -8.000 0.000 6.500
v -8.000 0.000 7.500
v -8.000 0.000 8.500
v -8.000 1.000 -8.500
v -8.000 1.000 -7.500
v -8.000 1.000 -6.500
v -8.000 1.000 -5.500
v -8.000 1.000 -4.500
v -8.000 1.000 4.500
v -8.000 1.000 5.500
v -8.000 1.000 6.500
v -8.000 1.000 7.500
v -8.000 1.000 8.500
v -8.000 2.000 -8.500
v -8.000 2.000 -7.500
v -8.000 2.000 -6.500
v -8.000 2.000 -5.500
v -8.000 2.000 -4.500
v -8.000 2.000 4.500
v -8.000 2.000 5.500
v -8.000 2.000 6.500
v -8.000 2.000 7.500
v -8.000 2.000 8.500
v -8.000 3.000 -8.500
v -8.000 3.000 -7.500
v -8.000 3.000 -6.500
v -8.000 3.000 -5.500
v -8.000 3.000 -4.500
v -8.000 3.000 4.500
v -8.000 3.000 5.500
v -8.000 3.000 6.500
v -8.000 3.000 7.500
v -8.000 3.000 8.500
v -8.000 4.000 -8.500
v -8.000 4.000 -7.500
v -8.000 4.000 -6.500
v -8.000 4.000 -5.500
v -8.000 4.000 -4.500
v -8.000 4.000 4.500
v -8.000 4.000 5.500
v -8.000 4.000 6.500
v -8.000 4.000 7.500
v -8.000 4.000 8.500
v -8.000 5.000 -7.500
v -8.000 5.000 -6.500
v -8.000 5.000 -5.500
v -8.000 5.000 -4.500
v -8.000 5.000 4.500
v -8.000 5.000 5.500
v -8.000 5.000 6.500
v -8.000 5.000 7.500
v -8.000 6.000 -7.500
v -8.000 6.000 -6.500
v -8.000 6.000 -5.500
v -8.000 6.000 -4.500
v -8.000 6.000 4.500
v -8.000 6.000 5.500
v -8.000 6.000 6.500
v -8.000 6.000 7.500
v -8.000 7.000 -6.500
v -8.000 7.000 -5.500
v -8.000 7.000 -4.500
v -8.000 7.000 4.500
v -8.000 7.000 5.500
v -8.000 7.000 6.500
v -8.000 8.000 -3.500
v -8.000 8.000 -4.500
v -8.000 8.000 -2.500
v -8.000 8.000 3.500
v -8.000 8.000 2.500
v -8.000 8.000 4.500
v -8.000 9.000 -1.500
v -8.000 9.000 -2.500
v -8.000 9.000 -0.500
v -8.000 9.000 0.500
v -8.000 9.000 1.500
v -8.000 9.000 2.500
v -7.000 -9.000 -2.500
v -7.000 -9.000 -1.500
v -7.000 -8.000 -2.500
v -7.000 -9.000 -0.500
v -7.000 -9.000 0.500
v -7.000 -9.000 1.500
v -7.000 -9.000 2.500
v -7.000 -8.000 2.500
v -7.000 -8.000 -4.500
v -7.000 -8.000 -3.500
v -7.000 -7.000 -4.500
v -7.000 -8.000 3.500
v -7.000 -8.000 4.500
v -7.000 -7.000 4.500
v -7.000 -6.000 -4.500
v -7.000 -6.000 -3.500
v -7.000 -7.000 -3.500
v -7.000 -6.000 -2.500
v -7.000 -7.000 -2.500
v -7.000 -7.000 2.500
v -7.000 -6.000 2.500
v -7.000 -6.000 3.500
v -7.000 -7.000 3.500
v -7.000 -6.000 4.500
v -7.000 -5.000 -4.500
v -7.000 -5.000 -3.500
v -7.000 -5.000 -2.500
v -7.000 -5.000 2.500
v -7.000 -5.000 3.500
v -7.000 -5.000 4.500
v -7.000 -4.000 -4.500
v -7.000 -4.000 -3.500
v -7.000 -4.000 -2.500
v -7.000 -4.000 2.500
v -7.000 -4.000 3.500
v -7.000 -4.000 4.500
v -7.000 -3.000 -4.500
v -7.000 -3.000 -3.500
v -7.000 -3.000 -2.500
v -7.000 -3.000 2.500
v -7.000 -3.000 3.500
v -7.000 -3.000 4.500
v -7.000 -2.000 -4.500
v -7.000 -2.000 -3.500
v -7.000 -2.000 -2.500
v -7.000 -2.000 2.500
v -7.000 -2.000 3.500
v -7.000 -2.000 4.500
v -7.000 -1.000 -4.500
v -7.000 -1.000 -3.500
v -7.000 -1.000 -2.500
v -7.000 -1.000 2.500
v -7.000 -1.000 3.500
v -7.000 -1.000 4.500
v -7.000 0.000 -4.500
v -7.000 0.000 4.500
v -7.000 1.000 -4.500
v -7.000 1.000 4.500
v -7.000 2.000 -4.500
v -7.000 2.000 -3.500
v -7.000 1.000 -3.500
v -7.000 2.000 -2.500
v -7.000 1.000 -2.500
v -7.000 1.000 2.500
v -7.000 2.000 2.500
v -7.000 2.000 3.500
v -7.000 1.000 3.500
v -7.000 2.000 4.500
v -7.000 3.000 -4.500
v -7.000 3.000 -3.500
v -7.000 3.000 -2.500
v -7.000 3.000 2.500
v -7.000 3.000 3.500
v -7.000 3.000 4.500
v -7.000 4.000 -4.500
v -7.000 4.000 -3.500
v -7.000 4.000 -2.500
v -7.000 4.000 2.500
v -7.000 4.000 3.500
v -7.000 4.000 4.500
v -7.000 5.000 -4.500
v -7.000 5.000 -3.500
v -7.000 5.000 -2.500
v -7.000 5.000 2.500
v -7.000 5.000 3.500
v -7.000 5.000 4.500
v -7.000 6.000 -4.500
v -7.000 6.000 -3.500
v -7.000 6.000 -2.500
v -7.000 6.000 2.500
v -7.000 6.000 3.500
v -7.000 6.000 4.500
v -7.000 7.000 -4.500
v -7.000 7.000 -3.500
v -7.000 7.000 -2.500
v -7.000 7.000 2.500
v -7.000 7.000 3.500
v -7.000 7.000 4.500
v -7.000 8.000 -3.500
v -7.000 8.000 -4.500
v -7.000 8.000 -2.500
v -7.000 8.000 3.500
v -7.000 8.000 2.500
v -7.000 8.000 4.500
v -7.000 9.000 -1.500
v -7.000 9.000 -2.500
v -7.000 9.000 -0.500
v -7.000 9.000 0.500
v -7.000 9.000 1.500
v -7.000 9.000 2.500
v -6.000 -11.000 -2.500
v -6.000 -10.000 -2.500
v -6.000 -10.000 -1.500
v -6.000 -11.000 -1.500
v -7.000 -11.000 -1.500
v -7.000 -10.000 -1.500
v -7.000 -10.000 -2.500
v -7.000 -11.000 -2.500
v -6.000 -10.000 -0.500
v -6.000 -11.000 -0.500
v -7.000 -11.000 -0.500
v -7.000 -10.000 -0.500
v -6.000 -10.000 0.500
v -6.000 -11.000 0.500
v -7.000 -11.000 0.500
v -7.000 -10.000 0.500
v -6.000 -10.000 1.500
v -6.000 -11.000 1.500
v -7.000 -11.000 1.500
v -7.000 -10.000 1.500
v -6.000 -10.000 2.500
v -6.000 -11.000 2.500
v -7.000 -11.000 2.500
v -7.000 -10.000 2.500
v -6.000 -9.000 -2.500
v -6.000 -9.000 2.500
v -6.000 -8.000 -2.500
v -6.000 -8.000 2.500
v -6.000 -7.000 -3.500
v -6.000 -7.000 -4.500
v -6.000 -8.000 -4.500
v -6.000 -8.000 -3.500
v -6.000 -7.000 -2.500
v -6.000 -7.000 3.500
v -6.000 -7.000 2.500
v -6.000 -8.000 3.500
v -6.000 -7.000 4.500
v -6.000 -8.000 4.500
v -6.000 -6.000 -2.500
v -6.000 -6.000 2.500
v -6.000 -5.000 -2.500
v -6.000 -5.000 -1.500
v -6.000 -6.000 -1.500
v -6.000 -5.000 -0.500
v -6.000 -6.000 -0.500
v -6.000 -5.000 0.500
v -6.000 -6.000 0.500
v -6.000 -5.000 1.500
v -6.000 -6.000 1.500
v -6.000 -5.000 2.500
v -6.000 -4.000 -2.500
v -6.000 -4.000 -1.500
v -6.000 -4.000 -0.500
v -6.000 -4.000 0.500
v -6.000 -4.000 1.500
v -6.000 -4.000 2.500
v -6.000 -3.000 -2.500
v -6.000 -3.000 -1.500
v -6.000 -3.000 -0.500
v -6.000 -3.000 0.500
v -6.000 -3.000 1.500
v -6.000 -3.000 2.500
v -6.000 -2.000 -2.500
v -6.000 -2.000 -1.500
v -6.000 -2.000 -0.500
v -6.000 -2.000 0.500
v -6.000 -2.000 1.500
v -6.000 -2.000 2.500
v -6.000 -1.000 -2.500
v -6.000 -1.000 2.500
v -6.000 -1.000 -4.500
v -6.000 -1.000 -3.500
v -6.000 0.000 -4.500
v -6.000 -1.000 3.500
v -6.000 -1.000 4.500
v -6.000 0.000 4.500
v -6.000 1.000 -3.500
v -6.000 1.000 -4.500
v -6.000 1.000 -2.500
v -6.000 1.000 3.500
v -6.000 1.000 2.500
v -6.000 1.000 4.500
v -6.000 2.000 -2.500
v -6.000 2.000 2.500
v -6.000 3.000 -2.500
v -6.000 3.000 -1.500
v -6.000 2.000 -1.500
v -6.000 3.000 -0.500
v -6.000 2.000 -0.500
v -6.000 3.000 0.500
v -6.000 2.000 0.500
v -6.000 3.000 1.500
v -6.000 2.000 1.500
v -6.000 3.000 2.500
v -6.000 4.000 -2.500
v -6.000 4.000 -1.500
v -6.000 4.000 -0.500
v -6.000 4.000 0.500
v -6.000 4.000 1.500
v -6.000 4.000 2.500
v -6.000 5.000 -2.500
v -6.000 5.000 -1.500
v -6.000 5.000 -0.500
v -6.000 5.000 0.500
v -6.000 5.000 1.500
v -6.000 5.000 2.500
v -6.000 6.000 -2.500
v -6.000 6.000 -1.500
v -6.000 6.000 -0.500
v -6.000 6.000 0.500
v -6.000 6.000 1.500
v -6.000 6.000 2.500
v -6.000 7.000 -2.500
v -6.000 7.000 2.500
v -6.000 8.000 -3.500
v -6.000 8.000 -4.500
v -6.000 7.000 -4.500
v -6.000 7.000 -3.500
v -6.000 8.000 -2.500
v -6.000 8.000 3.500
v -6.000 8.000 2.500
v -6.000 7.000 3.500
v -6.000 8.000 4.500
v -6.000 7.000 4.500
v -6.000 9.000 -2.500
v -6.000 9.000 2.500
v -7.000 10.000 -1.500
v -7.000 10.000 -2.500
v -6.000 10.000 -2.500
v -7.000 10.000 -0.500
v -7.000 10.000 0.500
v -7.000 10.000 1.500
v -7.000 10.000 2.500
v -6.000 10.000 2.500
v -6.000 11.000 -2.500
v -6.000 11.000 -1.500
v -6.000 10.000 -1.500
v -7.000 11.000 -1.500
v -7.000 11.000 -2.500
v -6.000 11.000 -0.500
v -6.000 10.000 -0.500
v -7.000 11.000 -0.500
v -6.000 11.000 0.500
v -6.000 10.000 0.500
v -7.000 11.000 0.500
v -6.000 11.000 1.500
v -6.000 10.000 1.500
v -7.000 11.000 1.500
v -6.000 11.000 2.500
v -7.000 11.000 2.500
v -5.000 -10.000 -2.500
v -5.000 -10.000 -1.500
v -5.000 -9.000 -2.500
v -5.000 -10.000 -0.500
v -5.000 -10.000 0.500
v -5.000 -10.000 1.500
v -5.000 -10.000 2.500
v -5.000 -9.000 2.500
v -6.000 -9.000 -3.500
v -6.000 -9.000 -4.500
v -5.000 -9.000 -4.500
v -5.000 -9.000 -3.500
v -5.000 -8.000 -4.500
v -6.000 -9.000 3.500
v -5.000 -9.000 3.500
v -6.000 -9.000 4.500
v -5.000 -9.000 4.500
v -5.000 -8.000 4.500
v -5.000 -7.000 -3.500
v -5.000 -7.000 -4.500
v -5.000 -7.000 -2.500
v -5.000 -7.000 3.500
v -5.000 -7.000 2.500
v -5.000 -7.000 4.500
v -5.000 -6.000 -1.500
v -5.000 -6.000 -2.500
v -5.000 -6.000 -0.500
v -5.000 -6.000 0.500
v -5.000 -6.000 1.500
v -5.000 -6.000 2.500
v -5.000 -2.000 -2.500
v -5.000 -2.000 -1.500
v -5.000 -1.000 -2.500
v -5.000 -2.000 -0.500
v -5.000 -2.000 0.500
v -5.000 -2.000 1.500
v -5.000 -2.000 2.500
v -5.000 -1.000 2.500
v -5.000 -1.000 -4.500
v -5.000 -1.000 -3.500
v -5.000 0.000 -4.500
v -5.000 -1.000 3.500
v -5.000 -1.000 4.500
v -5.000 0.000 4.500
v -5.000 1.000 -3.500
v -5.000 1.000 -4.500
v -5.000 1.000 -2.500
v -5.000 1.000 3.500
v -5.000 1.000 2.500
v -5.000 1.000 4.500
v -5.000 2.000 -1.500
v -5.000 2.000 -2.500
v -5.000 2.000 -0.500
v -5.000 2.000 0.500
v -5.000 2.000 1.500
v -5.000 2.000 2.500
v -5.000 6.000 -2.500
v -5.000 6.000 -1.500
v -5.000 7.000 -2.500
v -5.000 6.000 -0.500
v -5.000 6.000 0.500
v -5.000 6.000 1.500
v -5.000 6.000 2.500
v -5.000 7.000 2.500
v -5.000 7.000 -4.500
v -5.000 7.000 -3.500
v -5.000 8.000 -4.500
v -5.000 7.000 3.500
v -5.000 7.000 4.500
v -5.000 8.000 4.500
v -6.000 9.000 -3.500
v -6.000 9.000 -4.500
v -5.000 9.000 -3.500
v -5.000 9.000 -4.500
v -5.000 9.000 -2.500
v -6.000 9.000 3.500
v -5.000 9.000 3.500
v -5.000 9.000 2.500
v -6.000 9.000 4.500
v -5.000 9.000 4.500
v -5.000 10.000 -1.500
v -5.000 10.000 -2.500
v -5.000 10.000 -0.500
v -5.000 10.000 0.500
v -5.000 10.000 1.500
v -5.000 10.000 2.500
v -4.000 -10.000 -2.500
v -4.000 -10.000 -1.500
v -4.000 -9.000 -2.500
v -4.000 -10.000 -0.500
v -4.000 -10.000 0.500
v -4.000 -10.000 1.500
v -4.000 -10.000 2.500
v -4.000 -9.000 2.500
v -4.000 -9.000 -4.500
v -4.000 -9.000 -3.500
v -4.000 -8.000 -4.500
v -4.000 -9.000 3.500
v -4.000 -9.000 4.500
v -4.000 -8.000 4.500
v -4.000 -7.000 -3.500
v -4.000 -7.000 -4.500
v -4.000 -7.000 -2.500
v -4.000 -7.000 3.500
v -4.000 -7.000 2.500
v -4.000 -7.000 4.500
v -4.000 -6.000 -1.500
v -4.000 -6.000 -2.500
v -4.000 -6.000 -0.500
v -4.000 -6.000 0.500
v -4.000 -6.000 1.500
v -4.000 -6.000 2.500
v -4.000 -2.000 -2.500
v -4.000 -2.000 -1.500
v -4.000 -1.000 -2.500
v -4.000 -2.000 -0.500
v -4.000 -2.000 0.500
v -4.000 -2.000 1.500
v -4.000 -2.000 2.500
v -4.000 -1.000 2.500
v -4.000 -1.000 -4.500
v -4.000 -1.000 -3.500
v -4.000 0.000 -4.500
v -4.000 -1.000 3.500
v -4.000 -1.000 4.500
v -4.000 0.000 4.500
v -4.000 1.000 -3.500
v -4.000 1.000 -4.500
v -4.000 1.000 -2.500
v -4.000 1.000 3.500
v -4.000 1.000 2.500
v -4.000 1.000 4.500
v -4.000 2.000 -1.500
v -4.000 2.000 -2.500
v -4.000 2.000 -0.500
v -4.000 2.000 0.500
v -4.000 2.000 1.500
v -4.000 2.000 2.500
v -4.000 6.000 -2.500
v -4.000 6.000 -1.500
v -4.000 7.000 -2.500
v -4.000 6.000 -0.500
v -4.000 6.000 0.500
v -4.000 6.000 1.500
v -4.000 6.000 2.500
v -4.000 7.000 2.500
v -4.000 7.000 -4.500
v -4.000 7.000 -3.500
v -4.000 8.000 -4.500
v -4.000 7.000 3.500
v -4.000 7.000 4.500
v -4.000 8.000 4.500
v -4.000 9.000 -3.500
v -4.000 9.000 -4.500
v -4.000 9.000 -2.500
v -4.000 9.000 3.500
v -4.000 9.000 2.500
v -4.000 9.000 4.500
v -4.000 10.000 -1.500
v -4.000 10.000 -2.500
v -4.000 10.000 -0.500
v -4.000 10.000 0.500
v -4.000 10.000 1.500
v -4.000 10.000 2.500
v -3.000 -10.000 -2.500
v -3.000 -10.000 -1.500
v -3.000 -9.000 -2.500
v -3.000 -10.000 -0.500
v -3.000 -10.000 0.500
v -3.000 -10.000 1.500
v -3.000 -10.000 2.500
v -3.000 -9.000 2.500
v -3.000 -9.000 -4.500
v -3.000 -9.000 -3.500
v -3.000 -8.000 -4.500
v -3.000 -9.000 3.500
v -3.000 -9.000 4.500
v -3.000 -8.000 4.500
v -3.000 -7.000 -3.500
v -3.000 -7.000 -4.500
v -3.000 -7.000 -2.500
v -3.000 -7.000 3.500
v -3.000 -7.000 2.500
v -3.000 -7.000 4.500
v -3.000 -6.000 -1.500
v -3.000 -6.000 -2.500
v -3.000 -6.000 -0.500
v -3.000 -6.000 0.500
v -3.000 -6.000 1.500
v -3.000 -6.000 2.500
v -3.000 -2.000 -2.500
v -3.000 -2.000 -1.500
v -3.000 -1.000 -2.500
v -3.000 -2.000 -0.500
v -3.000 -2.000 0.500
v -3.000 -2.000 1.500
v -3.000 -2.000 2.500
v -3.000 -1.000 2.500
v -3.000 -1.000 -4.500
v -3.000 -1.000 -3.500
v -3.000 0.000 -4.500
v -3.000 -1.000 3.500
v -3.000 -1.000 4.500
v -3.000 0.000 4.500
v -3.000 1.000 -3.500
v -3.000 1.000 -4.500
v -3.000 1.000 -2.500
v -3.000 1.000 3.500
v -3.000 1.000 2.500
v -3.000 1.000 4.500
v -3.000 2.000 -1.500
v -3.000 2.000 -2.500
v -3.000 2.000 -0.500
v -3.000 2.000 0.500
v -3.000 2.000 1.500
v -3.000 2.000 2.500
v -3.000 6.000 -2.500
v -3.000 6.000 -1.500
v -3.000 7.000 -2.500
v -3.000 6.000 -0.500
v -3.000 6.000 0.500
v -3.000 6.000 1.500
v -3.000 6.000 2.500
v -3.000 7.000 2.500
v -3.000 7.000 -4.500
v -3.000 7.000 -3.500
v -3.000 8.000 -4.500
v -3.000 7.000 3.500
v -3.000 7.000 4.500
v -3.000 8.000 4.500
v -3.000 9.000 -3.500
v -3.000 9.000 -4.500
v -3.000 9.000 -2.500
v -3.000 9.000 3.500
v -3.000 9.000 2.500
v -3.000 9.000 4.500
v -3.000 10.000 -1.500
v -3.000 10.000 -2.500
v -3.000 10.000 -0.500
v -3.000 10.000 0.500
v -3.000 10.000 1.500
v -3.000 10.000 2.500
v -2.000 -10.000 -2.500
v -2.000 -10.000 -1.500
v -2.000 -9.000 -2.500
v -2.000 -10.000 -0.500
v -2.000 -10.000 0.500
v -2.000 -10.000 1.500
v -2.000 -10.000 2.500
v -2.000 -9.000 2.500
v -2.000 -9.000 -4.500
v -2.000 -9.000 -3.500
v -2.000 -8.000 -4.500
v -2.000 -9.000 3.500
v -2.000 -9.000 4.500
v -2.000 -8.000 4.500
v -2.000 -7.000 -3.500
v -2.000 -7.000 -4.500
v -2.000 -7.000 -2.500
v -2.000 -7.000 3.500
v -2.000 -7.000 2.500
v -2.000 -7.000 4.500
v -2.000 -6.000 -1.500
v -2.000 -6.000 -2.500
v -2.000 -6.000 -0.500
v -2.000 -6.000 0.500
v -2.000 -6.000 1.500
v -2.000 -6.000 2.500
v -2.000 -2.000 -2.500
v -2.000 -2.000 -1.500
v -2.000 -1.000 -2.500
v -2.000 -2.000 -0.500
v -2.000 -2.000 0.500
v -2.000 -2.000 1.500
v -2.000 -2.000 2.500
v -2.000 -1.000 2.500
v -2.000 -1.000 -4.500
v -2.000 -1.000 -3.500
v -2.000 0.000 -4.500
v -2.000 -1.000 3.500
v -2.000 -1.000 4.500
v -2.000 0.000 4.500
v -2.000 1.000 -3.500
v -2.000 1.000 -4.500
v -2.000 1.000 -2.500
v -2.000 1.000 3.500
v -2.000 1.000 2.500
v -2.000 1.000 4.500
v -2.000 2.000 -1.500
v -2.000 2.000 -2.500
v -2.000 2.000 -0.500
v -2.000 2.000 0.500
v -2.000 2.000 1.500
v -2.000 2.000 2.500
v -2.000 6.000 -2.500
v -2.000 6.000 -1.500
v -2.000 7.000 -2.500
v -2.000 6.000 -0.500
v -2.000 6.000 0.500
v -2.000 6.000 1.500
v -2.000 6.000 2.500
v -2.000 7.000 2.500
v -2.000 7.000 -4.500
v -2.000 7.000 -3.500
v -2.000 8.000 -4.500
v -2.000 7.000 3.500
v -2.000 7.000 4.500
v -2.000 8.000 4.500
v -2.000 9.000 -3.500
v -2.000 9.000 -4.500
v -2.000 9.000 -2.500
v -2.000 9.000 3.500
v -2.000 9.000 2.500
v -2.000 9.000 4.500
v -2.000 10.000 -1.500
v -2.000 10.000 -2.500
v -2.000 10.000 -0.500
v -2.000 10.000 0.500
v -2.000 10.000 1.500
v -2.000 10.000 2.500
v -1.000 -10.000 -2.500
v -1.000 -10.000 -1.500
v -1.000 -9.000 -2.500
v -1.000 -10.000 -0.500
v -1.000 -10.000 0.500
v -1.000 -10.000 1.500
v -1.000 -10.000 2.500
v -1.000 -9.000 2.500
v -1.000 -9.000 -4.500
v -1.000 -9.000 -3.500
v -1.000 -8.000 -4.500
v -1.000 -9.000 3.500
v -1.000 -9.000 4.500
v -1.000 -8.000 4.500
v -1.000 -7.000 -3.500
v -1.000 -7.000 -4.500
v -1.000 -7.000 -2.500
v -1.000 -7.000 3.500
v -1.000 -7.000 2.500
v -1.000 -7.000 4.500
v -1.000 -6.000 -1.500
v -1.000 -6.000 -2.500
v -1.000 -6.000 -0.500
v -1.000 -6.000 0.500
v -1.000 -6.000 1.500
v -1.000 -6.000 2.500
v -1.000 -2.000 -2.500
v -1.000 -2.000 -1.500
v -1.000 -1.000 -2.500
v -1.000 -2.000 -0.500
v -1.000 -2.000 0.500
v -1.000 -2.000 1.500
v -1.000 -2.000 2.500
v -1.000 -1.000 2.500
v -1.000 -1.000 -4.500
v -1.000 -1.000 -3.500
v -1.000 0.000 -4.500
v -1.000 -1.000 3.500
v -1.000 -1.000 4.500
v -1.000 0.000 4.500
v -1.000 1.000 -3.500
v -1.000 1.000 -4.500
v -1.000 1.000 -2.500
v -1.000 1.000 3.500
v -1.000 1.000 2.500
v -1.000 1.000 4.500
v -1.000 2.000 -1.500
v -1.000 2.000 -2.500
v -1.000 2.000 -0.500
v -1.000 2.000 0.500
v -1.000 2.000 1.500
v -1.000 2.000 2.500
v -1.000 6.000 -2.500
v -1.000 6.000 -1.500
v -1.000 7.000 -2.500
v -1.000 6.000 -0.500
v -1.000 6.000 0.500
v -1.000 6.000 1.500
v -1.000 6.000 2.500
v -1.000 7.000 2.500
v -1.000 7.000 -4.500
v -1.000 7.000 -3.500
v -1.000 8.000 -4.500
v -1.000 7.000 3.500
v -1.000 7.000 4.500
v -1.000 8.000 4.500
v -1.000 9.000 -3.500
v -1.000 9.000 -4.500
v -1.000 9.000 -2.500
v -1.000 9.000 3.500
v -1.000 9.000 2.500
v -1.000 9.000 4.500
v -1.000 10.000 -1.500
v -1.000 10.000 -2.500
v -1.000 10.000 -0.500
v -1.000 10.000 0.500
v -1.000 10.000 1.500
v -1.000 10.000 2.500
v 0.000 -10.000 -2.500
v 0.000 -10.000 -1.500
v 0.000 -9.000 -2.500
v 0.000 -10.000 -0.500
v 0.000 -10.000 0.500
v 0.000 -10.000 1.500
v 0.000 -10.000 2.500
v 0.000 -9.000 2.500
v 0.000 -9.000 -4.500
v 0.000 -9.000 -3.500
v 0.000 -8.000 -4.500
v 0.000 -9.000 3.500
v 0.000 -9.000 4.500
v 0.000 -8.000 4.500
v 0.000 -7.000 -3.500
v 0.000 -7.000 -4.500
v 0.000 -7.000 -2.500
v 0.000 -7.000 3.500
v 0.000 -7.000 2.500
v 0.000 -7.000 4.500
v 0.000 -6.000 -1.500
v 0.000 -6.000 -2.500
v 0.000 -6.000 -0.500
v 0.000 -6.000 0.500
v 0.000 -6.000 1.500
v 0.000 -6.000 2.500
v 0.000 -2.000 -2.500
v 0.000 -2.000 -1.500
v 0.000 -1.000 -2.500
v 0.000 -2.000 -0.500
v 0.000 -2.000 0.500
v 0.000 -2.000 1.500
v 0.000 -2.000 2.500
v 0.000 -1.000 2.500
v 0.000 -1.000 -4.500
v 0.000 -1.000 -3.500
v 0.000 0.000 -4.500
v 0.000 -1.000 3.500
v 0.000 -1.000 4.500
v 0.000 0.000 4.500
v 0.000 1.000 -3.500
v 0.000 1.000 -4.500
v 0.000 1.000 -2.500
v 0.000 1.000 3.500
v 0.000 1.000 2.500
v 0.000 1.000 4.500
v 0.000 2.000 -1.500
v 0.000 2.000 -2.500
v 0.000 2.000 -0.500
v 0.000 2.000 0.500
v 0.000 2.000 1.500
v 0.000 2.000 2.500
v 0.000 6.000 -2.500
v 0.000 6.000 -1.500
v 0.000 7.000 -2.500
v 0.000 6.000 -0.500
v 0.000 6.000 0.500
v 0.000 6.000 1.500
v 0.000 6.000 2.500
v 0.000 7.000 2.500
v 0.000 7.000 -4.500
v 0.000 7.000 -3.500
v 0.000 8.000 -4.500
v 0.000 7.000 3.500
v 0.000 7.000 4.500
v 0.000 8.000 4.500
v 0.000 9.000 -3.500
v 0.000 9.000 -4.500
v 0.000 9.000 -2.500
v 0.000 9.000 3.500
v 0.000 9.000 2.500
v 0.000 9.000 4.500
v 0.000 10.000 -1.500
v 0.000 10.000 -2.500
v 0.000 10.000 -0.500
v 0.000 10.000 0.500
v 0.000 10.000 1.500
v 0.000 10.000 2.500
v 1.000 -10.000 -2.500
v 1.000 -10.000 -1.500
v 1.000 -9.000 -2.500
v 1.000 -10.000 -0.500
v 1.000 -10.000 0.500
v 1.000 -10.000 1.500
v 1.000 -10.000 2.500
v 1.000 -9.000 2.500
v 1.000 -9.000 -4.500
v 1.000 -9.000 -3.500
v 1.000 -8.000 -4.500
v 1.000 -9.000 3.500
v 1.000 -9.000 4.500
v 1.000 -8.000 4.500
v 1.000 -7.000 -3.500
v 1.000 -7.000 -4.500
v 1.000 -7.000 -2.500
v 1.000 -7.000 3.500
v 1.000 -7.000 2.500
v 1.000 -7.000 4.500
v 1.000 -6.000 -1.500
v 1.000 -6.000 -2.500
v 1.000 -6.000 -0.500
v 1.000 -6.000 0.500
v 1.000 -6.000 1.500
v 1.000 -6.000 2.500
v 1.000 -2.000 -2.500
v 1.000 -2.000 -1.500
v 1.000 -1.000 -2.500
v 1.000 -2.000 -0.500
v 1.000 -2.000 0.500
v 1.000 -2.000 1.500
v 1.000 -2.000 2.500
v 1.000 -1.000 2.500
v 1.000 -1.000 -4.500
v 1.000 -1.000 -3.500
v 1.000 0.000 -4.500
v 1.000 -1.000 3.500
v 1.000 -1.000 4.500
v 1.000 0.000 4.500
v 1.000 1.000 -3.500
v 1.000 1.000 -4.500
v 1.000 1.000 -2.500
v 1.000 1.000 3.500
v 1.000 1.000 2.500
v 1.000 1.000 4.500
v 1.000 2.000 -1.500
v 1.000 2.000 -2.500
v 1.000 2.000 -0.500
v 1.000 2.000 0.500
v 1.000 2.000 1.500
v 1.000 2.000 2.500
v 1.000 6.000 -2.500
v 1.000 6.000 -1.500
v 1.000 7.000 -2.500
v 1.000 6.000 -0.500
v 1.000 6.000 0.500
v 1.000 6.000 1.500
v 1.000 6.000 2.500
v 1.000 7.000 2.500
v 1.000 7.000 -4.500
v 1.000 7.000 -3.500
v 1.000 8.000 -4.500
v 1.000 7.000 3.500
v 1.000 7.000 4.500
v 1.000 8.000 4.500
v 1.000 9.000 -3.500
v 1.000 9.000 -4.500
v 1.000 9.000 -2.500
v 1.000 9.000 3.500
v 1.000 9.000 2.500
v 1.000 9.000 4.500
v 1.000 10.000 -1.500
v 1.000 10.000 -2.500
v 1.000 10.000 -0.500
v 1.000 10.000 0.500
v 1.000 10.000 1.500
v 1.000 10.000 2.500
v 2.000 -10.000 -2.500
v 2.000 -10.000 -1.500
v 2.000 -9.000 -2.500
v 2.000 -10.000 -0.500
v 2.000 -10.000 0.500
v 2.000 -10.000 1.500
v 2.000 -10.000 2.500
v 2.000 -9.000 2.500
v 2.000 -9.000 -4.500
v 2.000 -9.000 -3.500
v 2.000 -8.000 -4.500
v 2.000 -9.000 3.500
v 2.000 -9.000 4.500
v 2.000 -8.000 4.500
v 2.000 -7.000 -3.500
v 2.000 -7.000 -4.500
v 2.000 -7.000 -2.500
v 2.000 -7.000 3.500
v 2.000 -7.000 2.500
v 2.000 -7.000 4.500
v 2.000 -6.000 -1.500
v 2.000 -6.000 -2.500
v 2.000 -6.000 -0.500
v 2.000 -6.000 0.500
v 2.000 -6.000 1.500
v 2.000 -6.000 2.500
v 2.000 -2.000 -2.500
v 2.000 -2.000 -1.500
v 2.000 -1.000 -2.500
v 2.000 -2.000 -0.500
v 2.000 -2.000 0.500
v 2.000 -2.000 1.500
v 2.000 -2.000 2.500
v 2.000 -1.000 2.500
v 2.000 -1.000 -4.500
v 2.000 -1.000 -3.500
v 2.000 0.000 -4.500
v 2.000 -1.000 3.500
v 2.000 -1.000 4.500
v 2.000 0.000 4.500
v 2.000 1.000 -3.500
v 2.000 1.000 -4.500
v 2.000 1.000 -2.500
v 2.000 1.000 3.500
v 2.000 1.000 2.500
v 2.000 1.000 4.500
v 2.000 2.000 -1.500
v 2.000 2.000 -2.500
v 2.000 2.000 -0.500
v 2.000 2.000 0.500
v 2.000 2.000 1.500
v 2.000 2.000 2.500
v 2.000 6.000 -2.500
v 2.000 6.000 -1.500
v 2.000 7.000 -2.500
v 2.000 6.000 -0.500
v 2.000 6.000 0.500
v 2.000 6.000 1.500
v 2.000 6.000 2.500
v 2.000 7.000 2.500
v 2.000 7.000 -4.500
v 2.000 7.000 -3.500
v 2.000 8.000 -4.500
v 2.000 7.000 3.500
v 2.000 7.000 4.500
v 2.000 8.000 4.500
v 2.000 9.000 -3.500
v 2.000 9.000 -4.500
v 2.000 9.000 -2.500
v 2.000 9.000 3.500
v 2.000 9.000 2.500
v 2.000 9.000 4.500
v 2.000 10.000 -1.500
v 2.000 10.000 -2.500
v 2.000 10.000 -0.500
v 2.000 10.000 0.500
v 2.000 10.000 1.500
v 2.000 10.000 2.500
v 3.000 -10.000 -2.500
v 3.000 -10.000 -1.500
v 3.000 -9.000 -2.500
v 3.000 -10.000 -0.500
v 3.000 -10.000 0.500
v 3.000 -10.000 1.500
v 3.000 -10.000 2.500
v 3.000 -9.000 2.500
v 3.000 -9.000 -4.500
v 3.000 -9.000 -3.500
v 3.000 -8.000 -4.500
v 3.000 -9.000 3.500
v 3.000 -9.000 4.500
v 3.000 -8.000 4.500
v 3.000 -7.000 -3.500
v 3.000 -7.000 -4.500
v 3.000 -7.000 -2.500
v 3.000 -7.000 3.500
v 3.000 -7.000 2.500
v 3.000 -7.000 4.500
v 3.000 -6.000 -1.500
v 3.000 -6.000 -2.500
v 3.000 -6.000 -0.500
v 3.000 -6.000 0.500
v 3.000 -6.000 1.500
v 3.000 -6.000 2.500
v 3.000 -2.000 -2.500
v 3.000 -2.000 -1.500
v 3.000 -1.000 -2.500
v 3.000 -2.000 -0.500
v 3.000 -2.000 0.500
v 3.000 -2.000 1.500
v 3.000 -2.000 2.500
v 3.000 -1.000 2.500
v 3.000 -1.000 -4.500
v 3.000 -1.000 -3.500
v 3.000 0.000 -4.500
v 3.000 -1.000 3.500
v 3.000 -1.000 4.500
v 3.000 0.000 4.500
v 3.000 1.000 -3.500
v 3.000 1.000 -4.500
v 3.000 1.000 -2.500
v 3.000 1.000 3.500
v 3.000 1.000 2.500
v 3.000 1.000 4.500
v 3.000 2.000 -1.500
v 3.000 2.000 -2.500
v 3.000 2.000 -0.500
v 3.000 2.000 0.500
v 3.000 2.000 1.500
v 3.000 2.000 2.500
v 3.000 6.000 -2.500
v 3.000 6.000 -1.500
v 3.000 7.000 -2.500
v 3.000 6.000 -0.500
v 3.000 6.000 0.500
v 3.000 6.000 1.500
v 3.000 6.000 2.500
v 3.000 7.000 2.500
v 3.000 7.000 -4.500
v 3.000 7.000 -3.500
v 3.000 8.000 -4.500
v 3.000 7.000 3.500
v 3.000 7.000 4.500
v 3.000 8.000 4.500
v 3.000 9.000 -3.500
v 3.000 9.000 -4.500
v 3.000 9.000 -2.500
v 3.000 9.000 3.500
v 3.000 9.000 2.500
v 3.000 9.000 4.500
v 3.000 10.000 -1.500
v 3.000 10.000 -2.500
v 3.000 10.000 -0.500
v 3.000 10.000 0.500
v 3.000 10.000 1.500
v 3.000 10.000 2.500
v 4.000 -10.000 -2.500
v 4.000 -10.000 -1.500
v 4.000 -9.000 -2.500
v 4.000 -10.000 -0.500
v 4.000 -10.000 0.500
v 4.000 -10.000 1.500
v 4.000 -10.000 2.500
v 4.000 -9.000 2.500
v 4.000 -9.000 -4.500
v 4.000 -9.000 -3.500
v 4.000 -8.000 -4.500
v 4.000 -9.000 3.500
v 4.000 -9.000 4.500
v 4.000 -8.000 4.500
v 4.000 -7.000 -3.500
v 4.000 -7.000 -4.500
v 4.000 -7.000 -2.500
v 4.000 -7.000 3.500
v 4.000 -7.000 2.500
v 4.000 -7.000 4.500
v 4.000 -6.000 -1.500
v 4.000 -6.000 -2.500
v 4.000 -6.000 -0.500
v 4.000 -6.000 0.500
v 4.000 -6.000 1.500
v 4.000 -6.000 2.500
v 4.000 -2.000 -2.500
v 4.000 -2.000 -1.500
v 4.000 -1.000 -2.500
v 4.000 -2.000 -0.500
v 4.000 -2.000 0.500
v 4.000 -2.000 1.500
v 4.000 -2.000 2.500
v 4.000 -1.000 2.500
v 4.000 -1.000 -4.500
v 4.000 -1.000 -3.500
v 4.000 0.000 -4.500
v 4.000 -1.000 3.500
v 4.000 -1.000 4.500
v 4.000 0.000 4.500
v 4.000 1.000 -3.500
v 4.000 1.000 -4.500
v 4.000 1.000 -2.500
v 4.000 1.000 3.500
v 4.000 1.000 2.500
v 4.000 1.000 4.500
v 4.000 2.000 -1.500
v 4.000 2.000 -2.500
v 4.000 2.000 -0.500
v 4.000 2.000 0.500
v 4.000 2.000 1.500
v 4.000 2.000 2.500
v 4.000 6.000 -2.500
v 4.000 6.000 -1.500
v 4.000 7.000 -2.500
v 4.000 6.000 -0.500
v 4.000 6.000 0.500
v 4.000 6.000 1.500
v 4.000 6.000 2.500
v 4.000 7.000 2.500
v 4.000 7.000 -4.500
v 4.000 7.000 -3.500
v 4.000 8.000 -4.500
v 4.000 7.000 3.500
v 4.000 7.000 4.500
v 4.000 8.000 4.500
v 4.000 9.000 -3.500
v 4.000 9.000 -4.500
v 4.000 9.000 -2.500
v 4.000 9.000 3.500
v 4.000 9.000 2.500
v 4.000 9.000 4.500
v 4.000 10.000 -1.500
v 4.000 10.000 -2.500
v 4.000 10.000 -0.500
v 4.000 10.000 0.500
v 4.000 10.000 1.500
v 4.000 10.000 2.500
v 5.000 -10.000 -2.500
v 5.000 -10.000 -1.500
v 5.000 -9.000 -2.500
v 5.000 -10.000 -0.500
v 5.000 -10.000 0.500
v 5.000 -10.000 1.500
v 5.000 -10.000 2.500
v 5.000 -9.000 2.500
v 5.000 -9.000 -4.500
v 5.000 -9.000 -3.500
v 5.000 -8.000 -4.500
v 5.000 -9.000 3.500
v 5.000 -9.000 4.500
v 5.000 -8.000 4.500
v 5.000 -7.000 -3.500
v 5.000 -7.000 -4.500
v 5.000 -7.000 -2.500
v 5.000 -7.000 3.500
v 5.000 -7.000 2.500
v 5.000 -7.000 4.500
v 5.000 -6.000 -1.500
v 5.000 -6.000 -2.500
v 5.000 -6.000 -0.500
v 5.000 -6.000 0.500
v 5.000 -6.000 1.500
v 5.000 -6.000 2.500
v 5.000 -2.000 -2.500
v 5.000 -2.000 -1.500
v 5.000 -1.000 -2.500
v 5.000 -2.000 -0.500
v 5.000 -2.000 0.500
v 5.000 -2.000 1.500
v 5.000 -2.000 2.500
v 5.000 -1.000 2.500
v 5.000 -1.000 -4.500
v 5.000 -1.000 -3.500
v 5.000 0.000 -4.500
v 5.000 -1.000 3.500
v 5.000 -1.000 4.500
v 5.000 0.000 4.500
v 5.000 1.000 -3.500
v 5.000 1.000 -4.500
v 5.000 1.000 -2.500
v 5.000 1.000 3.500
v 5.000 1.000 2.500
v 5.000 1.000 4.500
v 5.000 2.000 -1.500
v 5.000 2.000 -2.500
v 5.000 2.000 -0.500
v 5.000 2.000 0.500
v 5.000 2.000 1.500
v 5.000 2.000 2.500
v 5.000 6.000 -2.500
v 5.000 6.000 -1.500
v 5.000 7.000 -2.500
v 5.000 6.000 -0.500
v 5.000 6.000 0.500
v 5.000 6.000 1.500
v 5.000 6.000 2.500
v 5.000 7.000 2.500
v 5.000 7.000 -4.500
v 5.000 7.000 -3.500
v 5.000 8.000 -4.500
v 5.000 7.000 3.500
v 5.000 7.000 4.500
v 5.000 8.000 4.500
v 5.000 9.000 -3.500
v 5.000 9.000 -4.500
v 5.000 9.000 -2.500
v 5.000 9.000 3.500
v 5.000 9.000 2.500
v 5.000 9.000 4.500
v 5.000 10.000 -1.500
v 5.000 10.000 -2.500
v 5.000 10.000 -0.500
v 5.000 10.000 0.500
v 5.000 10.000 1.500
v 5.000 10.000 2.500
v 6.000 -10.000 -2.500
v 6.000 -10.000 -1.500
v 6.000 -9.000 -2.500
v 6.000 -10.000 -0.500
v 6.000 -10.000 0.500
v 6.000 -10.000 1.500
v 6.000 -10.000 2.500
v 6.000 -9.000 2.500
v 6.000 -9.000 -4.500
v 6.000 -9.000 -3.500
v 6.000 -8.000 -4.500
v 6.000 -9.000 3.500
v 6.000 -9.000 4.500
v 6.000 -8.000 4.500
v 6.000 -7.000 -3.500
v 6.000 -7.000 -4.500
v 6.000 -7.000 -2.500
v 6.000 -7.000 3.500
v 6.000 -7.000 2.500
v 6.000 -7.000 4.500
v 6.000 -6.000 -1.500
v 6.000 -6.000 -2.500
v 6.000 -6.000 -0.500
v 6.000 -6.000 0.500
v 6.000 -6.000 1.500
v 6.000 -6.000 2.500
v 6.000 -2.000 -2.500
v 6.000 -2.000 -1.500
v 6.000 -1.000 -2.500
v 6.000 -2.000 -0.500
v 6.000 -2.000 0.500
v 6.000 -2.000 1.500
v 6.000 -2.000 2.500
v 6.000 -1.000 2.500
v 6.000 -1.000 -4.500
v 6.000 -1.000 -3.500
v 6.000 0.000 -4.500
v 6.000 -1.000 3.500
v 6.000 -1.000 4.500
v 6.000 0.000 4.500
v 6.000 1.000 -3.500
v 6.000 1.000 -4.500
v 6.000 1.000 -2.500
v 6.000 1.000 3.500
v 6.000 1.000 2.500
v 6.000 1.000 4.500
v 6.000 2.000 -1.500
v 6.000 2.000 -2.500
v 6.000 2.000 -0.500
v 6.000 2.000 0.500
v 6.000 2.000 1.500
v 6.000 2.000 2.500
v 6.000 6.000 -2.500
v 6.000 6.000 -1.500
v 6.000 7.000 -2.500
v 6.000 6.000 -0.500
v 6.000 6.000 0.500
v 6.000 6.000 1.500
v 6.000 6.000 2.500
v 6.000 7.000 2.500
v 6.000 7.000 -4.500
v 6.000 7.000 -3.500
v 6.000 8.000 -4.500
v 6.000 7.000 3.500
v 6.000 7.000 4.500
v 6.000 8.000 4.500
v 6.000 9.000 -3.500
v 6.000 9.000 -4.500
v 6.000 9.000 -2.500
v 6.000 9.000 3.500
v 6.000 9.000 2.500
v 6.000 9.000 4.500
v 6.000 10.000 -1.500
v 6.000 10.000 -2.500
v 6.000 10.000 -0.500
v 6.000 10.000 0.500
v 6.000 10.000 1.500
v 6.000 10.000 2.500
v 7.000 -10.000 -2.500
v 7.000 -10.000 -1.500
v 7.000 -9.000 -2.500
v 7.000 -10.000 -0.500
v 7.000 -10.000 0.500
v 7.000 -10.000 1.500
v 7.000 -10.000 2.500
v 7.000 -9.000 2.500
v 7.000 -9.000 -4.500
v 7.000 -9.000 -3.500
v 7.000 -8.000 -4.500
v 7.000 -9.000 3.500
v 7.000 -9.000 4.500
v 7.000 -8.000 4.500
v 7.000 -7.000 -3.500
v 7.000 -7.000 -4.500
v 7.000 -7.000 -2.500
v 7.000 -7.000 3.500
v 7.000 -7.000 2.500
v 7.000 -7.000 4.500
v 7.000 -6.000 -1.500
v 7.000 -6.000 -2.500
v 7.000 -6.000 -0.500
v 7.000 -6.000 0.500
v 7.000 -6.000 1.500
v 7.000 -6.000 2.500
v 7.000 -2.000 -2.500
v 7.000 -2.000 -1.500
v 7.000 -1.000 -2.500
v 7.000 -2.000 -0.500
v 7.000 -2.000 0.500
v 7.000 -2.000 1.500
v 7.000 -2.000 2.500
v 7.000 -1.000 2.500
v 7.000 -1.000 -4.500
v 7.000 -1.000 -3.500
v 7.000 0.000 -4.500
v 7.000 -1.000 3.500
v 7.000 -1.000 4.500
v 7.000 0.000 4.500
v 7.000 1.000 -3.500
v 7.000 1.000 -4.500
v 7.000 1.000 -2.500
v 7.000 1.000 3.500
v 7.000 1.000 2.500
v 7.000 1.000 4.500
v 7.000 2.000 -1.500
v 7.000 2.000 -2.500
v 7.000 2.000 -0.500
v 7.000 2.000 0.500
v 7.000 2.000 1.500
v 7.000 2.000 2.500
v 7.000 6.000 -2.500
v 7.000 6.000 -1.500
v 7.000 7.000 -2.500
v 7.000 6.000 -0.500
v 7.000 6.000 0.500
v 7.000 6.000 1.500
v 7.000 6.000 2.500
v 7.000 7.000 2.500
v 7.000 7.000 -4.500
v 7.000 7.000 -3.500
v 7.000 8.000 -4.500
v 7.000 7.000 3.500
v 7.000 7.000 4.500
v 7.000 8.000 4.500
v 7.000 9.000 -3.500
v 7.000 9.000 -4.500
v 7.000 9.000 -2.500
v 7.000 9.000 3.500
v 7.000 9.000 2.500
v 7.000 9.000 4.500
v 7.000 10.000 -1.500
v 7.000 10.000 -2.500
v 7.000 10.000 -0.500
v 7.000 10.000 0.500
v 7.000 10.000 1.500
v 7.000 10.000 2.500
v 8.000 -10.000 -2.500
v 8.000 -10.000 -1.500
v 8.000 -9.000 -2.500
v 8.000 -10.000 -0.500
v 8.000 -10.000 0.500
v 8.000 -10.000 1.500
v 8.000 -10.000 2.500
v 8.000 -9.000 2.500
v 8.000 -9.000 -4.500
v 8.000 -9.000 -3.500
v 8.000 -8.000 -4.500
v 8.000 -9.000 3.500
v 8.000 -9.000 4.500
v 8.000 -8.000 4.500
v 8.000 -7.000 -3.500
v 8.000 -7.000 -4.500
v 8.000 -7.000 -2.500
v 8.000 -7.000 3.500
v 8.000 -7.000 2.500
v 8.000 -7.000 4.500
v 8.000 -6.000 -1.500
v 8.000 -6.000 -2.500
v 8.000 -6.000 -0.500
v 8.000 -6.000 0.500
v 8.000 -6.000 1.500
v 8.000 -6.000 2.500
v 8.000 -2.000 -2.500
v 8.000 -2.000 -1.500
v 8.000 -1.000 -2.500
v 8.000 -2.000 -0.500
v 8.000 -2.000 0.500
v 8.000 -2.000 1.500
v 8.000 -2.000 2.500
v 8.000 -1.000 2.500
v 8.000 -1.000 -4.500
v 8.000 -1.000 -3.500
v 8.000 0.000 -4.500
v 8.000 -1.000 3.500
v 8.000 -1.000 4.500
v 8.000 0.000 4.500
v 8.000 1.000 -3.500
v 8.000 1.000 -4.500
v 8.000 1.000 -2.500
v 8.000 1.000 3.500
v 8.000 1.000 2.500
v 8.000 1.000 4.500
v 8.000 2.000 -1.500
v 8.000 2.000 -2.500
v 8.000 2.000 -0.500
v 8.000 2.000 0.500
v 8.000 2.000 1.500
v 8.000 2.000 2.500
v 8.000 6.000 -2.500
v 8.000 6.000 -1.500
v 8.000 7.000 -2.500
v 8.000 6.000 -0.500
v 8.000 6.000 0.500
v 8.000 6.000 1.500
v 8.000 6.000 2.500
v 8.000 7.000 2.500
v 8.000 7.000 -4.500
v 8.000 7.000 -3.500
v 8.000 8.000 -4.500
v 8.000 7.000 3.500
v 8.000 7.000 4.500
v 8.000 8.000 4.500
v 8.000 9.000 -3.500
v 8.000 9.000 -4.500
v 8.000 9.000 -2.500
v 8.000 9.000 3.500
v 8.000 9.000 2.500
v 8.000 9.000 4.500
v 8.000 10.000 -1.500
v 8.000 10.000 -2.500
v 8.000 10.000 -0.500
v 8.000 10.000 0.500
v 8.000 10.000 1.500
v 8.000 10.000 2.500
v 9.000 -10.000 -2.500
v 9.000 -10.000 -1.500
v 9.000 -9.000 -2.500
v 9.000 -10.000 -0.500
v 9.000 -10.000 0.500
v 9.000 -10.000 1.500
v 9.000 -10.000 2.500
v 9.000 -9.000 2.500
v 9.000 -9.000 -4.500
v 9.000 -8.000 -4.500
v 9.000 -8.000 -3.500
v 9.000 -9.000 -3.500
v 9.000 -8.000 -2.500
v 9.000 -8.000 2.500
v 9.000 -8.000 3.500
v 9.000 -9.000 3.500
v 9.000 -8.000 4.500
v 9.000 -9.000 4.500
v 9.000 -7.000 -4.500
v 9.000 -7.000 -3.500
v 9.000 -7.000 -2.500
v 9.000 -7.000 2.500
v 9.000 -7.000 3.500
v 9.000 -7.000 4.500
v 9.000 -6.000 -1.500
v 9.000 -6.000 -2.500
v 9.000 -6.000 -0.500
v 9.000 -6.000 0.500
v 9.000 -6.000 1.500
v 9.000 -6.000 2.500
v 9.000 -2.000 -2.500
v 9.000 -2.000 -1.500
v 9.000 -1.000 -2.500
v 9.000 -2.000 -0.500
v 9.000 -2.000 0.500
v 9.000 -2.000 1.500
v 9.000 -2.000 2.500
v 9.000 -1.000 2.500
v 9.000 -1.000 -4.500
v 9.000 -1.000 -3.500
v 9.000 0.000 -4.500
v 9.000 -1.000 3.500
v 9.000 -1.000 4.500
v 9.000 0.000 4.500
v 9.000 1.000 -3.500
v 9.000 1.000 -4.500
v 9.000 1.000 -2.500
v 9.000 1.000 3.500
v 9.000 1.000 2.500
v 9.000 1.000 4.500
v 9.000 2.000 -1.500
v 9.000 2.000 -2.500
v 9.000 2.000 -0.500
v 9.000 2.000 0.500
v 9.000 2.000 1.500
v 9.000 2.000 2.500
v 9.000 6.000 -2.500
v 9.000 6.000 -1.500
v 9.000 7.000 -2.500
v 9.000 6.000 -0.500
v 9.000 6.000 0.500
v 9.000 6.000 1.500
v 9.000 6.000 2.500
v 9.000 7.000 2.500
v 9.000 7.000 -4.500
v 9.000 8.000 -4.500
v 9.000 8.000 -3.500
v 9.000 7.000 -3.500
v 9.000 8.000 -2.500
v 9.000 8.000 2.500
v 9.000 8.000 3.500
v 9.000 7.000 3.500
v 9.000 8.000 4.500
v 9.000 7.000 4.500
v 9.000 9.000 -4.500
v 9.000 9.000 -3.500
v 9.000 9.000 -2.500
v 9.000 9.000 2.500
v 9.000 9.000 3.500
v 9.000 9.000 4.500
v 9.000 10.000 -1.500
v 9.000 10.000 -2.500
v 9.000 10.000 -0.500
v 9.000 10.000 0.500
v 9.000 10.000 1.500
v 9.000 10.000 2.500
v 10.000 -10.000 -2.500
v 10.000 -9.000 -2.500
v 10.000 -9.000 -1.500
v 10.000 -10.000 -1.500
v 10.000 -9.000 -0.500
v 10.000 -10.000 -0.500
v 10.000 -9.000 0.500
v 10.000 -10.000 0.500
v 10.000 -9.000 1.500
v 10.000 -10.000 1.500
v 10.000 -9.000 2.500
v 10.000 -10.000 2.500
v 10.000 -8.000 -2.500
v 10.000 -8.000 2.500
v 10.000 -7.000 -2.500
v 10.000 -7.000 2.500
v 10.000 -6.000 -2.500
v 10.000 -6.000 -1.500
v 10.000 -7.000 -1.500
v 10.000 -6.000 -0.500
v 10.000 -7.000 -0.500
v 10.000 -6.000 0.500
v 10.000 -7.000 0.500
v 10.000 -6.000 1.500
v 10.000 -7.000 1.500
v 10.000 -6.000 2.500
v 10.000 -2.000 -2.500
v 10.000 -2.000 -1.500
v 10.000 -1.000 -2.500
v 10.000 -2.000 -0.500
v 10.000 -2.000 0.500
v 10.000 -2.000 1.500
v 10.000 -2.000 2.500
v 10.000 -1.000 2.500
v 10.000 -1.000 -4.500
v 10.000 -1.000 -3.500
v 10.000 0.000 -4.500
v 10.000 -1.000 3.500
v 10.000 -1.000 4.500
v 10.000 0.000 4.500
v 10.000 1.000 -3.500
v 10.000 1.000 -4.500
v 10.000 1.000 -2.500
v 10.000 1.000 3.500
v 10.000 1.000 2.500
v 10.000 1.000 4.500
v 10.000 2.000 -1.500
v 10.000 2.000 -2.500
v 10.000 2.000 -0.500
v 10.000 2.000 0.500
v 10.000 2.000 1.500
v 10.000 2.000 2.500
v 10.000 6.000 -2.500
v 10.000 7.000 -2.500
v 10.000 7.000 -1.500
v 10.000 6.000 -1.500
v 10.000 7.000 -0.500
v 10.000 6.000 -0.500
v 10.000 7.000 0.500
v 10.000 6.000 0.500
v 10.000 7.000 1.500
v 10.000 6.000 1.500
v 10.000 7.000 2.500
v 10.000 6.000 2.500
v 10.000 8.000 -2.500
v 10.000 8.000 2.500
v 10.000 9.000 -2.500
v 10.000 9.000 2.500
v 10.000 10.000 -2.500
v 10.000 10.000 -1.500
v 10.000 9.000 -1.500
v 10.000 10.000 -0.500
v 10.000 9.000 -0.500
v 10.000 10.000 0.500
v 10.000 9.000 0.500
v 10.000 10.000 1.500
v 10.000 9.000 1.500
v 10.000 10.000 2.500
v 11.000 -9.000 -2.500
v 11.000 -9.000 -1.500
v 11.000 -8.000 -2.500
v 11.000 -9.000 -0.500
v 11.000 -9.000 0.500
v 11.000 -9.000 1.500
v 11.000 -9.000 2.500
v 11.000 -8.000 2.500
v 11.000 -7.000 -1.500
v 11.000 -7.000 -2.500
v 11.000 -7.000 -0.500
v 11.000 -7.000 0.500
v 11.000 -7.000 1.500
v 11.000 -7.000 2.500
v 11.000 -2.000 -2.500
v 11.000 -2.000 -1.500
v 11.000 -1.000 -2.500
v 11.000 -2.000 -0.500
v 11.000 -2.000 0.500
v 11.000 -2.000 1.500
v 11.000 -2.000 2.500
v 11.000 -1.000 2.500
v 11.000 -1.000 -4.500
v 11.000 0.000 -4.500
v 11.000 0.000 -3.500
v 11.000 -1.000 -3.500
v 11.000 0.000 -2.500
v 11.000 0.000 2.500
v 11.000 0.000 3.500
v 11.000 -1.000 3.500
v 11.000 0.000 4.500
v 11.000 -1.000 4.500
v 11.000 1.000 -4.500
v 11.000 1.000 -3.500
v 11.000 1.000 -2.500
v 11.000 1.000 2.500
v 11.000 1.000 3.500
v 11.000 1.000 4.500
v 11.000 2.000 -1.500
v 11.000 2.000 -2.500
v 11.000 2.000 -0.500
v 11.000 2.000 0.500
v 11.000 2.000 1.500
v 11.000 2.000 2.500
v 11.000 7.000 -2.500
v 11.000 7.000 -1.500
v 11.000 8.000 -2.500
v 11.000 7.000 -0.500
v 11.000 7.000 0.500
v 11.000 7.000 1.500
v 11.000 7.000 2.500
v 11.000 8.000 2.500
v 11.000 9.000 -1.500
v 11.000 9.000 -2.500
v 11.000 9.000 -0.500
v 11.000 9.000 0.500
v 11.000 9.000 1.500
v 11.000 9.000 2.500
v 12.000 -9.000 -2.500
v 12.000 -9.000 -1.500
v 12.000 -8.000 -2.500
v 12.000 -9.000 -0.500
v 12.000 -9.000 0.500
v 12.000 -9.000 1.500
v 12.000 -9.000 2.500
v 12.000 -8.000 2.500
v 12.000 -7.000 -1.500
v 12.000 -7.000 -2.500
v 12.000 -7.000 -0.500
v 12.000 -7.000 0.500
v 12.000 -7.000 1.500
v 12.000 -7.000 2.500
v 12.000 -2.000 -2.500
v 12.000 -1.000 -2.500
v 12.000 -1.000 -1.500
v 12.000 -2.000 -1.500
v 12.000 -1.000 -0.500
v 12.000 -2.000 -0.500
v 12.000 -1.000 0.500
v 12.000 -2.000 0.500
v 12.000 -1.000 1.500
v 12.000 -2.000 1.500
v 12.000 -1.000 2.500
v 12.000 -2.000 2.500
v 12.000 0.000 -2.500
v 12.000 0.000 2.500
v 12.000 1.000 -2.500
v 12.000 1.000 2.500
v 12.000 2.000 -2.500
v 12.000 2.000 -1.500
v 12.000 1.000 -1.500
v 12.000 2.000 -0.500
v 12.000 1.000 -0.500
v 12.000 2.000 0.500
v 12.000 1.000 0.500
v 12.000 2.000 1.500
v 12.000 1.000 1.500
v 12.000 2.000 2.500
v 12.000 7.000 -2.500
v 12.000 7.000 -1.500
v 12.000 8.000 -2.500
v 12.000 7.000 -0.500
v 12.000 7.000 0.500
v 12.000 7.000 1.500
v 12.000 7.000 2.500
v 12.000 8.000 2.500
v 12.000 9.000 -1.500
v 12.000 9.000 -2.500
v 12.000 9.000 -0.500
v 12.000 9.000 0.500
v 12.000 9.000 1.500
v 12.000 9.000 2.500
v 13.000 -9.000 -2.500
v 13.000 -9.000 -1.500
v 13.000 -8.000 -2.500
v 13.000 -9.000 -0.500
v 13.000 -9.000 0.500
v 13.000 -9.000 1.500
v 13.000 -9.000 2.500
v 13.000 -8.000 2.500
v 13.000 -7.000 -1.500
v 13.000 -7.000 -2.500
v 13.000 -7.000 -0.500
v 13.000 -7.000 0.500
v 13.000 -7.000 1.500
v 13.000 -7.000 2.500
v 13.000 -1.000 -2.500
v 13.000 -1.000 -1.500
v 13.000 0.000 -2.500
v 13.000 -1.000 -0.500
v 13.000 -1.000 0.500
v 13.000 -1.000 1.500
v 13.000 -1.000 2.500
v 13.000 0.000 2.500
v 13.000 1.000 -1.500
v 13.000 1.000 -2.500
v 13.000 1.000 -0.500
v 13.000 1.000 0.500
v 13.000 1.000 1.500
v 13.000 1.000 2.500
v 13.000 7.000 -2.500
v 13.000 7.000 -1.500
v 13.000 8.000 -2.500
v 13.000 7.000 -0.500
v 13.000 7.000 0.500
v 13.000 7.000 1.500
v 13.000 7.000 2.500
v 13.000 8.000 2.500
v 13.000 9.000 -1.500
v 13.000 9.000 -2.500
v 13.000 9.000 -0.500
v 13.000 9.000 0.500
v 13.000 9.000 1.500
v 13.000 9.000 2.500
v 14.000 -9.000 -2.500
v 14.000 -9.000 -1.500
v 14.000 -8.000 -2.500
v 14.000 -9.000 -0.500
v 14.000 -9.000 0.500
v 14.000 -9.000 1.500
v 14.000 -9.000 2.500
v 14.000 -8.000 2.500
v 14.000 -7.000 -1.500
v 14.000 -7.000 -2.500
v 14.000 -7.000 -0.500
v 14.000 -7.000 0.500
v 14.000 -7.000 1.500
v 14.000 -7.000 2.500
v 14.000 -1.000 -2.500
v 14.000 -1.000 -1.500
v 14.000 0.000 -2.500
v 14.000 -1.000 -0.500
v 14.000 -1.000 0.500
v 14.000 -1.000 1.500
v 14.000 -1.000 2.500
v 14.000 0.000 2.500
v 14.000 1.000 -1.500
v 14.000 1.000 -2.500
v 14.000 1.000 -0.500
v 14.000 1.000 0.500
v 14.000 1.000 1.500
v 14.000 1.000 2.500
v 14.000 7.000 -2.500
v 14.000 7.000 -1.500
v 14.000 8.000 -2.500
v 14.000 7.000 -0.500
v 14.000 7.000 0.500
v 14.000 7.000 1.500
v 14.000 7.000 2.500
v 14.000 8.000 2.500
v 14.000 9.000 -1.500
v 14.000 9.000 -2.500
v 14.000 9.000 -0.500
v 14.000 9.000 0.500
v 14.000 9.000 1.500
v 14.000 9.000 2.500
v 15.000 -9.000 -2.500
v 15.000 -9.000 -1.500
v 15.000 -8.000 -2.500
v 15.000 -9.000 -0.500
v 15.000 -9.000 0.500
v 15.000 -9.000 1.500
v 15.000 -9.000 2.500
v 15.000 -8.000 2.500
v 15.000 -7.000 -1.500
v 15.000 -7.000 -2.500
v 15.000 -7.000 -0.500
v 15.000 -7.000 0.500
v 15.000 -7.000 1.500
v 15.000 -7.000 2.500
v 15.000 -1.000 -2.500
v 15.000 -1.000 -1.500
v 15.000 0.000 -2.500
v 15.000 -1.000 -0.500
v 15.000 -1.000 0.500
v 15.000 -1.000 1.500
v 15.000 -1.000 2.500
v 15.000 0.000 2.500
v 15.000 1.000 -1.500
v 15.000 1.000 -2.500
v 15.000 1.000 -0.500
v 15.000 1.000 0.500
v 15.000 1.000 1.500
v 15.000 1.000 2.500
v 15.000 7.000 -2.500
v 15.000 7.000 -1.500
v 15.000 8.000 -2.500
v 15.000 7.000 -0.500
v 15.000 7.000 0.500
v 15.000 7.000 1.500
v 15.000 7.000 2.500
v 15.000 8.000 2.500
v 15.000 9.000 -1.500
v 15.000 9.000 -2.500
v 15.000 9.000 -0.500
v 15.000 9.000 0.500
v 15.000 9.000 1.500
v 15.000 9.000 2.500
v 16.000 -9.000 -2.500
v 16.000 -9.000 -1.500
v 16.000 -8.000 -2.500
v 16.000 -9.000 -0.500
v 16.000 -9.000 0.500
v 16.000 -9.000 1.500
v 16.000 -9.000 2.500
v 16.000 -8.000 2.500
v 16.000 -7.000 -1.500
v 16.000 -7.000 -2.500
v 16.000 -7.000 -0.500
v 16.000 -7.000 0.500
v 16.000 -7.000 1.500
v 16.000 -7.000 2.500
v 16.000 -1.000 -2.500
v 16.000 -1.000 -1.500
v 16.000 0.000 -2.500
v 16.000 -1.000 -0.500
v 16.000 -1.000 0.500
v 16.000 -1.000 1.500
v 16.000 -1.000 2.500
v 16.000 0.000 2.500
v 16.000 1.000 -1.500
v 16.000 1.000 -2.500
v 16.000 1.000 -0.500
v 16.000 1.000 0.500
v 16.000 1.000 1.500
v 16.000 1.000 2.500
v 16.000 7.000 -2.500
v 16.000 7.000 -1.500
v 16.000 8.000 -2.500
v 16.000 7.000 -0.500
v 16.000 7.000 0.500
v 16.000 7.000 1.500
v 16.000 7.000 2.500
v 16.000 8.000 2.500
v 16.000 9.000 -1.500
v 16.000 9.000 -2.500
v 16.000 9.000 -0.500
v 16.000 9.000 0.500
v 16.000 9.000 1.500
v 16.000 9.000 2.500
v 17.000 -9.000 -2.500
v 17.000 -9.000 -1.500
v 17.000 -8.000 -2.500
v 17.000 -9.000 -0.500
v 17.000 -9.000 0.500
v 17.000 -9.000 1.500
v 17.000 -9.000 2.500
v 17.000 -8.000 2.500
v 17.000 -7.000 -1.500
v 17.000 -7.000 -2.500
v 17.000 -7.000 -0.500
v 17.000 -7.000 0.500
v 17.000 -7.000 1.500
v 17.000 -7.000 2.500
v 17.000 -1.000 -2.500
v 17.000 -1.000 -1.500
v 17.000 0.000 -2.500
v 17.000 -1.000 -0.500
v 17.000 -1.000 0.500
v 17.000 -1.000 1.500
v 17.000 -1.000 2.500
v 17.000 0.000 2.500
v 17.000 1.000 -1.500
v 17.000 1.000 -2.500
v 17.000 1.000 -0.500
v 17.000 1.000 0.500
v 17.000 1.000 1.500
v 17.000 1.000 2.500
v 17.000 7.000 -2.500
v 17.000 7.000 -1.500
v 17.000 8.000 -2.500
v 17.000 7.000 -0.500
v 17.000 7.000 0.500
v 17.000 7.000 1.500
v 17.000 7.000 2.500
v 17.000 8.000 2.500
v 17.000 9.000 -1.500
v 17.000 9.000 -2.500
v 17.000 9.000 -0.500
v 17.000 9.000 0.500
v 17.000 9.000 1.500
v 17.000 9.000 2.500
v 18.000 -9.000 -2.500
v 18.000 -9.000 -1.500
v 18.000 -8.000 -2.500
v 18.000 -9.000 -0.500
v 18.000 -9.000 0.500
v 18.000 -9.000 1.500
v 18.000 -9.000 2.500
v 18.000 -8.000 2.500
v 18.000 -7.000 -1.500
v 18.000 -7.000 -2.500
v 18.000 -7.000 -0.500
v 18.000 -7.000 0.500
v 18.000 -7.000 1.500
v 18.000 -7.000 2.500
v 18.000 -1.000 -2.500
v 18.000 -1.000 -1.500
v 18.000 0.000 -2.500
v 18.000 -1.000 -0.500
v 18.000 -1.000 0.500
v 18.000 -1.000 1.500
v 18.000 -1.000 2.500
v 18.000 0.000 2.500
v 18.000 1.000 -1.500
v 18.000 1.000 -2.500
v 18.000 1.000 -0.500
v 18.000 1.000 0.500
v 18.000 1.000 1.500
v 18.000 1.000 2.500
v 18.000 7.000 -2.500
v 18.000 7.000 -1.500
v 18.000 8.000 -2.500
v 18.000 7.000 -0.500
v 18.000 7.000 0.500
v 18.000 7.000 1.500
v 18.000 7.000 2.500
v 18.000 8.000 2.500
v 18.000 9.000 -1.500
v 18.000 9.000 -2.500
v 18.000 9.000 -0.500
v 18.000 9.000 0.500
v 18.000 9.000 1.500
v 18.000 9.000 2.500
v 19.000 -9.000 -2.500
v 19.000 -9.000 -1.500
v 19.000 -8.000 -2.500
v 19.000 -9.000 -0.500
v 19.000 -9.000 0.500
v 19.000 -9.000 1.500
v 19.000 -9.000 2.500
v 19.000 -8.000 2.500
v 19.000 -7.000 -1.500
v 19.000 -7.000 -2.500
v 19.000 -7.000 -0.500
v 19.000 -7.000 0.500
v 19.000 -7.000 1.500
v 19.000 -7.000 2.500
v 19.000 -1.000 -2.500
v 19.000 -1.000 -1.500
v 19.000 0.000 -2.500
v 19.000 -1.000 -0.500
v 19.000 -1.000 0.500
v 19.000 -1.000 1.500
v 19.000 -1.000 2.500
v 19.000 0.000 2.500
v 19.000 1.000 -1.500
v 19.000 1.000 -2.500
v 19.000 1.000 -0.500
v 19.000 1.000 0.500
v 19.000 1.000 1.500
v 19.000 1.000 2.500
v 19.000 7.000 -2.500
v 19.000 7.000 -1.500
v 19.000 8.000 -2.500
v 19.000 7.000 -0.500
v 19.000 7.000 0.500
v 19.000 7.000 1.500
v 19.000 7.000 2.500
v 19.000 8.000 2.500
v 19.000 9.000 -1.500
v 19.000 9.000 -2.500
v 19.000 9.000 -0.500
v 19.000 9.000 0.500
v 19.000 9.000 1.500
v 19.000 9.000 2.500
v 20.000 -9.000 -2.500
v 20.000 -9.000 -1.500
v 20.000 -8.000 -2.500
v 20.000 -9.000 -0.500
v 20.000 -9.000 0.500
v 20.000 -9.000 1.500
v 20.000 -9.000 2.500
v 20.000 -8.000 2.500
v 20.000 -7.000 -1.500
v 20.000 -7.000 -2.500
v 20.000 -7.000 -0.500
v 20.000 -7.000 0.500
v 20.000 -7.000 1.500
v 20.000 -7.000 2.500
v 20.000 -1.000 -2.500
v 20.000 -1.000 -1.500
v 20.000 0.000 -2.500
v 20.000 -1.000 -0.500
v 20.000 -1.000 0.500
v 20.000 -1.000 1.500
v 20.000 -1.000 2.500
v 20.000 0.000 2.500
v 20.000 1.000 -1.500
v 20.000 1.000 -2.500
v 20.000 1.000 -0.500
v 20.000 1.000 0.500
v 20.000 1.000 1.500
v 20.000 1.000 2.500
v 20.000 7.000 -2.500
v 20.000 7.000 -1.500
v 20.000 8.000 -2.500
v 20.000 7.000 -0.500
v 20.000 7.000 0.500
v 20.000 7.000 1.500
v 20.000 7.000 2.500
v 20.000 8.000 2.500
v 20.000 9.000 -1.500
v 20.000 9.000 -2.500
v 20.000 9.000 -0.500
v 20.000 9.000 0.500
v 20.000 9.000 1.500
v 20.000 9.000 2.500
v 21.000 -9.000 -2.500
v 21.000 -8.000 -2.500
v 21.000 -8.000 -1.500
v 21.000 -9.000 -1.500
v 21.000 -8.000 -0.500
v 21.000 -9.000 -0.500
v 21.000 -8.000 0.500
v 21.000 -9.000 0.500
v 21.000 -8.000 1.500
v 21.000 -9.000 1.500
v 21.000 -8.000 2.500
v 21.000 -9.000 2.500
v 21.000 -7.000 -2.500
v 21.000 -7.000 -1.500
v 21.000 -7.000 -0.500
v 21.000 -7.000 0.500
v 21.000 -7.000 1.500
v 21.000 -7.000 2.500
v 21.000 -1.000 -2.500
v 21.000 -1.000 -1.500
v 21.000 0.000 -2.500
v 21.000 -1.000 -0.500
v 21.000 -1.000 0.500
v 21.000 -1.000 1.500
v 21.000 -1.000 2.500
v 21.000 0.000 2.500
v 21.000 1.000 -1.500
v 21.000 1.000 -2.500
v 21.000 1.000 -0.500
v 21.000 1.000 0.500
v 21.000 1.000 1.500
v 21.000 1.000 2.500
v 21.000 7.000 -2.500
v 21.000 8.000 -2.500
v 21.000 8.000 -1.500
v 21.000 7.000 -1.500
v 21.000 8.000 -0.500
v 21.000 7.000 -0.500
v 21.000 8.000 0.500
v 21.000 7.000 0.500
v 21.000 8.000 1.500
v 21.000 7.000 1.500
v 21.000 8.000 2.500
v 21.000 7.000 2.500
v 21.000 9.000 -2.500
v 21.000 9.000 -1.500
v 21.000 9.000 -0.500
v 21.000 9.000 0.500
v 21.000 9.000 1.500
v 21.000 9.000 2.500
v 22.000 -1.000 -2.500
v 22.000 -1.000 -1.500
v 22.000 0.000 -2.500
v 22.000 -1.000 -0.500
v 22.000 -1.000 0.500
v 22.000 -1.000 1.500
v 22.000 -1.000 2.500
v 22.000 0.000 2.500
v 22.000 1.000 -1.500
v 22.000 1.000 -2.500
v 22.000 1.000 -0.500
v 22.000 1.000 0.500
v 22.000 1.000 1.500
v 22.000 1.000 2.500
v 23.000 -1.000 -2.500
v 23.000 0.000 -2.500
v 23.000 0.000 -1.500
v 23.000 -1.000 -1.500
v 23.000 0.000 -0.500
v 23.000 -1.000 -0.500
v 23.000 0.000 0.500
v 23.000 -1.000 0.500
v 23.000 0.000 1.500
v 23.000 -1.000 1.500
v 23.000 0.000 2.500
v 23.000 -1.000 2.500
v 23.000 1.000 -2.500
v 23.000 1.000 -1.500
v 23.000 1.000 -0.500
v 23.000 1.000 0.500
v 23.000 1.000 1.500
v 23.000 1.000 2.500
f 1 2 3 4
f 1 4 5 6
f 5 4 3 7
f 8 9 2 1
f 8 1 6 10
f 11 12 9 8
f 11 8 10 13
f 14 15 12 11
f 14 11 13 16
f 17 18 15 14
f 17 14 16 19
f 17 19 20 18
f 21 22 23 24
f 21 24 25 26
f 25 24 23 27
f 3 28 22 21
f 3 21 26 7
f 2 29 28 3
f 9 30 29 2
f 12 31 30 9
f 15 32 31 12
f 18 33 32 15
f 34 35 33 18
f 34 18 20 36
f 37 38 35 34
f 37 34 36 39
f 37 39 40 38
f 23 41 42 43
f 23 43 44 27
f 44 43 42 45
f 22 46 41 23
f 28 47 46 22
f 29 48 47 28
f 30 49 48 29
f 31 50 49 30
f 32 51 50 31
f 33 52 51 32
f 35 53 52 33
f 38 54 53 35
f 55 56 54 38
f 55 38 40 57
f 55 57 58 56
f 42 59 60 61
f 42 61 62 45
f 62 61 60 63
f 41 64 59 42
f 46 65 64 41
f 47 66 65 46
f 48 67 66 47
f 49 68 67 48
f 50 69 68 49
f 51 70 69 50
f 52 71 70 51
f 53 72 71 52
f 54 73 72 53
f 56 74 73 54
f 75 76 74 56
f 75 56 58 77
f 75 77 78 76
f 60 79 80 81
f 60 81 82 63
f 82 81 80 83
f 59 84 79 60
f 64 85 84 59
f 65 86 85 64
f 66 87 86 65
f 67 88 87 66
f 68 89 88 67
f 69 90 89 68
f 70 91 90 69
f 71 92 91 70
f 72 93 92 71
f 73 94 93 72
f 74 95 94 73
f 76 96 95 74
f 97 98 96 76
f 97 76 78 99
f 97 99 100 98
f 79 101 102 80
f 83 80 102 103
f 84 104 101 79
f 85 105 104 84
f 86 106 105 85
f 87 107 106 86
f 88 108 107 87
f 89 109 108 88
f 90 110 109 89
f 91 111 110 90
f 92 112 111 91
f 93 113 112 92
f 94 114 113 93
f 95 115 114 94
f 96 116 115 95
f 98 117 116 96
f 98 100 118 117
f 101 119 120 102
f 103 102 120 121
f 104 122 119 101
f 105 123 122 104
f 106 124 123 105
f 107 125 124 106
f 108 126 125 107
f 109 127 126 108
f 110 128 127 109
f 111 129 128 110
f 112 130 129 111
f 113 131 130 112
f 114 132 131 113
f 115 133 132 114
f 116 134 133 115
f 117 135 134 116
f 117 118 136 135
f 119 137 138 120
f 121 120 138 139
f 122 140 137 119
f 123 141 140 122
f 124 142 141 123
f 125 143 142 124
f 126 144 143 125
f 127 145 144 126
f 128 146 145 127
f 129 147 146 128
f 130 148 147 129
f 131 149 148 130
f 132 150 149 131
f 133 151 150 132
f 134 152 151 133
f 135 153 152 134
f 135 136 154 153
f 137 155 156 138
f 139 138 156 157
f 140 158 155 137
f 141 159 158 140
f 142 160 159 141
f 143 161 160 142
f 144 162 161 143
f 145 163 162 144
f 146 164 163 145
f 147 165 164 146
f 148 166 165 147
f 149 167 166 148
f 150 168 167 149
f 151 169 168 150
f 152 170 169 151
f 153 171 170 152
f 153 154 172 171
f 155 173 174 156
f 157 156 174 175
f 158 176 173 155
f 159 177 176 158
f 160 178 177 159
f 161 179 178 160
f 162 180 179 161
f 163 181 180 162
f 164 182 181 163
f 165 183 182 164
f 166 184 183 165
f 167 185 184 166
f 168 186 185 167
f 169 187 186 168
f 170 188 187 169
f 171 189 188 170
f 171 172 190 189
f 173 191 192 174
f 175 174 192 193
f 176 194 191 173
f 177 195 194 176
f 178 196 195 177
f 179 197 196 178
f 180 198 197 179
f 181 199 198 180
f 182 200 199 181
f 183 201 200 182
f 184 202 201 183
f 185 203 202 184
f 186 204 203 185
f 187 205 204 186
f 188 206 205 187
f 189 207 206 188
f 189 190 208 207
f 191 209 210 192
f 210 209 211 212
f 193 192 210 212
f 194 213 209 191
f 195 214 213 194
f 196 215 214 195
f 197 216 215 196
f 198 217 216 197
f 199 218 217 198
f 200 219 218 199
f 201 220 219 200
f 202 221 220 201
f 203 222 221 202
f 204 223 222 203
f 205 224 223 204
f 206 225 224 205
f 207 226 225 206
f 225 226 227 228
f 207 208 227 226
f 213 229 230 209
f 230 229 231 232
f 211 209 230 232
f 214 233 229 213
f 215 234 233 214
f 216 235 234 215
f 217 236 235 216
f 218 237 236 217
f 219 238 237 218
f 220 239 238 219
f 221 240 239 220
f 222 241 240 221
f 223 242 241 222
f 224 243 242 223
f 225 244 243 224
f 243 244 245 246
f 225 228 245 244
f 233 247 248 229
f 248 247 249 250
f 231 229 248 250
f 234 251 247 233
f 235 252 251 234
f 236 253 252 235
f 237 254 253 236
f 238 255 254 237
f 239 256 255 238
f 240 257 256 239
f 241 258 257 240
f 242 259 258 241
f 243 260 259 242
f 259 260 261 262
f 243 246 261 260
f 251 263 264 247
f 264 263 265 266
f 249 247 264 266
f 252 267 263 251
f 263 267 268 265
f 253 269 267 252
f 254 270 269 253
f 255 271 270 254
f 256 272 271 255
f 257 273 272 256
f 258 274 273 257
f 273 274 275 276
f 259 277 274 258
f 274 277 278 275
f 259 262 278 277
f 269 279 280 267
f 280 279 281 282
f 268 267 280 282
f 270 283 279 269
f 279 283 284 281
f 271 285 283 270
f 283 285 286 284
f 272 287 285 271
f 285 287 288 286
f 273 289 287 272
f 287 289 290 288
f 273 276 290 289
f 291 292 293 294
f 295 6 5 296
f 295 296 291 294
f 291 296 5 292
f 294 293 297 298
f 299 10 6 295
f 299 295 294 298
f 298 297 300 301
f 302 13 10 299
f 302 299 298 301
f 301 300 303 304
f 305 16 13 302
f 305 302 301 304
f 304 303 306 307
f 308 19 16 305
f 308 305 304 307
f 308 307 306 19
f 309 310 311 312
f 313 26 25 314
f 313 314 309 312
f 309 314 25 310
f 312 311 315 292
f 5 7 26 313
f 5 313 312 292
f 306 316 317 318
f 319 36 20 19
f 319 19 306 318
f 318 317 320 321
f 322 39 36 319
f 322 319 318 321
f 322 321 320 39
f 323 324 325 326
f 327 44 328 329
f 327 329 323 326
f 323 329 328 324
f 326 325 330 310
f 25 27 44 327
f 25 327 326 310
f 320 331 332 333
f 334 57 40 39
f 334 39 320 333
f 333 332 335 336
f 337 338 57 334
f 337 334 333 336
f 337 336 335 338
f 339 340 341 324
f 328 62 342 343
f 328 343 339 324
f 339 343 342 340
f 324 341 344 325
f 44 45 62 328
f 332 345 346 335
f 338 77 58 57
f 335 346 347 348
f 349 350 77 338
f 349 338 335 348
f 349 348 347 350
f 340 351 352 341
f 62 63 82 342
f 340 342 82 351
f 346 353 354 347
f 350 99 78 77
f 350 347 354 99
f 355 356 357 351
f 82 83 358 359
f 82 359 355 351
f 355 359 358 356
f 354 360 361 362
f 363 364 100 99
f 363 99 354 362
f 363 362 361 364
f 356 365 366 357
f 83 103 367 358
f 356 358 367 365
f 360 368 369 361
f 364 370 118 100
f 364 361 369 370
f 365 371 372 366
f 103 121 373 367
f 365 367 373 371
f 368 374 375 369
f 370 376 136 118
f 370 369 375 376
f 371 377 378 372
f 121 139 379 373
f 371 373 379 377
f 374 380 381 375
f 376 382 154 136
f 376 375 381 382
f 377 383 384 378
f 139 157 385 379
f 377 379 385 383
f 380 386 387 381
f 382 388 172 154
f 382 381 387 388
f 383 389 390 384
f 157 175 391 385
f 383 385 391 389
f 386 392 393 387
f 388 394 190 172
f 388 387 393 394
f 389 395 396 390
f 175 193 397 391
f 389 391 397 395
f 392 398 399 393
f 394 400 208 190
f 394 393 399 400
f 395 401 402 396
f 193 212 403 397
f 403 212 402 401
f 395 397 403 401
f 398 404 405 399
f 400 406 227 208
f 227 406 405 404
f 400 399 405 406
f 402 407 408 409
f 211 232 410 212
f 402 212 410 407
f 411 412 413 404
f 227 414 245 228
f 227 404 413 414
f 407 415 416 408
f 232 417 418 410
f 418 417 416 415
f 407 410 418 415
f 408 416 419 420
f 231 250 417 232
f 421 422 423 412
f 245 424 261 246
f 412 423 425 413
f 414 426 424 245
f 424 426 425 423
f 414 413 425 426
f 416 427 428 419
f 250 429 430 417
f 430 429 428 427
f 416 417 430 427
f 419 428 431 432
f 249 266 429 250
f 429 266 431 428
f 433 434 435 422
f 261 436 278 262
f 278 436 435 434
f 422 435 437 423
f 424 438 436 261
f 436 438 437 435
f 424 423 437 438
f 431 439 440 441
f 265 442 443 266
f 443 442 440 439
f 431 266 443 439
f 441 440 444 445
f 268 282 442 265
f 442 282 444 440
f 446 447 448 449
f 275 450 290 276
f 290 450 448 447
f 449 448 451 434
f 278 452 450 275
f 450 452 451 448
f 278 434 451 452
f 444 453 454 455
f 281 456 457 282
f 457 456 454 453
f 444 282 457 453
f 455 454 458 459
f 284 460 456 281
f 456 460 458 454
f 459 458 461 462
f 286 463 460 284
f 460 463 461 458
f 462 461 464 465
f 288 466 463 286
f 463 466 464 461
f 465 464 467 447
f 290 468 466 288
f 466 468 467 464
f 290 447 467 468
f 469 470 471 472
f 293 292 469 472
f 469 292 315 470
f 472 471 473 474
f 297 293 472 474
f 474 473 475 476
f 300 297 474 476
f 476 475 477 478
f 303 300 476 478
f 478 477 479 480
f 306 303 478 480
f 306 480 479 316
f 481 482 483 484
f 311 310 481 484
f 481 310 330 482
f 484 483 485 470
f 315 311 484 470
f 479 486 487 488
f 317 316 479 488
f 488 487 489 490
f 320 317 488 490
f 320 490 489 331
f 491 492 493 482
f 330 325 491 482
f 491 325 344 492
f 489 494 495 496
f 332 331 489 496
f 332 496 495 345
f 497 498 499 492
f 344 341 497 492
f 497 341 352 498
f 495 500 501 502
f 346 345 495 502
f 346 502 501 353
f 503 504 505 498
f 352 351 503 498
f 503 351 357 504
f 501 506 507 508
f 354 353 501 508
f 354 508 507 360
f 504 509 510 505
f 504 357 366 509
f 506 511 512 507
f 360 507 512 368
f 509 513 514 510
f 509 366 372 513
f 511 515 516 512
f 368 512 516 374
f 513 517 518 514
f 513 372 378 517
f 515 519 520 516
f 374 516 520 380
f 517 521 522 518
f 517 378 384 521
f 519 523 524 520
f 380 520 524 386
f 521 525 526 522
f 521 384 390 525
f 523 527 528 524
f 386 524 528 392
f 525 529 530 526
f 525 390 396 529
f 527 531 532 528
f 392 528 532 398
f 529 533 534 530
f 402 409 534 533
f 529 396 402 533
f 531 535 536 532
f 411 404 536 535
f 398 532 536 404
f 534 537 538 539
f 408 420 538 537
f 534 409 408 537
f 540 541 542 535
f 421 412 542 541
f 411 535 542 412
f 538 543 544 545
f 419 432 544 543
f 538 420 419 543
f 546 547 548 541
f 433 422 548 547
f 421 541 548 422
f 544 549 550 551
f 431 441 550 549
f 544 432 431 549
f 551 550 552 553
f 441 445 552 550
f 554 555 556 557
f 446 449 556 555
f 557 556 558 547
f 449 434 558 556
f 433 547 558 434
f 552 559 560 561
f 444 455 560 559
f 552 445 444 559
f 561 560 562 563
f 455 459 562 560
f 563 562 564 565
f 459 462 564 562
f 565 564 566 567
f 462 465 566 564
f 567 566 568 555
f 465 447 568 566
f 446 555 568 447
f 471 470 569 570
f 569 470 485 571
f 473 471 570 572
f 475 473 572 573
f 477 475 573 574
f 479 477 574 575
f 479 575 576 486
f 483 482 577 578
f 577 482 493 579
f 485 483 578 571
f 487 486 576 580
f 489 487 580 581
f 489 581 582 494
f 493 492 583 579
f 583 492 499 584
f 495 494 582 585
f 495 585 586 500
f 499 498 587 584
f 587 498 505 588
f 501 500 586 589
f 501 589 590 506
f 588 505 510 591
f 506 590 592 511
f 591 510 514 593
f 511 592 594 515
f 593 514 518 595
f 515 594 596 519
f 595 518 522 597
f 519 596 598 523
f 597 522 526 599
f 523 598 600 527
f 599 526 530 601
f 527 600 602 531
f 534 539 603 604
f 601 530 534 604
f 540 535 605 606
f 531 602 605 535
f 538 545 607 608
f 603 539 538 608
f 546 541 609 610
f 540 606 609 541
f 544 551 611 612
f 607 545 544 612
f 551 553 613 611
f 554 557 614 615
f 557 547 616 614
f 546 610 616 547
f 552 561 617 618
f 613 553 552 618
f 561 563 619 617
f 563 565 620 619
f 565 567 621 620
f 567 555 622 621
f 554 615 622 555
f 623 570 569 624
f 623 624 625 626
f 625 624 569 627
f 628 572 570 623
f 628 623 626 629
f 630 573 572 628
f 630 628 629 631
f 632 574 573 630
f 632 630 631 633
f 634 575 574 632
f 634 632 633 635
f 634 635 636 575
f 637 578 577 638
f 637 638 639 640
f 639 638 577 641
f 569 571 578 637
f 569 637 640 627
f 642 580 576 575
f 642 575 636 643
f 644 581 580 642
f 644 642 643 645
f 644 645 646 581
f 577 579 583 647
f 577 647 648 641
f 648 647 583 649
f 650 585 582 581
f 650 581 646 651
f 650 651 652 585
f 583 584 587 653
f 583 653 654 649
f 654 653 587 655
f 656 589 586 585
f 656 585 652 657
f 656 657 658 589
f 587 588 659 660
f 587 660 661 655
f 661 660 659 662
f 663 664 590 589
f 663 589 658 665
f 663 665 666 664
f 588 591 667 659
f 662 659 667 668
f 664 669 592 590
f 664 666 670 669
f 591 593 671 667
f 668 667 671 672
f 669 673 594 592
f 669 670 674 673
f 593 595 675 671
f 672 671 675 676
f 673 677 596 594
f 673 674 678 677
f 595 597 679 675
f 676 675 679 680
f 677 681 598 596
f 677 678 682 681
f 597 599 683 679
f 680 679 683 684
f 681 685 600 598
f 681 682 686 685
f 599 601 687 683
f 684 683 687 688
f 685 689 602 600
f 685 686 690 689
f 601 604 691 687
f 691 604 692 693
f 688 687 691 693
f 689 694 605 602
f 605 694 695 696
f 689 690 695 694
f 603 608 697 604
f 697 608 698 699
f 692 604 697 699
f 605 700 609 606
f 609 700 701 702
f 605 696 701 700
f 607 612 703 608
f 703 612 704 705
f 698 608 703 705
f 609 706 616 610
f 616 706 707 708
f 609 702 707 706
f 611 709 710 612
f 710 709 711 712
f 704 612 710 712
f 613 618 709 611
f 709 618 713 711
f 614 714 622 615
f 622 714 715 716
f 616 717 714 614
f 714 717 718 715
f 616 708 718 717
f 617 719 720 618
f 720 719 721 722
f 713 618 720 722
f 619 723 719 617
f 719 723 724 721
f 620 725 723 619
f 723 725 726 724
f 621 727 725 620
f 725 727 728 726
f 622 729 727 621
f 727 729 730 728
f 622 716 730 729
f 626 625 731 732
f 731 625 627 733
f 629 626 732 734
f 631 629 734 735
f 633 631 735 736
f 635 633 736 737
f 635 737 738 636
f 640 639 739 740
f 739 639 641 741
f 627 640 740 733
f 643 636 738 742
f 645 643 742 743
f 645 743 744 646
f 641 648 745 741
f 745 648 649 746
f 651 646 744 747
f 651 747 748 652
f 649 654 749 746
f 749 654 655 750
f 657 652 748 751
f 657 751 752 658
f 655 661 753 750
f 753 661 662 754
f 665 658 752 755
f 665 755 756 666
f 754 662 668 757
f 666 756 758 670
f 757 668 672 759
f 670 758 760 674
f 759 672 676 761
f 674 760 762 678
f 761 676 680 763
f 678 762 764 682
f 763 680 684 765
f 682 764 766 686
f 765 684 688 767
f 686 766 768 690
f 693 692 769 770
f 767 688 693 770
f 696 695 771 772
f 690 768 771 695
f 699 698 773 774
f 769 692 699 774
f 702 701 775 776
f 696 772 775 701
f 705 704 777 778
f 773 698 705 778
f 708 707 779 780
f 702 776 779 707
f 712 711 781 782
f 777 704 712 782
f 711 713 783 781
f 716 715 784 785
f 715 718 786 784
f 708 780 786 718
f 722 721 787 788
f 783 713 722 788
f 721 724 789 787
f 724 726 790 789
f 726 728 791 790
f 728 730 792 791
f 716 785 792 730
f 793 794 795 796
f 797 732 731 798
f 797 798 793 796
f 793 798 731 794
f 796 795 799 800
f 801 734 732 797
f 801 797 796 800
f 800 799 802 803
f 804 735 734 801
f 804 801 800 803
f 803 802 805 806
f 807 736 735 804
f 807 804 803 806
f 806 805 808 809
f 810 737 736 807
f 810 807 806 809
f 810 809 808 737
f 811 812 813 814
f 815 740 739 816
f 815 816 811 814
f 811 816 739 812
f 814 813 817 794
f 731 733 740 815
f 731 815 814 794
f 808 818 819 820
f 821 742 738 737
f 821 737 808 820
f 820 819 822 823
f 824 743 742 821
f 824 821 820 823
f 824 823 822 743
f 825 826 827 828
f 829 745 830 831
f 829 831 825 828
f 825 831 830 826
f 828 827 832 812
f 739 741 745 829
f 739 829 828 812
f 822 833 834 835
f 836 747 744 743
f 836 743 822 835
f 835 834 837 838
f 839 840 747 836
f 839 836 835 838
f 839 838 837 840
f 841 842 843 826
f 830 749 844 845
f 830 845 841 826
f 841 845 844 842
f 826 843 846 827
f 745 746 749 830
f 834 847 848 837
f 840 751 748 747
f 837 848 849 850
f 851 852 751 840
f 851 840 837 850
f 851 850 849 852
f 842 853 854 843
f 749 750 753 844
f 842 844 753 853
f 848 855 856 849
f 852 755 752 751
f 852 849 856 755
f 857 858 859 853
f 753 754 860 861
f 753 861 857 853
f 857 861 860 858
f 856 862 863 864
f 865 866 756 755
f 865 755 856 864
f 865 864 863 866
f 858 867 868 859
f 754 757 869 860
f 858 860 869 867
f 862 870 871 863
f 866 872 758 756
f 866 863 871 872
f 867 873 874 868
f 757 759 875 869
f 867 869 875 873
f 870 876 877 871
f 872 878 760 758
f 872 871 877 878
f 873 879 880 874
f 759 761 881 875
f 873 875 881 879
f 876 882 883 877
f 878 884 762 760
f 878 877 883 884
f 879 885 886 880
f 761 763 887 881
f 879 881 887 885
f 882 888 889 883
f 884 890 764 762
f 884 883 889 890
f 885 891 892 886
f 763 765 893 887
f 885 887 893 891
f 888 894 895 889
f 890 896 766 764
f 890 889 895 896
f 891 897 898 892
f 765 767 899 893
f 891 893 899 897
f 894 900 901 895
f 896 902 768 766
f 896 895 901 902
f 897 903 904 898
f 767 770 905 899
f 905 770 904 903
f 897 899 905 903
f 900 906 907 901
f 902 908 771 768
f 771 908 907 906
f 902 901 907 908
f 904 909 910 911
f 769 774 912 770
f 904 770 912 909
f 913 914 915 906
f 771 916 775 772
f 771 906 915 916
f 909 917 918 910
f 774 919 920 912
f 920 919 918 917
f 909 912 920 917
f 910 918 921 922
f 773 778 919 774
f 923 924 925 914
f 775 926 779 776
f 914 925 927 915
f 916 928 926 775
f 926 928 927 925
f 916 915 927 928
f 918 929 930 921
f 778 931 932 919
f 932 931 930 929
f 918 919 932 929
f 921 930 933 934
f 777 782 931 778
f 931 782 933 930
f 935 936 937 924
f 779 938 786 780
f 786 938 937 936
f 924 937 939 925
f 926 940 938 779
f 938 940 939 937
f 926 925 939 940
f 933 941 942 943
f 781 944 945 782
f 945 944 942 941
f 933 782 945 941
f 943 942 946 947
f 783 788 944 781
f 944 788 946 942
f 948 949 950 951
f 784 952 792 785
f 792 952 950 949
f 951 950 953 936
f 786 954 952 784
f 952 954 953 950
f 786 936 953 954
f 946 955 956 957
f 787 958 959 788
f 959 958 956 955
f 946 788 959 955
f 957 956 960 961
f 789 962 958 787
f 958 962 960 956
f 961 960 963 964
f 790 965 962 789
f 962 965 963 960
f 964 963 966 967
f 791 968 965 790
f 965 968 966 963
f 967 966 969 949
f 792 970 968 791
f 968 970 969 966
f 792 949 969 970
f 795 794 971 972
f 971 794 817 973
f 799 795 972 974
f 802 799 974 975
f 805 802 975 976
f 808 805 976 977
f 808 977 978 818
f 813 812 979 980
f 979 812 832 981
f 817 813 980 973
f 819 818 978 982
f 822 819 982 983
f 822 983 984 833
f 832 827 985 981
f 985 827 846 986
f 834 833 984 987
f 834 987 988 847
f 846 843 989 986
f 989 843 854 990
f 848 847 988 991
f 848 991 992 855
f 854 853 993 990
f 993 853 859 994
f 856 855 992 995
f 856 995 996 862
f 994 859 868 997
f 862 996 998 870
f 997 868 874 999
f 870 998 1000 876
f 999 874 880 1001
f 876 1000 1002 882
f 1001 880 886 1003
f 882 1002 1004 888
f 1003 886 892 1005
f 888 1004 1006 894
f 1005 892 898 1007
f 894 1006 1008 900
f 904 911 1009 1010
f 1007 898 904 1010
f 913 906 1011 1012
f 900 1008 1011 906
f 910 922 1013 1014
f 1009 911 910 1014
f 923 914 1015 1016
f 913 1012 1015 914
f 921 934 1017 1018
f 1013 922 921 1018
f 935 924 1019 1020
f 923 1016 1019 924
f 933 943 1021 1022
f 1017 934 933 1022
f 943 947 1023 1021
f 948 951 1024 1025
f 951 936 1026 1024
f 935 1020 1026 936
f 946 957 1027 1028
f 1023 947 946 1028
f 957 961 1029 1027
f 961 964 1030 1029
f 964 967 1031 1030
f 967 949 1032 1031
f 948 1025 1032 949
f 1033 1034 1035 1036
f 972 971 1033 1036
f 1033 971 973 1034
f 1036 1035 1037 1038
f 974 972 1036 1038
f 1038 1037 1039 1040
f 975 974 1038 1040
f 1040 1039 1041 1042
f 976 975 1040 1042
f 1042 1041 1043 1044
f 977 976 1042 1044
f 977 1044 1043 978
f 1045 1046 1047 1048
f 980 979 1045 1048
f 1045 979 981 1046
f 1048 1047 1049 1034
f 973 980 1048 1034
f 1034 1049 1050 1035
f 1035 1050 1051 1037
f 1037 1051 1052 1039
f 1039 1052 1053 1041
f 1041 1053 1054 1043
f 1043 1054 1055 1056
f 982 978 1043 1056
f 1056 1055 1057 1058
f 983 982 1056 1058
f 983 1058 1057 984
f 1059 1060 1061 1046
f 981 985 1059 1046
f 1059 985 986 1060
f 1046 1061 1062 1047
f 1047 1062 1063 1049
f 1049 1063 1064 1050
f 1050 1064 1065 1051
f 1051 1065 1066 1052
f 1052 1066 1067 1053
f 1053 1067 1068 1054
f 1054 1068 1069 1055
f 1055 1069 1070 1057
f 1057 1070 1071 1072
f 987 984 1057 1072
f 987 1072 1071 988
f 1073 1074 1075 1060
f 986 989 1073 1060
f 1073 989 990 1074
f 1060 1075 1076 1061
f 1061 1076 1077 1062
f 1062 1077 1078 1063
f 1063 1078 1079 1064
f 1064 1079 1080 1065
f 1065 1080 1081 1066
f 1066 1081 1082 1067
f 1067 1082 1083 1068
f 1068 1083 1084 1069
f 1069 1084 1085 1070
f 1070 1085 1086 1071
f 1071 1086 1087 1088
f 991 988 1071 1088
f 991 1088 1087 992
f 1089 1090 1091 1074
f 990 993 1089 1074
f 1089 993 994 1090
f 1074 1091 1092 1075
f 1075 1092 1093 1076
f 1076 1093 1094 1077
f 1077 1094 1095 1078
f 1078 1095 1096 1079
f 1079 1096 1097 1080
f 1080 1097 1098 1081
f 1081 1098 1099 1082
f 1082 1099 1100 1083
f 1083 1100 1101 1084
f 1084 1101 1102 1085
f 1085 1102 1103 1086
f 1086 1103 1104 1087
f 1087 1104 1105 1106
f 995 992 1087 1106
f 995 1106 1105 996
f 1090 1107 1108 1091
f 1090 994 997 1107
f 1091 1108 1109 1092
f 1092 1109 1110 1093
f 1093 1110 1111 1094
f 1094 1111 1112 1095
f 1095 1112 1113 1096
f 1096 1113 1114 1097
f 1097 1114 1115 1098
f 1098 1115 1116 1099
f 1099 1116 1117 1100
f 1100 1117 1118 1101
f 1101 1118 1119 1102
f 1102 1119 1120 1103
f 1103 1120 1121 1104
f 1104 1121 1122 1105
f 996 1105 1122 998
f 1107 1123 1124 1108
f 1107 997 999 1123
f 1108 1124 1125 1109
f 1109 1125 1126 1110
f 1110 1126 1127 1111
f 1111 1127 1128 1112
f 1112 1128 1129 1113
f 1116 1130 1131 1117
f 1117 1131 1132 1118
f 1118 1132 1133 1119
f 1119 1133 1134 1120
f 1120 1134 1135 1121
f 1121 1135 1136 1122
f 998 1122 1136 1000
f 1123 1137 1138 1124
f 1123 999 1001 1137
f 1124 1138 1139 1125
f 1125 1139 1140 1126
f 1126 1140 1141 1127
f 1127 1141 1142 1128
f 1128 1142 1143 1129
f 1130 1144 1145 1131
f 1131 1145 1146 1132
f 1132 1146 1147 1133
f 1133 1147 1148 1134
f 1134 1148 1149 1135
f 1135 1149 1150 1136
f 1000 1136 1150 1002
f 1137 1151 1152 1138
f 1137 1001 1003 1151
f 1138 1152 1153 1139
f 1139 1153 1154 1140
f 1140 1154 1155 1141
f 1141 1155 1156 1142
f 1142 1156 1157 1143
f 1144 1158 1159 1145
f 1145 1159 1160 1146
f 1146 1160 1161 1147
f 1147 1161 1162 1148
f 1148 1162 1163 1149
f 1149 1163 1164 1150
f 1002 1150 1164 1004
f 1151 1165 1166 1152
f 1151 1003 1005 1165
f 1152 1166 1167 1153
f 1153 1167 1168 1154
f 1154 1168 1169 1155
f 1155 1169 1170 1156
f 1156 1170 1171 1157
f 1158 1172 1173 1159
f 1159 1173 1174 1160
f 1160 1174 1175 1161
f 1161 1175 1176 1162
f 1162 1176 1177 1163
f 1163 1177 1178 1164
f 1004 1164 1178 1006
f 1165 1179 1180 1166
f 1165 1005 1007 1179
f 1166 1180 1181 1167
f 1167 1181 1182 1168
f 1168 1182 1183 1169
f 1169 1183 1184 1170
f 1170 1184 1185 1171
f 1171 1185 1186 1187
f 1187 1186 1188 1189
f 1189 1188 1190 1172
f 1172 1190 1191 1173
f 1173 1191 1192 1174
f 1174 1192 1193 1175
f 1175 1193 1194 1176
f 1176 1194 1195 1177
f 1177 1195 1196 1178
f 1006 1178 1196 1008
f 1179 1197 1198 1180
f 1010 1009 1198 1197
f 1179 1007 1010 1197
f 1180 1198 1199 1181
f 1181 1199 1200 1182
f 1182 1200 1201 1183
f 1183 1201 1202 1184
f 1184 1202 1203 1185
f 1185 1203 1204 1186
f 1186 1204 1205 1188
f 1188 1205 1206 1190
f 1190 1206 1207 1191
f 1191 1207 1208 1192
f 1192 1208 1209 1193
f 1193 1209 1210 1194
f 1194 1210 1211 1195
f 1195 1211 1212 1196
f 1012 1011 1212 1211
f 1008 1196 1212 1011
f 1198 1213 1214 1199
f 1014 1013 1214 1213
f 1198 1009 1014 1213
f 1199 1214 1215 1200
f 1200 1215 1216 1201
f 1201 1216 1217 1202
f 1202 1217 1218 1203
f 1203 1218 1219 1204
f 1204 1219 1220 1205
f 1205 1220 1221 1206
f 1206 1221 1222 1207
f 1207 1222 1223 1208
f 1208 1223 1224 1209
f 1209 1224 1225 1210
f 1210 1225 1226 1211
f 1016 1015 1226 1225
f 1012 1211 1226 1015
f 1214 1227 1228 1215
f 1018 1017 1228 1227
f 1214 1013 1018 1227
f 1215 1228 1229 1216
f 1216 1229 1230 1217
f 1217 1230 1231 1218
f 1218 1231 1232 1219
f 1219 1232 1233 1220
f 1220 1233 1234 1221
f 1221 1234 1235 1222
f 1222 1235 1236 1223
f 1223 1236 1237 1224
f 1224 1237 1238 1225
f 1020 1019 1238 1237
f 1016 1225 1238 1019
f 1228 1239 1240 1229
f 1022 1021 1240 1239
f 1228 1017 1022 1239
f 1229 1240 1241 1230
f 1021 1023 1241 1240
f 1230 1241 1242 1231
f 1231 1242 1243 1232
f 1232 1243 1244 1233
f 1233 1244 1245 1234
f 1234 1245 1246 1235
f 1235 1246 1247 1236
f 1025 1024 1247 1246
f 1236 1247 1248 1237
f 1024 1026 1248 1247
f 1020 1237 1248 1026
f 1241 1249 1250 1242
f 1028 1027 1250 1249
f 1241 1023 1028 1249
f 1242 1250 1251 1243
f 1027 1029 1251 1250
f 1243 1251 1252 1244
f 1029 1030 1252 1251
f 1244 1252 1253 1245
f 1030 1031 1253 1252
f 1245 1253 1254 1246
f 1031 1032 1254 1253
f 1025 1246 1254 1032
f 1114 1113 1255 1256
f 1255 1113 1129 1257
f 1115 1114 1256 1258
f 1116 1115 1258 1259
f 1116 1259 1260 1130
f 1257 1129 1143 1261
f 1130 1260 1262 1144
f 1261 1143 1157 1263
f 1144 1262 1264 1158
f 1171 1187 1265 1266
f 1263 1157 1171 1266
f 1187 1189 1267 1265
f 1189 1172 1268 1267
f 1158 1264 1268 1172
f 1256 1255 1269 1270
f 1269 1255 1257 1271
f 1258 1256 1270 1272
f 1259 1258 1272 1273
f 1259 1273 1274 1260
f 1271 1257 1261 1275
f 1260 1274 1276 1262
f 1275 1261 1263 1277
f 1262 1276 1278 1264
f 1266 1265 1279 1280
f 1277 1263 1266 1280
f 1265 1267 1281 1279
f 1267 1268 1282 1281
f 1264 1278 1282 1268
f 1270 1269 1283 1284
f 1283 1269 1271 1285
f 1272 1270 1284 1286
f 1273 1272 1286 1287
f 1273 1287 1288 1274
f 1285 1271 1275 1289
f 1274 1288 1290 1276
f 1289 1275 1277 1291
f 1276 1290 1292 1278
f 1280 1279 1293 1294
f 1291 1277 1280 1294
f 1279 1281 1295 1293
f 1281 1282 1296 1295
f 1278 1292 1296 1282
f 1284 1283 1297 1298
f 1297 1283 1285 1299
f 1286 1284 1298 1300
f 1287 1286 1300 1301
f 1287 1301 1302 1288
f 1299 1285 1289 1303
f 1288 1302 1304 1290
f 1303 1289 1291 1305
f 1290 1304 1306 1292
f 1294 1293 1307 1308
f 1305 1291 1294 1308
f 1293 1295 1309 1307
f 1295 1296 1310 1309
f 1292 1306 1310 1296
f 1311 1312 1313 1314
f 1311 1314 1315 1316
f 1315 1314 1313 1317
f 1318 1319 1312 1311
f 1318 1311 1316 1320
f 1321 1322 1319 1318
f 1321 1318 1320 1323
f 1324 1325 1322 1321
f 1324 1321 1323 1326
f 1327 1328 1325 1324
f 1327 1324 1326 1329
f 1327 1329 1330 1328
f 1331 1332 1333 1334
f 1331 1334 1335 1336
f 1335 1334 1333 1337
f 1313 1338 1332 1331
f 1313 1331 1336 1317
f 1312 1339 1338 1313
f 1319 1340 1339 1312
f 1322 1341 1340 1319
f 1325 1342 1341 1322
f 1328 1343 1342 1325
f 1344 1345 1343 1328
f 1344 1328 1330 1346
f 1347 1348 1345 1344
f 1347 1344 1346 1349
f 1347 1349 1350 1348
f 1351 1352 1353 1354
f 1351 1354 1355 1356
f 1355 1354 1353 1357
f 1333 1358 1352 1351
f 1333 1351 1356 1337
f 1332 1359 1358 1333
f 1338 1360 1359 1332
f 1339 1361 1360 1338
f 1340 1362 1361 1339
f 1341 1363 1362 1340
f 1342 1364 1363 1341
f 1343 1365 1364 1342
f 1345 1366 1365 1343
f 1348 1367 1366 1345
f 1368 1369 1367 1348
f 1368 1348 1350 1370
f 1371 1372 1369 1368
f 1371 1368 1370 1373
f 1371 1373 1374 1372
f 1353 1375 1376 1377
f 1353 1377 1378 1357
f 1378 1377 1376 1379
f 1352 1380 1375 1353
f 1358 1381 1380 1352
f 1359 1382 1381 1358
f 1360 1383 1382 1359
f 1361 1384 1383 1360
f 1362 1385 1384 1361
f 1363 1386 1385 1362
f 1364 1387 1386 1363
f 1365 1388 1387 1364
f 1366 1389 1388 1365
f 1367 1390 1389 1366
f 1369 1391 1390 1367
f 1372 1392 1391 1369
f 1393 1394 1392 1372
f 1393 1372 1374 1395
f 1393 1395 1396 1394
f 1375 1397 1398 1376
f 1379 1376 1398 1399
f 1380 1400 1397 1375
f 1381 1401 1400 1380
f 1382 1402 1401 1381
f 1383 1403 1402 1382
f 1384 1404 1403 1383
f 1385 1405 1404 1384
f 1386 1406 1405 1385
f 1387 1407 1406 1386
f 1388 1408 1407 1387
f 1389 1409 1408 1388
f 1390 1410 1409 1389
f 1391 1411 1410 1390
f 1392 1412 1411 1391
f 1394 1413 1412 1392
f 1394 1396 1414 1413
f 1398 1415 1416 1417
f 1398 1417 1418 1399
f 1418 1417 1416 1419
f 1397 1420 1415 1398
f 1400 1421 1420 1397
f 1401 1422 1421 1400
f 1402 1423 1422 1401
f 1403 1424 1423 1402
f 1404 1425 1424 1403
f 1405 1426 1425 1404
f 1406 1427 1426 1405
f 1407 1428 1427 1406
f 1408 1429 1428 1407
f 1409 1430 1429 1408
f 1410 1431 1430 1409
f 1411 1432 1431 1410
f 1412 1433 1432 1411
f 1413 1434 1433 1412
f 1435 1436 1434 1413
f 1435 1413 1414 1437
f 1435 1437 1438 1436
f 1415 1439 1440 1416
f 1419 1416 1440 1441
f 1420 1442 1439 1415
f 1421 1443 1442 1420
f 1422 1444 1443 1421
f 1423 1445 1444 1422
f 1424 1446 1445 1423
f 1425 1297 1446 1424
f 1426 1298 1297 1425
f 1427 1300 1298 1426
f 1428 1301 1300 1427
f 1429 1447 1301 1428
f 1430 1448 1447 1429
f 1431 1449 1448 1430
f 1432 1450 1449 1431
f 1433 1451 1450 1432
f 1434 1452 1451 1433
f 1436 1453 1452 1434
f 1436 1438 1454 1453
f 1439 1455 1456 1440
f 1441 1440 1456 1457
f 1442 1458 1455 1439
f 1443 1459 1458 1442
f 1444 1460 1459 1443
f 1445 1461 1460 1444
f 1446 1462 1461 1445
f 1297 1299 1462 1446
f 1447 1463 1302 1301
f 1448 1464 1463 1447
f 1449 1465 1464 1448
f 1450 1466 1465 1449
f 1451 1467 1466 1450
f 1452 1468 1467 1451
f 1453 1469 1468 1452
f 1453 1454 1470 1469
f 1455 1471 1472 1456
f 1457 1456 1472 1473
f 1458 1474 1471 1455
f 1459 1475 1474 1458
f 1460 1476 1475 1459
f 1461 1477 1476 1460
f 1462 1478 1477 1461
f 1299 1303 1478 1462
f 1463 1479 1304 1302
f 1464 1480 1479 1463
f 1465 1481 1480 1464
f 1466 1482 1481 1465
f 1467 1483 1482 1466
f 1468 1484 1483 1467
f 1469 1485 1484 1468
f 1469 1470 1486 1485
f 1471 1487 1488 1472
f 1473 1472 1488 1489
f 1474 1490 1487 1471
f 1475 1491 1490 1474
f 1476 1492 1491 1475
f 1477 1493 1492 1476
f 1478 1494 1493 1477
f 1303 1305 1494 1478
f 1479 1495 1306 1304
f 1480 1496 1495 1479
f 1481 1497 1496 1480
f 1482 1498 1497 1481
f 1483 1499 1498 1482
f 1484 1500 1499 1483
f 1485 1501 1500 1484
f 1485 1486 1502 1501
f 1487 1503 1504 1488
f 1489 1488 1504 1505
f 1490 1506 1503 1487
f 1491 1507 1506 1490
f 1492 1508 1507 1491
f 1493 1509 1508 1492
f 1494 1510 1509 1493
f 1305 1308 1510 1494
f 1495 1511 1310 1306
f 1496 1512 1511 1495
f 1497 1513 1512 1496
f 1498 1514 1513 1497
f 1499 1515 1514 1498
f 1500 1516 1515 1499
f 1501 1517 1516 1500
f 1501 1502 1518 1517
f 1503 1519 1520 1504
f 1505 1504 1520 1521
f 1506 1522 1519 1503
f 1507 1523 1522 1506
f 1508 1524 1523 1507
f 1509 1525 1524 1508
f 1510 1526 1525 1509
f 1308 1527 1526 1510
f 1307 1528 1527 1308
f 1309 1529 1528 1307
f 1310 1530 1529 1309
f 1511 1531 1530 1310
f 1512 1532 1531 1511
f 1513 1533 1532 1512
f 1514 1534 1533 1513
f 1515 1535 1534 1514
f 1516 1536 1535 1515
f 1517 1537 1536 1516
f 1517 1518 1538 1537
f 1519 1539 1540 1520
f 1540 1539 1541 1542
f 1521 1520 1540 1542
f 1522 1543 1539 1519
f 1523 1544 1543 1522
f 1524 1545 1544 1523
f 1525 1546 1545 1524
f 1526 1547 1546 1525
f 1527 1548 1547 1526
f 1528 1549 1548 1527
f 1529 1550 1549 1528
f 1530 1551 1550 1529
f 1531 1552 1551 1530
f 1532 1553 1552 1531
f 1533 1554 1553 1532
f 1534 1555 1554 1533
f 1535 1556 1555 1534
f 1536 1557 1556 1535
f 1537 1558 1557 1536
f 1557 1558 1559 1560
f 1537 1538 1559 1558
f 1543 1561 1562 1539
f 1541 1539 1562 1563
f 1544 1564 1561 1543
f 1545 1565 1564 1544
f 1546 1566 1565 1545
f 1547 1567 1566 1546
f 1548 1568 1567 1547
f 1549 1569 1568 1548
f 1550 1570 1569 1549
f 1551 1571 1570 1550
f 1552 1572 1571 1551
f 1553 1573 1572 1552
f 1554 1574 1573 1553
f 1555 1575 1574 1554
f 1556 1576 1575 1555
f 1557 1577 1576 1556
f 1557 1560 1578 1577
f 1561 1579 1580 1562
f 1580 1579 1581 1582
f 1563 1562 1580 1582
f 1564 1583 1579 1561
f 1565 1584 1583 1564
f 1566 1585 1584 1565
f 1567 1586 1585 1566
f 1568 1587 1586 1567
f 1569 1588 1587 1568
f 1570 1589 1588 1569
f 1571 1590 1589 1570
f 1572 1591 1590 1571
f 1573 1592 1591 1572
f 1574 1593 1592 1573
f 1575 1594 1593 1574
f 1576 1595 1594 1575
f 1577 1596 1595 1576
f 1595 1596 1597 1598
f 1577 1578 1597 1596
f 1583 1599 1600 1579
f 1600 1599 1601 1602
f 1581 1579 1600 1602
f 1584 1603 1599 1583
f 1599 1603 1604 1601
f 1585 1605 1603 1584
f 1586 1606 1605 1585
f 1587 1607 1606 1586
f 1588 1608 1607 1587
f 1589 1609 1608 1588
f 1590 1610 1609 1589
f 1591 1611 1610 1590
f 1592 1612 1611 1591
f 1593 1613 1612 1592
f 1594 1614 1613 1593
f 1613 1614 1615 1616
f 1595 1617 1614 1594
f 1614 1617 1618 1615
f 1595 1598 1618 1617
f 1605 1619 1620 1603
f 1620 1619 1621 1622
f 1604 1603 1620 1622
f 1606 1623 1619 1605
f 1619 1623 1624 1621
f 1607 1625 1623 1606
f 1608 1626 1625 1607
f 1609 1627 1626 1608
f 1610 1628 1627 1609
f 1611 1629 1628 1610
f 1612 1630 1629 1611
f 1629 1630 1631 1632
f 1613 1633 1630 1612
f 1630 1633 1634 1631
f 1613 1616 1634 1633
f 1625 1635 1636 1623
f 1636 1635 1637 1638
f 1624 1623 1636 1638
f 1626 1639 1635 1625
f 1635 1639 1640 1637
f 1627 1641 1639 1626
f 1639 1641 1642 1640
f 1628 1643 1641 1627
f 1641 1643 1644 1642
f 1629 1645 1643 1628
f 1643 1645 1646 1644
f 1629 1632 1646 1645
f 1316 1315 1647 1648
f 1647 1315 1317 1649
f 1320 1316 1648 1650
f 1323 1320 1650 1651
f 1326 1323 1651 1652
f 1329 1326 1652 1653
f 1329 1653 1654 1330
f 1336 1335 1655 1656
f 1655 1335 1337 1657
f 1317 1336 1656 1649
f 1346 1330 1654 1658
f 1349 1346 1658 1659
f 1349 1659 1660 1350
f 1661 1662 1663 1664
f 1356 1355 1661 1664
f 1661 1355 1357 1662
f 1664 1663 1665 1657
f 1337 1356 1664 1657
f 1660 1666 1667 1668
f 1370 1350 1660 1668
f 1668 1667 1669 1670
f 1373 1370 1668 1670
f 1373 1670 1669 1374
f 1671 1672 1673 1662
f 1357 1378 1671 1662
f 1671 1378 1379 1672
f 1662 1673 1674 1663
f 1663 1674 1675 1665
f 1666 1676 1677 1667
f 1667 1677 1678 1669
f 1669 1678 1679 1680
f 1395 1374 1669 1680
f 1395 1680 1679 1396
f 1672 1681 1682 1673
f 1672 1379 1399 1681
f 1673 1682 1683 1674
f 1674 1683 1684 1675
f 1676 1685 1686 1677
f 1677 1686 1687 1678
f 1678 1687 1688 1679
f 1396 1679 1688 1414
f 1689 1690 1691 1681
f 1399 1418 1689 1681
f 1689 1418 1419 1690
f 1681 1691 1692 1682
f 1682 1692 1693 1683
f 1683 1693 1694 1684
f 1685 1695 1696 1686
f 1686 1696 1697 1687
f 1687 1697 1698 1688
f 1688 1698 1699 1700
f 1437 1414 1688 1700
f 1437 1700 1699 1438
f 1690 1701 1702 1691
f 1690 1419 1441 1701
f 1691 1702 1703 1692
f 1692 1703 1704 1693
f 1693 1704 1705 1694
f 1695 1706 1707 1696
f 1696 1707 1708 1697
f 1697 1708 1709 1698
f 1698 1709 1710 1699
f 1438 1699 1710 1454
f 1701 1711 1712 1702
f 1701 1441 1457 1711
f 1702 1712 1713 1703
f 1703 1713 1714 1704
f 1704 1714 1715 1705
f 1706 1716 1717 1707
f 1707 1717 1718 1708
f 1708 1718 1719 1709
f 1709 1719 1720 1710
f 1454 1710 1720 1470
f 1711 1721 1722 1712
f 1711 1457 1473 1721
f 1712 1722 1723 1713
f 1713 1723 1724 1714
f 1714 1724 1725 1715
f 1716 1726 1727 1717
f 1717 1727 1728 1718
f 1718 1728 1729 1719
f 1719 1729 1730 1720
f 1470 1720 1730 1486
f 1721 1731 1732 1722
f 1721 1473 1489 1731
f 1722 1732 1733 1723
f 1723 1733 1734 1724
f 1724 1734 1735 1725
f 1726 1736 1737 1727
f 1727 1737 1738 1728
f 1728 1738 1739 1729
f 1729 1739 1740 1730
f 1486 1730 1740 1502
f 1731 1741 1742 1732
f 1731 1489 1505 1741
f 1732 1742 1743 1733
f 1733 1743 1744 1734
f 1734 1744 1745 1735
f 1736 1746 1747 1737
f 1737 1747 1748 1738
f 1738 1748 1749 1739
f 1739 1749 1750 1740
f 1502 1740 1750 1518
f 1741 1751 1752 1742
f 1741 1505 1521 1751
f 1742 1752 1753 1743
f 1743 1753 1754 1744
f 1744 1754 1755 1745
f 1746 1756 1757 1747
f 1747 1757 1758 1748
f 1748 1758 1759 1749
f 1749 1759 1760 1750
f 1518 1750 1760 1538
f 1751 1761 1762 1752
f 1542 1541 1762 1761
f 1751 1521 1542 1761
f 1752 1762 1763 1753
f 1753 1763 1764 1754
f 1754 1764 1765 1755
f 1756 1766 1767 1757
f 1757 1767 1768 1758
f 1758 1768 1769 1759
f 1759 1769 1770 1760
f 1560 1559 1770 1769
f 1538 1760 1770 1559
f 1762 1771 1772 1763
f 1762 1541 1563 1771
f 1763 1772 1773 1764
f 1764 1773 1774 1765
f 1766 1775 1776 1767
f 1767 1776 1777 1768
f 1768 1777 1778 1769
f 1560 1769 1778 1578
f 1771 1779 1780 1772
f 1582 1581 1780 1779
f 1771 1563 1582 1779
f 1772 1780 1781 1773
f 1773 1781 1782 1774
f 1775 1783 1784 1776
f 1776 1784 1785 1777
f 1777 1785 1786 1778
f 1598 1597 1786 1785
f 1578 1778 1786 1597
f 1780 1787 1788 1781
f 1602 1601 1788 1787
f 1780 1581 1602 1787
f 1781 1788 1789 1782
f 1601 1604 1789 1788
f 1783 1790 1791 1784
f 1616 1615 1791 1790
f 1784 1791 1792 1785
f 1615 1618 1792 1791
f 1598 1785 1792 1618
f 1622 1621 1793 1794
f 1789 1604 1622 1794
f 1621 1624 1795 1793
f 1632 1631 1796 1797
f 1631 1634 1798 1796
f 1616 1790 1798 1634
f 1638 1637 1799 1800
f 1795 1624 1638 1800
f 1637 1640 1801 1799
f 1640 1642 1802 1801
f 1642 1644 1803 1802
f 1644 1646 1804 1803
f 1632 1797 1804 1646
f 1648 1647 1805 1806
f 1805 1647 1649 1807
f 1650 1648 1806 1808
f 1651 1650 1808 1809
f 1652 1651 1809 1810
f 1653 1652 1810 1811
f 1653 1811 1812 1654
f 1656 1655 1813 1814
f 1813 1655 1657 1815
f 1649 1656 1814 1807
f 1658 1654 1812 1816
f 1659 1658 1816 1817
f 1659 1817 1818 1660
f 1815 1819 1820 1821
f 1815 1657 1665 1819
f 1821 1820 1822 1823
f 1824 1825 1826 1827
f 1827 1826 1828 1818
f 1660 1818 1828 1666
f 1819 1829 1830 1820
f 1819 1665 1675 1829
f 1820 1830 1831 1822
f 1825 1832 1833 1826
f 1826 1833 1834 1828
f 1666 1828 1834 1676
f 1829 1835 1836 1830
f 1829 1675 1684 1835
f 1830 1836 1837 1831
f 1832 1838 1839 1833
f 1833 1839 1840 1834
f 1676 1834 1840 1685
f 1835 1841 1842 1836
f 1835 1684 1694 1841
f 1836 1842 1843 1837
f 1838 1844 1845 1839
f 1839 1845 1846 1840
f 1685 1840 1846 1695
f 1841 1847 1848 1842
f 1841 1694 1705 1847
f 1842 1848 1849 1843
f 1844 1850 1851 1845
f 1845 1851 1852 1846
f 1695 1846 1852 1706
f 1847 1853 1854 1848
f 1847 1705 1715 1853
f 1848 1854 1855 1849
f 1850 1856 1857 1851
f 1851 1857 1858 1852
f 1706 1852 1858 1716
f 1853 1715 1725 1859
f 1716 1858 1860 1726
f 1859 1725 1735 1861
f 1726 1860 1862 1736
f 1861 1863 1864 1865
f 1861 1735 1745 1863
f 1865 1864 1866 1867
f 1868 1869 1870 1871
f 1871 1870 1872 1862
f 1736 1862 1872 1746
f 1863 1873 1874 1864
f 1863 1745 1755 1873
f 1864 1874 1875 1866
f 1869 1876 1877 1870
f 1870 1877 1878 1872
f 1746 1872 1878 1756
f 1873 1879 1880 1874
f 1873 1755 1765 1879
f 1874 1880 1881 1875
f 1876 1882 1883 1877
f 1877 1883 1884 1878
f 1756 1878 1884 1766
f 1879 1885 1886 1880
f 1879 1765 1774 1885
f 1880 1886 1887 1881
f 1882 1888 1889 1883
f 1883 1889 1890 1884
f 1766 1884 1890 1775
f 1885 1891 1892 1886
f 1885 1774 1782 1891
f 1886 1892 1893 1887
f 1888 1894 1895 1889
f 1889 1895 1896 1890
f 1775 1890 1896 1783
f 1891 1897 1898 1892
f 1891 1782 1789 1897
f 1892 1898 1899 1893
f 1894 1900 1901 1895
f 1895 1901 1902 1896
f 1783 1896 1902 1790
f 1794 1793 1903 1904
f 1897 1789 1794 1904
f 1793 1795 1905 1903
f 1797 1796 1906 1907
f 1796 1798 1908 1906
f 1790 1902 1908 1798
f 1800 1799 1909 1910
f 1905 1795 1800 1910
f 1799 1801 1911 1909
f 1801 1802 1912 1911
f 1802 1803 1913 1912
f 1803 1804 1914 1913
f 1797 1907 1914 1804
f 1915 1916 1917 1918
f 1919 1920 1921 1922
f 1919 1922 1915 1918
f 1915 1922 1921 1916
f 1918 1917 1923 1924
f 1925 1926 1920 1919
f 1925 1919 1918 1924
f 1924 1923 1927 1928
f 1929 1930 1926 1925
f 1929 1925 1924 1928
f 1928 1927 1931 1932
f 1933 1934 1930 1929
f 1933 1929 1928 1932
f 1932 1931 1935 1936
f 1937 1938 1934 1933
f 1937 1933 1932 1936
f 1937 1936 1935 1938
f 1920 1806 1805 1921
f 1916 1921 1805 1939
f 1926 1808 1806 1920
f 1930 1809 1808 1926
f 1934 1810 1809 1930
f 1938 1811 1810 1934
f 1938 1935 1940 1811
f 1939 1805 1807 1941
f 1811 1940 1942 1812
f 1815 1821 1943 1944
f 1814 1813 1945 1946
f 1945 1813 1815 1944
f 1821 1823 1947 1943
f 1807 1814 1946 1941
f 1824 1827 1948 1949
f 1816 1812 1942 1950
f 1827 1818 1951 1948
f 1817 1816 1950 1952
f 1817 1952 1951 1818
f 1947 1823 1822 1953
f 1824 1949 1954 1825
f 1953 1955 1956 1957
f 1953 1822 1831 1955
f 1957 1956 1958 1959
f 1959 1958 1960 1961
f 1961 1960 1962 1963
f 1963 1962 1964 1954
f 1825 1954 1964 1832
f 1955 1965 1966 1956
f 1955 1831 1837 1965
f 1956 1966 1967 1958
f 1958 1967 1968 1960
f 1960 1968 1969 1962
f 1962 1969 1970 1964
f 1832 1964 1970 1838
f 1965 1971 1972 1966
f 1965 1837 1843 1971
f 1966 1972 1973 1967
f 1967 1973 1974 1968
f 1968 1974 1975 1969
f 1969 1975 1976 1970
f 1838 1970 1976 1844
f 1971 1977 1978 1972
f 1971 1843 1849 1977
f 1972 1978 1979 1973
f 1973 1979 1980 1974
f 1974 1980 1981 1975
f 1975 1981 1982 1976
f 1844 1976 1982 1850
f 1977 1849 1855 1983
f 1850 1982 1984 1856
f 1854 1853 1985 1986
f 1985 1853 1859 1987
f 1855 1854 1986 1983
f 1857 1856 1984 1988
f 1858 1857 1988 1989
f 1858 1989 1990 1860
f 1861 1865 1991 1992
f 1987 1859 1861 1992
f 1865 1867 1993 1991
f 1868 1871 1994 1995
f 1871 1862 1996 1994
f 1860 1990 1996 1862
f 1993 1867 1866 1997
f 1868 1995 1998 1869
f 1997 1999 2000 2001
f 1997 1866 1875 1999
f 2001 2000 2002 2003
f 2003 2002 2004 2005
f 2005 2004 2006 2007
f 2007 2006 2008 1998
f 1869 1998 2008 1876
f 1999 2009 2010 2000
f 1999 1875 1881 2009
f 2000 2010 2011 2002
f 2002 2011 2012 2004
f 2004 2012 2013 2006
f 2006 2013 2014 2008
f 1876 2008 2014 1882
f 2009 2015 2016 2010
f 2009 1881 1887 2015
f 2010 2016 2017 2011
f 2011 2017 2018 2012
f 2012 2018 2019 2013
f 2013 2019 2020 2014
f 1882 2014 2020 1888
f 2015 2021 2022 2016
f 2015 1887 1893 2021
f 2016 2022 2023 2017
f 2017 2023 2024 2018
f 2018 2024 2025 2019
f 2019 2025 2026 2020
f 1888 2020 2026 1894
f 2021 1893 1899 2027
f 1894 2026 2028 1900
f 1904 1903 2029 2030
f 1898 1897 2031 2032
f 2031 1897 1904 2030
f 1903 1905 2033 2029
f 1899 1898 2032 2027
f 1907 1906 2034 2035
f 1901 1900 2028 2036
f 1906 1908 2037 2034
f 1902 1901 2036 2038
f 1902 2038 2037 1908
f 2033 1905 1910 2039
f 1907 2035 2040 1914
f 1909 2041 2042 1910
f 2039 1910 2042 2043
f 1911 2044 2041 1909
f 1912 2045 2044 1911
f 1913 2046 2045 1912
f 1914 2047 2046 1913
f 1914 2040 2048 2047
f 2043 2049 2050 2051
f 2041 2052 2053 2042
f 2053 2052 2050 2049
f 2043 2042 2053 2049
f 2051 2050 2054 2055
f 2044 2056 2052 2041
f 2052 2056 2054 2050
f 2055 2054 2057 2058
f 2045 2059 2056 2044
f 2056 2059 2057 2054
f 2058 2057 2060 2061
f 2046 2062 2059 2045
f 2059 2062 2060 2057
f 2061 2060 2063 2048
f 2047 2064 2062 2046
f 2062 2064 2063 2060
f 2047 2048 2063 2064
f 1917 1916 2065 2066
f 2065 1916 1939 2067
f 1923 1917 2066 2068
f 1927 1923 2068 2069
f 1931 1927 2069 2070
f 1935 1931 2070 2071
f 1935 2071 2072 1940
f 2073 1946 1945 2074
f 2073 2074 2075 2076
f 2075 2074 1945 2077
f 1939 1941 1946 2073
f 1939 2073 2076 2067
f 2078 1950 1942 1940
f 2078 1940 2072 2079
f 2080 1952 1950 2078
f 2080 2078 2079 2081
f 2080 2081 2082 1952
f 1944 1943 2083 2084
f 2077 1945 1944 2084
f 1943 1947 2085 2083
f 1949 1948 2086 2087
f 1948 1951 2088 2086
f 1952 2082 2088 1951
f 1953 1957 2089 2090
f 2085 1947 1953 2090
f 1957 1959 2091 2089
f 1959 1961 2092 2091
f 1961 1963 2093 2092
f 1963 1954 2094 2093
f 1949 2087 2094 1954
f 1978 1977 2095 2096
f 2095 1977 1983 2097
f 1979 1978 2096 2098
f 1980 1979 2098 2099
f 1981 1980 2099 2100
f 1982 1981 2100 2101
f 1982 2101 2102 1984
f 1986 1985 2103 2104
f 2103 1985 1987 2105
f 1983 1986 2104 2097
f 1988 1984 2102 2106
f 1989 1988 2106 2107
f 1989 2107 2108 1990
f 1992 1991 2109 2110
f 2105 1987 1992 2110
f 1991 1993 2111 2109
f 1995 1994 2112 2113
f 1994 1996 2114 2112
f 1990 2108 2114 1996
f 1997 2001 2115 2116
f 2111 1993 1997 2116
f 2001 2003 2117 2115
f 2003 2005 2118 2117
f 2005 2007 2119 2118
f 2007 1998 2120 2119
f 1995 2113 2120 1998
f 2022 2021 2121 2122
f 2121 2021 2027 2123
f 2023 2022 2122 2124
f 2024 2023 2124 2125
f 2025 2024 2125 2126
f 2026 2025 2126 2127
f 2026 2127 2128 2028
f 2032 2031 2129 2130
f 2129 2031 2030 2131
f 2027 2032 2130 2123
f 2036 2028 2128 2132
f 2038 2036 2132 2133
f 2038 2133 2134 2037
f 2029 2135 2136 2030
f 2136 2135 2137 2138
f 2131 2030 2136 2138
f 2033 2039 2135 2029
f 2135 2039 2139 2137
f 2034 2140 2040 2035
f 2040 2140 2141 2142
f 2037 2143 2140 2034
f 2140 2143 2144 2141
f 2037 2134 2144 2143
f 2043 2051 2145 2146
f 2139 2039 2043 2146
f 2051 2055 2147 2145
f 2055 2058 2148 2147
f 2058 2061 2149 2148
f 2061 2048 2150 2149
f 2040 2142 2150 2048
f 2066 2065 2151 2152
f 2151 2065 2067 2153
f 2068 2066 2152 2154
f 2069 2068 2154 2155
f 2070 2069 2155 2156
f 2071 2070 2156 2157
f 2071 2157 2158 2072
f 2076 2075 2159 2160
f 2159 2075 2077 2161
f 2067 2076 2160 2153
f 2079 2072 2158 2162
f 2081 2079 2162 2163
f 2081 2163 2164 2082
f 2084 2083 2165 2166
f 2161 2077 2084 2166
f 2083 2085 2167 2165
f 2087 2086 2168 2169
f 2086 2088 2170 2168
f 2082 2164 2170 2088
f 2090 2089 2171 2172
f 2167 2085 2090 2172
f 2089 2091 2173 2171
f 2091 2092 2174 2173
f 2092 2093 2175 2174
f 2093 2094 2176 2175
f 2087 2169 2176 2094
f 2096 2095 2177 2178
f 2177 2095 2097 2179
f 2098 2096 2178 2180
f 2099 2098 2180 2181
f 2100 2099 2181 2182
f 2101 2100 2182 2183
f 2101 2183 2184 2102
f 2104 2103 2185 2186
f 2185 2103 2105 2187
f 2097 2104 2186 2179
f 2106 2102 2184 2188
f 2107 2106 2188 2189
f 2107 2189 2190 2108
f 2110 2109 2191 2192
f 2187 2105 2110 2192
f 2109 2111 2193 2191
f 2113 2112 2194 2195
f 2112 2114 2196 2194
f 2108 2190 2196 2114
f 2116 2115 2197 2198
f 2193 2111 2116 2198
f 2115 2117 2199 2197
f 2117 2118 2200 2199
f 2118 2119 2201 2200
f 2119 2120 2202 2201
f 2113 2195 2202 2120
f 2122 2121 2203 2204
f 2203 2121 2123 2205
f 2124 2122 2204 2206
f 2125 2124 2206 2207
f 2126 2125 2207 2208
f 2127 2126 2208 2209
f 2127 2209 2210 2128
f 2130 2129 2211 2212
f 2211 2129 2131 2213
f 2123 2130 2212 2205
f 2132 2128 2210 2214
f 2133 2132 2214 2215
f 2133 2215 2216 2134
f 2138 2137 2217 2218
f 2213 2131 2138 2218
f 2137 2139 2219 2217
f 2142 2141 2220 2221
f 2141 2144 2222 2220
f 2134 2216 2222 2144
f 2146 2145 2223 2224
f 2219 2139 2146 2224
f 2145 2147 2225 2223
f 2147 2148 2226 2225
f 2148 2149 2227 2226
f 2149 2150 2228 2227
f 2142 2221 2228 2150
f 2152 2151 2229 2230
f 2229 2151 2153 2231
f 2154 2152 2230 2232
f 2155 2154 2232 2233
f 2156 2155 2233 2234
f 2157 2156 2234 2235
f 2157 2235 2236 2158
f 2160 2159 2237 2238
f 2237 2159 2161 2239
f 2153 2160 2238 2231
f 2162 2158 2236 2240
f 2163 2162 2240 2241
f 2163 2241 2242 2164
f 2166 2165 2243 2244
f 2239 2161 2166 2244
f 2165 2167 2245 2243
f 2169 2168 2246 2247
f 2168 2170 2248 2246
f 2164 2242 2248 2170
f 2172 2171 2249 2250
f 2245 2167 2172 2250
f 2171 2173 2251 2249
f 2173 2174 2252 2251
f 2174 2175 2253 2252
f 2175 2176 2254 2253
f 2169 2247 2254 2176
f 2178 2177 2255 2256
f 2255 2177 2179 2257
f 2180 2178 2256 2258
f 2181 2180 2258 2259
f 2182 2181 2259 2260
f 2183 2182 2260 2261
f 2183 2261 2262 2184
f 2186 2185 2263 2264
f 2263 2185 2187 2265
f 2179 2186 2264 2257
f 2188 2184 2262 2266
f 2189 2188 2266 2267
f 2189 2267 2268 2190
f 2192 2191 2269 2270
f 2265 2187 2192 2270
f 2191 2193 2271 2269
f 2195 2194 2272 2273
f 2194 2196 2274 2272
f 2190 2268 2274 2196
f 2198 2197 2275 2276
f 2271 2193 2198 2276
f 2197 2199 2277 2275
f 2199 2200 2278 2277
f 2200 2201 2279 2278
f 2201 2202 2280 2279
f 2195 2273 2280 2202
f 2204 2203 2281 2282
f 2281 2203 2205 2283
f 2206 2204 2282 2284
f 2207 2206 2284 2285
f 2208 2207 2285 2286
f 2209 2208 2286 2287
f 2209 2287 2288 2210
f 2212 2211 2289 2290
f 2289 2211 2213 2291
f 2205 2212 2290 2283
f 2214 2210 2288 2292
f 2215 2214 2292 2293
f 2215 2293 2294 2216
f 2218 2217 2295 2296
f 2291 2213 2218 2296
f 2217 2219 2297 2295
f 2221 2220 2298 2299
f 2220 2222 2300 2298
f 2216 2294 2300 2222
f 2224 2223 2301 2302
f 2297 2219 2224 2302
f 2223 2225 2303 2301
f 2225 2226 2304 2303
f 2226 2227 2305 2304
f 2227 2228 2306 2305
f 2221 2299 2306 2228
f 2230 2229 2307 2308
f 2307 2229 2231 2309
f 2232 2230 2308 2310
f 2233 2232 2310 2311
f 2234 2233 2311 2312
f 2235 2234 2312 2313
f 2235 2313 2314 2236
f 2238 2237 2315 2316
f 2315 2237 2239 2317
f 2231 2238 2316 2309
f 2240 2236 2314 2318
f 2241 2240 2318 2319
f 2241 2319 2320 2242
f 2244 2243 2321 2322
f 2317 2239 2244 2322
f 2243 2245 2323 2321
f 2247 2246 2324 2325
f 2246 2248 2326 2324
f 2242 2320 2326 2248
f 2250 2249 2327 2328
f 2323 2245 2250 2328
f 2249 2251 2329 2327
f 2251 2252 2330 2329
f 2252 2253 2331 2330
f 2253 2254 2332 2331
f 2247 2325 2332 2254
f 2256 2255 2333 2334
f 2333 2255 2257 2335
f 2258 2256 2334 2336
f 2259 2258 2336 2337
f 2260 2259 2337 2338
f 2261 2260 2338 2339
f 2261 2339 2340 2262
f 2264 2263 2341 2342
f 2341 2263 2265 2343
f 2257 2264 2342 2335
f 2266 2262 2340 2344
f 2267 2266 2344 2345
f 2267 2345 2346 2268
f 2270 2269 2347 2348
f 2343 2265 2270 2348
f 2269 2271 2349 2347
f 2273 2272 2350 2351
f 2272 2274 2352 2350
f 2268 2346 2352 2274
f 2276 2275 2353 2354
f 2349 2271 2276 2354
f 2275 2277 2355 2353
f 2277 2278 2356 2355
f 2278 2279 2357 2356
f 2279 2280 2358 2357
f 2273 2351 2358 2280
f 2282 2281 2359 2360
f 2359 2281 2283 2361
f 2284 2282 2360 2362
f 2285 2284 2362 2363
f 2286 2285 2363 2364
f 2287 2286 2364 2365
f 2287 2365 2366 2288
f 2290 2289 2367 2368
f 2367 2289 2291 2369
f 2283 2290 2368 2361
f 2292 2288 2366 2370
f 2293 2292 2370 2371
f 2293 2371 2372 2294
f 2296 2295 2373 2374
f 2369 2291 2296 2374
f 2295 2297 2375 2373
f 2299 2298 2376 2377
f 2298 2300 2378 2376
f 2294 2372 2378 2300
f 2302 2301 2379 2380
f 2375 2297 2302 2380
f 2301 2303 2381 2379
f 2303 2304 2382 2381
f 2304 2305 2383 2382
f 2305 2306 2384 2383
f 2299 2377 2384 2306
f 2308 2307 2385 2386
f 2385 2307 2309 2387
f 2310 2308 2386 2388
f 2311 2310 2388 2389
f 2312 2311 2389 2390
f 2313 2312 2390 2391
f 2313 2391 2392 2314
f 2316 2315 2393 2394
f 2393 2315 2317 2395
f 2309 2316 2394 2387
f 2318 2314 2392 2396
f 2319 2318 2396 2397
f 2319 2397 2398 2320
f 2322 2321 2399 2400
f 2395 2317 2322 2400
f 2321 2323 2401 2399
f 2325 2324 2402 2403
f 2324 2326 2404 2402
f 2320 2398 2404 2326
f 2328 2327 2405 2406
f 2401 2323 2328 2406
f 2327 2329 2407 2405
f 2329 2330 2408 2407
f 2330 2331 2409 2408
f 2331 2332 2410 2409
f 2325 2403 2410 2332
f 2334 2333 2411 2412
f 2411 2333 2335 2413
f 2336 2334 2412 2414
f 2337 2336 2414 2415
f 2338 2337 2415 2416
f 2339 2338 2416 2417
f 2339 2417 2418 2340
f 2342 2341 2419 2420
f 2419 2341 2343 2421
f 2335 2342 2420 2413
f 2344 2340 2418 2422
f 2345 2344 2422 2423
f 2345 2423 2424 2346
f 2348 2347 2425 2426
f 2421 2343 2348 2426
f 2347 2349 2427 2425
f 2351 2350 2428 2429
f 2350 2352 2430 2428
f 2346 2424 2430 2352
f 2354 2353 2431 2432
f 2427 2349 2354 2432
f 2353 2355 2433 2431
f 2355 2356 2434 2433
f 2356 2357 2435 2434
f 2357 2358 2436 2435
f 2351 2429 2436 2358
f 2360 2359 2437 2438
f 2437 2359 2361 2439
f 2362 2360 2438 2440
f 2363 2362 2440 2441
f 2364 2363 2441 2442
f 2365 2364 2442 2443
f 2365 2443 2444 2366
f 2368 2367 2445 2446
f 2445 2367 2369 2447
f 2361 2368 2446 2439
f 2370 2366 2444 2448
f 2371 2370 2448 2449
f 2371 2449 2450 2372
f 2374 2373 2451 2452
f 2447 2369 2374 2452
f 2373 2375 2453 2451
f 2377 2376 2454 2455
f 2376 2378 2456 2454
f 2372 2450 2456 2378
f 2380 2379 2457 2458
f 2453 2375 2380 2458
f 2379 2381 2459 2457
f 2381 2382 2460 2459
f 2382 2383 2461 2460
f 2383 2384 2462 2461
f 2377 2455 2462 2384
f 2386 2385 2463 2464
f 2463 2385 2387 2465
f 2388 2386 2464 2466
f 2389 2388 2466 2467
f 2390 2389 2467 2468
f 2391 2390 2468 2469
f 2391 2469 2470 2392
f 2394 2393 2471 2472
f 2471 2393 2395 2473
f 2387 2394 2472 2465
f 2396 2392 2470 2474
f 2397 2396 2474 2475
f 2397 2475 2476 2398
f 2400 2399 2477 2478
f 2473 2395 2400 2478
f 2399 2401 2479 2477
f 2403 2402 2480 2481
f 2402 2404 2482 2480
f 2398 2476 2482 2404
f 2406 2405 2483 2484
f 2479 2401 2406 2484
f 2405 2407 2485 2483
f 2407 2408 2486 2485
f 2408 2409 2487 2486
f 2409 2410 2488 2487
f 2403 2481 2488 2410
f 2412 2411 2489 2490
f 2489 2411 2413 2491
f 2414 2412 2490 2492
f 2415 2414 2492 2493
f 2416 2415 2493 2494
f 2417 2416 2494 2495
f 2417 2495 2496 2418
f 2420 2419 2497 2498
f 2497 2419 2421 2499
f 2413 2420 2498 2491
f 2422 2418 2496 2500
f 2423 2422 2500 2501
f 2423 2501 2502 2424
f 2426 2425 2503 2504
f 2499 2421 2426 2504
f 2425 2427 2505 2503
f 2429 2428 2506 2507
f 2428 2430 2508 2506
f 2424 2502 2508 2430
f 2432 2431 2509 2510
f 2505 2427 2432 2510
f 2431 2433 2511 2509
f 2433 2434 2512 2511
f 2434 2435 2513 2512
f 2435 2436 2514 2513
f 2429 2507 2514 2436
f 2438 2437 2515 2516
f 2515 2437 2439 2517
f 2440 2438 2516 2518
f 2441 2440 2518 2519
f 2442 2441 2519 2520
f 2443 2442 2520 2521
f 2443 2521 2522 2444
f 2446 2445 2523 2524
f 2523 2445 2447 2525
f 2439 2446 2524 2517
f 2448 2444 2522 2526
f 2449 2448 2526 2527
f 2449 2527 2528 2450
f 2452 2451 2529 2530
f 2525 2447 2452 2530
f 2451 2453 2531 2529
f 2455 2454 2532 2533
f 2454 2456 2534 2532
f 2450 2528 2534 2456
f 2458 2457 2535 2536
f 2531 2453 2458 2536
f 2457 2459 2537 2535
f 2459 2460 2538 2537
f 2460 2461 2539 2538
f 2461 2462 2540 2539
f 2455 2533 2540 2462
f 2464 2463 2541 2542
f 2541 2463 2465 2543
f 2466 2464 2542 2544
f 2467 2466 2544 2545
f 2468 2467 2545 2546
f 2469 2468 2546 2547
f 2469 2547 2548 2470
f 2472 2471 2549 2550
f 2549 2471 2473 2551
f 2465 2472 2550 2543
f 2474 2470 2548 2552
f 2475 2474 2552 2553
f 2475 2553 2554 2476
f 2478 2477 2555 2556
f 2551 2473 2478 2556
f 2477 2479 2557 2555
f 2481 2480 2558 2559
f 2480 2482 2560 2558
f 2476 2554 2560 2482
f 2484 2483 2561 2562
f 2557 2479 2484 2562
f 2483 2485 2563 2561
f 2485 2486 2564 2563
f 2486 2487 2565 2564
f 2487 2488 2566 2565
f 2481 2559 2566 2488
f 2490 2489 2567 2568
f 2567 2489 2491 2569
f 2492 2490 2568 2570
f 2493 2492 2570 2571
f 2494 2493 2571 2572
f 2495 2494 2572 2573
f 2495 2573 2574 2496
f 2498 2497 2575 2576
f 2575 2497 2499 2577
f 2491 2498 2576 2569
f 2500 2496 2574 2578
f 2501 2500 2578 2579
f 2501 2579 2580 2502
f 2504 2503 2581 2582
f 2577 2499 2504 2582
f 2503 2505 2583 2581
f 2507 2506 2584 2585
f 2506 2508 2586 2584
f 2502 2580 2586 2508
f 2510 2509 2587 2588
f 2583 2505 2510 2588
f 2509 2511 2589 2587
f 2511 2512 2590 2589
f 2512 2513 2591 2590
f 2513 2514 2592 2591
f 2507 2585 2592 2514
f 2516 2515 2593 2594
f 2593 2515 2517 2595
f 2518 2516 2594 2596
f 2519 2518 2596 2597
f 2520 2519 2597 2598
f 2521 2520 2598 2599
f 2521 2599 2600 2522
f 2524 2523 2601 2602
f 2601 2523 2525 2603
f 2517 2524 2602 2595
f 2526 2522 2600 2604
f 2527 2526 2604 2605
f 2527 2605 2606 2528
f 2530 2529 2607 2608
f 2603 2525 2530 2608
f 2529 2531 2609 2607
f 2533 2532 2610 2611
f 2532 2534 2612 2610
f 2528 2606 2612 2534
f 2536 2535 2613 2614
f 2609 2531 2536 2614
f 2535 2537 2615 2613
f 2537 2538 2616 2615
f 2538 2539 2617 2616
f 2539 2540 2618 2617
f 2533 2611 2618 2540
f 2542 2541 2619 2620
f 2619 2541 2543 2621
f 2544 2542 2620 2622
f 2545 2544 2622 2623
f 2546 2545 2623 2624
f 2547 2546 2624 2625
f 2547 2625 2626 2548
f 2550 2549 2627 2628
f 2627 2549 2551 2629
f 2543 2550 2628 2621
f 2552 2548 2626 2630
f 2553 2552 2630 2631
f 2553 2631 2632 2554
f 2556 2555 2633 2634
f 2629 2551 2556 2634
f 2555 2557 2635 2633
f 2559 2558 2636 2637
f 2558 2560 2638 2636
f 2554 2632 2638 2560
f 2562 2561 2639 2640
f 2635 2557 2562 2640
f 2561 2563 2641 2639
f 2563 2564 2642 2641
f 2564 2565 2643 2642
f 2565 2566 2644 2643
f 2559 2637 2644 2566
f 2568 2567 2645 2646
f 2645 2567 2569 2647
f 2570 2568 2646 2648
f 2571 2570 2648 2649
f 2572 2571 2649 2650
f 2573 2572 2650 2651
f 2573 2651 2652 2574
f 2576 2575 2653 2654
f 2653 2575 2577 2655
f 2569 2576 2654 2647
f 2578 2574 2652 2656
f 2579 2578 2656 2657
f 2579 2657 2658 2580
f 2582 2581 2659 2660
f 2655 2577 2582 2660
f 2581 2583 2661 2659
f 2585 2584 2662 2663
f 2584 2586 2664 2662
f 2580 2658 2664 2586
f 2588 2587 2665 2666
f 2661 2583 2588 2666
f 2587 2589 2667 2665
f 2589 2590 2668 2667
f 2590 2591 2669 2668
f 2591 2592 2670 2669
f 2585 2663 2670 2592
f 2594 2593 2671 2672
f 2671 2593 2595 2673
f 2596 2594 2672 2674
f 2597 2596 2674 2675
f 2598 2597 2675 2676
f 2599 2598 2676 2677
f 2599 2677 2678 2600
f 2602 2601 2679 2680
f 2679 2601 2603 2681
f 2595 2602 2680 2673
f 2604 2600 2678 2682
f 2605 2604 2682 2683
f 2605 2683 2684 2606
f 2608 2607 2685 2686
f 2681 2603 2608 2686
f 2607 2609 2687 2685
f 2611 2610 2688 2689
f 2610 2612 2690 2688
f 2606 2684 2690 2612
f 2614 2613 2691 2692
f 2687 2609 2614 2692
f 2613 2615 2693 2691
f 2615 2616 2694 2693
f 2616 2617 2695 2694
f 2617 2618 2696 2695
f 2611 2689 2696 2618
f 2620 2619 2697 2698
f 2697 2619 2621 2699
f 2622 2620 2698 2700
f 2623 2622 2700 2701
f 2624 2623 2701 2702
f 2625 2624 2702 2703
f 2625 2703 2704 2626
f 2628 2627 2705 2706
f 2705 2627 2629 2707
f 2621 2628 2706 2699
f 2630 2626 2704 2708
f 2631 2630 2708 2709
f 2631 2709 2710 2632
f 2634 2633 2711 2712
f 2707 2629 2634 2712
f 2633 2635 2713 2711
f 2637 2636 2714 2715
f 2636 2638 2716 2714
f 2632 2710 2716 2638
f 2640 2639 2717 2718
f 2713 2635 2640 2718
f 2639 2641 2719 2717
f 2641 2642 2720 2719
f 2642 2643 2721 2720
f 2643 2644 2722 2721
f 2637 2715 2722 2644
f 2646 2645 2723 2724
f 2723 2645 2647 2725
f 2648 2646 2724 2726
f 2649 2648 2726 2727
f 2650 2649 2727 2728
f 2651 2650 2728 2729
f 2651 2729 2730 2652
f 2654 2653 2731 2732
f 2731 2653 2655 2733
f 2647 2654 2732 2725
f 2656 2652 2730 2734
f 2657 2656 2734 2735
f 2657 2735 2736 2658
f 2660 2659 2737 2738
f 2733 2655 2660 2738
f 2659 2661 2739 2737
f 2663 2662 2740 2741
f 2662 2664 2742 2740
f 2658 2736 2742 2664
f 2666 2665 2743 2744
f 2739 2661 2666 2744
f 2665 2667 2745 2743
f 2667 2668 2746 2745
f 2668 2669 2747 2746
f 2669 2670 2748 2747
f 2663 2741 2748 2670
f 2672 2671 2749 2750
f 2749 2671 2673 2751
f 2674 2672 2750 2752
f 2675 2674 2752 2753
f 2676 2675 2753 2754
f 2677 2676 2754 2755
f 2677 2755 2756 2678
f 2680 2679 2757 2758
f 2757 2679 2681 2759
f 2673 2680 2758 2751
f 2682 2678 2756 2760
f 2683 2682 2760 2761
f 2683 2761 2762 2684
f 2686 2685 2763 2764
f 2759 2681 2686 2764
f 2685 2687 2765 2763
f 2689 2688 2766 2767
f 2688 2690 2768 2766
f 2684 2762 2768 2690
f 2692 2691 2769 2770
f 2765 2687 2692 2770
f 2691 2693 2771 2769
f 2693 2694 2772 2771
f 2694 2695 2773 2772
f 2695 2696 2774 2773
f 2689 2767 2774 2696
f 2698 2697 2775 2776
f 2775 2697 2699 2777
f 2700 2698 2776 2778
f 2701 2700 2778 2779
f 2702 2701 2779 2780
f 2703 2702 2780 2781
f 2703 2781 2782 2704
f 2706 2705 2783 2784
f 2783 2705 2707 2785
f 2699 2706 2784 2777
f 2708 2704 2782 2786
f 2709 2708 2786 2787
f 2709 2787 2788 2710
f 2712 2711 2789 2790
f 2785 2707 2712 2790
f 2711 2713 2791 2789
f 2715 2714 2792 2793
f 2714 2716 2794 2792
f 2710 2788 2794 2716
f 2718 2717 2795 2796
f 2791 2713 2718 2796
f 2717 2719 2797 2795
f 2719 2720 2798 2797
f 2720 2721 2799 2798
f 2721 2722 2800 2799
f 2715 2793 2800 2722
f 2724 2723 2801 2802
f 2801 2723 2725 2803
f 2726 2724 2802 2804
f 2727 2726 2804 2805
f 2728 2727 2805 2806
f 2729 2728 2806 2807
f 2729 2807 2808 2730
f 2732 2731 2809 2810
f 2809 2731 2733 2811
f 2725 2732 2810 2803
f 2734 2730 2808 2812
f 2735 2734 2812 2813
f 2735 2813 2814 2736
f 2738 2737 2815 2816
f 2811 2733 2738 2816
f 2737 2739 2817 2815
f 2741 2740 2818 2819
f 2740 2742 2820 2818
f 2736 2814 2820 2742
f 2744 2743 2821 2822
f 2817 2739 2744 2822
f 2743 2745 2823 2821
f 2745 2746 2824 2823
f 2746 2747 2825 2824
f 2747 2748 2826 2825
f 2741 2819 2826 2748
f 2750 2749 2827 2828
f 2827 2749 2751 2829
f 2752 2750 2828 2830
f 2753 2752 2830 2831
f 2754 2753 2831 2832
f 2755 2754 2832 2833
f 2755 2833 2834 2756
f 2758 2757 2835 2836
f 2835 2757 2759 2837
f 2751 2758 2836 2829
f 2760 2756 2834 2838
f 2761 2760 2838 2839
f 2761 2839 2840 2762
f 2764 2763 2841 2842
f 2837 2759 2764 2842
f 2763 2765 2843 2841
f 2767 2766 2844 2845
f 2766 2768 2846 2844
f 2762 2840 2846 2768
f 2770 2769 2847 2848
f 2843 2765 2770 2848
f 2769 2771 2849 2847
f 2771 2772 2850 2849
f 2772 2773 2851 2850
f 2773 2774 2852 2851
f 2767 2845 2852 2774
f 2776 2775 2853 2854
f 2853 2775 2777 2855
f 2778 2776 2854 2856
f 2779 2778 2856 2857
f 2780 2779 2857 2858
f 2781 2780 2858 2859
f 2781 2859 2860 2782
f 2784 2783 2861 2862
f 2861 2783 2785 2863
f 2777 2784 2862 2855
f 2786 2782 2860 2864
f 2787 2786 2864 2865
f 2787 2865 2866 2788
f 2790 2789 2867 2868
f 2863 2785 2790 2868
f 2789 2791 2869 2867
f 2793 2792 2870 2871
f 2792 2794 2872 2870
f 2788 2866 2872 2794
f 2796 2795 2873 2874
f 2869 2791 2796 2874
f 2795 2797 2875 2873
f 2797 2798 2876 2875
f 2798 2799 2877 2876
f 2799 2800 2878 2877
f 2793 2871 2878 2800
f 2802 2801 2879 2880
f 2879 2801 2803 2881
f 2804 2802 2880 2882
f 2805 2804 2882 2883
f 2806 2805 2883 2884
f 2807 2806 2884 2885
f 2807 2885 2886 2808
f 2810 2809 2887 2888
f 2887 2809 2811 2889
f 2803 2810 2888 2881
f 2812 2808 2886 2890
f 2813 2812 2890 2891
f 2813 2891 2892 2814
f 2816 2815 2893 2894
f 2889 2811 2816 2894
f 2815 2817 2895 2893
f 2819 2818 2896 2897
f 2818 2820 2898 2896
f 2814 2892 2898 2820
f 2822 2821 2899 2900
f 2895 2817 2822 2900
f 2821 2823 2901 2899
f 2823 2824 2902 2901
f 2824 2825 2903 2902
f 2825 2826 2904 2903
f 2819 2897 2904 2826
f 2828 2827 2905 2906
f 2905 2827 2829 2907
f 2830 2828 2906 2908
f 2831 2830 2908 2909
f 2832 2831 2909 2910
f 2833 2832 2910 2911
f 2833 2911 2912 2834
f 2836 2835 2913 2914
f 2913 2835 2837 2915
f 2829 2836 2914 2907
f 2838 2834 2912 2916
f 2839 2838 2916 2917
f 2839 2917 2918 2840
f 2842 2841 2919 2920
f 2915 2837 2842 2920
f 2841 2843 2921 2919
f 2845 2844 2922 2923
f 2844 2846 2924 2922
f 2840 2918 2924 2846
f 2848 2847 2925 2926
f 2921 2843 2848 2926
f 2847 2849 2927 2925
f 2849 2850 2928 2927
f 2850 2851 2929 2928
f 2851 2852 2930 2929
f 2845 2923 2930 2852
f 2854 2853 2931 2932
f 2931 2853 2855 2933
f 2856 2854 2932 2934
f 2857 2856 2934 2935
f 2858 2857 2935 2936
f 2859 2858 2936 2937
f 2859 2937 2938 2860
f 2862 2861 2939 2940
f 2939 2861 2863 2941
f 2855 2862 2940 2933
f 2864 2860 2938 2942
f 2865 2864 2942 2943
f 2865 2943 2944 2866
f 2868 2867 2945 2946
f 2941 2863 2868 2946
f 2867 2869 2947 2945
f 2871 2870 2948 2949
f 2870 2872 2950 2948
f 2866 2944 2950 2872
f 2874 2873 2951 2952
f 2947 2869 2874 2952
f 2873 2875 2953 2951
f 2875 2876 2954 2953
f 2876 2877 2955 2954
f 2877 2878 2956 2955
f 2871 2949 2956 2878
f 2880 2879 2957 2958
f 2957 2879 2881 2959
f 2882 2880 2958 2960
f 2883 2882 2960 2961
f 2884 2883 2961 2962
f 2885 2884 2962 2963
f 2885 2963 2964 2886
f 2888 2887 2965 2966
f 2965 2887 2889 2967
f 2881 2888 2966 2959
f 2890 2886 2964 2968
f 2891 2890 2968 2969
f 2891 2969 2970 2892
f 2894 2893 2971 2972
f 2967 2889 2894 2972
f 2893 2895 2973 2971
f 2897 2896 2974 2975
f 2896 2898 2976 2974
f 2892 2970 2976 2898
f 2900 2899 2977 2978
f 2973 2895 2900 2978
f 2899 2901 2979 2977
f 2901 2902 2980 2979
f 2902 2903 2981 2980
f 2903 2904 2982 2981
f 2897 2975 2982 2904
f 2906 2905 2983 2984
f 2983 2905 2907 2985
f 2908 2906 2984 2986
f 2909 2908 2986 2987
f 2910 2909 2987 2988
f 2911 2910 2988 2989
f 2911 2989 2990 2912
f 2914 2913 2991 2992
f 2991 2913 2915 2993
f 2907 2914 2992 2985
f 2916 2912 2990 2994
f 2917 2916 2994 2995
f 2917 2995 2996 2918
f 2920 2919 2997 2998
f 2993 2915 2920 2998
f 2919 2921 2999 2997
f 2923 2922 3000 3001
f 2922 2924 3002 3000
f 2918 2996 3002 2924
f 2926 2925 3003 3004
f 2999 2921 2926 3004
f 2925 2927 3005 3003
f 2927 2928 3006 3005
f 2928 2929 3007 3006
f 2929 2930 3008 3007
f 2923 3001 3008 2930
f 2932 2931 3009 3010
f 3009 2931 2933 3011
f 2934 2932 3010 3012
f 2935 2934 3012 3013
f 2936 2935 3013 3014
f 2937 2936 3014 3015
f 2937 3015 3016 2938
f 2940 2939 3017 3018
f 3017 2939 2941 3019
f 2933 2940 3018 3011
f 2942 2938 3016 3020
f 2943 2942 3020 3021
f 2943 3021 3022 2944
f 2946 2945 3023 3024
f 3019 2941 2946 3024
f 2945 2947 3025 3023
f 2949 2948 3026 3027
f 2948 2950 3028 3026
f 2944 3022 3028 2950
f 2952 2951 3029 3030
f 3025 2947 2952 3030
f 2951 2953 3031 3029
f 2953 2954 3032 3031
f 2954 2955 3033 3032
f 2955 2956 3034 3033
f 2949 3027 3034 2956
f 2958 2957 3035 3036
f 3035 2957 2959 3037
f 2960 2958 3036 3038
f 2961 2960 3038 3039
f 2962 2961 3039 3040
f 2963 2962 3040 3041
f 2963 3041 3042 2964
f 2966 2965 3043 3044
f 3043 2965 2967 3045
f 2959 2966 3044 3037
f 2968 2964 3042 3046
f 2969 2968 3046 3047
f 2969 3047 3048 2970
f 2972 2971 3049 3050
f 3045 2967 2972 3050
f 2971 2973 3051 3049
f 2975 2974 3052 3053
f 2974 2976 3054 3052
f 2970 3048 3054 2976
f 2978 2977 3055 3056
f 3051 2973 2978 3056
f 2977 2979 3057 3055
f 2979 2980 3058 3057
f 2980 2981 3059 3058
f 2981 2982 3060 3059
f 2975 3053 3060 2982
f 2984 2983 3061 3062
f 3061 2983 2985 3063
f 2986 2984 3062 3064
f 2987 2986 3064 3065
f 2988 2987 3065 3066
f 2989 2988 3066 3067
f 2989 3067 3068 2990
f 2992 2991 3069 3070
f 3069 2991 2993 3071
f 2985 2992 3070 3063
f 2994 2990 3068 3072
f 2995 2994 3072 3073
f 2995 3073 3074 2996
f 2998 2997 3075 3076
f 3071 2993 2998 3076
f 2997 2999 3077 3075
f 3001 3000 3078 3079
f 3000 3002 3080 3078
f 2996 3074 3080 3002
f 3004 3003 3081 3082
f 3077 2999 3004 3082
f 3003 3005 3083 3081
f 3005 3006 3084 3083
f 3006 3007 3085 3084
f 3007 3008 3086 3085
f 3001 3079 3086 3008
f 3010 3009 3087 3088
f 3087 3009 3011 3089
f 3012 3010 3088 3090
f 3013 3012 3090 3091
f 3014 3013 3091 3092
f 3015 3014 3092 3093
f 3015 3093 3094 3016
f 3018 3017 3095 3096
f 3095 3017 3019 3097
f 3011 3018 3096 3089
f 3020 3016 3094 3098
f 3021 3020 3098 3099
f 3021 3099 3100 3022
f 3024 3023 3101 3102
f 3097 3019 3024 3102
f 3023 3025 3103 3101
f 3027 3026 3104 3105
f 3026 3028 3106 3104
f 3022 3100 3106 3028
f 3030 3029 3107 3108
f 3103 3025 3030 3108
f 3029 3031 3109 3107
f 3031 3032 3110 3109
f 3032 3033 3111 3110
f 3033 3034 3112 3111
f 3027 3105 3112 3034
f 3036 3035 3113 3114
f 3113 3035 3037 3115
f 3038 3036 3114 3116
f 3039 3038 3116 3117
f 3040 3039 3117 3118
f 3041 3040 3118 3119
f 3041 3119 3120 3042
f 3044 3043 3121 3122
f 3121 3043 3045 3123
f 3037 3044 3122 3115
f 3046 3042 3120 3124
f 3047 3046 3124 3125
f 3047 3125 3126 3048
f 3050 3049 3127 3128
f 3123 3045 3050 3128
f 3049 3051 3129 3127
f 3053 3052 3130 3131
f 3052 3054 3132 3130
f 3048 3126 3132 3054
f 3056 3055 3133 3134
f 3129 3051 3056 3134
f 3055 3057 3135 3133
f 3057 3058 3136 3135
f 3058 3059 3137 3136
f 3059 3060 3138 3137
f 3053 3131 3138 3060
f 3062 3061 3139 3140
f 3139 3061 3063 3141
f 3064 3062 3140 3142
f 3065 3064 3142 3143
f 3066 3065 3143 3144
f 3067 3066 3144 3145
f 3067 3145 3146 3068
f 3070 3069 3147 3148
f 3147 3069 3071 3149
f 3063 3070 3148 3141
f 3072 3068 3146 3150
f 3073 3072 3150 3151
f 3073 3151 3152 3074
f 3076 3075 3153 3154
f 3149 3071 3076 3154
f 3075 3077 3155 3153
f 3079 3078 3156 3157
f 3078 3080 3158 3156
f 3074 3152 3158 3080
f 3082 3081 3159 3160
f 3155 3077 3082 3160
f 3081 3083 3161 3159
f 3083 3084 3162 3161
f 3084 3085 3163 3162
f 3085 3086 3164 3163
f 3079 3157 3164 3086
f 3088 3087 3165 3166
f 3165 3087 3089 3167
f 3090 3088 3166 3168
f 3091 3090 3168 3169
f 3092 3091 3169 3170
f 3093 3092 3170 3171
f 3093 3171 3172 3094
f 3173 3174 3175 3176
f 3096 3095 3173 3176
f 3173 3095 3097 3174
f 3176 3175 3177 3167
f 3089 3096 3176 3167
f 3172 3178 3179 3180
f 3098 3094 3172 3180
f 3180 3179 3181 3182
f 3099 3098 3180 3182
f 3099 3182 3181 3100
f 3174 3183 3184 3175
f 3102 3101 3184 3183
f 3174 3097 3102 3183
f 3175 3184 3185 3177
f 3101 3103 3185 3184
f 3178 3186 3187 3179
f 3105 3104 3187 3186
f 3179 3187 3188 3181
f 3104 3106 3188 3187
f 3100 3181 3188 3106
f 3108 3107 3189 3190
f 3185 3103 3108 3190
f 3107 3109 3191 3189
f 3109 3110 3192 3191
f 3110 3111 3193 3192
f 3111 3112 3194 3193
f 3105 3186 3194 3112
f 3114 3113 3195 3196
f 3195 3113 3115 3197
f 3116 3114 3196 3198
f 3117 3116 3198 3199
f 3118 3117 3199 3200
f 3119 3118 3200 3201
f 3119 3201 3202 3120
f 3122 3121 3203 3204
f 3203 3121 3123 3205
f 3115 3122 3204 3197
f 3124 3120 3202 3206
f 3125 3124 3206 3207
f 3125 3207 3208 3126
f 3128 3127 3209 3210
f 3205 3123 3128 3210
f 3127 3129 3211 3209
f 3131 3130 3212 3213
f 3130 3132 3214 3212
f 3126 3208 3214 3132
f 3134 3133 3215 3216
f 3211 3129 3134 3216
f 3133 3135 3217 3215
f 3135 3136 3218 3217
f 3136 3137 3219 3218
f 3137 3138 3220 3219
f 3131 3213 3220 3138
f 3140 3139 3221 3222
f 3221 3139 3141 3223
f 3142 3140 3222 3224
f 3143 3142 3224 3225
f 3144 3143 3225 3226
f 3145 3144 3226 3227
f 3145 3227 3228 3146
f 3229 3230 3231 3232
f 3148 3147 3229 3232
f 3229 3147 3149 3230
f 3232 3231 3233 3223
f 3141 3148 3232 3223
f 3228 3234 3235 3236
f 3150 3146 3228 3236
f 3236 3235 3237 3238
f 3151 3150 3236 3238
f 3151 3238 3237 3152
f 3230 3239 3240 3231
f 3154 3153 3240 3239
f 3230 3149 3154 3239
f 3231 3240 3241 3233
f 3153 3155 3241 3240
f 3234 3242 3243 3235
f 3157 3156 3243 3242
f 3235 3243 3244 3237
f 3156 3158 3244 3243
f 3152 3237 3244 3158
f 3160 3159 3245 3246
f 3241 3155 3160 3246
f 3159 3161 3247 3245
f 3161 3162 3248 3247
f 3162 3163 3249 3248
f 3163 3164 3250 3249
f 3157 3242 3250 3164
f 3251 3252 3253 3254
f 3166 3165 3251 3254
f 3251 3165 3167 3252
f 3254 3253 3255 3256
f 3168 3166 3254 3256
f 3256 3255 3257 3258
f 3169 3168 3256 3258
f 3258 3257 3259 3260
f 3170 3169 3258 3260
f 3260 3259 3261 3262
f 3171 3170 3260 3262
f 3171 3262 3261 3172
f 3252 3167 3177 3263
f 3172 3261 3264 3178
f 3263 3177 3185 3265
f 3178 3264 3266 3186
f 3265 3267 3268 3269
f 3190 3189 3268 3267
f 3265 3185 3190 3267
f 3269 3268 3270 3271
f 3189 3191 3270 3268
f 3271 3270 3272 3273
f 3191 3192 3272 3270
f 3273 3272 3274 3275
f 3192 3193 3274 3272
f 3275 3274 3276 3266
f 3193 3194 3276 3274
f 3186 3266 3276 3194
f 3196 3195 3277 3278
f 3277 3195 3197 3279
f 3198 3196 3278 3280
f 3199 3198 3280 3281
f 3200 3199 3281 3282
f 3201 3200 3282 3283
f 3201 3283 3284 3202
f 3204 3203 3285 3286
f 3285 3203 3205 3287
f 3197 3204 3286 3279
f 3206 3202 3284 3288
f 3207 3206 3288 3289
f 3207 3289 3290 3208
f 3210 3209 3291 3292
f 3287 3205 3210 3292
f 3209 3211 3293 3291
f 3213 3212 3294 3295
f 3212 3214 3296 3294
f 3208 3290 3296 3214
f 3216 3215 3297 3298
f 3293 3211 3216 3298
f 3215 3217 3299 3297
f 3217 3218 3300 3299
f 3218 3219 3301 3300
f 3219 3220 3302 3301
f 3213 3295 3302 3220
f 3303 3304 3305 3306
f 3222 3221 3303 3306
f 3303 3221 3223 3304
f 3306 3305 3307 3308
f 3224 3222 3306 3308
f 3308 3307 3309 3310
f 3225 3224 3308 3310
f 3310 3309 3311 3312
f 3226 3225 3310 3312
f 3312 3311 3313 3314
f 3227 3226 3312 3314
f 3227 3314 3313 3228
f 3304 3223 3233 3315
f 3228 3313 3316 3234
f 3315 3233 3241 3317
f 3234 3316 3318 3242
f 3317 3319 3320 3321
f 3246 3245 3320 3319
f 3317 3241 3246 3319
f 3321 3320 3322 3323
f 3245 3247 3322 3320
f 3323 3322 3324 3325
f 3247 3248 3324 3322
f 3325 3324 3326 3327
f 3248 3249 3326 3324
f 3327 3326 3328 3318
f 3249 3250 3328 3326
f 3242 3318 3328 3250
f 3253 3252 3329 3330
f 3329 3252 3263 3331
f 3255 3253 3330 3332
f 3257 3255 3332 3333
f 3259 3257 3333 3334
f 3261 3259 3334 3335
f 3261 3335 3336 3264
f 3265 3269 3337 3338
f 3331 3263 3265 3338
f 3269 3271 3339 3337
f 3271 3273 3340 3339
f 3273 3275 3341 3340
f 3275 3266 3342 3341
f 3264 3336 3342 3266
f 3278 3277 3343 3344
f 3343 3277 3279 3345
f 3280 3278 3344 3346
f 3281 3280 3346 3347
f 3282 3281 3347 3348
f 3283 3282 3348 3349
f 3283 3349 3350 3284
f 3351 3352 3353 3354
f 3286 3285 3351 3354
f 3351 3285 3287 3352
f 3354 3353 3355 3345
f 3279 3286 3354 3345
f 3350 3356 3357 3358
f 3288 3284 3350 3358
f 3358 3357 3359 3360
f 3289 3288 3358 3360
f 3289 3360 3359 3290
f 3352 3361 3362 3353
f 3292 3291 3362 3361
f 3352 3287 3292 3361
f 3353 3362 3363 3355
f 3291 3293 3363 3362
f 3356 3364 3365 3357
f 3295 3294 3365 3364
f 3357 3365 3366 3359
f 3294 3296 3366 3365
f 3290 3359 3366 3296
f 3298 3297 3367 3368
f 3363 3293 3298 3368
f 3297 3299 3369 3367
f 3299 3300 3370 3369
f 3300 3301 3371 3370
f 3301 3302 3372 3371
f 3295 3364 3372 3302
f 3305 3304 3373 3374
f 3373 3304 3315 3375
f 3307 3305 3374 3376
f 3309 3307 3376 3377
f 3311 3309 3377 3378
f 3313 3311 3378 3379
f 3313 3379 3380 3316
f 3317 3321 3381 3382
f 3375 3315 3317 3382
f 3321 3323 3383 3381
f 3323 3325 3384 3383
f 3325 3327 3385 3384
f 3327 3318 3386 3385
f 3316 3380 3386 3318
f 3330 3329 3387 3388
f 3387 3329 3331 3389
f 3332 3330 3388 3390
f 3333 3332 3390 3391
f 3334 3333 3391 3392
f 3335 3334 3392 3393
f 3335 3393 3394 3336
f 3338 3337 3395 3396
f 3389 3331 3338 3396
f 3337 3339 3397 3395
f 3339 3340 3398 3397
f 3340 3341 3399 3398
f 3341 3342 3400 3399
f 3336 3394 3400 3342
f 3401 3402 3403 3404
f 3344 3343 3401 3404
f 3401 3343 3345 3402
f 3404 3403 3405 3406
f 3346 3344 3404 3406
f 3406 3405 3407 3408
f 3347 3346 3406 3408
f 3408 3407 3409 3410
f 3348 3347 3408 3410
f 3410 3409 3411 3412
f 3349 3348 3410 3412
f 3349 3412 3411 3350
f 3402 3345 3355 3413
f 3350 3411 3414 3356
f 3413 3355 3363 3415
f 3356 3414 3416 3364
f 3415 3417 3418 3419
f 3368 3367 3418 3417
f 3415 3363 3368 3417
f 3419 3418 3420 3421
f 3367 3369 3420 3418
f 3421 3420 3422 3423
f 3369 3370 3422 3420
f 3423 3422 3424 3425
f 3370 3371 3424 3422
f 3425 3424 3426 3416
f 3371 3372 3426 3424
f 3364 3416 3426 3372
f 3374 3373 3427 3428
f 3427 3373 3375 3429
f 3376 3374 3428 3430
f 3377 3376 3430 3431
f 3378 3377 3431 3432
f 3379 3378 3432 3433
f 3379 3433 3434 3380
f 3382 3381 3435 3436
f 3429 3375 3382 3436
f 3381 3383 3437 3435
f 3383 3384 3438 3437
f 3384 3385 3439 3438
f 3385 3386 3440 3439
f 3380 3434 3440 3386
f 3388 3387 3441 3442
f 3441 3387 3389 3443
f 3390 3388 3442 3444
f 3391 3390 3444 3445
f 3392 3391 3445 3446
f 3393 3392 3446 3447
f 3393 3447 3448 3394
f 3396 3395 3449 3450
f 3443 3389 3396 3450
f 3395 3397 3451 3449
f 3397 3398 3452 3451
f 3398 3399 3453 3452
f 3399 3400 3454 3453
f 3394 3448 3454 3400
f 3403 3402 3455 3456
f 3455 3402 3413 3457
f 3405 3403 3456 3458
f 3407 3405 3458 3459
f 3409 3407 3459 3460
f 3411 3409 3460 3461
f 3411 3461 3462 3414
f 3415 3419 3463 3464
f 3457 3413 3415 3464
f 3419 3421 3465 3463
f 3421 3423 3466 3465
f 3423 3425 3467 3466
f 3425 3416 3468 3467
f 3414 3462 3468 3416
f 3428 3427 3469 3470
f 3469 3427 3429 3471
f 3430 3428 3470 3472
f 3431 3430 3472 3473
f 3432 3431 3473 3474
f 3433 3432 3474 3475
f 3433 3475 3476 3434
f 3436 3435 3477 3478
f 3471 3429 3436 3478
f 3435 3437 3479 3477
f 3437 3438 3480 3479
f 3438 3439 3481 3480
f 3439 3440 3482 3481
f 3434 3476 3482 3440
f 3442 3441 3483 3484
f 3483 3441 3443 3485
f 3444 3442 3484 3486
f 3445 3444 3486 3487
f 3446 3445 3487 3488
f 3447 3446 3488 3489
f 3447 3489 3490 3448
f 3450 3449 3491 3492
f 3485 3443 3450 3492
f 3449 3451 3493 3491
f 3451 3452 3494 3493
f 3452 3453 3495 3494
f 3453 3454 3496 3495
f 3448 3490 3496 3454
f 3456 3455 3497 3498
f 3497 3455 3457 3499
f 3458 3456 3498 3500
f 3459 3458 3500 3501
f 3460 3459 3501 3502
f 3461 3460 3502 3503
f 3461 3503 3504 3462
f 3464 3463 3505 3506
f 3499 3457 3464 3506
f 3463 3465 3507 3505
f 3465 3466 3508 3507
f 3466 3467 3509 3508
f 3467 3468 3510 3509
f 3462 3504 3510 3468
f 3470 3469 3511 3512
f 3511 3469 3471 3513
f 3472 3470 3512 3514
f 3473 3472 3514 3515
f 3474 3473 3515 3516
f 3475 3474 3516 3517
f 3475 3517 3518 3476
f 3478 3477 3519 3520
f 3513 3471 3478 3520
f 3477 3479 3521 3519
f 3479 3480 3522 3521
f 3480 3481 3523 3522
f 3481 3482 3524 3523
f 3476 3518 3524 3482
f 3484 3483 3525 3526
f 3525 3483 3485 3527
f 3486 3484 3526 3528
f 3487 3486 3528 3529
f 3488 3487 3529 3530
f 3489 3488 3530 3531
f 3489 3531 3532 3490
f 3492 3491 3533 3534
f 3527 3485 3492 3534
f 3491 3493 3535 3533
f 3493 3494 3536 3535
f 3494 3495 3537 3536
f 3495 3496 3538 3537
f 3490 3532 3538 3496
f 3498 3497 3539 3540
f 3539 3497 3499 3541
f 3500 3498 3540 3542
f 3501 3500 3542 3543
f 3502 3501 3543 3544
f 3503 3502 3544 3545
f 3503 3545 3546 3504
f 3506 3505 3547 3548
f 3541 3499 3506 3548
f 3505 3507 3549 3547
f 3507 3508 3550 3549
f 3508 3509 3551 3550
f 3509 3510 3552 3551
f 3504 3546 3552 3510
f 3512 3511 3553 3554
f 3553 3511 3513 3555
f 3514 3512 3554 3556
f 3515 3514 3556 3557
f 3516 3515 3557 3558
f 3517 3516 3558 3559
f 3517 3559 3560 3518
f 3520 3519 3561 3562
f 3555 3513 3520 3562
f 3519 3521 3563 3561
f 3521 3522 3564 3563
f 3522 3523 3565 3564
f 3523 3524 3566 3565
f 3518 3560 3566 3524
f 3526 3525 3567 3568
f 3567 3525 3527 3569
f 3528 3526 3568 3570
f 3529 3528 3570 3571
f 3530 3529 3571 3572
f 3531 3530 3572 3573
f 3531 3573 3574 3532
f 3534 3533 3575 3576
f 3569 3527 3534 3576
f 3533 3535 3577 3575
f 3535 3536 3578 3577
f 3536 3537 3579 3578
f 3537 3538 3580 3579
f 3532 3574 3580 3538
f 3540 3539 3581 3582
f 3581 3539 3541 3583
f 3542 3540 3582 3584
f 3543 3542 3584 3585
f 3544 3543 3585 3586
f 3545 3544 3586 3587
f 3545 3587 3588 3546
f 3548 3547 3589 3590
f 3583 3541 3548 3590
f 3547 3549 3591 3589
f 3549 3550 3592 3591
f 3550 3551 3593 3592
f 3551 3552 3594 3593
f 3546 3588 3594 3552
f 3554 3553 3595 3596
f 3595 3553 3555 3597
f 3556 3554 3596 3598
f 3557 3556 3598 3599
f 3558 3557 3599 3600
f 3559 3558 3600 3601
f 3559 3601 3602 3560
f 3562 3561 3603 3604
f 3597 3555 3562 3604
f 3561 3563 3605 3603
f 3563 3564 3606 3605
f 3564 3565 3607 3606
f 3565 3566 3608 3607
f 3560 3602 3608 3566
f 3568 3567 3609 3610
f 3609 3567 3569 3611
f 3570 3568 3610 3612
f 3571 3570 3612 3613
f 3572 3571 3613 3614
f 3573 3572 3614 3615
f 3573 3615 3616 3574
f 3576 3575 3617 3618
f 3611 3569 3576 3618
f 3575 3577 3619 3617
f 3577 3578 3620 3619
f 3578 3579 3621 3620
f 3579 3580 3622 3621
f 3574 3616 3622 3580
f 3582 3581 3623 3624
f 3623 3581 3583 3625
f 3584 3582 3624 3626
f 3585 3584 3626 3627
f 3586 3585 3627 3628
f 3587 3586 3628 3629
f 3587 3629 3630 3588
f 3590 3589 3631 3632
f 3625 3583 3590 3632
f 3589 3591 3633 3631
f 3591 3592 3634 3633
f 3592 3593 3635 3634
f 3593 3594 3636 3635
f 3588 3630 3636 3594
f 3596 3595 3637 3638
f 3637 3595 3597 3639
f 3598 3596 3638 3640
f 3599 3598 3640 3641
f 3600 3599 3641 3642
f 3601 3600 3642 3643
f 3601 3643 3644 3602
f 3604 3603 3645 3646
f 3639 3597 3604 3646
f 3603 3605 3647 3645
f 3605 3606 3648 3647
f 3606 3607 3649 3648
f 3607 3608 3650 3649
f 3602 3644 3650 3608
f 3610 3609 3651 3652
f 3651 3609 3611 3653
f 3612 3610 3652 3654
f 3613 3612 3654 3655
f 3614 3613 3655 3656
f 3615 3614 3656 3657
f 3615 3657 3658 3616
f 3618 3617 3659 3660
f 3653 3611 3618 3660
f 3617 3619 3661 3659
f 3619 3620 3662 3661
f 3620 3621 3663 3662
f 3621 3622 3664 3663
f 3616 3658 3664 3622
f 3624 3623 3665 3666
f 3665 3623 3625 3667
f 3626 3624 3666 3668
f 3627 3626 3668 3669
f 3628 3627 3669 3670
f 3629 3628 3670 3671
f 3629 3671 3672 3630
f 3632 3631 3673 3674
f 3667 3625 3632 3674
f 3631 3633 3675 3673
f 3633 3634 3676 3675
f 3634 3635 3677 3676
f 3635 3636 3678 3677
f 3630 3672 3678 3636
f 3638 3637 3679 3680
f 3679 3637 3639 3681
f 3640 3638 3680 3682
f 3641 3640 3682 3683
f 3642 3641 3683 3684
f 3643 3642 3684 3685
f 3643 3685 3686 3644
f 3646 3645 3687 3688
f 3681 3639 3646 3688
f 3645 3647 3689 3687
f 3647 3648 3690 3689
f 3648 3649 3691 3690
f 3649 3650 3692 3691
f 3644 3686 3692 3650
f 3652 3651 3693 3694
f 3693 3651 3653 3695
f 3654 3652 3694 3696
f 3655 3654 3696 3697
f 3656 3655 3697 3698
f 3657 3656 3698 3699
f 3657 3699 3700 3658
f 3660 3659 3701 3702
f 3695 3653 3660 3702
f 3659 3661 3703 3701
f 3661 3662 3704 3703
f 3662 3663 3705 3704
f 3663 3664 3706 3705
f 3658 3700 3706 3664
f 3666 3665 3707 3708
f 3707 3665 3667 3709
f 3668 3666 3708 3710
f 3669 3668 3710 3711
f 3670 3669 3711 3712
f 3671 3670 3712 3713
f 3671 3713 3714 3672
f 3674 3673 3715 3716
f 3709 3667 3674 3716
f 3673 3675 3717 3715
f 3675 3676 3718 3717
f 3676 3677 3719 3718
f 3677 3678 3720 3719
f 3672 3714 3720 3678
f 3680 3679 3721 3722
f 3721 3679 3681 3723
f 3682 3680 3722 3724
f 3683 3682 3724 3725
f 3684 3683 3725 3726
f 3685 3684 3726 3727
f 3685 3727 3728 3686
f 3688 3687 3729 3730
f 3723 3681 3688 3730
f 3687 3689 3731 3729
f 3689 3690 3732 3731
f 3690 3691 3733 3732
f 3691 3692 3734 3733
f 3686 3728 3734 3692
f 3694 3693 3735 3736
f 3735 3693 3695 3737
f 3696 3694 3736 3738
f 3697 3696 3738 3739
f 3698 3697 3739 3740
f 3699 3698 3740 3741
f 3699 3741 3742 3700
f 3702 3701 3743 3744
f 3737 3695 3702 3744
f 3701 3703 3745 3743
f 3703 3704 3746 3745
f 3704 3705 3747 3746
f 3705 3706 3748 3747
f 3700 3742 3748 3706
f 3708 3707 3749 3750
f 3749 3707 3709 3751
f 3710 3708 3750 3752
f 3711 3710 3752 3753
f 3712 3711 3753 3754
f 3713 3712 3754 3755
f 3713 3755 3756 3714
f 3716 3715 3757 3758
f 3751 3709 3716 3758
f 3715 3717 3759 3757
f 3717 3718 3760 3759
f 3718 3719 3761 3760
f 3719 3720 3762 3761
f 3714 3756 3762 3720
f 3722 3721 3763 3764
f 3763 3721 3723 3765
f 3724 3722 3764 3766
f 3725 3724 3766 3767
f 3726 3725 3767 3768
f 3727 3726 3768 3769
f 3727 3769 3770 3728
f 3730 3729 3771 3772
f 3765 3723 3730 3772
f 3729 3731 3773 3771
f 3731 3732 3774 3773
f 3732 3733 3775 3774
f 3733 3734 3776 3775
f 3728 3770 3776 3734
f 3777 3778 3779 3780
f 3736 3735 3777 3780
f 3777 3735 3737 3778
f 3780 3779 3781 3782
f 3738 3736 3780 3782
f 3782 3781 3783 3784
f 3739 3738 3782 3784
f 3784 3783 3785 3786
f 3740 3739 3784 3786
f 3786 3785 3787 3788
f 3741 3740 3786 3788
f 3741 3788 3787 3742
f 3778 3789 3790 3779
f 3744 3743 3790 3789
f 3778 3737 3744 3789
f 3779 3790 3791 3781
f 3743 3745 3791 3790
f 3781 3791 3792 3783
f 3745 3746 3792 3791
f 3783 3792 3793 3785
f 3746 3747 3793 3792
f 3785 3793 3794 3787
f 3747 3748 3794 3793
f 3742 3787 3794 3748
f 3750 3749 3795 3796
f 3795 3749 3751 3797
f 3752 3750 3796 3798
f 3753 3752 3798 3799
f 3754 3753 3799 3800
f 3755 3754 3800 3801
f 3755 3801 3802 3756
f 3758 3757 3803 3804
f 3797 3751 3758 3804
f 3757 3759 3805 3803
f 3759 3760 3806 3805
f 3760 3761 3807 3806
f 3761 3762 3808 3807
f 3756 3802 3808 3762
f 3809 3810 3811 3812
f 3764 3763 3809 3812
f 3809 3763 3765 3810
f 3812 3811 3813 3814
f 3766 3764 3812 3814
f 3814 3813 3815 3816
f 3767 3766 3814 3816
f 3816 3815 3817 3818
f 3768 3767 3816 3818
f 3818 3817 3819 3820
f 3769 3768 3818 3820
f 3769 3820 3819 3770
f 3810 3821 3822 3811
f 3772 3771 3822 3821
f 3810 3765 3772 3821
f 3811 3822 3823 3813
f 3771 3773 3823 3822
f 3813 3823 3824 3815
f 3773 3774 3824 3823
f 3815 3824 3825 3817
f 3774 3775 3825 3824
f 3817 3825 3826 3819
f 3775 3776 3826 3825
f 3770 3819 3826 3776
f 3796 3795 3827 3828
f 3827 3795 3797 3829
f 3798 3796 3828 3830
f 3799 3798 3830 3831
f 3800 3799 3831 3832
f 3801 3800 3832 3833
f 3801 3833 3834 3802
f 3804 3803 3835 3836
f 3829 3797 3804 3836
f 3803 3805 3837 3835
f 3805 3806 3838 3837
f 3806 3807 3839 3838
f 3807 3808 3840 3839
f 3802 3834 3840 3808
f 3841 3842 3843 3844
f 3828 3827 3841 3844
f 3841 3827 3829 3842
f 3844 3843 3845 3846
f 3830 3828 3844 3846
f 3846 3845 3847 3848
f 3831 3830 3846 3848
f 3848 3847 3849 3850
f 3832 3831 3848 3850
f 3850 3849 3851 3852
f 3833 3832 3850 3852
f 3833 3852 3851 3834
f 3842 3853 3854 3843
f 3836 3835 3854 3853
f 3842 3829 3836 3853
f 3843 3854 3855 3845
f 3835 3837 3855 3854
f 3845 3855 3856 3847
f 3837 3838 3856 3855
f 3847 3856 3857 3849
f 3838 3839 3857 3856
f 3849 3857 3858 3851
f 3839 3840 3858 3857
f 3834 3851 3858 3840
