# D-flame — lifted from a 2D silhouette by aide.lift
o D-flame
v -22.500 -9.500 -2.000
v -22.500 -8.500 -2.000
v -22.500 -8.500 -3.000
v -22.500 -9.500 -3.000
v -21.500 -9.500 -3.000
v -21.500 -9.500 -2.000
v -21.500 -8.500 -3.000
v -22.500 -9.500 -1.000
v -22.500 -8.500 -1.000
v -21.500 -9.500 -1.000
v -22.500 -9.500 0.000
v -22.500 -8.500 0.000
v -21.500 -9.500 0.000
v -22.500 -9.500 1.000
v -22.500 -8.500 1.000
v -21.500 -9.500 1.000
v -22.500 -9.500 2.000
v -22.500 -8.500 2.000
v -21.500 -9.500 2.000
v -22.500 -9.500 3.000
v -22.500 -8.500 3.000
v -21.500 -9.500 3.000
v -21.500 -8.500 3.000
v -22.500 -8.500 -4.000
v -22.500 -7.500 -4.000
v -22.500 -7.500 -5.000
v -22.500 -8.500 -5.000
v -21.500 -8.500 -5.000
v -21.500 -8.500 -4.000
v -21.500 -7.500 -5.000
v -22.500 -7.500 -3.000
v -22.500 -7.500 -2.000
v -22.500 -7.500 -1.000
v -22.500 -7.500 0.000
v -22.500 -7.500 1.000
v -22.500 -7.500 2.000
v -22.500 -7.500 3.000
v -22.500 -8.500 4.000
v -22.500 -7.500 4.000
v -21.500 -8.500 4.000
v -22.500 -8.500 5.000
v -22.500 -7.500 5.000
v -21.500 -8.500 5.000
v -21.500 -7.500 5.000
v -22.500 -6.500 -5.000
v -22.500 -6.500 -6.000
v -22.500 -7.500 -6.000
v -21.500 -7.500 -6.000
v -21.500 -6.500 -6.000
v -22.500 -6.500 -4.000
v -22.500 -6.500 -3.000
v -22.500 -6.500 -2.000
v -22.500 -6.500 -1.000
v -22.500 -6.500 0.000
v -22.500 -6.500 1.000
v -22.500 -6.500 2.000
v -22.500 -6.500 3.000
v -22.500 -6.500 4.000
v -22.500 -6.500 5.000
v -22.500 -7.500 6.000
v -22.500 -6.500 6.000
v -21.500 -7.500 6.000
v -21.500 -6.500 6.000
v -22.500 -5.500 -6.000
v -22.500 -5.500 -7.000
v -22.500 -6.500 -7.000
v -21.500 -6.500 -7.000
v -21.500 -5.500 -7.000
v -22.500 -5.500 -5.000
v -22.500 -5.500 -4.000
v -22.500 -5.500 -3.000
v -22.500 -5.500 -2.000
v -22.500 -5.500 -1.000
v -22.500 -5.500 0.000
v -22.500 -5.500 1.000
v -22.500 -5.500 2.000
v -22.500 -5.500 3.000
v -22.500 -5.500 4.000
v -22.500 -5.500 5.000
v -22.500 -5.500 6.000
v -22.500 -6.500 7.000
v -22.500 -5.500 7.000
v -21.500 -6.500 7.000
v -21.500 -5.500 7.000
v -22.500 -4.500 -7.000
v -22.500 -4.500 -8.000
v -22.500 -5.500 -8.000
v -21.500 -5.500 -8.000
v -21.500 -4.500 -8.000
v -22.500 -4.500 -6.000
v -22.500 -4.500 -5.000
v -22.500 -4.500 -4.000
v -22.500 -4.500 -3.000
v -22.500 -4.500 -2.000
v -22.500 -4.500 -1.000
v -22.500 -4.500 0.000
v -22.500 -4.500 1.000
v -22.500 -4.500 2.000
v -22.500 -4.500 3.000
v -22.500 -4.500 4.000
v -22.500 -4.500 5.000
v -22.500 -4.500 6.000
v -22.500 -4.500 7.000
v -22.500 -5.500 8.000
v -22.500 -4.500 8.000
v -21.500 -5.500 8.000
v -21.500 -4.500 8.000
v -22.500 -3.500 -8.000
v -22.500 -3.500 -9.000
v -22.500 -4.500 -9.000
v -21.500 -4.500 -9.000
v -21.500 -3.500 -9.000
v -22.500 -3.500 -7.000
v -22.500 -3.500 -6.000
v -22.500 -3.500 -5.000
v -22.500 -3.500 -4.000
v -22.500 -3.500 -3.000
v -22.500 -3.500 -2.000
v -22.500 -3.500 -1.000
v -22.500 -3.500 0.000
v -22.500 -3.500 1.000
v -22.500 -3.500 2.000
v -22.500 -3.500 3.000
v -22.500 -3.500 4.000
v -22.500 -3.500 5.000
v -22.500 -3.500 6.000
v -22.500 -3.500 7.000
v -22.500 -3.500 8.000
v -22.500 -4.500 9.000
v -22.500 -3.500 9.000
v -21.500 -4.500 9.000
v -21.500 -3.500 9.000
v -22.500 -2.500 -8.000
v -22.500 -2.500 -9.000
v -21.500 -2.500 -9.000
v -22.500 -2.500 -7.000
v -22.500 -2.500 -6.000
v -22.500 -2.500 -5.000
v -22.500 -2.500 -4.000
v -22.500 -2.500 -3.000
v -22.500 -2.500 -2.000
v -22.500 -2.500 -1.000
v -22.500 -2.500 0.000
v -22.500 -2.500 1.000
v -22.500 -2.500 2.000
v -22.500 -2.500 3.000
v -22.500 -2.500 4.000
v -22.500 -2.500 5.000
v -22.500 -2.500 6.000
v -22.500 -2.500 7.000
v -22.500 -2.500 8.000
v -22.500 -2.500 9.000
v -21.500 -2.500 9.000
v -22.500 -1.500 -8.000
v -22.500 -1.500 -9.000
v -21.500 -1.500 -9.000
v -22.500 -1.500 -7.000
v -22.500 -1.500 -6.000
v -22.500 -1.500 -5.000
v -22.500 -1.500 -4.000
v -22.500 -1.500 -3.000
v -22.500 -1.500 -2.000
v -22.500 -1.500 -1.000
v -22.500 -1.500 0.000
v -22.500 -1.500 1.000
v -22.500 -1.500 2.000
v -22.500 -1.500 3.000
v -22.500 -1.500 4.000
v -22.500 -1.500 5.000
v -22.500 -1.500 6.000
v -22.500 -1.500 7.000
v -22.500 -1.500 8.000
v -22.500 -1.500 9.000
v -21.500 -1.500 9.000
v -22.500 -0.500 -8.000
v -22.500 -0.500 -9.000
v -21.500 -0.500 -9.000
v -22.500 -0.500 -7.000
v -22.500 -0.500 -6.000
v -22.500 -0.500 -5.000
v -22.500 -0.500 -4.000
v -22.500 -0.500 -3.000
v -22.500 -0.500 -2.000
v -22.500 -0.500 -1.000
v -22.500 -0.500 0.000
v -22.500 -0.500 1.000
v -22.500 -0.500 2.000
v -22.500 -0.500 3.000
v -22.500 -0.500 4.000
v -22.500 -0.500 5.000
v -22.500 -0.500 6.000
v -22.500 -0.500 7.000
v -22.500 -0.500 8.000
v -22.500 -0.500 9.000
v -21.500 -0.500 9.000
v -22.500 0.500 -9.000
v -22.500 0.500 -10.000
v -22.500 -0.500 -10.000
v -21.500 0.500 -9.000
v -21.500 0.500 -10.000
v -21.500 -0.500 -10.000
v -22.500 0.500 -8.000
v -22.500 0.500 -7.000
v -22.500 0.500 -6.000
v -22.500 0.500 -5.000
v -22.500 0.500 -4.000
v -22.500 0.500 -3.000
v -22.500 0.500 -2.000
v -22.500 0.500 -1.000
v -22.500 0.500 0.000
v -22.500 0.500 1.000
v -22.500 0.500 2.000
v -22.500 0.500 3.000
v -22.500 0.500 4.000
v -22.500 0.500 5.000
v -22.500 0.500 6.000
v -22.500 0.500 7.000
v -22.500 0.500 8.000
v -22.500 0.500 9.000
v -22.500 -0.500 10.000
v -22.500 0.500 10.000
v -21.500 0.500 10.000
v -21.500 0.500 9.000
v -21.500 -0.500 10.000
v -22.500 1.500 -8.000
v -22.500 1.500 -9.000
v -21.500 1.500 -9.000
v -22.500 1.500 -7.000
v -22.500 1.500 -6.000
v -22.500 1.500 -5.000
v -22.500 1.500 -4.000
v -22.500 1.500 -3.000
v -22.500 1.500 -2.000
v -22.500 1.500 -1.000
v -22.500 1.500 0.000
v -22.500 1.500 1.000
v -22.500 1.500 2.000
v -22.500 1.500 3.000
v -22.500 1.500 4.000
v -22.500 1.500 5.000
v -22.500 1.500 6.000
v -22.500 1.500 7.000
v -22.500 1.500 8.000
v -22.500 1.500 9.000
v -21.500 1.500 9.000
v -22.500 2.500 -8.000
v -22.500 2.500 -9.000
v -21.500 2.500 -9.000
v -22.500 2.500 -7.000
v -22.500 2.500 -6.000
v -22.500 2.500 -5.000
v -22.500 2.500 -4.000
v -22.500 2.500 -3.000
v -22.500 2.500 -2.000
v -22.500 2.500 -1.000
v -22.500 2.500 0.000
v -22.500 2.500 1.000
v -22.500 2.500 2.000
v -22.500 2.500 3.000
v -22.500 2.500 4.000
v -22.500 2.500 5.000
v -22.500 2.500 6.000
v -22.500 2.500 7.000
v -22.500 2.500 8.000
v -22.500 2.500 9.000
v -21.500 2.500 9.000
v -22.500 3.500 -8.000
v -22.500 3.500 -9.000
v -21.500 3.500 -9.000
v -22.500 3.500 -7.000
v -22.500 3.500 -6.000
v -22.500 3.500 -5.000
v -22.500 3.500 -4.000
v -22.500 3.500 -3.000
v -22.500 3.500 -2.000
v -22.500 3.500 -1.000
v -22.500 3.500 0.000
v -22.500 3.500 1.000
v -22.500 3.500 2.000
v -22.500 3.500 3.000
v -22.500 3.500 4.000
v -22.500 3.500 5.000
v -22.500 3.500 6.000
v -22.500 3.500 7.000
v -22.500 3.500 8.000
v -22.500 3.500 9.000
v -21.500 3.500 9.000
v -22.500 4.500 -8.000
v -22.500 4.500 -9.000
v -21.500 4.500 -8.000
v -21.500 4.500 -9.000
v -22.500 4.500 -7.000
v -22.500 4.500 -6.000
v -22.500 4.500 -5.000
v -22.500 4.500 -4.000
v -22.500 4.500 -3.000
v -22.500 4.500 -2.000
v -22.500 4.500 -1.000
v -22.500 4.500 0.000
v -22.500 4.500 1.000
v -22.500 4.500 2.000
v -22.500 4.500 3.000
v -22.500 4.500 4.000
v -22.500 4.500 5.000
v -22.500 4.500 6.000
v -22.500 4.500 7.000
v -22.500 4.500 8.000
v -22.500 4.500 9.000
v -21.500 4.500 9.000
v -21.500 4.500 8.000
v -22.500 5.500 -7.000
v -22.500 5.500 -8.000
v -21.500 5.500 -7.000
v -21.500 5.500 -8.000
v -22.500 5.500 -6.000
v -22.500 5.500 -5.000
v -22.500 5.500 -4.000
v -22.500 5.500 -3.000
v -22.500 5.500 -2.000
v -22.500 5.500 -1.000
v -22.500 5.500 0.000
v -22.500 5.500 1.000
v -22.500 5.500 2.000
v -22.500 5.500 3.000
v -22.500 5.500 4.000
v -22.500 5.500 5.000
v -22.500 5.500 6.000
v -22.500 5.500 7.000
v -22.500 5.500 8.000
v -21.500 5.500 8.000
v -21.500 5.500 7.000
v -22.500 6.500 -6.000
v -22.500 6.500 -7.000
v -21.500 6.500 -6.000
v -21.500 6.500 -7.000
v -22.500 6.500 -5.000
v -22.500 6.500 -4.000
v -22.500 6.500 -3.000
v -22.500 6.500 -2.000
v -22.500 6.500 -1.000
v -22.500 6.500 0.000
v -22.500 6.500 1.000
v -22.500 6.500 2.000
v -22.500 6.500 3.000
v -22.500 6.500 4.000
v -22.500 6.500 5.000
v -22.500 6.500 6.000
v -22.500 6.500 7.000
v -21.500 6.500 7.000
v -21.500 6.500 6.000
v -22.500 7.500 -5.000
v -22.500 7.500 -6.000
v -21.500 7.500 -5.000
v -21.500 7.500 -6.000
v -22.500 7.500 -4.000
v -22.500 7.500 -3.000
v -22.500 7.500 -2.000
v -22.500 7.500 -1.000
v -22.500 7.500 0.000
v -22.500 7.500 1.000
v -22.500 7.500 2.000
v -22.500 7.500 3.000
v -22.500 7.500 4.000
v -22.500 7.500 5.000
v -22.500 7.500 6.000
v -21.500 7.500 6.000
v -21.500 7.500 5.000
v -22.500 8.500 -4.000
v -22.500 8.500 -5.000
v -21.500 8.500 -4.000
v -21.500 8.500 -5.000
v -22.500 8.500 -3.000
v -21.500 8.500 -3.000
v -22.500 8.500 -2.000
v -22.500 8.500 -1.000
v -22.500 8.500 0.000
v -22.500 8.500 1.000
v -22.500 8.500 2.000
v -22.500 8.500 3.000
v -22.500 8.500 4.000
v -21.500 8.500 4.000
v -21.500 8.500 3.000
v -22.500 8.500 5.000
v -21.500 8.500 5.000
v -22.500 9.500 -2.000
v -22.500 9.500 -3.000
v -21.500 9.500 -2.000
v -21.500 9.500 -3.000
v -22.500 9.500 -1.000
v -21.500 9.500 -1.000
v -22.500 9.500 0.000
v -21.500 9.500 0.000
v -22.500 9.500 1.000
v -21.500 9.500 1.000
v -22.500 9.500 2.000
v -21.500 9.500 2.000
v -22.500 9.500 3.000
v -21.500 9.500 3.000
v -20.500 -9.500 -3.000
v -20.500 -9.500 -2.000
v -20.500 -8.500 -3.000
v -20.500 -9.500 -1.000
v -20.500 -9.500 0.000
v -20.500 -9.500 1.000
v -20.500 -9.500 2.000
v -20.500 -9.500 3.000
v -20.500 -8.500 3.000
v -20.500 -8.500 -5.000
v -20.500 -8.500 -4.000
v -20.500 -7.500 -5.000
v -20.500 -8.500 4.000
v -20.500 -8.500 5.000
v -20.500 -7.500 5.000
v -20.500 -7.500 -6.000
v -20.500 -6.500 -6.000
v -20.500 -7.500 6.000
v -20.500 -6.500 6.000
v -20.500 -6.500 -7.000
v -20.500 -5.500 -7.000
v -20.500 -6.500 7.000
v -20.500 -5.500 7.000
v -20.500 -5.500 -8.000
v -20.500 -4.500 -8.000
v -20.500 -5.500 8.000
v -20.500 -4.500 8.000
v -20.500 -4.500 -9.000
v -20.500 -3.500 -9.000
v -20.500 -4.500 9.000
v -20.500 -3.500 9.000
v -20.500 -2.500 -9.000
v -20.500 -2.500 9.000
v -20.500 -1.500 -9.000
v -20.500 -1.500 9.000
v -20.500 -0.500 -9.000
v -20.500 -0.500 9.000
v -20.500 0.500 -9.000
v -20.500 0.500 -10.000
v -20.500 -0.500 -10.000
v -20.500 0.500 10.000
v -20.500 0.500 9.000
v -20.500 -0.500 10.000
v -20.500 1.500 -9.000
v -20.500 1.500 9.000
v -20.500 2.500 -9.000
v -20.500 2.500 9.000
v -20.500 3.500 -9.000
v -20.500 3.500 9.000
v -20.500 4.500 -8.000
v -20.500 4.500 -9.000
v -20.500 4.500 9.000
v -20.500 4.500 8.000
v -20.500 5.500 -7.000
v -20.500 5.500 -8.000
v -20.500 5.500 8.000
v -20.500 5.500 7.000
v -20.500 6.500 -6.000
v -20.500 6.500 -7.000
v -20.500 6.500 7.000
v -20.500 6.500 6.000
v -20.500 7.500 -5.000
v -20.500 7.500 -6.000
v -20.500 7.500 6.000
v -20.500 7.500 5.000
v -20.500 8.500 -4.000
v -20.500 8.500 -5.000
v -20.500 8.500 -3.000
v -20.500 8.500 4.000
v -20.500 8.500 3.000
v -20.500 8.500 5.000
v -20.500 9.500 -2.000
v -20.500 9.500 -3.000
v -20.500 9.500 -1.000
v -20.500 9.500 0.000
v -20.500 9.500 1.000
v -20.500 9.500 2.000
v -20.500 9.500 3.000
v -19.500 -9.500 -3.000
v -19.500 -8.500 -3.000
v -19.500 -8.500 -2.000
v -19.500 -9.500 -2.000
v -19.500 -8.500 -1.000
v -19.500 -9.500 -1.000
v -19.500 -8.500 0.000
v -19.500 -9.500 0.000
v -19.500 -8.500 1.000
v -19.500 -9.500 1.000
v -19.500 -8.500 2.000
v -19.500 -9.500 2.000
v -19.500 -8.500 3.000
v -19.500 -9.500 3.000
v -19.500 -8.500 -5.000
v -19.500 -7.500 -5.000
v -19.500 -7.500 -4.000
v -19.500 -8.500 -4.000
v -19.500 -7.500 -3.000
v -19.500 -7.500 -2.000
v -19.500 -7.500 -1.000
v -19.500 -7.500 0.000
v -19.500 -7.500 1.000
v -19.500 -7.500 2.000
v -19.500 -7.500 3.000
v -19.500 -7.500 4.000
v -19.500 -8.500 4.000
v -19.500 -7.500 5.000
v -19.500 -8.500 5.000
v -19.500 -7.500 -6.000
v -19.500 -6.500 -6.000
v -19.500 -6.500 -5.000
v -19.500 -6.500 -4.000
v -19.500 -6.500 -3.000
v -19.500 -6.500 3.000
v -19.500 -6.500 4.000
v -19.500 -6.500 5.000
v -19.500 -6.500 6.000
v -19.500 -7.500 6.000
v -19.500 -6.500 -7.000
v -19.500 -5.500 -7.000
v -19.500 -5.500 -6.000
v -19.500 -5.500 -5.000
v -19.500 -5.500 5.000
v -19.500 -5.500 6.000
v -19.500 -5.500 7.000
v -19.500 -6.500 7.000
v -19.500 -5.500 -8.000
v -19.500 -4.500 -8.000
v -19.500 -4.500 -7.000
v -19.500 -4.500 -6.000
v -19.500 -4.500 6.000
v -19.500 -4.500 7.000
v -19.500 -4.500 8.000
v -19.500 -5.500 8.000
v -19.500 -4.500 -9.000
v -19.500 -3.500 -9.000
v -19.500 -3.500 -8.000
v -19.500 -3.500 -7.000
v -19.500 -3.500 -6.000
v -19.500 -3.500 6.000
v -19.500 -3.500 7.000
v -19.500 -3.500 8.000
v -19.500 -3.500 9.000
v -19.500 -4.500 9.000
v -19.500 -2.500 -9.000
v -19.500 -2.500 -8.000
v -19.500 -2.500 -7.000
v -19.500 -2.500 7.000
v -19.500 -2.500 8.000
v -19.500 -2.500 9.000
v -19.500 -1.500 -9.000
v -19.500 -1.500 -8.000
v -19.500 -1.500 -7.000
v -19.500 -1.500 7.000
v -19.500 -1.500 8.000
v -19.500 -1.500 9.000
v -19.500 -0.500 -9.000
v -19.500 -0.500 -8.000
v -19.500 -0.500 -7.000
v -19.500 -0.500 7.000
v -19.500 -0.500 8.000
v -19.500 -0.500 9.000
v -19.500 -0.500 -10.000
v -19.500 0.500 -10.000
v -19.500 0.500 -9.000
v -19.500 0.500 -8.000
v -19.500 0.500 8.000
v -19.500 0.500 9.000
v -19.500 0.500 10.000
v -19.500 -0.500 10.000
v -19.500 1.500 -9.000
v -19.500 1.500 -8.000
v -19.500 1.500 -7.000
v -19.500 0.500 -7.000
v -19.500 0.500 7.000
v -19.500 1.500 7.000
v -19.500 1.500 8.000
v -19.500 1.500 9.000
v -19.500 2.500 -9.000
v -19.500 2.500 -8.000
v -19.500 2.500 -7.000
v -19.500 2.500 7.000
v -19.500 2.500 8.000
v -19.500 2.500 9.000
v -19.500 3.500 -9.000
v -19.500 3.500 -8.000
v -19.500 3.500 -7.000
v -19.500 3.500 7.000
v -19.500 3.500 8.000
v -19.500 3.500 9.000
v -19.500 4.500 -9.000
v -19.500 4.500 -8.000
v -19.500 4.500 -7.000
v -19.500 4.500 -6.000
v -19.500 3.500 -6.000
v -19.500 3.500 6.000
v -19.500 4.500 6.000
v -19.500 4.500 7.000
v -19.500 4.500 8.000
v -19.500 4.500 9.000
v -19.500 5.500 -8.000
v -19.500 5.500 -7.000
v -19.500 5.500 -6.000
v -19.500 5.500 6.000
v -19.500 5.500 7.000
v -19.500 5.500 8.000
v -19.500 6.500 -7.000
v -19.500 6.500 -6.000
v -19.500 6.500 -5.000
v -19.500 5.500 -5.000
v -19.500 5.500 5.000
v -19.500 6.500 5.000
v -19.500 6.500 6.000
v -19.500 6.500 7.000
v -19.500 7.500 -6.000
v -19.500 7.500 -5.000
v -19.500 7.500 -4.000
v -19.500 6.500 -4.000
v -19.500 7.500 -3.000
v -19.500 6.500 -3.000
v -19.500 6.500 3.000
v -19.500 7.500 3.000
v -19.500 7.500 4.000
v -19.500 6.500 4.000
v -19.500 7.500 5.000
v -19.500 7.500 6.000
v -19.500 8.500 -5.000
v -19.500 8.500 -4.000
v -19.500 8.500 -3.000
v -19.500 8.500 -2.000
v -19.500 7.500 -2.000
v -19.500 8.500 -1.000
v -19.500 7.500 -1.000
v -19.500 8.500 0.000
v -19.500 7.500 0.000
v -19.500 8.500 1.000
v -19.500 7.500 1.000
v -19.500 8.500 2.000
v -19.500 7.500 2.000
v -19.500 8.500 3.000
v -19.500 8.500 4.000
v -19.500 8.500 5.000
v -19.500 9.500 -3.000
v -19.500 9.500 -2.000
v -19.500 9.500 -1.000
v -19.500 9.500 0.000
v -19.500 9.500 1.000
v -19.500 9.500 2.000
v -19.500 9.500 3.000
v -18.500 -7.500 -3.000
v -18.500 -7.500 -2.000
v -18.500 -6.500 -3.000
v -18.500 -7.500 -1.000
v -18.500 -7.500 0.000
v -18.500 -7.500 1.000
v -18.500 -7.500 2.000
v -18.500 -7.500 3.000
v -18.500 -6.500 3.000
v -18.500 -6.500 -5.000
v -18.500 -6.500 -4.000
v -18.500 -5.500 -5.000
v -18.500 -6.500 4.000
v -18.500 -6.500 5.000
v -18.500 -5.500 5.000
v -18.500 -5.500 -6.000
v -18.500 -4.500 -6.000
v -18.500 -5.500 6.000
v -18.500 -4.500 6.000
v -18.500 -3.500 -6.000
v -18.500 -3.500 6.000
v -18.500 -3.500 -7.000
v -18.500 -2.500 -7.000
v -18.500 -3.500 7.000
v -18.500 -2.500 7.000
v -18.500 -1.500 -7.000
v -18.500 -1.500 7.000
v -18.500 -0.500 -7.000
v -18.500 -0.500 7.000
v -18.500 0.500 -7.000
v -18.500 0.500 -8.000
v -18.500 -0.500 -8.000
v -18.500 0.500 8.000
v -18.500 0.500 7.000
v -18.500 -0.500 8.000
v -18.500 1.500 -7.000
v -18.500 1.500 7.000
v -18.500 2.500 -7.000
v -18.500 2.500 7.000
v -18.500 3.500 -6.000
v -18.500 3.500 -7.000
v -18.500 3.500 7.000
v -18.500 3.500 6.000
v -18.500 4.500 -6.000
v -18.500 4.500 6.000
v -18.500 5.500 -5.000
v -18.500 5.500 -6.000
v -18.500 5.500 6.000
v -18.500 5.500 5.000
v -18.500 6.500 -4.000
v -18.500 6.500 -5.000
v -18.500 6.500 -3.000
v -18.500 6.500 4.000
v -18.500 6.500 3.000
v -18.500 6.500 5.000
v -18.500 7.500 -2.000
v -18.500 7.500 -3.000
v -18.500 7.500 -1.000
v -18.500 7.500 0.000
v -18.500 7.500 1.000
v -18.500 7.500 2.000
v -18.500 7.500 3.000
v -18.500 -9.500 -2.000
v -18.500 -8.500 -2.000
v -18.500 -8.500 -3.000
v -18.500 -9.500 -3.000
v -17.500 -9.500 -3.000
v -17.500 -9.500 -2.000
v -17.500 -8.500 -3.000
v -18.500 -9.500 -1.000
v -18.500 -8.500 -1.000
v -17.500 -9.500 -1.000
v -18.500 -9.500 0.000
v -18.500 -8.500 0.000
v -17.500 -9.500 0.000
v -18.500 -9.500 1.000
v -18.500 -8.500 1.000
v -17.500 -9.500 1.000
v -18.500 -9.500 2.000
v -18.500 -8.500 2.000
v -17.500 -9.500 2.000
v -18.500 -9.500 3.000
v -18.500 -8.500 3.000
v -17.500 -9.500 3.000
v -17.500 -8.500 3.000
v -18.500 -8.500 -4.000
v -18.500 -7.500 -4.000
v -18.500 -7.500 -5.000
v -18.500 -8.500 -5.000
v -17.500 -8.500 -5.000
v -17.500 -8.500 -4.000
v -17.500 -7.500 -5.000
v -18.500 -8.500 4.000
v -18.500 -7.500 4.000
v -17.500 -8.500 4.000
v -18.500 -8.500 5.000
v -18.500 -7.500 5.000
v -17.500 -8.500 5.000
v -17.500 -7.500 5.000
v -18.500 -6.500 -6.000
v -18.500 -7.500 -6.000
v -17.500 -7.500 -6.000
v -17.500 -6.500 -6.000
v -18.500 -7.500 6.000
v -18.500 -6.500 6.000
v -17.500 -7.500 6.000
v -17.500 -6.500 6.000
v -18.500 -5.500 -7.000
v -18.500 -6.500 -7.000
v -17.500 -6.500 -7.000
v -17.500 -5.500 -7.000
v -18.500 -6.500 7.000
v -18.500 -5.500 7.000
v -17.500 -6.500 7.000
v -17.500 -5.500 7.000
v -18.500 -4.500 -7.000
v -18.500 -4.500 -8.000
v -18.500 -5.500 -8.000
v -17.500 -5.500 -8.000
v -17.500 -4.500 -8.000
v -18.500 -4.500 7.000
v -18.500 -5.500 8.000
v -18.500 -4.500 8.000
v -17.500 -5.500 8.000
v -17.500 -4.500 8.000
v -18.500 -3.500 -8.000
v -18.500 -3.500 -9.000
v -18.500 -4.500 -9.000
v -17.500 -4.500 -9.000
v -17.500 -3.500 -9.000
v -18.500 -3.500 8.000
v -18.500 -4.500 9.000
v -18.500 -3.500 9.000
v -17.500 -4.500 9.000
v -17.500 -3.500 9.000
v -18.500 -2.500 -8.000
v -18.500 -2.500 -9.000
v -17.500 -2.500 -9.000
v -18.500 -2.500 8.000
v -18.500 -2.500 9.000
v -17.500 -2.500 9.000
v -18.500 -1.500 -8.000
v -18.500 -1.500 -9.000
v -17.500 -1.500 -9.000
v -18.500 -1.500 8.000
v -18.500 -1.500 9.000
v -17.500 -1.500 9.000
v -18.500 -0.500 -9.000
v -17.500 -0.500 -9.000
v -18.500 -0.500 9.000
v -17.500 -0.500 9.000
v -18.500 0.500 -9.000
v -18.500 0.500 -10.000
v -18.500 -0.500 -10.000
v -17.500 0.500 -9.000
v -17.500 0.500 -10.000
v -17.500 -0.500 -10.000
v -18.500 0.500 9.000
v -18.500 -0.500 10.000
v -18.500 0.500 10.000
v -17.500 0.500 10.000
v -17.500 0.500 9.000
v -17.500 -0.500 10.000
v -18.500 1.500 -8.000
v -18.500 1.500 -9.000
v -17.500 1.500 -9.000
v -18.500 1.500 8.000
v -18.500 1.500 9.000
v -17.500 1.500 9.000
v -18.500 2.500 -8.000
v -18.500 2.500 -9.000
v -17.500 2.500 -9.000
v -18.500 2.500 8.000
v -18.500 2.500 9.000
v -17.500 2.500 9.000
v -18.500 3.500 -8.000
v -18.500 3.500 -9.000
v -17.500 3.500 -9.000
v -18.500 3.500 8.000
v -18.500 3.500 9.000
v -17.500 3.500 9.000
v -18.500 4.500 -8.000
v -18.500 4.500 -9.000
v -17.500 4.500 -8.000
v -17.500 4.500 -9.000
v -18.500 4.500 -7.000
v -18.500 4.500 7.000
v -18.500 4.500 8.000
v -18.500 4.500 9.000
v -17.500 4.500 9.000
v -17.500 4.500 8.000
v -18.500 5.500 -7.000
v -18.500 5.500 -8.000
v -17.500 5.500 -7.000
v -17.500 5.500 -8.000
v -18.500 5.500 7.000
v -18.500 5.500 8.000
v -17.500 5.500 8.000
v -17.500 5.500 7.000
v -18.500 6.500 -6.000
v -18.500 6.500 -7.000
v -17.500 6.500 -6.000
v -17.500 6.500 -7.000
v -18.500 6.500 6.000
v -18.500 6.500 7.000
v -17.500 6.500 7.000
v -17.500 6.500 6.000
v -18.500 7.500 -5.000
v -18.500 7.500 -6.000
v -17.500 7.500 -5.000
v -17.500 7.500 -6.000
v -18.500 7.500 -4.000
v -18.500 7.500 4.000
v -18.500 7.500 5.000
v -18.500 7.500 6.000
v -17.500 7.500 6.000
v -17.500 7.500 5.000
v -18.500 8.500 -4.000
v -18.500 8.500 -5.000
v -17.500 8.500 -4.000
v -17.500 8.500 -5.000
v -18.500 8.500 -3.000
v -17.500 8.500 -3.000
v -18.500 8.500 -2.000
v -18.500 8.500 -1.000
v -18.500 8.500 0.000
v -18.500 8.500 1.000
v -18.500 8.500 2.000
v -18.500 8.500 3.000
v -18.500 8.500 4.000
v -17.500 8.500 4.000
v -17.500 8.500 3.000
v -18.500 8.500 5.000
v -17.500 8.500 5.000
v -18.500 9.500 -2.000
v -18.500 9.500 -3.000
v -17.500 9.500 -2.000
v -17.500 9.500 -3.000
v -18.500 9.500 -1.000
v -17.500 9.500 -1.000
v -18.500 9.500 0.000
v -17.500 9.500 0.000
v -18.500 9.500 1.000
v -17.500 9.500 1.000
v -18.500 9.500 2.000
v -17.500 9.500 2.000
v -18.500 9.500 3.000
v -17.500 9.500 3.000
v -16.500 -9.500 -3.000
v -16.500 -9.500 -2.000
v -16.500 -8.500 -3.000
v -16.500 -9.500 -1.000
v -16.500 -9.500 0.000
v -16.500 -9.500 1.000
v -16.500 -9.500 2.000
v -16.500 -9.500 3.000
v -16.500 -8.500 3.000
v -16.500 -8.500 -5.000
v -16.500 -8.500 -4.000
v -16.500 -7.500 -5.000
v -16.500 -8.500 4.000
v -16.500 -8.500 5.000
v -16.500 -7.500 5.000
v -16.500 -7.500 -6.000
v -16.500 -6.500 -6.000
v -16.500 -7.500 6.000
v -16.500 -6.500 6.000
v -16.500 -6.500 -7.000
v -16.500 -5.500 -7.000
v -16.500 -6.500 7.000
v -16.500 -5.500 7.000
v -16.500 -5.500 -8.000
v -16.500 -4.500 -8.000
v -16.500 -5.500 8.000
v -16.500 -4.500 8.000
v -16.500 -4.500 -9.000
v -16.500 -3.500 -9.000
v -16.500 -4.500 9.000
v -16.500 -3.500 9.000
v -16.500 -2.500 -9.000
v -16.500 -2.500 9.000
v -16.500 -1.500 -9.000
v -16.500 -1.500 9.000
v -16.500 -0.500 -9.000
v -16.500 -0.500 9.000
v -16.500 0.500 -9.000
v -16.500 0.500 -10.000
v -16.500 -0.500 -10.000
v -16.500 0.500 10.000
v -16.500 0.500 9.000
v -16.500 -0.500 10.000
v -16.500 1.500 -9.000
v -16.500 1.500 9.000
v -16.500 2.500 -9.000
v -16.500 2.500 9.000
v -16.500 3.500 -9.000
v -16.500 3.500 9.000
v -16.500 4.500 -8.000
v -16.500 4.500 -9.000
v -16.500 4.500 9.000
v -16.500 4.500 8.000
v -16.500 5.500 -7.000
v -16.500 5.500 -8.000
v -16.500 5.500 8.000
v -16.500 5.500 7.000
v -16.500 6.500 -6.000
v -16.500 6.500 -7.000
v -16.500 6.500 7.000
v -16.500 6.500 6.000
v -16.500 7.500 -5.000
v -16.500 7.500 -6.000
v -16.500 7.500 6.000
v -16.500 7.500 5.000
v -16.500 8.500 -4.000
v -16.500 8.500 -5.000
v -16.500 8.500 -3.000
v -16.500 8.500 4.000
v -16.500 8.500 3.000
v -16.500 8.500 5.000
v -16.500 9.500 -2.000
v -16.500 9.500 -3.000
v -16.500 9.500 -1.000
v -16.500 9.500 0.000
v -16.500 9.500 1.000
v -16.500 9.500 2.000
v -16.500 9.500 3.000
v -15.500 -9.500 -3.000
v -15.500 -9.500 -2.000
v -15.500 -8.500 -3.000
v -15.500 -9.500 -1.000
v -15.500 -9.500 0.000
v -15.500 -9.500 1.000
v -15.500 -9.500 2.000
v -15.500 -9.500 3.000
v -15.500 -8.500 3.000
v -15.500 -8.500 -5.000
v -15.500 -8.500 -4.000
v -15.500 -7.500 -5.000
v -15.500 -8.500 4.000
v -15.500 -8.500 5.000
v -15.500 -7.500 5.000
v -15.500 -7.500 -6.000
v -15.500 -6.500 -6.000
v -15.500 -7.500 6.000
v -15.500 -6.500 6.000
v -15.500 -6.500 -7.000
v -15.500 -5.500 -7.000
v -15.500 -6.500 7.000
v -15.500 -5.500 7.000
v -15.500 -5.500 -8.000
v -15.500 -4.500 -8.000
v -15.500 -5.500 8.000
v -15.500 -4.500 8.000
v -15.500 -4.500 -9.000
v -15.500 -3.500 -9.000
v -15.500 -4.500 9.000
v -15.500 -3.500 9.000
v -15.500 -2.500 -9.000
v -15.500 -2.500 9.000
v -15.500 -1.500 -9.000
v -15.500 -1.500 9.000
v -15.500 -0.500 -9.000
v -15.500 -0.500 9.000
v -15.500 0.500 -9.000
v -15.500 0.500 -10.000
v -15.500 -0.500 -10.000
v -15.500 0.500 10.000
v -15.500 0.500 9.000
v -15.500 -0.500 10.000
v -15.500 1.500 -9.000
v -15.500 1.500 9.000
v -15.500 2.500 -9.000
v -15.500 2.500 9.000
v -15.500 3.500 -9.000
v -15.500 3.500 9.000
v -15.500 4.500 -8.000
v -15.500 4.500 -9.000
v -15.500 4.500 9.000
v -15.500 4.500 8.000
v -15.500 5.500 -7.000
v -15.500 5.500 -8.000
v -15.500 5.500 8.000
v -15.500 5.500 7.000
v -15.500 6.500 -6.000
v -15.500 6.500 -7.000
v -15.500 6.500 7.000
v -15.500 6.500 6.000
v -15.500 7.500 -5.000
v -15.500 7.500 -6.000
v -15.500 7.500 6.000
v -15.500 7.500 5.000
v -15.500 8.500 -4.000
v -15.500 8.500 -5.000
v -15.500 8.500 -3.000
v -15.500 8.500 4.000
v -15.500 8.500 3.000
v -15.500 8.500 5.000
v -15.500 9.500 -2.000
v -15.500 9.500 -3.000
v -15.500 9.500 -1.000
v -15.500 9.500 0.000
v -15.500 9.500 1.000
v -15.500 9.500 2.000
v -15.500 9.500 3.000
v -14.500 -9.500 -3.000
v -14.500 -9.500 -2.000
v -14.500 -8.500 -3.000
v -14.500 -9.500 -1.000
v -14.500 -9.500 0.000
v -14.500 -9.500 1.000
v -14.500 -9.500 2.000
v -14.500 -9.500 3.000
v -14.500 -8.500 3.000
v -14.500 -8.500 -5.000
v -14.500 -8.500 -4.000
v -14.500 -7.500 -5.000
v -14.500 -8.500 4.000
v -14.500 -8.500 5.000
v -14.500 -7.500 5.000
v -14.500 -7.500 -6.000
v -14.500 -6.500 -6.000
v -14.500 -7.500 6.000
v -14.500 -6.500 6.000
v -14.500 -6.500 -7.000
v -14.500 -5.500 -7.000
v -14.500 -6.500 7.000
v -14.500 -5.500 7.000
v -14.500 -5.500 -8.000
v -14.500 -4.500 -8.000
v -14.500 -5.500 8.000
v -14.500 -4.500 8.000
v -14.500 -4.500 -9.000
v -14.500 -3.500 -9.000
v -14.500 -4.500 9.000
v -14.500 -3.500 9.000
v -14.500 -2.500 -9.000
v -14.500 -2.500 9.000
v -14.500 -1.500 -9.000
v -14.500 -1.500 9.000
v -14.500 -0.500 -9.000
v -14.500 -0.500 9.000
v -14.500 0.500 -9.000
v -14.500 0.500 -10.000
v -14.500 -0.500 -10.000
v -14.500 0.500 10.000
v -14.500 0.500 9.000
v -14.500 -0.500 10.000
v -14.500 1.500 -9.000
v -14.500 1.500 9.000
v -14.500 2.500 -9.000
v -14.500 2.500 9.000
v -14.500 3.500 -9.000
v -14.500 3.500 9.000
v -14.500 4.500 -8.000
v -14.500 4.500 -9.000
v -14.500 4.500 9.000
v -14.500 4.500 8.000
v -14.500 5.500 -7.000
v -14.500 5.500 -8.000
v -14.500 5.500 8.000
v -14.500 5.500 7.000
v -14.500 6.500 -6.000
v -14.500 6.500 -7.000
v -14.500 6.500 7.000
v -14.500 6.500 6.000
v -14.500 7.500 -5.000
v -14.500 7.500 -6.000
v -14.500 7.500 6.000
v -14.500 7.500 5.000
v -14.500 8.500 -4.000
v -14.500 8.500 -5.000
v -14.500 8.500 -3.000
v -14.500 8.500 4.000
v -14.500 8.500 3.000
v -14.500 8.500 5.000
v -14.500 9.500 -2.000
v -14.500 9.500 -3.000
v -14.500 9.500 -1.000
v -14.500 9.500 0.000
v -14.500 9.500 1.000
v -14.500 9.500 2.000
v -14.500 9.500 3.000
v -13.500 -9.500 -3.000
v -13.500 -8.500 -3.000
v -13.500 -8.500 -2.000
v -13.500 -9.500 -2.000
v -13.500 -8.500 -1.000
v -13.500 -9.500 -1.000
v -13.500 -8.500 0.000
v -13.500 -9.500 0.000
v -13.500 -8.500 1.000
v -13.500 -9.500 1.000
v -13.500 -8.500 2.000
v -13.500 -9.500 2.000
v -13.500 -8.500 3.000
v -13.500 -9.500 3.000
v -13.500 -8.500 -5.000
v -13.500 -7.500 -5.000
v -13.500 -7.500 -4.000
v -13.500 -8.500 -4.000
v -13.500 -7.500 -3.000
v -13.500 -7.500 -2.000
v -13.500 -7.500 -1.000
v -13.500 -7.500 0.000
v -13.500 -7.500 1.000
v -13.500 -7.500 2.000
v -13.500 -7.500 3.000
v -13.500 -7.500 4.000
v -13.500 -8.500 4.000
v -13.500 -7.500 5.000
v -13.500 -8.500 5.000
v -13.500 -7.500 -6.000
v -13.500 -6.500 -6.000
v -13.500 -6.500 -5.000
v -13.500 -6.500 -4.000
v -13.500 -6.500 -3.000
v -13.500 -6.500 -2.000
v -13.500 -6.500 -1.000
v -13.500 -6.500 0.000
v -13.500 -6.500 1.000
v -13.500 -6.500 2.000
v -13.500 -6.500 3.000
v -13.500 -6.500 4.000
v -13.500 -6.500 5.000
v -13.500 -6.500 6.000
v -13.500 -7.500 6.000
v -13.500 -6.500 -7.000
v -13.500 -5.500 -7.000
v -13.500 -5.500 -6.000
v -13.500 -5.500 -5.000
v -13.500 -5.500 -4.000
v -13.500 -5.500 -3.000
v -13.500 -5.500 -2.000
v -13.500 -5.500 -1.000
v -13.500 -5.500 0.000
v -13.500 -5.500 1.000
v -13.500 -5.500 2.000
v -13.500 -5.500 3.000
v -13.500 -5.500 4.000
v -13.500 -5.500 5.000
v -13.500 -5.500 6.000
v -13.500 -5.500 7.000
v -13.500 -6.500 7.000
v -13.500 -5.500 -8.000
v -13.500 -4.500 -8.000
v -13.500 -4.500 -7.000
v -13.500 -4.500 -6.000
v -13.500 -4.500 -5.000
v -13.500 -4.500 -4.000
v -13.500 -4.500 -3.000
v -13.500 -4.500 -2.000
v -13.500 -4.500 -1.000
v -13.500 -4.500 0.000
v -13.500 -4.500 1.000
v -13.500 -4.500 2.000
v -13.500 -4.500 3.000
v -13.500 -4.500 4.000
v -13.500 -4.500 5.000
v -13.500 -4.500 6.000
v -13.500 -4.500 7.000
v -13.500 -4.500 8.000
v -13.500 -5.500 8.000
v -13.500 -4.500 -9.000
v -13.500 -3.500 -9.000
v -13.500 -3.500 -8.000
v -13.500 -3.500 -7.000
v -13.500 -3.500 -6.000
v -13.500 -3.500 -5.000
v -13.500 -3.500 -4.000
v -13.500 -3.500 -3.000
v -13.500 -3.500 -2.000
v -13.500 -3.500 -1.000
v -13.500 -3.500 0.000
v -13.500 -3.500 1.000
v -13.500 -3.500 2.000
v -13.500 -3.500 3.000
v -13.500 -3.500 4.000
v -13.500 -3.500 5.000
v -13.500 -3.500 6.000
v -13.500 -3.500 7.000
v -13.500 -3.500 8.000
v -13.500 -3.500 9.000
v -13.500 -4.500 9.000
v -13.500 -2.500 -9.000
v -13.500 -2.500 -8.000
v -13.500 -2.500 -7.000
v -13.500 -2.500 -6.000
v -13.500 -2.500 -5.000
v -13.500 -2.500 -4.000
v -13.500 -2.500 -3.000
v -13.500 -2.500 -2.000
v -13.500 -2.500 2.000
v -13.500 -2.500 3.000
v -13.500 -2.500 4.000
v -13.500 -2.500 5.000
v -13.500 -2.500 6.000
v -13.500 -2.500 7.000
v -13.500 -2.500 8.000
v -13.500 -2.500 9.000
v -13.500 -1.500 -9.000
v -13.500 -1.500 -8.000
v -13.500 -1.500 -7.000
v -13.500 -1.500 -6.000
v -13.500 -1.500 -5.000
v -13.500 -1.500 -4.000
v -13.500 -1.500 -3.000
v -13.500 -1.500 3.000
v -13.500 -1.500 4.000
v -13.500 -1.500 5.000
v -13.500 -1.500 6.000
v -13.500 -1.500 7.000
v -13.500 -1.500 8.000
v -13.500 -1.500 9.000
v -13.500 -0.500 -9.000
v -13.500 -0.500 -8.000
v -13.500 -0.500 -7.000
v -13.500 -0.500 -6.000
v -13.500 -0.500 -5.000
v -13.500 -0.500 -4.000
v -13.500 -0.500 -3.000
v -13.500 -0.500 3.000
v -13.500 -0.500 4.000
v -13.500 -0.500 5.000
v -13.500 -0.500 6.000
v -13.500 -0.500 7.000
v -13.500 -0.500 8.000
v -13.500 -0.500 9.000
v -13.500 -0.500 -10.000
v -13.500 0.500 -10.000
v -13.500 0.500 -9.000
v -13.500 0.500 -8.000
v -13.500 0.500 -7.000
v -13.500 0.500 -6.000
v -13.500 0.500 -5.000
v -13.500 0.500 -4.000
v -13.500 0.500 4.000
v -13.500 0.500 5.000
v -13.500 0.500 6.000
v -13.500 0.500 7.000
v -13.500 0.500 8.000
v -13.500 0.500 9.000
v -13.500 0.500 10.000
v -13.500 -0.500 10.000
v -13.500 1.500 -9.000
v -13.500 1.500 -8.000
v -13.500 1.500 -7.000
v -13.500 1.500 -6.000
v -13.500 1.500 -5.000
v -13.500 1.500 -4.000
v -13.500 1.500 -3.000
v -13.500 0.500 -3.000
v -13.500 0.500 3.000
v -13.500 1.500 3.000
v -13.500 1.500 4.000
v -13.500 1.500 5.000
v -13.500 1.500 6.000
v -13.500 1.500 7.000
v -13.500 1.500 8.000
v -13.500 1.500 9.000
v -13.500 2.500 -9.000
v -13.500 2.500 -8.000
v -13.500 2.500 -7.000
v -13.500 2.500 -6.000
v -13.500 2.500 -5.000
v -13.500 2.500 -4.000
v -13.500 2.500 -3.000
v -13.500 2.500 3.000
v -13.500 2.500 4.000
v -13.500 2.500 5.000
v -13.500 2.500 6.000
v -13.500 2.500 7.000
v -13.500 2.500 8.000
v -13.500 2.500 9.000
v -13.500 3.500 -9.000
v -13.500 3.500 -8.000
v -13.500 3.500 -7.000
v -13.500 3.500 -6.000
v -13.500 3.500 -5.000
v -13.500 3.500 -4.000
v -13.500 3.500 -3.000
v -13.500 3.500 -2.000
v -13.500 2.500 -2.000
v -13.500 2.500 2.000
v -13.500 3.500 2.000
v -13.500 3.500 3.000
v -13.500 3.500 4.000
v -13.500 3.500 5.000
v -13.500 3.500 6.000
v -13.500 3.500 7.000
v -13.500 3.500 8.000
v -13.500 3.500 9.000
v -13.500 4.500 -9.000
v -13.500 4.500 -8.000
v -13.500 4.500 -7.000
v -13.500 4.500 -6.000
v -13.500 4.500 -5.000
v -13.500 4.500 -4.000
v -13.500 4.500 -3.000
v -13.500 4.500 -2.000
v -13.500 4.500 -1.000
v -13.500 3.500 -1.000
v -13.500 4.500 0.000
v -13.500 3.500 0.000
v -13.500 4.500 1.000
v -13.500 3.500 1.000
v -13.500 4.500 2.000
v -13.500 4.500 3.000
v -13.500 4.500 4.000
v -13.500 4.500 5.000
v -13.500 4.500 6.000
v -13.500 4.500 7.000
v -13.500 4.500 8.000
v -13.500 4.500 9.000
v -13.500 5.500 -8.000
v -13.500 5.500 -7.000
v -13.500 5.500 -6.000
v -13.500 5.500 -5.000
v -13.500 5.500 -4.000
v -13.500 5.500 -3.000
v -13.500 5.500 -2.000
v -13.500 5.500 -1.000
v -13.500 5.500 0.000
v -13.500 5.500 1.000
v -13.500 5.500 2.000
v -13.500 5.500 3.000
v -13.500 5.500 4.000
v -13.500 5.500 5.000
v -13.500 5.500 6.000
v -13.500 5.500 7.000
v -13.500 5.500 8.000
v -13.500 6.500 -7.000
v -13.500 6.500 -6.000
v -13.500 6.500 -5.000
v -13.500 6.500 -4.000
v -13.500 6.500 -3.000
v -13.500 6.500 -2.000
v -13.500 6.500 -1.000
v -13.500 6.500 0.000
v -13.500 6.500 1.000
v -13.500 6.500 2.000
v -13.500 6.500 3.000
v -13.500 6.500 4.000
v -13.500 6.500 5.000
v -13.500 6.500 6.000
v -13.500 6.500 7.000
v -13.500 7.500 -6.000
v -13.500 7.500 -5.000
v -13.500 7.500 -4.000
v -13.500 7.500 -3.000
v -13.500 7.500 -2.000
v -13.500 7.500 -1.000
v -13.500 7.500 0.000
v -13.500 7.500 1.000
v -13.500 7.500 2.000
v -13.500 7.500 3.000
v -13.500 7.500 4.000
v -13.500 7.500 5.000
v -13.500 7.500 6.000
v -13.500 8.500 -5.000
v -13.500 8.500 -4.000
v -13.500 8.500 -3.000
v -13.500 8.500 -2.000
v -13.500 8.500 -1.000
v -13.500 8.500 0.000
v -13.500 8.500 1.000
v -13.500 8.500 2.000
v -13.500 8.500 3.000
v -13.500 8.500 4.000
v -13.500 8.500 5.000
v -13.500 9.500 -3.000
v -13.500 9.500 -2.000
v -13.500 9.500 -1.000
v -13.500 9.500 0.000
v -13.500 9.500 1.000
v -13.500 9.500 2.000
v -13.500 9.500 3.000
v -12.500 -3.500 -2.000
v -12.500 -3.500 -1.000
v -12.500 -2.500 -2.000
v -12.500 -3.500 0.000
v -12.500 -3.500 1.000
v -12.500 -3.500 2.000
v -12.500 -2.500 2.000
v -12.500 -2.500 -3.000
v -12.500 -1.500 -3.000
v -12.500 -2.500 3.000
v -12.500 -1.500 3.000
v -12.500 -0.500 -3.000
v -12.500 -0.500 3.000
v -12.500 0.500 -3.000
v -12.500 0.500 -4.000
v -12.500 -0.500 -4.000
v -12.500 0.500 4.000
v -12.500 0.500 3.000
v -12.500 -0.500 4.000
v -12.500 1.500 -3.000
v -12.500 1.500 3.000
v -12.500 2.500 -2.000
v -12.500 2.500 -3.000
v -12.500 2.500 3.000
v -12.500 2.500 2.000
v -12.500 3.500 -1.000
v -12.500 3.500 -2.000
v -12.500 3.500 0.000
v -12.500 3.500 1.000
v -12.500 3.500 2.000
v -11.500 -3.500 -2.000
v -11.500 -3.500 -1.000
v -11.500 -2.500 -2.000
v -11.500 -3.500 0.000
v -11.500 -3.500 1.000
v -11.500 -3.500 2.000
v -11.500 -2.500 2.000
v -11.500 -2.500 -3.000
v -11.500 -1.500 -3.000
v -11.500 -2.500 3.000
v -11.500 -1.500 3.000
v -11.500 -0.500 -3.000
v -11.500 -0.500 3.000
v -11.500 0.500 -3.000
v -11.500 0.500 -4.000
v -11.500 -0.500 -4.000
v -11.500 0.500 4.000
v -11.500 0.500 3.000
v -11.500 -0.500 4.000
v -11.500 1.500 -3.000
v -11.500 1.500 3.000
v -11.500 2.500 -2.000
v -11.500 2.500 -3.000
v -11.500 2.500 3.000
v -11.500 2.500 2.000
v -11.500 3.500 -1.000
v -11.500 3.500 -2.000
v -11.500 3.500 0.000
v -11.500 3.500 1.000
v -11.500 3.500 2.000
v -10.500 -3.500 -2.000
v -10.500 -3.500 -1.000
v -10.500 -2.500 -2.000
v -10.500 -3.500 0.000
v -10.500 -3.500 1.000
v -10.500 -3.500 2.000
v -10.500 -2.500 2.000
v -10.500 -2.500 -3.000
v -10.500 -1.500 -3.000
v -10.500 -2.500 3.000
v -10.500 -1.500 3.000
v -10.500 -0.500 -3.000
v -10.500 -0.500 3.000
v -10.500 0.500 -3.000
v -10.500 0.500 -4.000
v -10.500 -0.500 -4.000
v -10.500 0.500 4.000
v -10.500 0.500 3.000
v -10.500 -0.500 4.000
v -10.500 1.500 -3.000
v -10.500 1.500 3.000
v -10.500 2.500 -2.000
v -10.500 2.500 -3.000
v -10.500 2.500 3.000
v -10.500 2.500 2.000
v -10.500 3.500 -1.000
v -10.500 3.500 -2.000
v -10.500 3.500 0.000
v -10.500 3.500 1.000
v -10.500 3.500 2.000
v -9.500 -3.500 -2.000
v -9.500 -3.500 -1.000
v -9.500 -2.500 -2.000
v -9.500 -3.500 0.000
v -9.500 -3.500 1.000
v -9.500 -3.500 2.000
v -9.500 -2.500 2.000
v -9.500 -2.500 -3.000
v -9.500 -1.500 -3.000
v -9.500 -2.500 3.000
v -9.500 -1.500 3.000
v -9.500 -0.500 -3.000
v -9.500 -0.500 3.000
v -9.500 0.500 -3.000
v -9.500 0.500 -4.000
v -9.500 -0.500 -4.000
v -9.500 0.500 4.000
v -9.500 0.500 3.000
v -9.500 -0.500 4.000
v -9.500 1.500 -3.000
v -9.500 1.500 3.000
v -9.500 2.500 -2.000
v -9.500 2.500 -3.000
v -9.500 2.500 3.000
v -9.500 2.500 2.000
v -9.500 3.500 -1.000
v -9.500 3.500 -2.000
v -9.500 3.500 0.000
v -9.500 3.500 1.000
v -9.500 3.500 2.000
v -9.500 -5.500 -1.000
v -9.500 -4.500 -1.000
v -9.500 -4.500 -2.000
v -9.500 -5.500 -2.000
v -8.500 -5.500 -2.000
v -8.500 -5.500 -1.000
v -8.500 -4.500 -2.000
v -9.500 -5.500 0.000
v -9.500 -4.500 0.000
v -8.500 -5.500 0.000
v -9.500 -5.500 1.000
v -9.500 -4.500 1.000
v -8.500 -5.500 1.000
v -9.500 -5.500 2.000
v -9.500 -4.500 2.000
v -8.500 -5.500 2.000
v -8.500 -4.500 2.000
v -9.500 -4.500 -3.000
v -9.500 -3.500 -3.000
v -9.500 -3.500 -4.000
v -9.500 -4.500 -4.000
v -8.500 -4.500 -4.000
v -8.500 -4.500 -3.000
v -8.500 -3.500 -4.000
v -9.500 -4.500 3.000
v -9.500 -3.500 3.000
v -8.500 -4.500 3.000
v -9.500 -4.500 4.000
v -9.500 -3.500 4.000
v -8.500 -4.500 4.000
v -8.500 -3.500 4.000
v -9.500 -2.500 -4.000
v -9.500 -2.500 -5.000
v -9.500 -3.500 -5.000
v -8.500 -3.500 -5.000
v -8.500 -2.500 -5.000
v -9.500 -2.500 4.000
v -9.500 -3.500 5.000
v -9.500 -2.500 5.000
v -8.500 -3.500 5.000
v -8.500 -2.500 5.000
v -9.500 -1.500 -4.000
v -9.500 -1.500 -5.000
v -8.500 -1.500 -5.000
v -9.500 -1.500 4.000
v -9.500 -1.500 5.000
v -8.500 -1.500 5.000
v -9.500 -0.500 -5.000
v -8.500 -0.500 -5.000
v -9.500 -0.500 5.000
v -8.500 -0.500 5.000
v -9.500 0.500 -5.000
v -9.500 0.500 -6.000
v -9.500 -0.500 -6.000
v -8.500 0.500 -5.000
v -8.500 0.500 -6.000
v -8.500 -0.500 -6.000
v -9.500 0.500 5.000
v -9.500 -0.500 6.000
v -9.500 0.500 6.000
v -8.500 0.500 6.000
v -8.500 0.500 5.000
v -8.500 -0.500 6.000
v -9.500 1.500 -4.000
v -9.500 1.500 -5.000
v -8.500 1.500 -5.000
v -9.500 1.500 4.000
v -9.500 1.500 5.000
v -8.500 1.500 5.000
v -9.500 2.500 -4.000
v -9.500 2.500 -5.000
v -8.500 2.500 -5.000
v -9.500 2.500 4.000
v -9.500 2.500 5.000
v -8.500 2.500 5.000
v -9.500 3.500 -4.000
v -9.500 3.500 -5.000
v -8.500 3.500 -4.000
v -8.500 3.500 -5.000
v -9.500 3.500 -3.000
v -9.500 3.500 3.000
v -9.500 3.500 4.000
v -9.500 3.500 5.000
v -8.500 3.500 5.000
v -8.500 3.500 4.000
v -9.500 4.500 -3.000
v -9.500 4.500 -4.000
v -8.500 4.500 -3.000
v -8.500 4.500 -4.000
v -9.500 4.500 -2.000
v -8.500 4.500 -2.000
v -9.500 4.500 -1.000
v -9.500 4.500 0.000
v -9.500 4.500 1.000
v -9.500 4.500 2.000
v -9.500 4.500 3.000
v -8.500 4.500 3.000
v -8.500 4.500 2.000
v -9.500 4.500 4.000
v -8.500 4.500 4.000
v -9.500 5.500 -1.000
v -9.500 5.500 -2.000
v -8.500 5.500 -1.000
v -8.500 5.500 -2.000
v -9.500 5.500 0.000
v -8.500 5.500 0.000
v -9.500 5.500 1.000
v -8.500 5.500 1.000
v -9.500 5.500 2.000
v -8.500 5.500 2.000
v -8.500 -6.500 -2.000
v -8.500 -5.500 -3.000
v -8.500 -6.500 -3.000
v -7.500 -6.500 -3.000
v -7.500 -6.500 -2.000
v -7.500 -5.500 -3.000
v -8.500 -6.500 -1.000
v -7.500 -6.500 -1.000
v -8.500 -6.500 0.000
v -7.500 -6.500 0.000
v -8.500 -6.500 1.000
v -7.500 -6.500 1.000
v -8.500 -6.500 2.000
v -7.500 -6.500 2.000
v -8.500 -6.500 3.000
v -8.500 -5.500 3.000
v -7.500 -6.500 3.000
v -7.500 -5.500 3.000
v -8.500 -5.500 -4.000
v -7.500 -5.500 -4.000
v -7.500 -4.500 -4.000
v -8.500 -5.500 4.000
v -7.500 -5.500 4.000
v -7.500 -4.500 4.000
v -8.500 -4.500 -5.000
v -7.500 -4.500 -5.000
v -7.500 -3.500 -5.000
v -8.500 -4.500 5.000
v -7.500 -4.500 5.000
v -7.500 -3.500 5.000
v -8.500 -2.500 -6.000
v -8.500 -3.500 -6.000
v -7.500 -3.500 -6.000
v -7.500 -2.500 -6.000
v -8.500 -3.500 6.000
v -8.500 -2.500 6.000
v -7.500 -3.500 6.000
v -7.500 -2.500 6.000
v -8.500 -1.500 -6.000
v -7.500 -1.500 -6.000
v -8.500 -1.500 6.000
v -7.500 -1.500 6.000
v -7.500 -0.500 -6.000
v -7.500 -0.500 6.000
v -8.500 0.500 -7.000
v -8.500 -0.500 -7.000
v -7.500 0.500 -6.000
v -7.500 0.500 -7.000
v -7.500 -0.500 -7.000
v -8.500 -0.500 7.000
v -8.500 0.500 7.000
v -7.500 0.500 7.000
v -7.500 0.500 6.000
v -7.500 -0.500 7.000
v -8.500 1.500 -6.000
v -7.500 1.500 -6.000
v -8.500 1.500 6.000
v -7.500 1.500 6.000
v -8.500 2.500 -6.000
v -7.500 2.500 -6.000
v -8.500 2.500 6.000
v -7.500 2.500 6.000
v -8.500 3.500 -6.000
v -7.500 3.500 -5.000
v -7.500 3.500 -6.000
v -8.500 3.500 6.000
v -7.500 3.500 6.000
v -7.500 3.500 5.000
v -8.500 4.500 -5.000
v -7.500 4.500 -4.000
v -7.500 4.500 -5.000
v -8.500 4.500 5.000
v -7.500 4.500 5.000
v -7.500 4.500 4.000
v -8.500 5.500 -3.000
v -8.500 5.500 -4.000
v -7.500 5.500 -3.000
v -7.500 5.500 -4.000
v -8.500 5.500 3.000
v -8.500 5.500 4.000
v -7.500 5.500 4.000
v -7.500 5.500 3.000
v -8.500 6.500 -2.000
v -8.500 6.500 -3.000
v -7.500 6.500 -2.000
v -7.500 6.500 -3.000
v -8.500 6.500 -1.000
v -7.500 6.500 -1.000
v -8.500 6.500 0.000
v -7.500 6.500 0.000
v -8.500 6.500 1.000
v -7.500 6.500 1.000
v -8.500 6.500 2.000
v -7.500 6.500 2.000
v -8.500 6.500 3.000
v -7.500 6.500 3.000
v -7.500 -7.500 -2.000
v -7.500 -7.500 -3.000
v -6.500 -7.500 -3.000
v -6.500 -7.500 -2.000
v -6.500 -6.500 -3.000
v -7.500 -7.500 -1.000
v -6.500 -7.500 -1.000
v -7.500 -7.500 0.000
v -6.500 -7.500 0.000
v -7.500 -7.500 1.000
v -6.500 -7.500 1.000
v -7.500 -7.500 2.000
v -6.500 -7.500 2.000
v -7.500 -7.500 3.000
v -6.500 -7.500 3.000
v -6.500 -6.500 3.000
v -7.500 -6.500 -4.000
v -7.500 -5.500 -5.000
v -7.500 -6.500 -5.000
v -6.500 -6.500 -5.000
v -6.500 -6.500 -4.000
v -6.500 -5.500 -5.000
v -7.500 -6.500 4.000
v -6.500 -6.500 4.000
v -7.500 -6.500 5.000
v -7.500 -5.500 5.000
v -6.500 -6.500 5.000
v -6.500 -5.500 5.000
v -7.500 -4.500 -6.000
v -7.500 -5.500 -6.000
v -6.500 -5.500 -6.000
v -6.500 -4.500 -6.000
v -7.500 -5.500 6.000
v -7.500 -4.500 6.000
v -6.500 -5.500 6.000
v -6.500 -4.500 6.000
v -6.500 -3.500 -6.000
v -6.500 -3.500 6.000
v -7.500 -2.500 -7.000
v -7.500 -3.500 -7.000
v -6.500 -3.500 -7.000
v -6.500 -2.500 -7.000
v -7.500 -3.500 7.000
v -7.500 -2.500 7.000
v -6.500 -3.500 7.000
v -6.500 -2.500 7.000
v -7.500 -1.500 -7.000
v -6.500 -1.500 -7.000
v -7.500 -1.500 7.000
v -6.500 -1.500 7.000
v -6.500 -0.500 -7.000
v -6.500 -0.500 7.000
v -7.500 0.500 -8.000
v -7.500 -0.500 -8.000
v -6.500 0.500 -7.000
v -6.500 0.500 -8.000
v -6.500 -0.500 -8.000
v -7.500 -0.500 8.000
v -7.500 0.500 8.000
v -6.500 0.500 8.000
v -6.500 0.500 7.000
v -6.500 -0.500 8.000
v -7.500 1.500 -7.000
v -6.500 1.500 -7.000
v -7.500 1.500 7.000
v -6.500 1.500 7.000
v -7.500 2.500 -7.000
v -6.500 2.500 -7.000
v -7.500 2.500 7.000
v -6.500 2.500 7.000
v -7.500 3.500 -7.000
v -6.500 3.500 -6.000
v -6.500 3.500 -7.000
v -7.500 3.500 7.000
v -6.500 3.500 7.000
v -6.500 3.500 6.000
v -7.500 4.500 -6.000
v -6.500 4.500 -6.000
v -7.500 4.500 6.000
v -6.500 4.500 6.000
v -7.500 5.500 -5.000
v -7.500 5.500 -6.000
v -6.500 5.500 -5.000
v -6.500 5.500 -6.000
v -7.500 5.500 5.000
v -7.500 5.500 6.000
v -6.500 5.500 6.000
v -6.500 5.500 5.000
v -7.500 6.500 -4.000
v -7.500 6.500 -5.000
v -6.500 6.500 -4.000
v -6.500 6.500 -5.000
v -6.500 6.500 -3.000
v -7.500 6.500 4.000
v -6.500 6.500 4.000
v -6.500 6.500 3.000
v -7.500 6.500 5.000
v -6.500 6.500 5.000
v -7.500 7.500 -2.000
v -7.500 7.500 -3.000
v -6.500 7.500 -2.000
v -6.500 7.500 -3.000
v -7.500 7.500 -1.000
v -6.500 7.500 -1.000
v -7.500 7.500 0.000
v -6.500 7.500 0.000
v -7.500 7.500 1.000
v -6.500 7.500 1.000
v -7.500 7.500 2.000
v -6.500 7.500 2.000
v -7.500 7.500 3.000
v -6.500 7.500 3.000
v -6.500 -8.500 -2.000
v -6.500 -8.500 -3.000
v -5.500 -8.500 -3.000
v -5.500 -8.500 -2.000
v -5.500 -7.500 -3.000
v -6.500 -8.500 -1.000
v -5.500 -8.500 -1.000
v -6.500 -8.500 0.000
v -5.500 -8.500 0.000
v -6.500 -8.500 1.000
v -5.500 -8.500 1.000
v -6.500 -8.500 2.000
v -5.500 -8.500 2.000
v -6.500 -8.500 3.000
v -5.500 -8.500 3.000
v -5.500 -7.500 3.000
v -6.500 -7.500 -4.000
v -6.500 -7.500 -5.000
v -5.500 -7.500 -5.000
v -5.500 -7.500 -4.000
v -5.500 -6.500 -5.000
v -6.500 -7.500 4.000
v -5.500 -7.500 4.000
v -6.500 -7.500 5.000
v -5.500 -7.500 5.000
v -5.500 -6.500 5.000
v -6.500 -6.500 -6.000
v -5.500 -6.500 -6.000
v -5.500 -5.500 -6.000
v -6.500 -6.500 6.000
v -5.500 -6.500 6.000
v -5.500 -5.500 6.000
v -6.500 -4.500 -7.000
v -6.500 -5.500 -7.000
v -5.500 -5.500 -7.000
v -5.500 -4.500 -7.000
v -6.500 -5.500 7.000
v -6.500 -4.500 7.000
v -5.500 -5.500 7.000
v -5.500 -4.500 7.000
v -6.500 -3.500 -8.000
v -6.500 -4.500 -8.000
v -5.500 -4.500 -8.000
v -5.500 -3.500 -8.000
v -6.500 -4.500 8.000
v -6.500 -3.500 8.000
v -5.500 -4.500 8.000
v -5.500 -3.500 8.000
v -6.500 -2.500 -8.000
v -5.500 -2.500 -8.000
v -6.500 -2.500 8.000
v -5.500 -2.500 8.000
v -6.500 -1.500 -8.000
v -5.500 -1.500 -8.000
v -6.500 -1.500 8.000
v -5.500 -1.500 8.000
v -5.500 -0.500 -8.000
v -5.500 -0.500 8.000
v -6.500 0.500 -9.000
v -6.500 -0.500 -9.000
v -5.500 0.500 -8.000
v -5.500 0.500 -9.000
v -5.500 -0.500 -9.000
v -6.500 -0.500 9.000
v -6.500 0.500 9.000
v -5.500 0.500 9.000
v -5.500 0.500 8.000
v -5.500 -0.500 9.000
v -6.500 1.500 -8.000
v -5.500 1.500 -8.000
v -6.500 1.500 8.000
v -5.500 1.500 8.000
v -6.500 2.500 -8.000
v -5.500 2.500 -8.000
v -6.500 2.500 8.000
v -5.500 2.500 8.000
v -6.500 3.500 -8.000
v -5.500 3.500 -8.000
v -6.500 3.500 8.000
v -5.500 3.500 8.000
v -6.500 4.500 -7.000
v -6.500 4.500 -8.000
v -5.500 4.500 -7.000
v -5.500 4.500 -8.000
v -6.500 4.500 7.000
v -6.500 4.500 8.000
v -5.500 4.500 8.000
v -5.500 4.500 7.000
v -6.500 5.500 -7.000
v -5.500 5.500 -6.000
v -5.500 5.500 -7.000
v -6.500 5.500 7.000
v -5.500 5.500 7.000
v -5.500 5.500 6.000
v -6.500 6.500 -6.000
v -5.500 6.500 -5.000
v -5.500 6.500 -6.000
v -6.500 6.500 6.000
v -5.500 6.500 6.000
v -5.500 6.500 5.000
v -6.500 7.500 -4.000
v -6.500 7.500 -5.000
v -5.500 7.500 -4.000
v -5.500 7.500 -5.000
v -5.500 7.500 -3.000
v -6.500 7.500 4.000
v -5.500 7.500 4.000
v -5.500 7.500 3.000
v -6.500 7.500 5.000
v -5.500 7.500 5.000
v -6.500 8.500 -2.000
v -6.500 8.500 -3.000
v -5.500 8.500 -2.000
v -5.500 8.500 -3.000
v -6.500 8.500 -1.000
v -5.500 8.500 -1.000
v -6.500 8.500 0.000
v -5.500 8.500 0.000
v -6.500 8.500 1.000
v -5.500 8.500 1.000
v -6.500 8.500 2.000
v -5.500 8.500 2.000
v -6.500 8.500 3.000
v -5.500 8.500 3.000
v -5.500 -9.500 -2.000
v -5.500 -9.500 -3.000
v -4.500 -9.500 -3.000
v -4.500 -9.500 -2.000
v -4.500 -8.500 -3.000
v -5.500 -9.500 -1.000
v -4.500 -9.500 -1.000
v -5.500 -9.500 0.000
v -4.500 -9.500 0.000
v -5.500 -9.500 1.000
v -4.500 -9.500 1.000
v -5.500 -9.500 2.000
v -4.500 -9.500 2.000
v -5.500 -9.500 3.000
v -4.500 -9.500 3.000
v -4.500 -8.500 3.000
v -5.500 -8.500 -4.000
v -5.500 -8.500 -5.000
v -4.500 -8.500 -5.000
v -4.500 -8.500 -4.000
v -4.500 -7.500 -5.000
v -5.500 -8.500 4.000
v -4.500 -8.500 4.000
v -5.500 -8.500 5.000
v -4.500 -8.500 5.000
v -4.500 -7.500 5.000
v -5.500 -7.500 -6.000
v -4.500 -7.500 -6.000
v -4.500 -6.500 -6.000
v -5.500 -7.500 6.000
v -4.500 -7.500 6.000
v -4.500 -6.500 6.000
v -5.500 -6.500 -7.000
v -4.500 -6.500 -7.000
v -4.500 -5.500 -7.000
v -5.500 -6.500 7.000
v -4.500 -6.500 7.000
v -4.500 -5.500 7.000
v -5.500 -5.500 -8.000
v -4.500 -5.500 -8.000
v -4.500 -4.500 -8.000
v -5.500 -5.500 8.000
v -4.500 -5.500 8.000
v -4.500 -4.500 8.000
v -5.500 -3.500 -9.000
v -5.500 -4.500 -9.000
v -4.500 -4.500 -9.000
v -4.500 -3.500 -9.000
v -5.500 -4.500 9.000
v -5.500 -3.500 9.000
v -4.500 -4.500 9.000
v -4.500 -3.500 9.000
v -5.500 -2.500 -9.000
v -4.500 -2.500 -9.000
v -5.500 -2.500 9.000
v -4.500 -2.500 9.000
v -5.500 -1.500 -9.000
v -4.500 -1.500 -9.000
v -5.500 -1.500 9.000
v -4.500 -1.500 9.000
v -4.500 -0.500 -9.000
v -4.500 -0.500 9.000
v -5.500 0.500 -10.000
v -5.500 -0.500 -10.000
v -4.500 0.500 -9.000
v -4.500 0.500 -10.000
v -4.500 -0.500 -10.000
v -5.500 -0.500 10.000
v -5.500 0.500 10.000
v -4.500 0.500 10.000
v -4.500 0.500 9.000
v -4.500 -0.500 10.000
v -5.500 1.500 -9.000
v -4.500 1.500 -9.000
v -5.500 1.500 9.000
v -4.500 1.500 9.000
v -5.500 2.500 -9.000
v -4.500 2.500 -9.000
v -5.500 2.500 9.000
v -4.500 2.500 9.000
v -5.500 3.500 -9.000
v -4.500 3.500 -9.000
v -5.500 3.500 9.000
v -4.500 3.500 9.000
v -5.500 4.500 -9.000
v -4.500 4.500 -8.000
v -4.500 4.500 -9.000
v -5.500 4.500 9.000
v -4.500 4.500 9.000
v -4.500 4.500 8.000
v -5.500 5.500 -8.000
v -4.500 5.500 -7.000
v -4.500 5.500 -8.000
v -5.500 5.500 8.000
v -4.500 5.500 8.000
v -4.500 5.500 7.000
v -5.500 6.500 -7.000
v -4.500 6.500 -6.000
v -4.500 6.500 -7.000
v -5.500 6.500 7.000
v -4.500 6.500 7.000
v -4.500 6.500 6.000
v -5.500 7.500 -6.000
v -4.500 7.500 -5.000
v -4.500 7.500 -6.000
v -5.500 7.500 6.000
v -4.500 7.500 6.000
v -4.500 7.500 5.000
v -5.500 8.500 -4.000
v -5.500 8.500 -5.000
v -4.500 8.500 -4.000
v -4.500 8.500 -5.000
v -4.500 8.500 -3.000
v -5.500 8.500 4.000
v -4.500 8.500 4.000
v -4.500 8.500 3.000
v -5.500 8.500 5.000
v -4.500 8.500 5.000
v -5.500 9.500 -2.000
v -5.500 9.500 -3.000
v -4.500 9.500 -2.000
v -4.500 9.500 -3.000
v -5.500 9.500 -1.000
v -4.500 9.500 -1.000
v -5.500 9.500 0.000
v -4.500 9.500 0.000
v -5.500 9.500 1.000
v -4.500 9.500 1.000
v -5.500 9.500 2.000
v -4.500 9.500 2.000
v -5.500 9.500 3.000
v -4.500 9.500 3.000
v -3.500 -9.500 -3.000
v -3.500 -9.500 -2.000
v -3.500 -8.500 -3.000
v -3.500 -9.500 -1.000
v -3.500 -9.500 0.000
v -3.500 -9.500 1.000
v -3.500 -9.500 2.000
v -3.500 -9.500 3.000
v -3.500 -8.500 3.000
v -3.500 -8.500 -5.000
v -3.500 -8.500 -4.000
v -3.500 -7.500 -5.000
v -3.500 -8.500 4.000
v -3.500 -8.500 5.000
v -3.500 -7.500 5.000
v -3.500 -7.500 -6.000
v -3.500 -6.500 -6.000
v -3.500 -7.500 6.000
v -3.500 -6.500 6.000
v -3.500 -6.500 -7.000
v -3.500 -5.500 -7.000
v -3.500 -6.500 7.000
v -3.500 -5.500 7.000
v -3.500 -5.500 -8.000
v -3.500 -4.500 -8.000
v -3.500 -5.500 8.000
v -3.500 -4.500 8.000
v -3.500 -4.500 -9.000
v -3.500 -3.500 -9.000
v -3.500 -4.500 9.000
v -3.500 -3.500 9.000
v -3.500 -2.500 -9.000
v -3.500 -2.500 9.000
v -3.500 -1.500 -9.000
v -3.500 -1.500 9.000
v -3.500 -0.500 -9.000
v -3.500 -0.500 9.000
v -3.500 0.500 -9.000
v -3.500 0.500 -10.000
v -3.500 -0.500 -10.000
v -3.500 0.500 10.000
v -3.500 0.500 9.000
v -3.500 -0.500 10.000
v -3.500 1.500 -9.000
v -3.500 1.500 9.000
v -3.500 2.500 -9.000
v -3.500 2.500 9.000
v -3.500 3.500 -9.000
v -3.500 3.500 9.000
v -3.500 4.500 -8.000
v -3.500 4.500 -9.000
v -3.500 4.500 9.000
v -3.500 4.500 8.000
v -3.500 5.500 -7.000
v -3.500 5.500 -8.000
v -3.500 5.500 8.000
v -3.500 5.500 7.000
v -3.500 6.500 -6.000
v -3.500 6.500 -7.000
v -3.500 6.500 7.000
v -3.500 6.500 6.000
v -3.500 7.500 -5.000
v -3.500 7.500 -6.000
v -3.500 7.500 6.000
v -3.500 7.500 5.000
v -3.500 8.500 -4.000
v -3.500 8.500 -5.000
v -3.500 8.500 -3.000
v -3.500 8.500 4.000
v -3.500 8.500 3.000
v -3.500 8.500 5.000
v -3.500 9.500 -2.000
v -3.500 9.500 -3.000
v -3.500 9.500 -1.000
v -3.500 9.500 0.000
v -3.500 9.500 1.000
v -3.500 9.500 2.000
v -3.500 9.500 3.000
v -2.500 -9.500 -3.000
v -2.500 -9.500 -2.000
v -2.500 -8.500 -3.000
v -2.500 -9.500 -1.000
v -2.500 -9.500 0.000
v -2.500 -9.500 1.000
v -2.500 -9.500 2.000
v -2.500 -9.500 3.000
v -2.500 -8.500 3.000
v -2.500 -8.500 -5.000
v -2.500 -8.500 -4.000
v -2.500 -7.500 -5.000
v -2.500 -8.500 4.000
v -2.500 -8.500 5.000
v -2.500 -7.500 5.000
v -2.500 -7.500 -6.000
v -2.500 -6.500 -6.000
v -2.500 -7.500 6.000
v -2.500 -6.500 6.000
v -2.500 -6.500 -7.000
v -2.500 -5.500 -7.000
v -2.500 -6.500 7.000
v -2.500 -5.500 7.000
v -2.500 -5.500 -8.000
v -2.500 -4.500 -8.000
v -2.500 -5.500 8.000
v -2.500 -4.500 8.000
v -2.500 -4.500 -9.000
v -2.500 -3.500 -9.000
v -2.500 -4.500 9.000
v -2.500 -3.500 9.000
v -2.500 -2.500 -9.000
v -2.500 -2.500 9.000
v -2.500 -1.500 -9.000
v -2.500 -1.500 9.000
v -2.500 -0.500 -9.000
v -2.500 -0.500 9.000
v -2.500 0.500 -9.000
v -2.500 0.500 -10.000
v -2.500 -0.500 -10.000
v -2.500 0.500 10.000
v -2.500 0.500 9.000
v -2.500 -0.500 10.000
v -2.500 1.500 -9.000
v -2.500 1.500 9.000
v -2.500 2.500 -9.000
v -2.500 2.500 9.000
v -2.500 3.500 -9.000
v -2.500 3.500 9.000
v -2.500 4.500 -8.000
v -2.500 4.500 -9.000
v -2.500 4.500 9.000
v -2.500 4.500 8.000
v -2.500 5.500 -7.000
v -2.500 5.500 -8.000
v -2.500 5.500 8.000
v -2.500 5.500 7.000
v -2.500 6.500 -6.000
v -2.500 6.500 -7.000
v -2.500 6.500 7.000
v -2.500 6.500 6.000
v -2.500 7.500 -5.000
v -2.500 7.500 -6.000
v -2.500 7.500 6.000
v -2.500 7.500 5.000
v -2.500 8.500 -4.000
v -2.500 8.500 -5.000
v -2.500 8.500 -3.000
v -2.500 8.500 4.000
v -2.500 8.500 3.000
v -2.500 8.500 5.000
v -2.500 9.500 -2.000
v -2.500 9.500 -3.000
v -2.500 9.500 -1.000
v -2.500 9.500 0.000
v -2.500 9.500 1.000
v -2.500 9.500 2.000
v -2.500 9.500 3.000
v -1.500 -9.500 -3.000
v -1.500 -9.500 -2.000
v -1.500 -8.500 -3.000
v -1.500 -9.500 -1.000
v -1.500 -9.500 0.000
v -1.500 -9.500 1.000
v -1.500 -9.500 2.000
v -1.500 -9.500 3.000
v -1.500 -8.500 3.000
v -1.500 -8.500 -5.000
v -1.500 -8.500 -4.000
v -1.500 -7.500 -5.000
v -1.500 -8.500 4.000
v -1.500 -8.500 5.000
v -1.500 -7.500 5.000
v -1.500 -7.500 -6.000
v -1.500 -6.500 -6.000
v -1.500 -7.500 6.000
v -1.500 -6.500 6.000
v -1.500 -6.500 -7.000
v -1.500 -5.500 -7.000
v -1.500 -6.500 7.000
v -1.500 -5.500 7.000
v -1.500 -5.500 -8.000
v -1.500 -4.500 -8.000
v -1.500 -5.500 8.000
v -1.500 -4.500 8.000
v -1.500 -4.500 -9.000
v -1.500 -3.500 -9.000
v -1.500 -4.500 9.000
v -1.500 -3.500 9.000
v -1.500 -2.500 -9.000
v -1.500 -2.500 9.000
v -1.500 -1.500 -9.000
v -1.500 -1.500 9.000
v -1.500 -0.500 -9.000
v -1.500 -0.500 9.000
v -1.500 0.500 -9.000
v -1.500 0.500 -10.000
v -1.500 -0.500 -10.000
v -1.500 0.500 10.000
v -1.500 0.500 9.000
v -1.500 -0.500 10.000
v -1.500 1.500 -9.000
v -1.500 1.500 9.000
v -1.500 2.500 -9.000
v -1.500 2.500 9.000
v -1.500 3.500 -9.000
v -1.500 3.500 9.000
v -1.500 4.500 -8.000
v -1.500 4.500 -9.000
v -1.500 4.500 9.000
v -1.500 4.500 8.000
v -1.500 5.500 -7.000
v -1.500 5.500 -8.000
v -1.500 5.500 8.000
v -1.500 5.500 7.000
v -1.500 6.500 -6.000
v -1.500 6.500 -7.000
v -1.500 6.500 7.000
v -1.500 6.500 6.000
v -1.500 7.500 -5.000
v -1.500 7.500 -6.000
v -1.500 7.500 6.000
v -1.500 7.500 5.000
v -1.500 8.500 -4.000
v -1.500 8.500 -5.000
v -1.500 8.500 -3.000
v -1.500 8.500 4.000
v -1.500 8.500 3.000
v -1.500 8.500 5.000
v -1.500 9.500 -2.000
v -1.500 9.500 -3.000
v -1.500 9.500 -1.000
v -1.500 9.500 0.000
v -1.500 9.500 1.000
v -1.500 9.500 2.000
v -1.500 9.500 3.000
v -0.500 -9.500 -3.000
v -0.500 -9.500 -2.000
v -0.500 -8.500 -3.000
v -0.500 -9.500 -1.000
v -0.500 -9.500 0.000
v -0.500 -9.500 1.000
v -0.500 -9.500 2.000
v -0.500 -9.500 3.000
v -0.500 -8.500 3.000
v -0.500 -8.500 -5.000
v -0.500 -8.500 -4.000
v -0.500 -7.500 -5.000
v -0.500 -8.500 4.000
v -0.500 -8.500 5.000
v -0.500 -7.500 5.000
v -0.500 -7.500 -6.000
v -0.500 -6.500 -6.000
v -0.500 -7.500 6.000
v -0.500 -6.500 6.000
v -0.500 -6.500 -7.000
v -0.500 -5.500 -7.000
v -0.500 -6.500 7.000
v -0.500 -5.500 7.000
v -0.500 -5.500 -8.000
v -0.500 -4.500 -8.000
v -0.500 -5.500 8.000
v -0.500 -4.500 8.000
v -0.500 -4.500 -9.000
v -0.500 -3.500 -9.000
v -0.500 -4.500 9.000
v -0.500 -3.500 9.000
v -0.500 -2.500 -9.000
v -0.500 -2.500 9.000
v -0.500 -1.500 -9.000
v -0.500 -1.500 9.000
v -0.500 -0.500 -9.000
v -0.500 -0.500 9.000
v -0.500 0.500 -9.000
v -0.500 0.500 -10.000
v -0.500 -0.500 -10.000
v -0.500 0.500 10.000
v -0.500 0.500 9.000
v -0.500 -0.500 10.000
v -0.500 1.500 -9.000
v -0.500 1.500 9.000
v -0.500 2.500 -9.000
v -0.500 2.500 9.000
v -0.500 3.500 -9.000
v -0.500 3.500 9.000
v -0.500 4.500 -8.000
v -0.500 4.500 -9.000
v -0.500 4.500 9.000
v -0.500 4.500 8.000
v -0.500 5.500 -7.000
v -0.500 5.500 -8.000
v -0.500 5.500 8.000
v -0.500 5.500 7.000
v -0.500 6.500 -6.000
v -0.500 6.500 -7.000
v -0.500 6.500 7.000
v -0.500 6.500 6.000
v -0.500 7.500 -5.000
v -0.500 7.500 -6.000
v -0.500 7.500 6.000
v -0.500 7.500 5.000
v -0.500 8.500 -4.000
v -0.500 8.500 -5.000
v -0.500 8.500 -3.000
v -0.500 8.500 4.000
v -0.500 8.500 3.000
v -0.500 8.500 5.000
v -0.500 9.500 -2.000
v -0.500 9.500 -3.000
v -0.500 9.500 -1.000
v -0.500 9.500 0.000
v -0.500 9.500 1.000
v -0.500 9.500 2.000
v -0.500 9.500 3.000
v 0.500 -9.500 -3.000
v 0.500 -9.500 -2.000
v 0.500 -8.500 -3.000
v 0.500 -9.500 -1.000
v 0.500 -9.500 0.000
v 0.500 -9.500 1.000
v 0.500 -9.500 2.000
v 0.500 -9.500 3.000
v 0.500 -8.500 3.000
v 0.500 -8.500 -5.000
v 0.500 -8.500 -4.000
v 0.500 -7.500 -5.000
v 0.500 -8.500 4.000
v 0.500 -8.500 5.000
v 0.500 -7.500 5.000
v 0.500 -7.500 -6.000
v 0.500 -6.500 -6.000
v 0.500 -7.500 6.000
v 0.500 -6.500 6.000
v 0.500 -6.500 -7.000
v 0.500 -5.500 -7.000
v 0.500 -6.500 7.000
v 0.500 -5.500 7.000
v 0.500 -5.500 -8.000
v 0.500 -4.500 -8.000
v 0.500 -5.500 8.000
v 0.500 -4.500 8.000
v 0.500 -4.500 -9.000
v 0.500 -3.500 -9.000
v 0.500 -4.500 9.000
v 0.500 -3.500 9.000
v 0.500 -2.500 -9.000
v 0.500 -2.500 9.000
v 0.500 -1.500 -9.000
v 0.500 -1.500 9.000
v 0.500 -0.500 -9.000
v 0.500 -0.500 9.000
v 0.500 0.500 -9.000
v 0.500 0.500 -10.000
v 0.500 -0.500 -10.000
v 0.500 0.500 10.000
v 0.500 0.500 9.000
v 0.500 -0.500 10.000
v 0.500 1.500 -9.000
v 0.500 1.500 9.000
v 0.500 2.500 -9.000
v 0.500 2.500 9.000
v 0.500 3.500 -9.000
v 0.500 3.500 9.000
v 0.500 4.500 -8.000
v 0.500 4.500 -9.000
v 0.500 4.500 9.000
v 0.500 4.500 8.000
v 0.500 5.500 -7.000
v 0.500 5.500 -8.000
v 0.500 5.500 8.000
v 0.500 5.500 7.000
v 0.500 6.500 -6.000
v 0.500 6.500 -7.000
v 0.500 6.500 7.000
v 0.500 6.500 6.000
v 0.500 7.500 -5.000
v 0.500 7.500 -6.000
v 0.500 7.500 6.000
v 0.500 7.500 5.000
v 0.500 8.500 -4.000
v 0.500 8.500 -5.000
v 0.500 8.500 -3.000
v 0.500 8.500 4.000
v 0.500 8.500 3.000
v 0.500 8.500 5.000
v 0.500 9.500 -2.000
v 0.500 9.500 -3.000
v 0.500 9.500 -1.000
v 0.500 9.500 0.000
v 0.500 9.500 1.000
v 0.500 9.500 2.000
v 0.500 9.500 3.000
v 1.500 -9.500 -3.000
v 1.500 -9.500 -2.000
v 1.500 -8.500 -3.000
v 1.500 -9.500 -1.000
v 1.500 -9.500 0.000
v 1.500 -9.500 1.000
v 1.500 -9.500 2.000
v 1.500 -9.500 3.000
v 1.500 -8.500 3.000
v 1.500 -8.500 -5.000
v 1.500 -8.500 -4.000
v 1.500 -7.500 -5.000
v 1.500 -8.500 4.000
v 1.500 -8.500 5.000
v 1.500 -7.500 5.000
v 1.500 -7.500 -6.000
v 1.500 -6.500 -6.000
v 1.500 -7.500 6.000
v 1.500 -6.500 6.000
v 1.500 -6.500 -7.000
v 1.500 -5.500 -7.000
v 1.500 -6.500 7.000
v 1.500 -5.500 7.000
v 1.500 -5.500 -8.000
v 1.500 -4.500 -8.000
v 1.500 -5.500 8.000
v 1.500 -4.500 8.000
v 1.500 -4.500 -9.000
v 1.500 -3.500 -9.000
v 1.500 -4.500 9.000
v 1.500 -3.500 9.000
v 1.500 -2.500 -9.000
v 1.500 -2.500 9.000
v 1.500 -1.500 -9.000
v 1.500 -1.500 9.000
v 1.500 -0.500 -9.000
v 1.500 -0.500 9.000
v 1.500 0.500 -9.000
v 1.500 0.500 -10.000
v 1.500 -0.500 -10.000
v 1.500 0.500 10.000
v 1.500 0.500 9.000
v 1.500 -0.500 10.000
v 1.500 1.500 -9.000
v 1.500 1.500 9.000
v 1.500 2.500 -9.000
v 1.500 2.500 9.000
v 1.500 3.500 -9.000
v 1.500 3.500 9.000
v 1.500 4.500 -8.000
v 1.500 4.500 -9.000
v 1.500 4.500 9.000
v 1.500 4.500 8.000
v 1.500 5.500 -7.000
v 1.500 5.500 -8.000
v 1.500 5.500 8.000
v 1.500 5.500 7.000
v 1.500 6.500 -6.000
v 1.500 6.500 -7.000
v 1.500 6.500 7.000
v 1.500 6.500 6.000
v 1.500 7.500 -5.000
v 1.500 7.500 -6.000
v 1.500 7.500 6.000
v 1.500 7.500 5.000
v 1.500 8.500 -4.000
v 1.500 8.500 -5.000
v 1.500 8.500 -3.000
v 1.500 8.500 4.000
v 1.500 8.500 3.000
v 1.500 8.500 5.000
v 1.500 9.500 -2.000
v 1.500 9.500 -3.000
v 1.500 9.500 -1.000
v 1.500 9.500 0.000
v 1.500 9.500 1.000
v 1.500 9.500 2.000
v 1.500 9.500 3.000
v 2.500 -9.500 -3.000
v 2.500 -8.500 -3.000
v 2.500 -8.500 -2.000
v 2.500 -9.500 -2.000
v 2.500 -8.500 -1.000
v 2.500 -9.500 -1.000
v 2.500 -8.500 0.000
v 2.500 -9.500 0.000
v 2.500 -8.500 1.000
v 2.500 -9.500 1.000
v 2.500 -8.500 2.000
v 2.500 -9.500 2.000
v 2.500 -8.500 3.000
v 2.500 -9.500 3.000
v 2.500 -8.500 -5.000
v 2.500 -7.500 -5.000
v 2.500 -7.500 -4.000
v 2.500 -8.500 -4.000
v 2.500 -7.500 -3.000
v 2.500 -7.500 3.000
v 2.500 -7.500 4.000
v 2.500 -8.500 4.000
v 2.500 -7.500 5.000
v 2.500 -8.500 5.000
v 2.500 -7.500 -6.000
v 2.500 -6.500 -6.000
v 2.500 -6.500 -5.000
v 2.500 -6.500 5.000
v 2.500 -6.500 6.000
v 2.500 -7.500 6.000
v 2.500 -6.500 -7.000
v 2.500 -5.500 -7.000
v 2.500 -5.500 -6.000
v 2.500 -5.500 6.000
v 2.500 -5.500 7.000
v 2.500 -6.500 7.000
v 2.500 -5.500 -8.000
v 2.500 -4.500 -8.000
v 2.500 -4.500 -7.000
v 2.500 -4.500 7.000
v 2.500 -4.500 8.000
v 2.500 -5.500 8.000
v 2.500 -4.500 -9.000
v 2.500 -3.500 -9.000
v 2.500 -3.500 -8.000
v 2.500 -3.500 8.000
v 2.500 -3.500 9.000
v 2.500 -4.500 9.000
v 2.500 -2.500 -9.000
v 2.500 -2.500 -8.000
v 2.500 -2.500 8.000
v 2.500 -2.500 9.000
v 2.500 -1.500 -9.000
v 2.500 -1.500 -8.000
v 2.500 -1.500 8.000
v 2.500 -1.500 9.000
v 2.500 -0.500 -9.000
v 2.500 -0.500 -8.000
v 2.500 -0.500 8.000
v 2.500 -0.500 9.000
v 2.500 -0.500 -10.000
v 2.500 0.500 -10.000
v 2.500 0.500 -9.000
v 2.500 0.500 9.000
v 2.500 0.500 10.000
v 2.500 -0.500 10.000
v 2.500 1.500 -9.000
v 2.500 1.500 -8.000
v 2.500 0.500 -8.000
v 2.500 0.500 8.000
v 2.500 1.500 8.000
v 2.500 1.500 9.000
v 2.500 2.500 -9.000
v 2.500 2.500 -8.000
v 2.500 2.500 8.000
v 2.500 2.500 9.000
v 2.500 3.500 -9.000
v 2.500 3.500 -8.000
v 2.500 3.500 8.000
v 2.500 3.500 9.000
v 2.500 4.500 -9.000
v 2.500 4.500 -8.000
v 2.500 4.500 8.000
v 2.500 4.500 9.000
v 2.500 5.500 -8.000
v 2.500 5.500 -7.000
v 2.500 4.500 -7.000
v 2.500 4.500 7.000
v 2.500 5.500 7.000
v 2.500 5.500 8.000
v 2.500 6.500 -7.000
v 2.500 6.500 -6.000
v 2.500 5.500 -6.000
v 2.500 5.500 6.000
v 2.500 6.500 6.000
v 2.500 6.500 7.000
v 2.500 7.500 -6.000
v 2.500 7.500 -5.000
v 2.500 6.500 -5.000
v 2.500 6.500 5.000
v 2.500 7.500 5.000
v 2.500 7.500 6.000
v 2.500 8.500 -5.000
v 2.500 8.500 -4.000
v 2.500 7.500 -4.000
v 2.500 8.500 -3.000
v 2.500 7.500 -3.000
v 2.500 7.500 3.000
v 2.500 8.500 3.000
v 2.500 8.500 4.000
v 2.500 7.500 4.000
v 2.500 8.500 5.000
v 2.500 9.500 -3.000
v 2.500 9.500 -2.000
v 2.500 8.500 -2.000
v 2.500 9.500 -1.000
v 2.500 8.500 -1.000
v 2.500 9.500 0.000
v 2.500 8.500 0.000
v 2.500 9.500 1.000
v 2.500 8.500 1.000
v 2.500 9.500 2.000
v 2.500 8.500 2.000
v 2.500 9.500 3.000
v 3.500 -8.500 -3.000
v 3.500 -8.500 -2.000
v 3.500 -7.500 -3.000
v 3.500 -8.500 -1.000
v 3.500 -8.500 0.000
v 3.500 -8.500 1.000
v 3.500 -8.500 2.000
v 3.500 -8.500 3.000
v 3.500 -7.500 3.000
v 3.500 -7.500 -5.000
v 3.500 -7.500 -4.000
v 3.500 -6.500 -5.000
v 3.500 -7.500 4.000
v 3.500 -7.500 5.000
v 3.500 -6.500 5.000
v 3.500 -6.500 -6.000
v 3.500 -5.500 -6.000
v 3.500 -6.500 6.000
v 3.500 -5.500 6.000
v 3.500 -5.500 -7.000
v 3.500 -4.500 -7.000
v 3.500 -5.500 7.000
v 3.500 -4.500 7.000
v 3.500 -4.500 -8.000
v 3.500 -3.500 -8.000
v 3.500 -4.500 8.000
v 3.500 -3.500 8.000
v 3.500 -2.500 -8.000
v 3.500 -2.500 8.000
v 3.500 -1.500 -8.000
v 3.500 -1.500 8.000
v 3.500 -0.500 -8.000
v 3.500 -0.500 8.000
v 3.500 0.500 -8.000
v 3.500 0.500 -9.000
v 3.500 -0.500 -9.000
v 3.500 0.500 9.000
v 3.500 0.500 8.000
v 3.500 -0.500 9.000
v 3.500 1.500 -8.000
v 3.500 1.500 8.000
v 3.500 2.500 -8.000
v 3.500 2.500 8.000
v 3.500 3.500 -8.000
v 3.500 3.500 8.000
v 3.500 4.500 -7.000
v 3.500 4.500 -8.000
v 3.500 4.500 8.000
v 3.500 4.500 7.000
v 3.500 5.500 -6.000
v 3.500 5.500 -7.000
v 3.500 5.500 7.000
v 3.500 5.500 6.000
v 3.500 6.500 -5.000
v 3.500 6.500 -6.000
v 3.500 6.500 6.000
v 3.500 6.500 5.000
v 3.500 7.500 -4.000
v 3.500 7.500 -5.000
v 3.500 7.500 -3.000
v 3.500 7.500 4.000
v 3.500 7.500 3.000
v 3.500 7.500 5.000
v 3.500 8.500 -2.000
v 3.500 8.500 -3.000
v 3.500 8.500 -1.000
v 3.500 8.500 0.000
v 3.500 8.500 1.000
v 3.500 8.500 2.000
v 3.500 8.500 3.000
v 4.500 -8.500 -3.000
v 4.500 -8.500 -2.000
v 4.500 -7.500 -3.000
v 4.500 -8.500 -1.000
v 4.500 -8.500 0.000
v 4.500 -8.500 1.000
v 4.500 -8.500 2.000
v 4.500 -8.500 3.000
v 4.500 -7.500 3.000
v 4.500 -7.500 -5.000
v 4.500 -7.500 -4.000
v 4.500 -6.500 -5.000
v 4.500 -7.500 4.000
v 4.500 -7.500 5.000
v 4.500 -6.500 5.000
v 4.500 -6.500 -6.000
v 4.500 -5.500 -6.000
v 4.500 -6.500 6.000
v 4.500 -5.500 6.000
v 4.500 -5.500 -7.000
v 4.500 -4.500 -7.000
v 4.500 -5.500 7.000
v 4.500 -4.500 7.000
v 4.500 -4.500 -8.000
v 4.500 -3.500 -8.000
v 4.500 -4.500 8.000
v 4.500 -3.500 8.000
v 4.500 -2.500 -8.000
v 4.500 -2.500 8.000
v 4.500 -1.500 -8.000
v 4.500 -1.500 8.000
v 4.500 -0.500 -8.000
v 4.500 -0.500 8.000
v 4.500 0.500 -8.000
v 4.500 0.500 -9.000
v 4.500 -0.500 -9.000
v 4.500 0.500 9.000
v 4.500 0.500 8.000
v 4.500 -0.500 9.000
v 4.500 1.500 -8.000
v 4.500 1.500 8.000
v 4.500 2.500 -8.000
v 4.500 2.500 8.000
v 4.500 3.500 -8.000
v 4.500 3.500 8.000
v 4.500 4.500 -7.000
v 4.500 4.500 -8.000
v 4.500 4.500 8.000
v 4.500 4.500 7.000
v 4.500 5.500 -6.000
v 4.500 5.500 -7.000
v 4.500 5.500 7.000
v 4.500 5.500 6.000
v 4.500 6.500 -5.000
v 4.500 6.500 -6.000
v 4.500 6.500 6.000
v 4.500 6.500 5.000
v 4.500 7.500 -4.000
v 4.500 7.500 -5.000
v 4.500 7.500 -3.000
v 4.500 7.500 4.000
v 4.500 7.500 3.000
v 4.500 7.500 5.000
v 4.500 8.500 -2.000
v 4.500 8.500 -3.000
v 4.500 8.500 -1.000
v 4.500 8.500 0.000
v 4.500 8.500 1.000
v 4.500 8.500 2.000
v 4.500 8.500 3.000
v 5.500 -8.500 -3.000
v 5.500 -7.500 -3.000
v 5.500 -7.500 -2.000
v 5.500 -8.500 -2.000
v 5.500 -7.500 -1.000
v 5.500 -8.500 -1.000
v 5.500 -7.500 0.000
v 5.500 -8.500 0.000
v 5.500 -7.500 1.000
v 5.500 -8.500 1.000
v 5.500 -7.500 2.000
v 5.500 -8.500 2.000
v 5.500 -7.500 3.000
v 5.500 -8.500 3.000
v 5.500 -7.500 -5.000
v 5.500 -6.500 -5.000
v 5.500 -6.500 -4.000
v 5.500 -7.500 -4.000
v 5.500 -6.500 -3.000
v 5.500 -6.500 3.000
v 5.500 -6.500 4.000
v 5.500 -7.500 4.000
v 5.500 -6.500 5.000
v 5.500 -7.500 5.000
v 5.500 -6.500 -6.000
v 5.500 -5.500 -6.000
v 5.500 -5.500 -5.000
v 5.500 -5.500 5.000
v 5.500 -5.500 6.000
v 5.500 -6.500 6.000
v 5.500 -5.500 -7.000
v 5.500 -4.500 -7.000
v 5.500 -4.500 -6.000
v 5.500 -4.500 6.000
v 5.500 -4.500 7.000
v 5.500 -5.500 7.000
v 5.500 -4.500 -8.000
v 5.500 -3.500 -8.000
v 5.500 -3.500 -7.000
v 5.500 -3.500 -6.000
v 5.500 -3.500 6.000
v 5.500 -3.500 7.000
v 5.500 -3.500 8.000
v 5.500 -4.500 8.000
v 5.500 -2.500 -8.000
v 5.500 -2.500 -7.000
v 5.500 -2.500 7.000
v 5.500 -2.500 8.000
v 5.500 -1.500 -8.000
v 5.500 -1.500 -7.000
v 5.500 -1.500 7.000
v 5.500 -1.500 8.000
v 5.500 -0.500 -8.000
v 5.500 -0.500 -7.000
v 5.500 -0.500 7.000
v 5.500 -0.500 8.000
v 5.500 -0.500 -9.000
v 5.500 0.500 -9.000
v 5.500 0.500 -8.000
v 5.500 0.500 8.000
v 5.500 0.500 9.000
v 5.500 -0.500 9.000
v 5.500 1.500 -8.000
v 5.500 1.500 -7.000
v 5.500 0.500 -7.000
v 5.500 0.500 7.000
v 5.500 1.500 7.000
v 5.500 1.500 8.000
v 5.500 2.500 -8.000
v 5.500 2.500 -7.000
v 5.500 2.500 7.000
v 5.500 2.500 8.000
v 5.500 3.500 -8.000
v 5.500 3.500 -7.000
v 5.500 3.500 7.000
v 5.500 3.500 8.000
v 5.500 4.500 -8.000
v 5.500 4.500 -7.000
v 5.500 4.500 -6.000
v 5.500 3.500 -6.000
v 5.500 3.500 6.000
v 5.500 4.500 6.000
v 5.500 4.500 7.000
v 5.500 4.500 8.000
v 5.500 5.500 -7.000
v 5.500 5.500 -6.000
v 5.500 5.500 6.000
v 5.500 5.500 7.000
v 5.500 6.500 -6.000
v 5.500 6.500 -5.000
v 5.500 5.500 -5.000
v 5.500 5.500 5.000
v 5.500 6.500 5.000
v 5.500 6.500 6.000
v 5.500 7.500 -5.000
v 5.500 7.500 -4.000
v 5.500 6.500 -4.000
v 5.500 7.500 -3.000
v 5.500 6.500 -3.000
v 5.500 6.500 3.000
v 5.500 7.500 3.000
v 5.500 7.500 4.000
v 5.500 6.500 4.000
v 5.500 7.500 5.000
v 5.500 8.500 -3.000
v 5.500 8.500 -2.000
v 5.500 7.500 -2.000
v 5.500 8.500 -1.000
v 5.500 7.500 -1.000
v 5.500 8.500 0.000
v 5.500 7.500 0.000
v 5.500 8.500 1.000
v 5.500 7.500 1.000
v 5.500 8.500 2.000
v 5.500 7.500 2.000
v 5.500 8.500 3.000
v 6.500 -7.500 -3.000
v 6.500 -7.500 -2.000
v 6.500 -6.500 -3.000
v 6.500 -7.500 -1.000
v 6.500 -7.500 0.000
v 6.500 -7.500 1.000
v 6.500 -7.500 2.000
v 6.500 -7.500 3.000
v 6.500 -6.500 3.000
v 6.500 -6.500 -5.000
v 6.500 -6.500 -4.000
v 6.500 -5.500 -5.000
v 6.500 -6.500 4.000
v 6.500 -6.500 5.000
v 6.500 -5.500 5.000
v 6.500 -5.500 -6.000
v 6.500 -4.500 -6.000
v 6.500 -5.500 6.000
v 6.500 -4.500 6.000
v 6.500 -3.500 -6.000
v 6.500 -3.500 6.000
v 6.500 -3.500 -7.000
v 6.500 -2.500 -7.000
v 6.500 -3.500 7.000
v 6.500 -2.500 7.000
v 6.500 -1.500 -7.000
v 6.500 -1.500 7.000
v 6.500 -0.500 -7.000
v 6.500 -0.500 7.000
v 6.500 0.500 -7.000
v 6.500 0.500 -8.000
v 6.500 -0.500 -8.000
v 6.500 0.500 8.000
v 6.500 0.500 7.000
v 6.500 -0.500 8.000
v 6.500 1.500 -7.000
v 6.500 1.500 7.000
v 6.500 2.500 -7.000
v 6.500 2.500 7.000
v 6.500 3.500 -6.000
v 6.500 3.500 -7.000
v 6.500 3.500 7.000
v 6.500 3.500 6.000
v 6.500 4.500 -6.000
v 6.500 4.500 6.000
v 6.500 5.500 -5.000
v 6.500 5.500 -6.000
v 6.500 5.500 6.000
v 6.500 5.500 5.000
v 6.500 6.500 -4.000
v 6.500 6.500 -5.000
v 6.500 6.500 -3.000
v 6.500 6.500 4.000
v 6.500 6.500 3.000
v 6.500 6.500 5.000
v 6.500 7.500 -2.000
v 6.500 7.500 -3.000
v 6.500 7.500 -1.000
v 6.500 7.500 0.000
v 6.500 7.500 1.000
v 6.500 7.500 2.000
v 6.500 7.500 3.000
v 7.500 -7.500 -3.000
v 7.500 -7.500 -2.000
v 7.500 -6.500 -3.000
v 7.500 -7.500 -1.000
v 7.500 -7.500 0.000
v 7.500 -7.500 1.000
v 7.500 -7.500 2.000
v 7.500 -7.500 3.000
v 7.500 -6.500 3.000
v 7.500 -6.500 -5.000
v 7.500 -6.500 -4.000
v 7.500 -5.500 -5.000
v 7.500 -6.500 4.000
v 7.500 -6.500 5.000
v 7.500 -5.500 5.000
v 7.500 -5.500 -6.000
v 7.500 -4.500 -6.000
v 7.500 -5.500 6.000
v 7.500 -4.500 6.000
v 7.500 -3.500 -6.000
v 7.500 -3.500 6.000
v 7.500 -3.500 -7.000
v 7.500 -2.500 -7.000
v 7.500 -3.500 7.000
v 7.500 -2.500 7.000
v 7.500 -1.500 -7.000
v 7.500 -1.500 7.000
v 7.500 -0.500 -7.000
v 7.500 -0.500 7.000
v 7.500 0.500 -7.000
v 7.500 0.500 -8.000
v 7.500 -0.500 -8.000
v 7.500 0.500 8.000
v 7.500 0.500 7.000
v 7.500 -0.500 8.000
v 7.500 1.500 -7.000
v 7.500 1.500 7.000
v 7.500 2.500 -7.000
v 7.500 2.500 7.000
v 7.500 3.500 -6.000
v 7.500 3.500 -7.000
v 7.500 3.500 7.000
v 7.500 3.500 6.000
v 7.500 4.500 -6.000
v 7.500 4.500 6.000
v 7.500 5.500 -5.000
v 7.500 5.500 -6.000
v 7.500 5.500 6.000
v 7.500 5.500 5.000
v 7.500 6.500 -4.000
v 7.500 6.500 -5.000
v 7.500 6.500 -3.000
v 7.500 6.500 4.000
v 7.500 6.500 3.000
v 7.500 6.500 5.000
v 7.500 7.500 -2.000
v 7.500 7.500 -3.000
v 7.500 7.500 -1.000
v 7.500 7.500 0.000
v 7.500 7.500 1.000
v 7.500 7.500 2.000
v 7.500 7.500 3.000
v 8.500 -7.500 -3.000
v 8.500 -6.500 -3.000
v 8.500 -6.500 -2.000
v 8.500 -7.500 -2.000
v 8.500 -6.500 -1.000
v 8.500 -7.500 -1.000
v 8.500 -6.500 0.000
v 8.500 -7.500 0.000
v 8.500 -6.500 1.000
v 8.500 -7.500 1.000
v 8.500 -6.500 2.000
v 8.500 -7.500 2.000
v 8.500 -6.500 3.000
v 8.500 -7.500 3.000
v 8.500 -6.500 -5.000
v 8.500 -5.500 -5.000
v 8.500 -5.500 -4.000
v 8.500 -6.500 -4.000
v 8.500 -5.500 -3.000
v 8.500 -5.500 3.000
v 8.500 -5.500 4.000
v 8.500 -6.500 4.000
v 8.500 -5.500 5.000
v 8.500 -6.500 5.000
v 8.500 -5.500 -6.000
v 8.500 -4.500 -6.000
v 8.500 -4.500 -5.000
v 8.500 -4.500 -4.000
v 8.500 -4.500 4.000
v 8.500 -4.500 5.000
v 8.500 -4.500 6.000
v 8.500 -5.500 6.000
v 8.500 -3.500 -6.000
v 8.500 -3.500 -5.000
v 8.500 -3.500 5.000
v 8.500 -3.500 6.000
v 8.500 -3.500 -7.000
v 8.500 -2.500 -7.000
v 8.500 -2.500 -6.000
v 8.500 -2.500 6.000
v 8.500 -2.500 7.000
v 8.500 -3.500 7.000
v 8.500 -1.500 -7.000
v 8.500 -1.500 -6.000
v 8.500 -1.500 6.000
v 8.500 -1.500 7.000
v 8.500 -0.500 -7.000
v 8.500 -0.500 -6.000
v 8.500 -0.500 6.000
v 8.500 -0.500 7.000
v 8.500 -0.500 -8.000
v 8.500 0.500 -8.000
v 8.500 0.500 -7.000
v 8.500 0.500 7.000
v 8.500 0.500 8.000
v 8.500 -0.500 8.000
v 8.500 1.500 -7.000
v 8.500 1.500 -6.000
v 8.500 0.500 -6.000
v 8.500 0.500 6.000
v 8.500 1.500 6.000
v 8.500 1.500 7.000
v 8.500 2.500 -7.000
v 8.500 2.500 -6.000
v 8.500 2.500 6.000
v 8.500 2.500 7.000
v 8.500 3.500 -7.000
v 8.500 3.500 -6.000
v 8.500 3.500 6.000
v 8.500 3.500 7.000
v 8.500 4.500 -6.000
v 8.500 4.500 -5.000
v 8.500 3.500 -5.000
v 8.500 3.500 5.000
v 8.500 4.500 5.000
v 8.500 4.500 6.000
v 8.500 5.500 -6.000
v 8.500 5.500 -5.000
v 8.500 5.500 -4.000
v 8.500 4.500 -4.000
v 8.500 4.500 4.000
v 8.500 5.500 4.000
v 8.500 5.500 5.000
v 8.500 5.500 6.000
v 8.500 6.500 -5.000
v 8.500 6.500 -4.000
v 8.500 6.500 -3.000
v 8.500 5.500 -3.000
v 8.500 5.500 3.000
v 8.500 6.500 3.000
v 8.500 6.500 4.000
v 8.500 6.500 5.000
v 8.500 7.500 -3.000
v 8.500 7.500 -2.000
v 8.500 6.500 -2.000
v 8.500 7.500 -1.000
v 8.500 6.500 -1.000
v 8.500 7.500 0.000
v 8.500 6.500 0.000
v 8.500 7.500 1.000
v 8.500 6.500 1.000
v 8.500 7.500 2.000
v 8.500 6.500 2.000
v 8.500 7.500 3.000
v 9.500 -6.500 -3.000
v 9.500 -6.500 -2.000
v 9.500 -5.500 -3.000
v 9.500 -6.500 -1.000
v 9.500 -6.500 0.000
v 9.500 -6.500 1.000
v 9.500 -6.500 2.000
v 9.500 -6.500 3.000
v 9.500 -5.500 3.000
v 9.500 -5.500 -4.000
v 9.500 -4.500 -4.000
v 9.500 -5.500 4.000
v 9.500 -4.500 4.000
v 9.500 -4.500 -5.000
v 9.500 -3.500 -5.000
v 9.500 -4.500 5.000
v 9.500 -3.500 5.000
v 9.500 -3.500 -6.000
v 9.500 -2.500 -6.000
v 9.500 -3.500 6.000
v 9.500 -2.500 6.000
v 9.500 -1.500 -6.000
v 9.500 -1.500 6.000
v 9.500 -0.500 -6.000
v 9.500 -0.500 6.000
v 9.500 0.500 -6.000
v 9.500 0.500 -7.000
v 9.500 -0.500 -7.000
v 9.500 0.500 7.000
v 9.500 0.500 6.000
v 9.500 -0.500 7.000
v 9.500 1.500 -6.000
v 9.500 1.500 6.000
v 9.500 2.500 -6.000
v 9.500 2.500 6.000
v 9.500 3.500 -5.000
v 9.500 3.500 -6.000
v 9.500 3.500 6.000
v 9.500 3.500 5.000
v 9.500 4.500 -4.000
v 9.500 4.500 -5.000
v 9.500 4.500 5.000
v 9.500 4.500 4.000
v 9.500 5.500 -3.000
v 9.500 5.500 -4.000
v 9.500 5.500 4.000
v 9.500 5.500 3.000
v 9.500 6.500 -2.000
v 9.500 6.500 -3.000
v 9.500 6.500 -1.000
v 9.500 6.500 0.000
v 9.500 6.500 1.000
v 9.500 6.500 2.000
v 9.500 6.500 3.000
v 10.500 -6.500 -3.000
v 10.500 -6.500 -2.000
v 10.500 -5.500 -3.000
v 10.500 -6.500 -1.000
v 10.500 -6.500 0.000
v 10.500 -6.500 1.000
v 10.500 -6.500 2.000
v 10.500 -6.500 3.000
v 10.500 -5.500 3.000
v 10.500 -5.500 -4.000
v 10.500 -4.500 -4.000
v 10.500 -5.500 4.000
v 10.500 -4.500 4.000
v 10.500 -4.500 -5.000
v 10.500 -3.500 -5.000
v 10.500 -4.500 5.000
v 10.500 -3.500 5.000
v 10.500 -3.500 -6.000
v 10.500 -2.500 -6.000
v 10.500 -3.500 6.000
v 10.500 -2.500 6.000
v 10.500 -1.500 -6.000
v 10.500 -1.500 6.000
v 10.500 -0.500 -6.000
v 10.500 -0.500 6.000
v 10.500 0.500 -6.000
v 10.500 0.500 -7.000
v 10.500 -0.500 -7.000
v 10.500 0.500 7.000
v 10.500 0.500 6.000
v 10.500 -0.500 7.000
v 10.500 1.500 -6.000
v 10.500 1.500 6.000
v 10.500 2.500 -6.000
v 10.500 2.500 6.000
v 10.500 3.500 -5.000
v 10.500 3.500 -6.000
v 10.500 3.500 6.000
v 10.500 3.500 5.000
v 10.500 4.500 -4.000
v 10.500 4.500 -5.000
v 10.500 4.500 5.000
v 10.500 4.500 4.000
v 10.500 5.500 -3.000
v 10.500 5.500 -4.000
v 10.500 5.500 4.000
v 10.500 5.500 3.000
v 10.500 6.500 -2.000
v 10.500 6.500 -3.000
v 10.500 6.500 -1.000
v 10.500 6.500 0.000
v 10.500 6.500 1.000
v 10.500 6.500 2.000
v 10.500 6.500 3.000
v 11.500 -6.500 -3.000
v 11.500 -5.500 -3.000
v 11.500 -5.500 -2.000
v 11.500 -6.500 -2.000
v 11.500 -5.500 -1.000
v 11.500 -6.500 -1.000
v 11.500 -5.500 0.000
v 11.500 -6.500 0.000
v 11.500 -5.500 1.000
v 11.500 -6.500 1.000
v 11.500 -5.500 2.000
v 11.500 -6.500 2.000
v 11.500 -5.500 3.000
v 11.500 -6.500 3.000
v 11.500 -5.500 -4.000
v 11.500 -4.500 -4.000
v 11.500 -4.500 -3.000
v 11.500 -4.500 -2.000
v 11.500 -4.500 2.000
v 11.500 -4.500 3.000
v 11.500 -4.500 4.000
v 11.500 -5.500 4.000
v 11.500 -4.500 -5.000
v 11.500 -3.500 -5.000
v 11.500 -3.500 -4.000
v 11.500 -3.500 4.000
v 11.500 -3.500 5.000
v 11.500 -4.500 5.000
v 11.500 -3.500 -6.000
v 11.500 -2.500 -6.000
v 11.500 -2.500 -5.000
v 11.500 -2.500 5.000
v 11.500 -2.500 6.000
v 11.500 -3.500 6.000
v 11.500 -1.500 -6.000
v 11.500 -1.500 -5.000
v 11.500 -1.500 5.000
v 11.500 -1.500 6.000
v 11.500 -0.500 -6.000
v 11.500 -0.500 -5.000
v 11.500 -0.500 5.000
v 11.500 -0.500 6.000
v 11.500 -0.500 -7.000
v 11.500 0.500 -7.000
v 11.500 0.500 -6.000
v 11.500 0.500 6.000
v 11.500 0.500 7.000
v 11.500 -0.500 7.000
v 11.500 1.500 -6.000
v 11.500 1.500 -5.000
v 11.500 0.500 -5.000
v 11.500 0.500 5.000
v 11.500 1.500 5.000
v 11.500 1.500 6.000
v 11.500 2.500 -6.000
v 11.500 2.500 -5.000
v 11.500 2.500 5.000
v 11.500 2.500 6.000
v 11.500 3.500 -6.000
v 11.500 3.500 -5.000
v 11.500 3.500 5.000
v 11.500 3.500 6.000
v 11.500 4.500 -5.000
v 11.500 4.500 -4.000
v 11.500 3.500 -4.000
v 11.500 3.500 4.000
v 11.500 4.500 4.000
v 11.500 4.500 5.000
v 11.500 5.500 -4.000
v 11.500 5.500 -3.000
v 11.500 4.500 -3.000
v 11.500 5.500 -2.000
v 11.500 4.500 -2.000
v 11.500 4.500 2.000
v 11.500 5.500 2.000
v 11.500 5.500 3.000
v 11.500 4.500 3.000
v 11.500 5.500 4.000
v 11.500 6.500 -3.000
v 11.500 6.500 -2.000
v 11.500 6.500 -1.000
v 11.500 5.500 -1.000
v 11.500 6.500 0.000
v 11.500 5.500 0.000
v 11.500 6.500 1.000
v 11.500 5.500 1.000
v 11.500 6.500 2.000
v 11.500 6.500 3.000
v 12.500 -5.500 -2.000
v 12.500 -5.500 -1.000
v 12.500 -4.500 -2.000
v 12.500 -5.500 0.000
v 12.500 -5.500 1.000
v 12.500 -5.500 2.000
v 12.500 -4.500 2.000
v 12.500 -4.500 -4.000
v 12.500 -4.500 -3.000
v 12.500 -3.500 -4.000
v 12.500 -4.500 3.000
v 12.500 -4.500 4.000
v 12.500 -3.500 4.000
v 12.500 -3.500 -5.000
v 12.500 -2.500 -5.000
v 12.500 -3.500 5.000
v 12.500 -2.500 5.000
v 12.500 -1.500 -5.000
v 12.500 -1.500 5.000
v 12.500 -0.500 -5.000
v 12.500 -0.500 5.000
v 12.500 0.500 -5.000
v 12.500 0.500 -6.000
v 12.500 -0.500 -6.000
v 12.500 0.500 6.000
v 12.500 0.500 5.000
v 12.500 -0.500 6.000
v 12.500 1.500 -5.000
v 12.500 1.500 5.000
v 12.500 2.500 -5.000
v 12.500 2.500 5.000
v 12.500 3.500 -4.000
v 12.500 3.500 -5.000
v 12.500 3.500 5.000
v 12.500 3.500 4.000
v 12.500 4.500 -3.000
v 12.500 4.500 -4.000
v 12.500 4.500 -2.000
v 12.500 4.500 3.000
v 12.500 4.500 2.000
v 12.500 4.500 4.000
v 12.500 5.500 -1.000
v 12.500 5.500 -2.000
v 12.500 5.500 0.000
v 12.500 5.500 1.000
v 12.500 5.500 2.000
v 13.500 -5.500 -2.000
v 13.500 -5.500 -1.000
v 13.500 -4.500 -2.000
v 13.500 -5.500 0.000
v 13.500 -5.500 1.000
v 13.500 -5.500 2.000
v 13.500 -4.500 2.000
v 13.500 -4.500 -4.000
v 13.500 -4.500 -3.000
v 13.500 -3.500 -4.000
v 13.500 -4.500 3.000
v 13.500 -4.500 4.000
v 13.500 -3.500 4.000
v 13.500 -3.500 -5.000
v 13.500 -2.500 -5.000
v 13.500 -3.500 5.000
v 13.500 -2.500 5.000
v 13.500 -1.500 -5.000
v 13.500 -1.500 5.000
v 13.500 -0.500 -5.000
v 13.500 -0.500 5.000
v 13.500 0.500 -5.000
v 13.500 0.500 -6.000
v 13.500 -0.500 -6.000
v 13.500 0.500 6.000
v 13.500 0.500 5.000
v 13.500 -0.500 6.000
v 13.500 1.500 -5.000
v 13.500 1.500 5.000
v 13.500 2.500 -5.000
v 13.500 2.500 5.000
v 13.500 3.500 -4.000
v 13.500 3.500 -5.000
v 13.500 3.500 5.000
v 13.500 3.500 4.000
v 13.500 4.500 -3.000
v 13.500 4.500 -4.000
v 13.500 4.500 -2.000
v 13.500 4.500 3.000
v 13.500 4.500 2.000
v 13.500 4.500 4.000
v 13.500 5.500 -1.000
v 13.500 5.500 -2.000
v 13.500 5.500 0.000
v 13.500 5.500 1.000
v 13.500 5.500 2.000
v 14.500 -5.500 -2.000
v 14.500 -4.500 -2.000
v 14.500 -4.500 -1.000
v 14.500 -5.500 -1.000
v 14.500 -4.500 0.000
v 14.500 -5.500 0.000
v 14.500 -4.500 1.000
v 14.500 -5.500 1.000
v 14.500 -4.500 2.000
v 14.500 -5.500 2.000
v 14.500 -4.500 -4.000
v 14.500 -3.500 -4.000
v 14.500 -3.500 -3.000
v 14.500 -4.500 -3.000
v 14.500 -3.500 -2.000
v 14.500 -3.500 2.000
v 14.500 -3.500 3.000
v 14.500 -4.500 3.000
v 14.500 -3.500 4.000
v 14.500 -4.500 4.000
v 14.500 -3.500 -5.000
v 14.500 -2.500 -5.000
v 14.500 -2.500 -4.000
v 14.500 -2.500 -3.000
v 14.500 -2.500 3.000
v 14.500 -2.500 4.000
v 14.500 -2.500 5.000
v 14.500 -3.500 5.000
v 14.500 -1.500 -5.000
v 14.500 -1.500 -4.000
v 14.500 -1.500 4.000
v 14.500 -1.500 5.000
v 14.500 -0.500 -5.000
v 14.500 -0.500 -4.000
v 14.500 -0.500 4.000
v 14.500 -0.500 5.000
v 14.500 -0.500 -6.000
v 14.500 0.500 -6.000
v 14.500 0.500 -5.000
v 14.500 0.500 5.000
v 14.500 0.500 6.000
v 14.500 -0.500 6.000
v 14.500 1.500 -5.000
v 14.500 1.500 -4.000
v 14.500 0.500 -4.000
v 14.500 0.500 4.000
v 14.500 1.500 4.000
v 14.500 1.500 5.000
v 14.500 2.500 -5.000
v 14.500 2.500 -4.000
v 14.500 2.500 4.000
v 14.500 2.500 5.000
v 14.500 3.500 -5.000
v 14.500 3.500 -4.000
v 14.500 3.500 -3.000
v 14.500 2.500 -3.000
v 14.500 2.500 3.000
v 14.500 3.500 3.000
v 14.500 3.500 4.000
v 14.500 3.500 5.000
v 14.500 4.500 -4.000
v 14.500 4.500 -3.000
v 14.500 4.500 -2.000
v 14.500 3.500 -2.000
v 14.500 3.500 2.000
v 14.500 4.500 2.000
v 14.500 4.500 3.000
v 14.500 4.500 4.000
v 14.500 5.500 -2.000
v 14.500 5.500 -1.000
v 14.500 4.500 -1.000
v 14.500 5.500 0.000
v 14.500 4.500 0.000
v 14.500 5.500 1.000
v 14.500 4.500 1.000
v 14.500 5.500 2.000
v 15.500 -4.500 -2.000
v 15.500 -4.500 -1.000
v 15.500 -3.500 -2.000
v 15.500 -4.500 0.000
v 15.500 -4.500 1.000
v 15.500 -4.500 2.000
v 15.500 -3.500 2.000
v 15.500 -3.500 -3.000
v 15.500 -2.500 -3.000
v 15.500 -3.500 3.000
v 15.500 -2.500 3.000
v 15.500 -2.500 -4.000
v 15.500 -1.500 -4.000
v 15.500 -2.500 4.000
v 15.500 -1.500 4.000
v 15.500 -0.500 -4.000
v 15.500 -0.500 4.000
v 15.500 0.500 -4.000
v 15.500 0.500 -5.000
v 15.500 -0.500 -5.000
v 15.500 0.500 5.000
v 15.500 0.500 4.000
v 15.500 -0.500 5.000
v 15.500 1.500 -4.000
v 15.500 1.500 4.000
v 15.500 2.500 -3.000
v 15.500 2.500 -4.000
v 15.500 2.500 4.000
v 15.500 2.500 3.000
v 15.500 3.500 -2.000
v 15.500 3.500 -3.000
v 15.500 3.500 3.000
v 15.500 3.500 2.000
v 15.500 4.500 -1.000
v 15.500 4.500 -2.000
v 15.500 4.500 0.000
v 15.500 4.500 1.000
v 15.500 4.500 2.000
v 16.500 -4.500 -2.000
v 16.500 -3.500 -2.000
v 16.500 -3.500 -1.000
v 16.500 -4.500 -1.000
v 16.500 -3.500 0.000
v 16.500 -4.500 0.000
v 16.500 -3.500 1.000
v 16.500 -4.500 1.000
v 16.500 -3.500 2.000
v 16.500 -4.500 2.000
v 16.500 -3.500 -3.000
v 16.500 -2.500 -3.000
v 16.500 -2.500 -2.000
v 16.500 -2.500 2.000
v 16.500 -2.500 3.000
v 16.500 -3.500 3.000
v 16.500 -2.500 -4.000
v 16.500 -1.500 -4.000
v 16.500 -1.500 -3.000
v 16.500 -1.500 3.000
v 16.500 -1.500 4.000
v 16.500 -2.500 4.000
v 16.500 -0.500 -4.000
v 16.500 -0.500 -3.000
v 16.500 -0.500 3.000
v 16.500 -0.500 4.000
v 16.500 -0.500 -5.000
v 16.500 0.500 -5.000
v 16.500 0.500 -4.000
v 16.500 0.500 4.000
v 16.500 0.500 5.000
v 16.500 -0.500 5.000
v 16.500 1.500 -4.000
v 16.500 1.500 -3.000
v 16.500 0.500 -3.000
v 16.500 0.500 3.000
v 16.500 1.500 3.000
v 16.500 1.500 4.000
v 16.500 2.500 -4.000
v 16.500 2.500 -3.000
v 16.500 2.500 3.000
v 16.500 2.500 4.000
v 16.500 3.500 -3.000
v 16.500 3.500 -2.000
v 16.500 2.500 -2.000
v 16.500 2.500 2.000
v 16.500 3.500 2.000
v 16.500 3.500 3.000
v 16.500 4.500 -2.000
v 16.500 4.500 -1.000
v 16.500 3.500 -1.000
v 16.500 4.500 0.000
v 16.500 3.500 0.000
v 16.500 4.500 1.000
v 16.500 3.500 1.000
v 16.500 4.500 2.000
v 17.500 -3.500 -2.000
v 17.500 -3.500 -1.000
v 17.500 -2.500 -2.000
v 17.500 -3.500 0.000
v 17.500 -3.500 1.000
v 17.500 -3.500 2.000
v 17.500 -2.500 2.000
v 17.500 -2.500 -3.000
v 17.500 -1.500 -3.000
v 17.500 -2.500 3.000
v 17.500 -1.500 3.000
v 17.500 -0.500 -3.000
v 17.500 -0.500 3.000
v 17.500 0.500 -3.000
v 17.500 0.500 -4.000
v 17.500 -0.500 -4.000
v 17.500 0.500 4.000
v 17.500 0.500 3.000
v 17.500 -0.500 4.000
v 17.500 1.500 -3.000
v 17.500 1.500 3.000
v 17.500 2.500 -2.000
v 17.500 2.500 -3.000
v 17.500 2.500 3.000
v 17.500 2.500 2.000
v 17.500 3.500 -1.000
v 17.500 3.500 -2.000
v 17.500 3.500 0.000
v 17.500 3.500 1.000
v 17.500 3.500 2.000
v 18.500 -3.500 -2.000
v 18.500 -3.500 -1.000
v 18.500 -2.500 -2.000
v 18.500 -3.500 0.000
v 18.500 -3.500 1.000
v 18.500 -3.500 2.000
v 18.500 -2.500 2.000
v 18.500 -2.500 -3.000
v 18.500 -1.500 -3.000
v 18.500 -2.500 3.000
v 18.500 -1.500 3.000
v 18.500 -0.500 -3.000
v 18.500 -0.500 3.000
v 18.500 0.500 -3.000
v 18.500 0.500 -4.000
v 18.500 -0.500 -4.000
v 18.500 0.500 4.000
v 18.500 0.500 3.000
v 18.500 -0.500 4.000
v 18.500 1.500 -3.000
v 18.500 1.500 3.000
v 18.500 2.500 -2.000
v 18.500 2.500 -3.000
v 18.500 2.500 3.000
v 18.500 2.500 2.000
v 18.500 3.500 -1.000
v 18.500 3.500 -2.000
v 18.500 3.500 0.000
v 18.500 3.500 1.000
v 18.500 3.500 2.000
v 19.500 -3.500 -2.000
v 19.500 -2.500 -2.000
v 19.500 -2.500 -1.000
v 19.500 -3.500 -1.000
v 19.500 -2.500 0.000
v 19.500 -3.500 0.000
v 19.500 -2.500 1.000
v 19.500 -3.500 1.000
v 19.500 -2.500 2.000
v 19.500 -3.500 2.000
v 19.500 -2.500 -3.000
v 19.500 -1.500 -3.000
v 19.500 -1.500 -2.000
v 19.500 -1.500 2.000
v 19.500 -1.500 3.000
v 19.500 -2.500 3.000
v 19.500 -0.500 -3.000
v 19.500 -0.500 -2.000
v 19.500 -0.500 2.000
v 19.500 -0.500 3.000
v 19.500 -0.500 -4.000
v 19.500 0.500 -4.000
v 19.500 0.500 -3.000
v 19.500 0.500 3.000
v 19.500 0.500 4.000
v 19.500 -0.500 4.000
v 19.500 1.500 -3.000
v 19.500 1.500 -2.000
v 19.500 0.500 -2.000
v 19.500 0.500 2.000
v 19.500 1.500 2.000
v 19.500 1.500 3.000
v 19.500 2.500 -3.000
v 19.500 2.500 -2.000
v 19.500 2.500 2.000
v 19.500 2.500 3.000
v 19.500 3.500 -2.000
v 19.500 3.500 -1.000
v 19.500 2.500 -1.000
v 19.500 3.500 0.000
v 19.500 2.500 0.000
v 19.500 3.500 1.000
v 19.500 2.500 1.000
v 19.500 3.500 2.000
v 20.500 -2.500 -2.000
v 20.500 -2.500 -1.000
v 20.500 -1.500 -2.000
v 20.500 -2.500 0.000
v 20.500 -2.500 1.000
v 20.500 -2.500 2.000
v 20.500 -1.500 2.000
v 20.500 -0.500 -2.000
v 20.500 -0.500 2.000
v 20.500 0.500 -2.000
v 20.500 0.500 -3.000
v 20.500 -0.500 -3.000
v 20.500 0.500 3.000
v 20.500 0.500 2.000
v 20.500 -0.500 3.000
v 20.500 1.500 -2.000
v 20.500 1.500 2.000
v 20.500 2.500 -1.000
v 20.500 2.500 -2.000
v 20.500 2.500 0.000
v 20.500 2.500 1.000
v 20.500 2.500 2.000
v 21.500 -2.500 -2.000
v 21.500 -1.500 -2.000
v 21.500 -1.500 -1.000
v 21.500 -2.500 -1.000
v 21.500 -1.500 0.000
v 21.500 -2.500 0.000
v 21.500 -1.500 1.000
v 21.500 -2.500 1.000
v 21.500 -1.500 2.000
v 21.500 -2.500 2.000
v 21.500 -0.500 -2.000
v 21.500 -0.500 -1.000
v 21.500 -0.500 1.000
v 21.500 -0.500 2.000
v 21.500 -0.500 -3.000
v 21.500 0.500 -3.000
v 21.500 0.500 -2.000
v 21.500 0.500 2.000
v 21.500 0.500 3.000
v 21.500 -0.500 3.000
v 21.500 1.500 -2.000
v 21.500 1.500 -1.000
v 21.500 0.500 -1.000
v 21.500 0.500 1.000
v 21.500 1.500 1.000
v 21.500 1.500 2.000
v 21.500 2.500 -2.000
v 21.500 2.500 -1.000
v 21.500 2.500 0.000
v 21.500 1.500 0.000
v 21.500 2.500 1.000
v 21.500 2.500 2.000
v 22.500 -1.500 -1.000
v 22.500 -0.500 -1.000
v 22.500 -0.500 0.000
v 22.500 -1.500 0.000
v 22.500 -0.500 1.000
v 22.500 -1.500 1.000
v 22.500 -0.500 -2.000
v 22.500 0.500 -2.000
v 22.500 0.500 -1.000
v 22.500 0.500 0.000
v 22.500 0.500 1.000
v 22.500 0.500 2.000
v 22.500 -0.500 2.000
v 22.500 1.500 -1.000
v 22.500 1.500 0.000
v 22.500 1.500 1.000
f 1 2 3 4
f 1 4 5 6
f 5 4 3 7
f 8 9 2 1
f 8 1 6 10
f 11 12 9 8
f 11 8 10 13
f 14 15 12 11
f 14 11 13 16
f 17 18 15 14
f 17 14 16 19
f 20 21 18 17
f 20 17 19 22
f 20 22 23 21
f 24 25 26 27
f 24 27 28 29
f 28 27 26 30
f 3 31 25 24
f 3 24 29 7
f 2 32 31 3
f 9 33 32 2
f 12 34 33 9
f 15 35 34 12
f 18 36 35 15
f 21 37 36 18
f 38 39 37 21
f 38 21 23 40
f 41 42 39 38
f 41 38 40 43
f 41 43 44 42
f 26 45 46 47
f 26 47 48 30
f 48 47 46 49
f 25 50 45 26
f 31 51 50 25
f 32 52 51 31
f 33 53 52 32
f 34 54 53 33
f 35 55 54 34
f 36 56 55 35
f 37 57 56 36
f 39 58 57 37
f 42 59 58 39
f 60 61 59 42
f 60 42 44 62
f 60 62 63 61
f 46 64 65 66
f 46 66 67 49
f 67 66 65 68
f 45 69 64 46
f 50 70 69 45
f 51 71 70 50
f 52 72 71 51
f 53 73 72 52
f 54 74 73 53
f 55 75 74 54
f 56 76 75 55
f 57 77 76 56
f 58 78 77 57
f 59 79 78 58
f 61 80 79 59
f 81 82 80 61
f 81 61 63 83
f 81 83 84 82
f 65 85 86 87
f 65 87 88 68
f 88 87 86 89
f 64 90 85 65
f 69 91 90 64
f 70 92 91 69
f 71 93 92 70
f 72 94 93 71
f 73 95 94 72
f 74 96 95 73
f 75 97 96 74
f 76 98 97 75
f 77 99 98 76
f 78 100 99 77
f 79 101 100 78
f 80 102 101 79
f 82 103 102 80
f 104 105 103 82
f 104 82 84 106
f 104 106 107 105
f 86 108 109 110
f 86 110 111 89
f 111 110 109 112
f 85 113 108 86
f 90 114 113 85
f 91 115 114 90
f 92 116 115 91
f 93 117 116 92
f 94 118 117 93
f 95 119 118 94
f 96 120 119 95
f 97 121 120 96
f 98 122 121 97
f 99 123 122 98
f 100 124 123 99
f 101 125 124 100
f 102 126 125 101
f 103 127 126 102
f 105 128 127 103
f 129 130 128 105
f 129 105 107 131
f 129 131 132 130
f 108 133 134 109
f 112 109 134 135
f 113 136 133 108
f 114 137 136 113
f 115 138 137 114
f 116 139 138 115
f 117 140 139 116
f 118 141 140 117
f 119 142 141 118
f 120 143 142 119
f 121 144 143 120
f 122 145 144 121
f 123 146 145 122
f 124 147 146 123
f 125 148 147 124
f 126 149 148 125
f 127 150 149 126
f 128 151 150 127
f 130 152 151 128
f 130 132 153 152
f 133 154 155 134
f 135 134 155 156
f 136 157 154 133
f 137 158 157 136
f 138 159 158 137
f 139 160 159 138
f 140 161 160 139
f 141 162 161 140
f 142 163 162 141
f 143 164 163 142
f 144 165 164 143
f 145 166 165 144
f 146 167 166 145
f 147 168 167 146
f 148 169 168 147
f 149 170 169 148
f 150 171 170 149
f 151 172 171 150
f 152 173 172 151
f 152 153 174 173
f 154 175 176 155
f 156 155 176 177
f 157 178 175 154
f 158 179 178 157
f 159 180 179 158
f 160 181 180 159
f 161 182 181 160
f 162 183 182 161
f 163 184 183 162
f 164 185 184 163
f 165 186 185 164
f 166 187 186 165
f 167 188 187 166
f 168 189 188 167
f 169 190 189 168
f 170 191 190 169
f 171 192 191 170
f 172 193 192 171
f 173 194 193 172
f 173 174 195 194
f 176 196 197 198
f 197 196 199 200
f 176 198 201 177
f 201 198 197 200
f 175 202 196 176
f 178 203 202 175
f 179 204 203 178
f 180 205 204 179
f 181 206 205 180
f 182 207 206 181
f 183 208 207 182
f 184 209 208 183
f 185 210 209 184
f 186 211 210 185
f 187 212 211 186
f 188 213 212 187
f 189 214 213 188
f 190 215 214 189
f 191 216 215 190
f 192 217 216 191
f 193 218 217 192
f 194 219 218 193
f 220 221 219 194
f 219 221 222 223
f 220 194 195 224
f 220 224 222 221
f 202 225 226 196
f 199 196 226 227
f 203 228 225 202
f 204 229 228 203
f 205 230 229 204
f 206 231 230 205
f 207 232 231 206
f 208 233 232 207
f 209 234 233 208
f 210 235 234 209
f 211 236 235 210
f 212 237 236 211
f 213 238 237 212
f 214 239 238 213
f 215 240 239 214
f 216 241 240 215
f 217 242 241 216
f 218 243 242 217
f 219 244 243 218
f 219 223 245 244
f 225 246 247 226
f 227 226 247 248
f 228 249 246 225
f 229 250 249 228
f 230 251 250 229
f 231 252 251 230
f 232 253 252 231
f 233 254 253 232
f 234 255 254 233
f 235 256 255 234
f 236 257 256 235
f 237 258 257 236
f 238 259 258 237
f 239 260 259 238
f 240 261 260 239
f 241 262 261 240
f 242 263 262 241
f 243 264 263 242
f 244 265 264 243
f 244 245 266 265
f 246 267 268 247
f 248 247 268 269
f 249 270 267 246
f 250 271 270 249
f 251 272 271 250
f 252 273 272 251
f 253 274 273 252
f 254 275 274 253
f 255 276 275 254
f 256 277 276 255
f 257 278 277 256
f 258 279 278 257
f 259 280 279 258
f 260 281 280 259
f 261 282 281 260
f 262 283 282 261
f 263 284 283 262
f 264 285 284 263
f 265 286 285 264
f 265 266 287 286
f 267 288 289 268
f 289 288 290 291
f 269 268 289 291
f 270 292 288 267
f 271 293 292 270
f 272 294 293 271
f 273 295 294 272
f 274 296 295 273
f 275 297 296 274
f 276 298 297 275
f 277 299 298 276
f 278 300 299 277
f 279 301 300 278
f 280 302 301 279
f 281 303 302 280
f 282 304 303 281
f 283 305 304 282
f 284 306 305 283
f 285 307 306 284
f 286 308 307 285
f 307 308 309 310
f 286 287 309 308
f 292 311 312 288
f 312 311 313 314
f 290 288 312 314
f 293 315 311 292
f 294 316 315 293
f 295 317 316 294
f 296 318 317 295
f 297 319 318 296
f 298 320 319 297
f 299 321 320 298
f 300 322 321 299
f 301 323 322 300
f 302 324 323 301
f 303 325 324 302
f 304 326 325 303
f 305 327 326 304
f 306 328 327 305
f 307 329 328 306
f 328 329 330 331
f 307 310 330 329
f 315 332 333 311
f 333 332 334 335
f 313 311 333 335
f 316 336 332 315
f 317 337 336 316
f 318 338 337 317
f 319 339 338 318
f 320 340 339 319
f 321 341 340 320
f 322 342 341 321
f 323 343 342 322
f 324 344 343 323
f 325 345 344 324
f 326 346 345 325
f 327 347 346 326
f 328 348 347 327
f 347 348 349 350
f 328 331 349 348
f 336 351 352 332
f 352 351 353 354
f 334 332 352 354
f 337 355 351 336
f 338 356 355 337
f 339 357 356 338
f 340 358 357 339
f 341 359 358 340
f 342 360 359 341
f 343 361 360 342
f 344 362 361 343
f 345 363 362 344
f 346 364 363 345
f 347 365 364 346
f 364 365 366 367
f 347 350 366 365
f 355 368 369 351
f 369 368 370 371
f 353 351 369 371
f 356 372 368 355
f 368 372 373 370
f 357 374 372 356
f 358 375 374 357
f 359 376 375 358
f 360 377 376 359
f 361 378 377 360
f 362 379 378 361
f 363 380 379 362
f 379 380 381 382
f 364 383 380 363
f 380 383 384 381
f 364 367 384 383
f 374 385 386 372
f 386 385 387 388
f 373 372 386 388
f 375 389 385 374
f 385 389 390 387
f 376 391 389 375
f 389 391 392 390
f 377 393 391 376
f 391 393 394 392
f 378 395 393 377
f 393 395 396 394
f 379 397 395 378
f 395 397 398 396
f 379 382 398 397
f 6 5 399 400
f 399 5 7 401
f 10 6 400 402
f 13 10 402 403
f 16 13 403 404
f 19 16 404 405
f 22 19 405 406
f 22 406 407 23
f 29 28 408 409
f 408 28 30 410
f 7 29 409 401
f 40 23 407 411
f 43 40 411 412
f 43 412 413 44
f 30 48 414 410
f 414 48 49 415
f 62 44 413 416
f 62 416 417 63
f 49 67 418 415
f 418 67 68 419
f 83 63 417 420
f 83 420 421 84
f 68 88 422 419
f 422 88 89 423
f 106 84 421 424
f 106 424 425 107
f 89 111 426 423
f 426 111 112 427
f 131 107 425 428
f 131 428 429 132
f 427 112 135 430
f 132 429 431 153
f 430 135 156 432
f 153 431 433 174
f 432 156 177 434
f 174 433 435 195
f 200 199 436 437
f 177 201 438 434
f 438 201 200 437
f 223 222 439 440
f 224 195 435 441
f 224 441 439 222
f 436 199 227 442
f 223 440 443 245
f 442 227 248 444
f 245 443 445 266
f 444 248 269 446
f 266 445 447 287
f 291 290 448 449
f 446 269 291 449
f 310 309 450 451
f 287 447 450 309
f 314 313 452 453
f 448 290 314 453
f 331 330 454 455
f 310 451 454 330
f 335 334 456 457
f 452 313 335 457
f 350 349 458 459
f 331 455 458 349
f 354 353 460 461
f 456 334 354 461
f 367 366 462 463
f 350 459 462 366
f 371 370 464 465
f 460 353 371 465
f 370 373 466 464
f 382 381 467 468
f 381 384 469 467
f 367 463 469 384
f 388 387 470 471
f 466 373 388 471
f 387 390 472 470
f 390 392 473 472
f 392 394 474 473
f 394 396 475 474
f 396 398 476 475
f 382 468 476 398
f 477 478 479 480
f 400 399 477 480
f 477 399 401 478
f 480 479 481 482
f 402 400 480 482
f 482 481 483 484
f 403 402 482 484
f 484 483 485 486
f 404 403 484 486
f 486 485 487 488
f 405 404 486 488
f 488 487 489 490
f 406 405 488 490
f 406 490 489 407
f 491 492 493 494
f 409 408 491 494
f 491 408 410 492
f 494 493 495 478
f 401 409 494 478
f 478 495 496 479
f 479 496 497 481
f 481 497 498 483
f 483 498 499 485
f 485 499 500 487
f 487 500 501 489
f 489 501 502 503
f 411 407 489 503
f 503 502 504 505
f 412 411 503 505
f 412 505 504 413
f 506 507 508 492
f 410 414 506 492
f 506 414 415 507
f 492 508 509 493
f 493 509 510 495
f 501 511 512 502
f 502 512 513 504
f 504 513 514 515
f 416 413 504 515
f 416 515 514 417
f 516 517 518 507
f 415 418 516 507
f 516 418 419 517
f 507 518 519 508
f 513 520 521 514
f 514 521 522 523
f 420 417 514 523
f 420 523 522 421
f 524 525 526 517
f 419 422 524 517
f 524 422 423 525
f 517 526 527 518
f 521 528 529 522
f 522 529 530 531
f 424 421 522 531
f 424 531 530 425
f 532 533 534 525
f 423 426 532 525
f 532 426 427 533
f 525 534 535 526
f 526 535 536 527
f 528 537 538 529
f 529 538 539 530
f 530 539 540 541
f 428 425 530 541
f 428 541 540 429
f 533 542 543 534
f 533 427 430 542
f 534 543 544 535
f 538 545 546 539
f 539 546 547 540
f 429 540 547 431
f 542 548 549 543
f 542 430 432 548
f 543 549 550 544
f 545 551 552 546
f 546 552 553 547
f 431 547 553 433
f 548 554 555 549
f 548 432 434 554
f 549 555 556 550
f 551 557 558 552
f 552 558 559 553
f 433 553 559 435
f 560 561 562 554
f 437 436 562 561
f 434 438 560 554
f 560 438 437 561
f 554 562 563 555
f 558 564 565 559
f 559 565 566 567
f 440 439 566 565
f 441 435 559 567
f 441 567 566 439
f 562 568 569 563
f 562 436 442 568
f 563 569 570 571
f 572 573 574 564
f 564 574 575 565
f 440 565 575 443
f 568 576 577 569
f 568 442 444 576
f 569 577 578 570
f 573 579 580 574
f 574 580 581 575
f 443 575 581 445
f 576 582 583 577
f 576 444 446 582
f 577 583 584 578
f 579 585 586 580
f 580 586 587 581
f 445 581 587 447
f 582 588 589 583
f 449 448 589 588
f 582 446 449 588
f 583 589 590 584
f 584 590 591 592
f 593 594 595 585
f 585 595 596 586
f 586 596 597 587
f 451 450 597 596
f 447 587 597 450
f 589 598 599 590
f 453 452 599 598
f 589 448 453 598
f 590 599 600 591
f 594 601 602 595
f 595 602 603 596
f 455 454 603 602
f 451 596 603 454
f 599 604 605 600
f 457 456 605 604
f 599 452 457 604
f 600 605 606 607
f 608 609 610 601
f 601 610 611 602
f 459 458 611 610
f 455 602 611 458
f 605 612 613 606
f 461 460 613 612
f 605 456 461 612
f 606 613 614 615
f 615 614 616 617
f 618 619 620 621
f 621 620 622 609
f 609 622 623 610
f 463 462 623 622
f 459 610 623 462
f 613 624 625 614
f 465 464 625 624
f 613 460 465 624
f 614 625 626 616
f 464 466 626 625
f 616 626 627 628
f 628 627 629 630
f 630 629 631 632
f 632 631 633 634
f 634 633 635 636
f 636 635 637 619
f 619 637 638 620
f 468 467 638 637
f 620 638 639 622
f 467 469 639 638
f 463 622 639 469
f 626 640 641 627
f 471 470 641 640
f 626 466 471 640
f 627 641 642 629
f 470 472 642 641
f 629 642 643 631
f 472 473 643 642
f 631 643 644 633
f 473 474 644 643
f 633 644 645 635
f 474 475 645 644
f 635 645 646 637
f 475 476 646 645
f 468 637 646 476
f 496 495 647 648
f 647 495 510 649
f 497 496 648 650
f 498 497 650 651
f 499 498 651 652
f 500 499 652 653
f 501 500 653 654
f 501 654 655 511
f 509 508 656 657
f 656 508 519 658
f 510 509 657 649
f 512 511 655 659
f 513 512 659 660
f 513 660 661 520
f 519 518 662 658
f 662 518 527 663
f 521 520 661 664
f 521 664 665 528
f 663 527 536 666
f 528 665 667 537
f 536 535 668 666
f 668 535 544 669
f 538 537 667 670
f 538 670 671 545
f 669 544 550 672
f 545 671 673 551
f 672 550 556 674
f 551 673 675 557
f 563 571 676 677
f 556 555 678 674
f 678 555 563 677
f 572 564 679 680
f 558 557 675 681
f 558 681 679 564
f 676 571 570 682
f 572 680 683 573
f 682 570 578 684
f 573 683 685 579
f 584 592 686 687
f 684 578 584 687
f 593 585 688 689
f 579 685 688 585
f 686 592 591 690
f 593 689 691 594
f 600 607 692 693
f 690 591 600 693
f 608 601 694 695
f 594 691 694 601
f 606 615 696 697
f 692 607 606 697
f 615 617 698 696
f 618 621 699 700
f 621 609 701 699
f 608 695 701 609
f 616 628 702 703
f 698 617 616 703
f 628 630 704 702
f 630 632 705 704
f 632 634 706 705
f 634 636 707 706
f 636 619 708 707
f 618 700 708 619
f 709 710 711 712
f 709 712 713 714
f 713 712 711 715
f 716 717 710 709
f 716 709 714 718
f 719 720 717 716
f 719 716 718 721
f 722 723 720 719
f 722 719 721 724
f 725 726 723 722
f 725 722 724 727
f 728 729 726 725
f 728 725 727 730
f 728 730 731 729
f 732 733 734 735
f 732 735 736 737
f 736 735 734 738
f 711 647 733 732
f 711 732 737 715
f 710 648 647 711
f 717 650 648 710
f 720 651 650 717
f 723 652 651 720
f 726 653 652 723
f 729 654 653 726
f 739 740 654 729
f 739 729 731 741
f 742 743 740 739
f 742 739 741 744
f 742 744 745 743
f 734 656 746 747
f 734 747 748 738
f 748 747 746 749
f 733 657 656 734
f 647 649 657 733
f 740 659 655 654
f 743 660 659 740
f 750 751 660 743
f 750 743 745 752
f 750 752 753 751
f 746 662 754 755
f 746 755 756 749
f 756 755 754 757
f 656 658 662 746
f 751 664 661 660
f 758 759 664 751
f 758 751 753 760
f 758 760 761 759
f 754 762 763 764
f 754 764 765 757
f 765 764 763 766
f 662 663 762 754
f 759 767 665 664
f 768 769 767 759
f 768 759 761 770
f 768 770 771 769
f 763 772 773 774
f 763 774 775 766
f 775 774 773 776
f 762 668 772 763
f 663 666 668 762
f 767 670 667 665
f 769 777 670 767
f 778 779 777 769
f 778 769 771 780
f 778 780 781 779
f 772 782 783 773
f 776 773 783 784
f 668 669 782 772
f 777 785 671 670
f 779 786 785 777
f 779 781 787 786
f 782 788 789 783
f 784 783 789 790
f 669 672 788 782
f 785 791 673 671
f 786 792 791 785
f 786 787 793 792
f 788 678 794 789
f 790 789 794 795
f 672 674 678 788
f 791 681 675 673
f 792 796 681 791
f 792 793 797 796
f 794 798 799 800
f 799 798 801 802
f 794 800 803 795
f 803 800 799 802
f 678 677 798 794
f 796 804 679 681
f 805 806 804 796
f 804 806 807 808
f 805 796 797 809
f 805 809 807 806
f 677 810 811 798
f 801 798 811 812
f 676 682 810 677
f 679 813 683 680
f 804 814 813 679
f 804 808 815 814
f 810 816 817 811
f 812 811 817 818
f 682 684 816 810
f 813 819 685 683
f 814 820 819 813
f 814 815 821 820
f 816 822 823 817
f 818 817 823 824
f 684 687 822 816
f 819 825 688 685
f 820 826 825 819
f 820 821 827 826
f 822 828 829 823
f 829 828 830 831
f 824 823 829 831
f 687 832 828 822
f 686 690 832 687
f 688 833 691 689
f 825 834 833 688
f 826 835 834 825
f 834 835 836 837
f 826 827 836 835
f 832 838 839 828
f 839 838 840 841
f 830 828 839 841
f 690 693 838 832
f 833 842 694 691
f 834 843 842 833
f 842 843 844 845
f 834 837 844 843
f 693 846 847 838
f 847 846 848 849
f 840 838 847 849
f 692 697 846 693
f 694 850 701 695
f 842 851 850 694
f 850 851 852 853
f 842 845 852 851
f 697 854 855 846
f 855 854 856 857
f 848 846 855 857
f 696 858 854 697
f 698 703 858 696
f 699 859 708 700
f 701 860 859 699
f 850 861 860 701
f 860 861 862 863
f 850 853 862 861
f 858 864 865 854
f 865 864 866 867
f 856 854 865 867
f 703 868 864 858
f 864 868 869 866
f 702 870 868 703
f 704 871 870 702
f 705 872 871 704
f 706 873 872 705
f 707 874 873 706
f 708 875 874 707
f 859 876 875 708
f 875 876 877 878
f 860 879 876 859
f 876 879 880 877
f 860 863 880 879
f 870 881 882 868
f 882 881 883 884
f 869 868 882 884
f 871 885 881 870
f 881 885 886 883
f 872 887 885 871
f 885 887 888 886
f 873 889 887 872
f 887 889 890 888
f 874 891 889 873
f 889 891 892 890
f 875 893 891 874
f 891 893 894 892
f 875 878 894 893
f 714 713 895 896
f 895 713 715 897
f 718 714 896 898
f 721 718 898 899
f 724 721 899 900
f 727 724 900 901
f 730 727 901 902
f 730 902 903 731
f 737 736 904 905
f 904 736 738 906
f 715 737 905 897
f 741 731 903 907
f 744 741 907 908
f 744 908 909 745
f 738 748 910 906
f 910 748 749 911
f 752 745 909 912
f 752 912 913 753
f 749 756 914 911
f 914 756 757 915
f 760 753 913 916
f 760 916 917 761
f 757 765 918 915
f 918 765 766 919
f 770 761 917 920
f 770 920 921 771
f 766 775 922 919
f 922 775 776 923
f 780 771 921 924
f 780 924 925 781
f 923 776 784 926
f 781 925 927 787
f 926 784 790 928
f 787 927 929 793
f 928 790 795 930
f 793 929 931 797
f 802 801 932 933
f 795 803 934 930
f 934 803 802 933
f 808 807 935 936
f 809 797 931 937
f 809 937 935 807
f 932 801 812 938
f 808 936 939 815
f 938 812 818 940
f 815 939 941 821
f 940 818 824 942
f 821 941 943 827
f 831 830 944 945
f 942 824 831 945
f 837 836 946 947
f 827 943 946 836
f 841 840 948 949
f 944 830 841 949
f 845 844 950 951
f 837 947 950 844
f 849 848 952 953
f 948 840 849 953
f 853 852 954 955
f 845 951 954 852
f 857 856 956 957
f 952 848 857 957
f 863 862 958 959
f 853 955 958 862
f 867 866 960 961
f 956 856 867 961
f 866 869 962 960
f 878 877 963 964
f 877 880 965 963
f 863 959 965 880
f 884 883 966 967
f 962 869 884 967
f 883 886 968 966
f 886 888 969 968
f 888 890 970 969
f 890 892 971 970
f 892 894 972 971
f 878 964 972 894
f 896 895 973 974
f 973 895 897 975
f 898 896 974 976
f 899 898 976 977
f 900 899 977 978
f 901 900 978 979
f 902 901 979 980
f 902 980 981 903
f 905 904 982 983
f 982 904 906 984
f 897 905 983 975
f 907 903 981 985
f 908 907 985 986
f 908 986 987 909
f 906 910 988 984
f 988 910 911 989
f 912 909 987 990
f 912 990 991 913
f 911 914 992 989
f 992 914 915 993
f 916 913 991 994
f 916 994 995 917
f 915 918 996 993
f 996 918 919 997
f 920 917 995 998
f 920 998 999 921
f 919 922 1000 997
f 1000 922 923 1001
f 924 921 999 1002
f 924 1002 1003 925
f 1001 923 926 1004
f 925 1003 1005 927
f 1004 926 928 1006
f 927 1005 1007 929
f 1006 928 930 1008
f 929 1007 1009 931
f 933 932 1010 1011
f 930 934 1012 1008
f 1012 934 933 1011
f 936 935 1013 1014
f 937 931 1009 1015
f 937 1015 1013 935
f 1010 932 938 1016
f 936 1014 1017 939
f 1016 938 940 1018
f 939 1017 1019 941
f 1018 940 942 1020
f 941 1019 1021 943
f 945 944 1022 1023
f 1020 942 945 1023
f 947 946 1024 1025
f 943 1021 1024 946
f 949 948 1026 1027
f 1022 944 949 1027
f 951 950 1028 1029
f 947 1025 1028 950
f 953 952 1030 1031
f 1026 948 953 1031
f 955 954 1032 1033
f 951 1029 1032 954
f 957 956 1034 1035
f 1030 952 957 1035
f 959 958 1036 1037
f 955 1033 1036 958
f 961 960 1038 1039
f 1034 956 961 1039
f 960 962 1040 1038
f 964 963 1041 1042
f 963 965 1043 1041
f 959 1037 1043 965
f 967 966 1044 1045
f 1040 962 967 1045
f 966 968 1046 1044
f 968 969 1047 1046
f 969 970 1048 1047
f 970 971 1049 1048
f 971 972 1050 1049
f 964 1042 1050 972
f 974 973 1051 1052
f 1051 973 975 1053
f 976 974 1052 1054
f 977 976 1054 1055
f 978 977 1055 1056
f 979 978 1056 1057
f 980 979 1057 1058
f 980 1058 1059 981
f 983 982 1060 1061
f 1060 982 984 1062
f 975 983 1061 1053
f 985 981 1059 1063
f 986 985 1063 1064
f 986 1064 1065 987
f 984 988 1066 1062
f 1066 988 989 1067
f 990 987 1065 1068
f 990 1068 1069 991
f 989 992 1070 1067
f 1070 992 993 1071
f 994 991 1069 1072
f 994 1072 1073 995
f 993 996 1074 1071
f 1074 996 997 1075
f 998 995 1073 1076
f 998 1076 1077 999
f 997 1000 1078 1075
f 1078 1000 1001 1079
f 1002 999 1077 1080
f 1002 1080 1081 1003
f 1079 1001 1004 1082
f 1003 1081 1083 1005
f 1082 1004 1006 1084
f 1005 1083 1085 1007
f 1084 1006 1008 1086
f 1007 1085 1087 1009
f 1011 1010 1088 1089
f 1008 1012 1090 1086
f 1090 1012 1011 1089
f 1014 1013 1091 1092
f 1015 1009 1087 1093
f 1015 1093 1091 1013
f 1088 1010 1016 1094
f 1014 1092 1095 1017
f 1094 1016 1018 1096
f 1017 1095 1097 1019
f 1096 1018 1020 1098
f 1019 1097 1099 1021
f 1023 1022 1100 1101
f 1098 1020 1023 1101
f 1025 1024 1102 1103
f 1021 1099 1102 1024
f 1027 1026 1104 1105
f 1100 1022 1027 1105
f 1029 1028 1106 1107
f 1025 1103 1106 1028
f 1031 1030 1108 1109
f 1104 1026 1031 1109
f 1033 1032 1110 1111
f 1029 1107 1110 1032
f 1035 1034 1112 1113
f 1108 1030 1035 1113
f 1037 1036 1114 1115
f 1033 1111 1114 1036
f 1039 1038 1116 1117
f 1112 1034 1039 1117
f 1038 1040 1118 1116
f 1042 1041 1119 1120
f 1041 1043 1121 1119
f 1037 1115 1121 1043
f 1045 1044 1122 1123
f 1118 1040 1045 1123
f 1044 1046 1124 1122
f 1046 1047 1125 1124
f 1047 1048 1126 1125
f 1048 1049 1127 1126
f 1049 1050 1128 1127
f 1042 1120 1128 1050
f 1129 1130 1131 1132
f 1052 1051 1129 1132
f 1129 1051 1053 1130
f 1132 1131 1133 1134
f 1054 1052 1132 1134
f 1134 1133 1135 1136
f 1055 1054 1134 1136
f 1136 1135 1137 1138
f 1056 1055 1136 1138
f 1138 1137 1139 1140
f 1057 1056 1138 1140
f 1140 1139 1141 1142
f 1058 1057 1140 1142
f 1058 1142 1141 1059
f 1143 1144 1145 1146
f 1061 1060 1143 1146
f 1143 1060 1062 1144
f 1146 1145 1147 1130
f 1053 1061 1146 1130
f 1130 1147 1148 1131
f 1131 1148 1149 1133
f 1133 1149 1150 1135
f 1135 1150 1151 1137
f 1137 1151 1152 1139
f 1139 1152 1153 1141
f 1141 1153 1154 1155
f 1063 1059 1141 1155
f 1155 1154 1156 1157
f 1064 1063 1155 1157
f 1064 1157 1156 1065
f 1158 1159 1160 1144
f 1062 1066 1158 1144
f 1158 1066 1067 1159
f 1144 1160 1161 1145
f 1145 1161 1162 1147
f 1147 1162 1163 1148
f 1148 1163 1164 1149
f 1149 1164 1165 1150
f 1150 1165 1166 1151
f 1151 1166 1167 1152
f 1152 1167 1168 1153
f 1153 1168 1169 1154
f 1154 1169 1170 1156
f 1156 1170 1171 1172
f 1068 1065 1156 1172
f 1068 1172 1171 1069
f 1173 1174 1175 1159
f 1067 1070 1173 1159
f 1173 1070 1071 1174
f 1159 1175 1176 1160
f 1160 1176 1177 1161
f 1161 1177 1178 1162
f 1162 1178 1179 1163
f 1163 1179 1180 1164
f 1164 1180 1181 1165
f 1165 1181 1182 1166
f 1166 1182 1183 1167
f 1167 1183 1184 1168
f 1168 1184 1185 1169
f 1169 1185 1186 1170
f 1170 1186 1187 1171
f 1171 1187 1188 1189
f 1072 1069 1171 1189
f 1072 1189 1188 1073
f 1190 1191 1192 1174
f 1071 1074 1190 1174
f 1190 1074 1075 1191
f 1174 1192 1193 1175
f 1175 1193 1194 1176
f 1176 1194 1195 1177
f 1177 1195 1196 1178
f 1178 1196 1197 1179
f 1179 1197 1198 1180
f 1180 1198 1199 1181
f 1181 1199 1200 1182
f 1182 1200 1201 1183
f 1183 1201 1202 1184
f 1184 1202 1203 1185
f 1185 1203 1204 1186
f 1186 1204 1205 1187
f 1187 1205 1206 1188
f 1188 1206 1207 1208
f 1076 1073 1188 1208
f 1076 1208 1207 1077
f 1209 1210 1211 1191
f 1075 1078 1209 1191
f 1209 1078 1079 1210
f 1191 1211 1212 1192
f 1192 1212 1213 1193
f 1193 1213 1214 1194
f 1194 1214 1215 1195
f 1195 1215 1216 1196
f 1196 1216 1217 1197
f 1197 1217 1218 1198
f 1198 1218 1219 1199
f 1199 1219 1220 1200
f 1200 1220 1221 1201
f 1201 1221 1222 1202
f 1202 1222 1223 1203
f 1203 1223 1224 1204
f 1204 1224 1225 1205
f 1205 1225 1226 1206
f 1206 1226 1227 1207
f 1207 1227 1228 1229
f 1080 1077 1207 1229
f 1080 1229 1228 1081
f 1210 1230 1231 1211
f 1210 1079 1082 1230
f 1211 1231 1232 1212
f 1212 1232 1233 1213
f 1213 1233 1234 1214
f 1214 1234 1235 1215
f 1215 1235 1236 1216
f 1216 1236 1237 1217
f 1221 1238 1239 1222
f 1222 1239 1240 1223
f 1223 1240 1241 1224
f 1224 1241 1242 1225
f 1225 1242 1243 1226
f 1226 1243 1244 1227
f 1227 1244 1245 1228
f 1081 1228 1245 1083
f 1230 1246 1247 1231
f 1230 1082 1084 1246
f 1231 1247 1248 1232
f 1232 1248 1249 1233
f 1233 1249 1250 1234
f 1234 1250 1251 1235
f 1235 1251 1252 1236
f 1239 1253 1254 1240
f 1240 1254 1255 1241
f 1241 1255 1256 1242
f 1242 1256 1257 1243
f 1243 1257 1258 1244
f 1244 1258 1259 1245
f 1083 1245 1259 1085
f 1246 1260 1261 1247
f 1246 1084 1086 1260
f 1247 1261 1262 1248
f 1248 1262 1263 1249
f 1249 1263 1264 1250
f 1250 1264 1265 1251
f 1251 1265 1266 1252
f 1253 1267 1268 1254
f 1254 1268 1269 1255
f 1255 1269 1270 1256
f 1256 1270 1271 1257
f 1257 1271 1272 1258
f 1258 1272 1273 1259
f 1085 1259 1273 1087
f 1274 1275 1276 1260
f 1089 1088 1276 1275
f 1086 1090 1274 1260
f 1274 1090 1089 1275
f 1260 1276 1277 1261
f 1261 1277 1278 1262
f 1262 1278 1279 1263
f 1263 1279 1280 1264
f 1264 1280 1281 1265
f 1268 1282 1283 1269
f 1269 1283 1284 1270
f 1270 1284 1285 1271
f 1271 1285 1286 1272
f 1272 1286 1287 1273
f 1273 1287 1288 1289
f 1092 1091 1288 1287
f 1093 1087 1273 1289
f 1093 1289 1288 1091
f 1276 1290 1291 1277
f 1276 1088 1094 1290
f 1277 1291 1292 1278
f 1278 1292 1293 1279
f 1279 1293 1294 1280
f 1280 1294 1295 1281
f 1281 1295 1296 1297
f 1298 1299 1300 1282
f 1282 1300 1301 1283
f 1283 1301 1302 1284
f 1284 1302 1303 1285
f 1285 1303 1304 1286
f 1286 1304 1305 1287
f 1092 1287 1305 1095
f 1290 1306 1307 1291
f 1290 1094 1096 1306
f 1291 1307 1308 1292
f 1292 1308 1309 1293
f 1293 1309 1310 1294
f 1294 1310 1311 1295
f 1295 1311 1312 1296
f 1299 1313 1314 1300
f 1300 1314 1315 1301
f 1301 1315 1316 1302
f 1302 1316 1317 1303
f 1303 1317 1318 1304
f 1304 1318 1319 1305
f 1095 1305 1319 1097
f 1306 1320 1321 1307
f 1306 1096 1098 1320
f 1307 1321 1322 1308
f 1308 1322 1323 1309
f 1309 1323 1324 1310
f 1310 1324 1325 1311
f 1311 1325 1326 1312
f 1312 1326 1327 1328
f 1329 1330 1331 1313
f 1313 1331 1332 1314
f 1314 1332 1333 1315
f 1315 1333 1334 1316
f 1316 1334 1335 1317
f 1317 1335 1336 1318
f 1318 1336 1337 1319
f 1097 1319 1337 1099
f 1320 1338 1339 1321
f 1101 1100 1339 1338
f 1320 1098 1101 1338
f 1321 1339 1340 1322
f 1322 1340 1341 1323
f 1323 1341 1342 1324
f 1324 1342 1343 1325
f 1325 1343 1344 1326
f 1326 1344 1345 1327
f 1327 1345 1346 1347
f 1347 1346 1348 1349
f 1349 1348 1350 1351
f 1351 1350 1352 1330
f 1330 1352 1353 1331
f 1331 1353 1354 1332
f 1332 1354 1355 1333
f 1333 1355 1356 1334
f 1334 1356 1357 1335
f 1335 1357 1358 1336
f 1336 1358 1359 1337
f 1103 1102 1359 1358
f 1099 1337 1359 1102
f 1339 1360 1361 1340
f 1105 1104 1361 1360
f 1339 1100 1105 1360
f 1340 1361 1362 1341
f 1341 1362 1363 1342
f 1342 1363 1364 1343
f 1343 1364 1365 1344
f 1344 1365 1366 1345
f 1345 1366 1367 1346
f 1346 1367 1368 1348
f 1348 1368 1369 1350
f 1350 1369 1370 1352
f 1352 1370 1371 1353
f 1353 1371 1372 1354
f 1354 1372 1373 1355
f 1355 1373 1374 1356
f 1356 1374 1375 1357
f 1357 1375 1376 1358
f 1107 1106 1376 1375
f 1103 1358 1376 1106
f 1361 1377 1378 1362
f 1109 1108 1378 1377
f 1361 1104 1109 1377
f 1362 1378 1379 1363
f 1363 1379 1380 1364
f 1364 1380 1381 1365
f 1365 1381 1382 1366
f 1366 1382 1383 1367
f 1367 1383 1384 1368
f 1368 1384 1385 1369
f 1369 1385 1386 1370
f 1370 1386 1387 1371
f 1371 1387 1388 1372
f 1372 1388 1389 1373
f 1373 1389 1390 1374
f 1374 1390 1391 1375
f 1111 1110 1391 1390
f 1107 1375 1391 1110
f 1378 1392 1393 1379
f 1113 1112 1393 1392
f 1378 1108 1113 1392
f 1379 1393 1394 1380
f 1380 1394 1395 1381
f 1381 1395 1396 1382
f 1382 1396 1397 1383
f 1383 1397 1398 1384
f 1384 1398 1399 1385
f 1385 1399 1400 1386
f 1386 1400 1401 1387
f 1387 1401 1402 1388
f 1388 1402 1403 1389
f 1389 1403 1404 1390
f 1115 1114 1404 1403
f 1111 1390 1404 1114
f 1393 1405 1406 1394
f 1117 1116 1406 1405
f 1393 1112 1117 1405
f 1394 1406 1407 1395
f 1116 1118 1407 1406
f 1395 1407 1408 1396
f 1396 1408 1409 1397
f 1397 1409 1410 1398
f 1398 1410 1411 1399
f 1399 1411 1412 1400
f 1400 1412 1413 1401
f 1401 1413 1414 1402
f 1120 1119 1414 1413
f 1402 1414 1415 1403
f 1119 1121 1415 1414
f 1115 1403 1415 1121
f 1407 1416 1417 1408
f 1123 1122 1417 1416
f 1407 1118 1123 1416
f 1408 1417 1418 1409
f 1122 1124 1418 1417
f 1409 1418 1419 1410
f 1124 1125 1419 1418
f 1410 1419 1420 1411
f 1125 1126 1420 1419
f 1411 1420 1421 1412
f 1126 1127 1421 1420
f 1412 1421 1422 1413
f 1127 1128 1422 1421
f 1120 1413 1422 1128
f 1218 1217 1423 1424
f 1423 1217 1237 1425
f 1219 1218 1424 1426
f 1220 1219 1426 1427
f 1221 1220 1427 1428
f 1221 1428 1429 1238
f 1237 1236 1430 1425
f 1430 1236 1252 1431
f 1239 1238 1429 1432
f 1239 1432 1433 1253
f 1431 1252 1266 1434
f 1253 1433 1435 1267
f 1281 1297 1436 1437
f 1266 1265 1438 1434
f 1438 1265 1281 1437
f 1298 1282 1439 1440
f 1268 1267 1435 1441
f 1268 1441 1439 1282
f 1436 1297 1296 1442
f 1298 1440 1443 1299
f 1312 1328 1444 1445
f 1442 1296 1312 1445
f 1329 1313 1446 1447
f 1299 1443 1446 1313
f 1327 1347 1448 1449
f 1444 1328 1327 1449
f 1347 1349 1450 1448
f 1349 1351 1451 1450
f 1351 1330 1452 1451
f 1329 1447 1452 1330
f 1424 1423 1453 1454
f 1453 1423 1425 1455
f 1426 1424 1454 1456
f 1427 1426 1456 1457
f 1428 1427 1457 1458
f 1428 1458 1459 1429
f 1425 1430 1460 1455
f 1460 1430 1431 1461
f 1432 1429 1459 1462
f 1432 1462 1463 1433
f 1461 1431 1434 1464
f 1433 1463 1465 1435
f 1437 1436 1466 1467
f 1434 1438 1468 1464
f 1468 1438 1437 1467
f 1440 1439 1469 1470
f 1441 1435 1465 1471
f 1441 1471 1469 1439
f 1466 1436 1442 1472
f 1440 1470 1473 1443
f 1445 1444 1474 1475
f 1472 1442 1445 1475
f 1447 1446 1476 1477
f 1443 1473 1476 1446
f 1449 1448 1478 1479
f 1474 1444 1449 1479
f 1448 1450 1480 1478
f 1450 1451 1481 1480
f 1451 1452 1482 1481
f 1447 1477 1482 1452
f 1454 1453 1483 1484
f 1483 1453 1455 1485
f 1456 1454 1484 1486
f 1457 1456 1486 1487
f 1458 1457 1487 1488
f 1458 1488 1489 1459
f 1455 1460 1490 1485
f 1490 1460 1461 1491
f 1462 1459 1489 1492
f 1462 1492 1493 1463
f 1491 1461 1464 1494
f 1463 1493 1495 1465
f 1467 1466 1496 1497
f 1464 1468 1498 1494
f 1498 1468 1467 1497
f 1470 1469 1499 1500
f 1471 1465 1495 1501
f 1471 1501 1499 1469
f 1496 1466 1472 1502
f 1470 1500 1503 1473
f 1475 1474 1504 1505
f 1502 1472 1475 1505
f 1477 1476 1506 1507
f 1473 1503 1506 1476
f 1479 1478 1508 1509
f 1504 1474 1479 1509
f 1478 1480 1510 1508
f 1480 1481 1511 1510
f 1481 1482 1512 1511
f 1477 1507 1512 1482
f 1484 1483 1513 1514
f 1513 1483 1485 1515
f 1486 1484 1514 1516
f 1487 1486 1516 1517
f 1488 1487 1517 1518
f 1488 1518 1519 1489
f 1485 1490 1520 1515
f 1520 1490 1491 1521
f 1492 1489 1519 1522
f 1492 1522 1523 1493
f 1521 1491 1494 1524
f 1493 1523 1525 1495
f 1497 1496 1526 1527
f 1494 1498 1528 1524
f 1528 1498 1497 1527
f 1500 1499 1529 1530
f 1501 1495 1525 1531
f 1501 1531 1529 1499
f 1526 1496 1502 1532
f 1500 1530 1533 1503
f 1505 1504 1534 1535
f 1532 1502 1505 1535
f 1507 1506 1536 1537
f 1503 1533 1536 1506
f 1509 1508 1538 1539
f 1534 1504 1509 1539
f 1508 1510 1540 1538
f 1510 1511 1541 1540
f 1511 1512 1542 1541
f 1507 1537 1542 1512
f 1543 1544 1545 1546
f 1543 1546 1547 1548
f 1547 1546 1545 1549
f 1550 1551 1544 1543
f 1550 1543 1548 1552
f 1553 1554 1551 1550
f 1553 1550 1552 1555
f 1556 1557 1554 1553
f 1556 1553 1555 1558
f 1556 1558 1559 1557
f 1560 1561 1562 1563
f 1560 1563 1564 1565
f 1564 1563 1562 1566
f 1545 1513 1561 1560
f 1545 1560 1565 1549
f 1544 1514 1513 1545
f 1551 1516 1514 1544
f 1554 1517 1516 1551
f 1557 1518 1517 1554
f 1567 1568 1518 1557
f 1567 1557 1559 1569
f 1570 1571 1568 1567
f 1570 1567 1569 1572
f 1570 1572 1573 1571
f 1562 1574 1575 1576
f 1562 1576 1577 1566
f 1577 1576 1575 1578
f 1561 1520 1574 1562
f 1513 1515 1520 1561
f 1568 1522 1519 1518
f 1571 1579 1522 1568
f 1580 1581 1579 1571
f 1580 1571 1573 1582
f 1580 1582 1583 1581
f 1574 1584 1585 1575
f 1578 1575 1585 1586
f 1520 1521 1584 1574
f 1579 1587 1523 1522
f 1581 1588 1587 1579
f 1581 1583 1589 1588
f 1584 1528 1590 1585
f 1586 1585 1590 1591
f 1521 1524 1528 1584
f 1587 1531 1525 1523
f 1588 1592 1531 1587
f 1588 1589 1593 1592
f 1590 1594 1595 1596
f 1595 1594 1597 1598
f 1590 1596 1599 1591
f 1599 1596 1595 1598
f 1528 1527 1594 1590
f 1592 1600 1529 1531
f 1601 1602 1600 1592
f 1600 1602 1603 1604
f 1601 1592 1593 1605
f 1601 1605 1603 1602
f 1527 1606 1607 1594
f 1597 1594 1607 1608
f 1526 1532 1606 1527
f 1529 1609 1533 1530
f 1600 1610 1609 1529
f 1600 1604 1611 1610
f 1606 1612 1613 1607
f 1608 1607 1613 1614
f 1532 1535 1612 1606
f 1609 1615 1536 1533
f 1610 1616 1615 1609
f 1610 1611 1617 1616
f 1612 1618 1619 1613
f 1619 1618 1620 1621
f 1614 1613 1619 1621
f 1535 1622 1618 1612
f 1534 1539 1622 1535
f 1536 1623 1542 1537
f 1615 1624 1623 1536
f 1616 1625 1624 1615
f 1624 1625 1626 1627
f 1616 1617 1626 1625
f 1622 1628 1629 1618
f 1629 1628 1630 1631
f 1620 1618 1629 1631
f 1539 1632 1628 1622
f 1628 1632 1633 1630
f 1538 1634 1632 1539
f 1540 1635 1634 1538
f 1541 1636 1635 1540
f 1542 1637 1636 1541
f 1623 1638 1637 1542
f 1637 1638 1639 1640
f 1624 1641 1638 1623
f 1638 1641 1642 1639
f 1624 1627 1642 1641
f 1634 1643 1644 1632
f 1644 1643 1645 1646
f 1633 1632 1644 1646
f 1635 1647 1643 1634
f 1643 1647 1648 1645
f 1636 1649 1647 1635
f 1647 1649 1650 1648
f 1637 1651 1649 1636
f 1649 1651 1652 1650
f 1637 1640 1652 1651
f 1653 1547 1654 1655
f 1653 1655 1656 1657
f 1656 1655 1654 1658
f 1659 1548 1547 1653
f 1659 1653 1657 1660
f 1661 1552 1548 1659
f 1661 1659 1660 1662
f 1663 1555 1552 1661
f 1663 1661 1662 1664
f 1665 1558 1555 1663
f 1665 1663 1664 1666
f 1667 1668 1558 1665
f 1667 1665 1666 1669
f 1667 1669 1670 1668
f 1654 1565 1564 1671
f 1654 1671 1672 1658
f 1672 1671 1564 1673
f 1547 1549 1565 1654
f 1668 1569 1559 1558
f 1674 1572 1569 1668
f 1674 1668 1670 1675
f 1674 1675 1676 1572
f 1564 1566 1577 1677
f 1564 1677 1678 1673
f 1678 1677 1577 1679
f 1680 1582 1573 1572
f 1680 1572 1676 1681
f 1680 1681 1682 1582
f 1577 1578 1683 1684
f 1577 1684 1685 1679
f 1685 1684 1683 1686
f 1687 1688 1583 1582
f 1687 1582 1682 1689
f 1687 1689 1690 1688
f 1578 1586 1691 1683
f 1686 1683 1691 1692
f 1688 1693 1589 1583
f 1688 1690 1694 1693
f 1586 1591 1599 1691
f 1692 1691 1599 1695
f 1693 1605 1593 1589
f 1693 1694 1696 1605
f 1599 1598 1697 1698
f 1697 1598 1699 1700
f 1599 1698 1701 1695
f 1701 1698 1697 1700
f 1702 1703 1603 1605
f 1603 1703 1704 1705
f 1702 1605 1696 1706
f 1702 1706 1704 1703
f 1597 1608 1707 1598
f 1699 1598 1707 1708
f 1603 1709 1611 1604
f 1603 1705 1710 1709
f 1608 1614 1711 1707
f 1708 1707 1711 1712
f 1709 1713 1617 1611
f 1709 1710 1714 1713
f 1614 1621 1715 1711
f 1715 1621 1716 1717
f 1712 1711 1715 1717
f 1713 1718 1626 1617
f 1626 1718 1719 1720
f 1713 1714 1719 1718
f 1620 1631 1721 1621
f 1721 1631 1722 1723
f 1716 1621 1721 1723
f 1626 1724 1642 1627
f 1642 1724 1725 1726
f 1626 1720 1725 1724
f 1630 1727 1728 1631
f 1728 1727 1729 1730
f 1722 1631 1728 1730
f 1633 1646 1727 1630
f 1639 1731 1652 1640
f 1642 1732 1731 1639
f 1731 1732 1733 1734
f 1642 1726 1733 1732
f 1646 1735 1736 1727
f 1736 1735 1737 1738
f 1729 1727 1736 1738
f 1645 1739 1735 1646
f 1735 1739 1740 1737
f 1648 1741 1739 1645
f 1739 1741 1742 1740
f 1650 1743 1741 1648
f 1741 1743 1744 1742
f 1652 1745 1743 1650
f 1743 1745 1746 1744
f 1731 1747 1745 1652
f 1745 1747 1748 1746
f 1731 1734 1748 1747
f 1749 1657 1656 1750
f 1749 1750 1751 1752
f 1751 1750 1656 1753
f 1754 1660 1657 1749
f 1754 1749 1752 1755
f 1756 1662 1660 1754
f 1756 1754 1755 1757
f 1758 1664 1662 1756
f 1758 1756 1757 1759
f 1760 1666 1664 1758
f 1760 1758 1759 1761
f 1762 1669 1666 1760
f 1762 1760 1761 1763
f 1762 1763 1764 1669
f 1765 1672 1766 1767
f 1765 1767 1768 1769
f 1768 1767 1766 1770
f 1656 1658 1672 1765
f 1656 1765 1769 1753
f 1771 1675 1670 1669
f 1771 1669 1764 1772
f 1773 1774 1675 1771
f 1773 1771 1772 1775
f 1773 1775 1776 1774
f 1766 1678 1777 1778
f 1766 1778 1779 1770
f 1779 1778 1777 1780
f 1672 1673 1678 1766
f 1774 1681 1676 1675
f 1781 1782 1681 1774
f 1781 1774 1776 1783
f 1781 1783 1784 1782
f 1678 1679 1685 1777
f 1780 1777 1685 1785
f 1782 1689 1682 1681
f 1782 1784 1786 1689
f 1685 1686 1787 1788
f 1685 1788 1789 1785
f 1789 1788 1787 1790
f 1791 1792 1690 1689
f 1791 1689 1786 1793
f 1791 1793 1794 1792
f 1686 1692 1795 1787
f 1790 1787 1795 1796
f 1792 1797 1694 1690
f 1792 1794 1798 1797
f 1692 1695 1701 1795
f 1796 1795 1701 1799
f 1797 1706 1696 1694
f 1797 1798 1800 1706
f 1701 1700 1801 1802
f 1801 1700 1803 1804
f 1701 1802 1805 1799
f 1805 1802 1801 1804
f 1806 1807 1704 1706
f 1704 1807 1808 1809
f 1806 1706 1800 1810
f 1806 1810 1808 1807
f 1699 1708 1811 1700
f 1803 1700 1811 1812
f 1704 1813 1710 1705
f 1704 1809 1814 1813
f 1708 1712 1815 1811
f 1812 1811 1815 1816
f 1813 1817 1714 1710
f 1813 1814 1818 1817
f 1712 1717 1819 1815
f 1819 1717 1820 1821
f 1816 1815 1819 1821
f 1817 1822 1719 1714
f 1719 1822 1823 1824
f 1817 1818 1823 1822
f 1716 1723 1825 1717
f 1820 1717 1825 1826
f 1719 1827 1725 1720
f 1719 1824 1828 1827
f 1723 1829 1830 1825
f 1830 1829 1831 1832
f 1826 1825 1830 1832
f 1722 1730 1829 1723
f 1725 1833 1733 1726
f 1827 1834 1833 1725
f 1833 1834 1835 1836
f 1827 1828 1835 1834
f 1730 1837 1838 1829
f 1838 1837 1839 1840
f 1831 1829 1838 1840
f 1729 1738 1837 1730
f 1837 1738 1841 1839
f 1733 1842 1748 1734
f 1748 1842 1843 1844
f 1833 1845 1842 1733
f 1842 1845 1846 1843
f 1833 1836 1846 1845
f 1737 1847 1848 1738
f 1848 1847 1849 1850
f 1841 1738 1848 1850
f 1740 1851 1847 1737
f 1847 1851 1852 1849
f 1742 1853 1851 1740
f 1851 1853 1854 1852
f 1744 1855 1853 1742
f 1853 1855 1856 1854
f 1746 1857 1855 1744
f 1855 1857 1858 1856
f 1748 1859 1857 1746
f 1857 1859 1860 1858
f 1748 1844 1860 1859
f 1861 1752 1751 1862
f 1861 1862 1863 1864
f 1863 1862 1751 1865
f 1866 1755 1752 1861
f 1866 1861 1864 1867
f 1868 1757 1755 1866
f 1868 1866 1867 1869
f 1870 1759 1757 1868
f 1870 1868 1869 1871
f 1872 1761 1759 1870
f 1872 1870 1871 1873
f 1874 1763 1761 1872
f 1874 1872 1873 1875
f 1874 1875 1876 1763
f 1877 1769 1768 1878
f 1877 1878 1879 1880
f 1879 1878 1768 1881
f 1751 1753 1769 1877
f 1751 1877 1880 1865
f 1882 1772 1764 1763
f 1882 1763 1876 1883
f 1884 1775 1772 1882
f 1884 1882 1883 1885
f 1884 1885 1886 1775
f 1768 1770 1779 1887
f 1768 1887 1888 1881
f 1888 1887 1779 1889
f 1890 1783 1776 1775
f 1890 1775 1886 1891
f 1890 1891 1892 1783
f 1779 1780 1893 1894
f 1779 1894 1895 1889
f 1895 1894 1893 1896
f 1897 1898 1784 1783
f 1897 1783 1892 1899
f 1897 1899 1900 1898
f 1893 1789 1901 1902
f 1893 1902 1903 1896
f 1903 1902 1901 1904
f 1780 1785 1789 1893
f 1898 1793 1786 1784
f 1905 1906 1793 1898
f 1905 1898 1900 1907
f 1905 1907 1908 1906
f 1789 1790 1909 1901
f 1904 1901 1909 1910
f 1906 1911 1794 1793
f 1906 1908 1912 1911
f 1790 1796 1913 1909
f 1910 1909 1913 1914
f 1911 1915 1798 1794
f 1911 1912 1916 1915
f 1796 1799 1805 1913
f 1914 1913 1805 1917
f 1915 1810 1800 1798
f 1915 1916 1918 1810
f 1805 1804 1919 1920
f 1919 1804 1921 1922
f 1805 1920 1923 1917
f 1923 1920 1919 1922
f 1924 1925 1808 1810
f 1808 1925 1926 1927
f 1924 1810 1918 1928
f 1924 1928 1926 1925
f 1803 1812 1929 1804
f 1921 1804 1929 1930
f 1808 1931 1814 1809
f 1808 1927 1932 1931
f 1812 1816 1933 1929
f 1930 1929 1933 1934
f 1931 1935 1818 1814
f 1931 1932 1936 1935
f 1816 1821 1937 1933
f 1934 1933 1937 1938
f 1935 1939 1823 1818
f 1935 1936 1940 1939
f 1821 1941 1942 1937
f 1942 1941 1943 1944
f 1938 1937 1942 1944
f 1820 1826 1941 1821
f 1823 1945 1828 1824
f 1939 1946 1945 1823
f 1945 1946 1947 1948
f 1939 1940 1947 1946
f 1826 1832 1949 1941
f 1949 1832 1950 1951
f 1943 1941 1949 1951
f 1945 1952 1835 1828
f 1835 1952 1953 1954
f 1945 1948 1953 1952
f 1831 1840 1955 1832
f 1955 1840 1956 1957
f 1950 1832 1955 1957
f 1835 1958 1846 1836
f 1846 1958 1959 1960
f 1835 1954 1959 1958
f 1839 1961 1962 1840
f 1962 1961 1963 1964
f 1956 1840 1962 1964
f 1841 1850 1961 1839
f 1961 1850 1965 1963
f 1843 1966 1860 1844
f 1860 1966 1967 1968
f 1846 1969 1966 1843
f 1966 1969 1970 1967
f 1846 1960 1970 1969
f 1849 1971 1972 1850
f 1972 1971 1973 1974
f 1965 1850 1972 1974
f 1852 1975 1971 1849
f 1971 1975 1976 1973
f 1854 1977 1975 1852
f 1975 1977 1978 1976
f 1856 1979 1977 1854
f 1977 1979 1980 1978
f 1858 1981 1979 1856
f 1979 1981 1982 1980
f 1860 1983 1981 1858
f 1981 1983 1984 1982
f 1860 1968 1984 1983
f 1985 1864 1863 1986
f 1985 1986 1987 1988
f 1987 1986 1863 1989
f 1990 1867 1864 1985
f 1990 1985 1988 1991
f 1992 1869 1867 1990
f 1992 1990 1991 1993
f 1994 1871 1869 1992
f 1994 1992 1993 1995
f 1996 1873 1871 1994
f 1996 1994 1995 1997
f 1998 1875 1873 1996
f 1998 1996 1997 1999
f 1998 1999 2000 1875
f 2001 1880 1879 2002
f 2001 2002 2003 2004
f 2003 2002 1879 2005
f 1863 1865 1880 2001
f 1863 2001 2004 1989
f 2006 1883 1876 1875
f 2006 1875 2000 2007
f 2008 1885 1883 2006
f 2008 2006 2007 2009
f 2008 2009 2010 1885
f 1879 1881 1888 2011
f 1879 2011 2012 2005
f 2012 2011 1888 2013
f 2014 1891 1886 1885
f 2014 1885 2010 2015
f 2014 2015 2016 1891
f 1888 1889 1895 2017
f 1888 2017 2018 2013
f 2018 2017 1895 2019
f 2020 1899 1892 1891
f 2020 1891 2016 2021
f 2020 2021 2022 1899
f 1895 1896 1903 2023
f 1895 2023 2024 2019
f 2024 2023 1903 2025
f 2026 1907 1900 1899
f 2026 1899 2022 2027
f 2026 2027 2028 1907
f 1903 1904 2029 2030
f 1903 2030 2031 2025
f 2031 2030 2029 2032
f 2033 2034 1908 1907
f 2033 1907 2028 2035
f 2033 2035 2036 2034
f 1904 1910 2037 2029
f 2032 2029 2037 2038
f 2034 2039 1912 1908
f 2034 2036 2040 2039
f 1910 1914 2041 2037
f 2038 2037 2041 2042
f 2039 2043 1916 1912
f 2039 2040 2044 2043
f 1914 1917 1923 2041
f 2042 2041 1923 2045
f 2043 1928 1918 1916
f 2043 2044 2046 1928
f 1923 1922 2047 2048
f 2047 1922 2049 2050
f 1923 2048 2051 2045
f 2051 2048 2047 2050
f 2052 2053 1926 1928
f 1926 2053 2054 2055
f 2052 1928 2046 2056
f 2052 2056 2054 2053
f 1921 1930 2057 1922
f 2049 1922 2057 2058
f 1926 2059 1932 1927
f 1926 2055 2060 2059
f 1930 1934 2061 2057
f 2058 2057 2061 2062
f 2059 2063 1936 1932
f 2059 2060 2064 2063
f 1934 1938 2065 2061
f 2062 2061 2065 2066
f 2063 2067 1940 1936
f 2063 2064 2068 2067
f 1938 1944 2069 2065
f 2069 1944 2070 2071
f 2066 2065 2069 2071
f 2067 2072 1947 1940
f 1947 2072 2073 2074
f 2067 2068 2073 2072
f 1943 1951 2075 1944
f 2075 1951 2076 2077
f 2070 1944 2075 2077
f 1947 2078 1953 1948
f 1953 2078 2079 2080
f 1947 2074 2079 2078
f 1950 1957 2081 1951
f 2081 1957 2082 2083
f 2076 1951 2081 2083
f 1953 2084 1959 1954
f 1959 2084 2085 2086
f 1953 2080 2085 2084
f 1956 1964 2087 1957
f 2087 1964 2088 2089
f 2082 1957 2087 2089
f 1959 2090 1970 1960
f 1970 2090 2091 2092
f 1959 2086 2091 2090
f 1963 2093 2094 1964
f 2094 2093 2095 2096
f 2088 1964 2094 2096
f 1965 1974 2093 1963
f 2093 1974 2097 2095
f 1967 2098 1984 1968
f 1984 2098 2099 2100
f 1970 2101 2098 1967
f 2098 2101 2102 2099
f 1970 2092 2102 2101
f 1973 2103 2104 1974
f 2104 2103 2105 2106
f 2097 1974 2104 2106
f 1976 2107 2103 1973
f 2103 2107 2108 2105
f 1978 2109 2107 1976
f 2107 2109 2110 2108
f 1980 2111 2109 1978
f 2109 2111 2112 2110
f 1982 2113 2111 1980
f 2111 2113 2114 2112
f 1984 2115 2113 1982
f 2113 2115 2116 2114
f 1984 2100 2116 2115
f 1988 1987 2117 2118
f 2117 1987 1989 2119
f 1991 1988 2118 2120
f 1993 1991 2120 2121
f 1995 1993 2121 2122
f 1997 1995 2122 2123
f 1999 1997 2123 2124
f 1999 2124 2125 2000
f 2004 2003 2126 2127
f 2126 2003 2005 2128
f 1989 2004 2127 2119
f 2007 2000 2125 2129
f 2009 2007 2129 2130
f 2009 2130 2131 2010
f 2005 2012 2132 2128
f 2132 2012 2013 2133
f 2015 2010 2131 2134
f 2015 2134 2135 2016
f 2013 2018 2136 2133
f 2136 2018 2019 2137
f 2021 2016 2135 2138
f 2021 2138 2139 2022
f 2019 2024 2140 2137
f 2140 2024 2025 2141
f 2027 2022 2139 2142
f 2027 2142 2143 2028
f 2025 2031 2144 2141
f 2144 2031 2032 2145
f 2035 2028 2143 2146
f 2035 2146 2147 2036
f 2145 2032 2038 2148
f 2036 2147 2149 2040
f 2148 2038 2042 2150
f 2040 2149 2151 2044
f 2150 2042 2045 2152
f 2044 2151 2153 2046
f 2050 2049 2154 2155
f 2045 2051 2156 2152
f 2156 2051 2050 2155
f 2055 2054 2157 2158
f 2056 2046 2153 2159
f 2056 2159 2157 2054
f 2154 2049 2058 2160
f 2055 2158 2161 2060
f 2160 2058 2062 2162
f 2060 2161 2163 2064
f 2162 2062 2066 2164
f 2064 2163 2165 2068
f 2071 2070 2166 2167
f 2164 2066 2071 2167
f 2074 2073 2168 2169
f 2068 2165 2168 2073
f 2077 2076 2170 2171
f 2166 2070 2077 2171
f 2080 2079 2172 2173
f 2074 2169 2172 2079
f 2083 2082 2174 2175
f 2170 2076 2083 2175
f 2086 2085 2176 2177
f 2080 2173 2176 2085
f 2089 2088 2178 2179
f 2174 2082 2089 2179
f 2092 2091 2180 2181
f 2086 2177 2180 2091
f 2096 2095 2182 2183
f 2178 2088 2096 2183
f 2095 2097 2184 2182
f 2100 2099 2185 2186
f 2099 2102 2187 2185
f 2092 2181 2187 2102
f 2106 2105 2188 2189
f 2184 2097 2106 2189
f 2105 2108 2190 2188
f 2108 2110 2191 2190
f 2110 2112 2192 2191
f 2112 2114 2193 2192
f 2114 2116 2194 2193
f 2100 2186 2194 2116
f 2118 2117 2195 2196
f 2195 2117 2119 2197
f 2120 2118 2196 2198
f 2121 2120 2198 2199
f 2122 2121 2199 2200
f 2123 2122 2200 2201
f 2124 2123 2201 2202
f 2124 2202 2203 2125
f 2127 2126 2204 2205
f 2204 2126 2128 2206
f 2119 2127 2205 2197
f 2129 2125 2203 2207
f 2130 2129 2207 2208
f 2130 2208 2209 2131
f 2128 2132 2210 2206
f 2210 2132 2133 2211
f 2134 2131 2209 2212
f 2134 2212 2213 2135
f 2133 2136 2214 2211
f 2214 2136 2137 2215
f 2138 2135 2213 2216
f 2138 2216 2217 2139
f 2137 2140 2218 2215
f 2218 2140 2141 2219
f 2142 2139 2217 2220
f 2142 2220 2221 2143
f 2141 2144 2222 2219
f 2222 2144 2145 2223
f 2146 2143 2221 2224
f 2146 2224 2225 2147
f 2223 2145 2148 2226
f 2147 2225 2227 2149
f 2226 2148 2150 2228
f 2149 2227 2229 2151
f 2228 2150 2152 2230
f 2151 2229 2231 2153
f 2155 2154 2232 2233
f 2152 2156 2234 2230
f 2234 2156 2155 2233
f 2158 2157 2235 2236
f 2159 2153 2231 2237
f 2159 2237 2235 2157
f 2232 2154 2160 2238
f 2158 2236 2239 2161
f 2238 2160 2162 2240
f 2161 2239 2241 2163
f 2240 2162 2164 2242
f 2163 2241 2243 2165
f 2167 2166 2244 2245
f 2242 2164 2167 2245
f 2169 2168 2246 2247
f 2165 2243 2246 2168
f 2171 2170 2248 2249
f 2244 2166 2171 2249
f 2173 2172 2250 2251
f 2169 2247 2250 2172
f 2175 2174 2252 2253
f 2248 2170 2175 2253
f 2177 2176 2254 2255
f 2173 2251 2254 2176
f 2179 2178 2256 2257
f 2252 2174 2179 2257
f 2181 2180 2258 2259
f 2177 2255 2258 2180
f 2183 2182 2260 2261
f 2256 2178 2183 2261
f 2182 2184 2262 2260
f 2186 2185 2263 2264
f 2185 2187 2265 2263
f 2181 2259 2265 2187
f 2189 2188 2266 2267
f 2262 2184 2189 2267
f 2188 2190 2268 2266
f 2190 2191 2269 2268
f 2191 2192 2270 2269
f 2192 2193 2271 2270
f 2193 2194 2272 2271
f 2186 2264 2272 2194
f 2196 2195 2273 2274
f 2273 2195 2197 2275
f 2198 2196 2274 2276
f 2199 2198 2276 2277
f 2200 2199 2277 2278
f 2201 2200 2278 2279
f 2202 2201 2279 2280
f 2202 2280 2281 2203
f 2205 2204 2282 2283
f 2282 2204 2206 2284
f 2197 2205 2283 2275
f 2207 2203 2281 2285
f 2208 2207 2285 2286
f 2208 2286 2287 2209
f 2206 2210 2288 2284
f 2288 2210 2211 2289
f 2212 2209 2287 2290
f 2212 2290 2291 2213
f 2211 2214 2292 2289
f 2292 2214 2215 2293
f 2216 2213 2291 2294
f 2216 2294 2295 2217
f 2215 2218 2296 2293
f 2296 2218 2219 2297
f 2220 2217 2295 2298
f 2220 2298 2299 2221
f 2219 2222 2300 2297
f 2300 2222 2223 2301
f 2224 2221 2299 2302
f 2224 2302 2303 2225
f 2301 2223 2226 2304
f 2225 2303 2305 2227
f 2304 2226 2228 2306
f 2227 2305 2307 2229
f 2306 2228 2230 2308
f 2229 2307 2309 2231
f 2233 2232 2310 2311
f 2230 2234 2312 2308
f 2312 2234 2233 2311
f 2236 2235 2313 2314
f 2237 2231 2309 2315
f 2237 2315 2313 2235
f 2310 2232 2238 2316
f 2236 2314 2317 2239
f 2316 2238 2240 2318
f 2239 2317 2319 2241
f 2318 2240 2242 2320
f 2241 2319 2321 2243
f 2245 2244 2322 2323
f 2320 2242 2245 2323
f 2247 2246 2324 2325
f 2243 2321 2324 2246
f 2249 2248 2326 2327
f 2322 2244 2249 2327
f 2251 2250 2328 2329
f 2247 2325 2328 2250
f 2253 2252 2330 2331
f 2326 2248 2253 2331
f 2255 2254 2332 2333
f 2251 2329 2332 2254
f 2257 2256 2334 2335
f 2330 2252 2257 2335
f 2259 2258 2336 2337
f 2255 2333 2336 2258
f 2261 2260 2338 2339
f 2334 2256 2261 2339
f 2260 2262 2340 2338
f 2264 2263 2341 2342
f 2263 2265 2343 2341
f 2259 2337 2343 2265
f 2267 2266 2344 2345
f 2340 2262 2267 2345
f 2266 2268 2346 2344
f 2268 2269 2347 2346
f 2269 2270 2348 2347
f 2270 2271 2349 2348
f 2271 2272 2350 2349
f 2264 2342 2350 2272
f 2274 2273 2351 2352
f 2351 2273 2275 2353
f 2276 2274 2352 2354
f 2277 2276 2354 2355
f 2278 2277 2355 2356
f 2279 2278 2356 2357
f 2280 2279 2357 2358
f 2280 2358 2359 2281
f 2283 2282 2360 2361
f 2360 2282 2284 2362
f 2275 2283 2361 2353
f 2285 2281 2359 2363
f 2286 2285 2363 2364
f 2286 2364 2365 2287
f 2284 2288 2366 2362
f 2366 2288 2289 2367
f 2290 2287 2365 2368
f 2290 2368 2369 2291
f 2289 2292 2370 2367
f 2370 2292 2293 2371
f 2294 2291 2369 2372
f 2294 2372 2373 2295
f 2293 2296 2374 2371
f 2374 2296 2297 2375
f 2298 2295 2373 2376
f 2298 2376 2377 2299
f 2297 2300 2378 2375
f 2378 2300 2301 2379
f 2302 2299 2377 2380
f 2302 2380 2381 2303
f 2379 2301 2304 2382
f 2303 2381 2383 2305
f 2382 2304 2306 2384
f 2305 2383 2385 2307
f 2384 2306 2308 2386
f 2307 2385 2387 2309
f 2311 2310 2388 2389
f 2308 2312 2390 2386
f 2390 2312 2311 2389
f 2314 2313 2391 2392
f 2315 2309 2387 2393
f 2315 2393 2391 2313
f 2388 2310 2316 2394
f 2314 2392 2395 2317
f 2394 2316 2318 2396
f 2317 2395 2397 2319
f 2396 2318 2320 2398
f 2319 2397 2399 2321
f 2323 2322 2400 2401
f 2398 2320 2323 2401
f 2325 2324 2402 2403
f 2321 2399 2402 2324
f 2327 2326 2404 2405
f 2400 2322 2327 2405
f 2329 2328 2406 2407
f 2325 2403 2406 2328
f 2331 2330 2408 2409
f 2404 2326 2331 2409
f 2333 2332 2410 2411
f 2329 2407 2410 2332
f 2335 2334 2412 2413
f 2408 2330 2335 2413
f 2337 2336 2414 2415
f 2333 2411 2414 2336
f 2339 2338 2416 2417
f 2412 2334 2339 2417
f 2338 2340 2418 2416
f 2342 2341 2419 2420
f 2341 2343 2421 2419
f 2337 2415 2421 2343
f 2345 2344 2422 2423
f 2418 2340 2345 2423
f 2344 2346 2424 2422
f 2346 2347 2425 2424
f 2347 2348 2426 2425
f 2348 2349 2427 2426
f 2349 2350 2428 2427
f 2342 2420 2428 2350
f 2352 2351 2429 2430
f 2429 2351 2353 2431
f 2354 2352 2430 2432
f 2355 2354 2432 2433
f 2356 2355 2433 2434
f 2357 2356 2434 2435
f 2358 2357 2435 2436
f 2358 2436 2437 2359
f 2361 2360 2438 2439
f 2438 2360 2362 2440
f 2353 2361 2439 2431
f 2363 2359 2437 2441
f 2364 2363 2441 2442
f 2364 2442 2443 2365
f 2362 2366 2444 2440
f 2444 2366 2367 2445
f 2368 2365 2443 2446
f 2368 2446 2447 2369
f 2367 2370 2448 2445
f 2448 2370 2371 2449
f 2372 2369 2447 2450
f 2372 2450 2451 2373
f 2371 2374 2452 2449
f 2452 2374 2375 2453
f 2376 2373 2451 2454
f 2376 2454 2455 2377
f 2375 2378 2456 2453
f 2456 2378 2379 2457
f 2380 2377 2455 2458
f 2380 2458 2459 2381
f 2457 2379 2382 2460
f 2381 2459 2461 2383
f 2460 2382 2384 2462
f 2383 2461 2463 2385
f 2462 2384 2386 2464
f 2385 2463 2465 2387
f 2389 2388 2466 2467
f 2386 2390 2468 2464
f 2468 2390 2389 2467
f 2392 2391 2469 2470
f 2393 2387 2465 2471
f 2393 2471 2469 2391
f 2466 2388 2394 2472
f 2392 2470 2473 2395
f 2472 2394 2396 2474
f 2395 2473 2475 2397
f 2474 2396 2398 2476
f 2397 2475 2477 2399
f 2401 2400 2478 2479
f 2476 2398 2401 2479
f 2403 2402 2480 2481
f 2399 2477 2480 2402
f 2405 2404 2482 2483
f 2478 2400 2405 2483
f 2407 2406 2484 2485
f 2403 2481 2484 2406
f 2409 2408 2486 2487
f 2482 2404 2409 2487
f 2411 2410 2488 2489
f 2407 2485 2488 2410
f 2413 2412 2490 2491
f 2486 2408 2413 2491
f 2415 2414 2492 2493
f 2411 2489 2492 2414
f 2417 2416 2494 2495
f 2490 2412 2417 2495
f 2416 2418 2496 2494
f 2420 2419 2497 2498
f 2419 2421 2499 2497
f 2415 2493 2499 2421
f 2423 2422 2500 2501
f 2496 2418 2423 2501
f 2422 2424 2502 2500
f 2424 2425 2503 2502
f 2425 2426 2504 2503
f 2426 2427 2505 2504
f 2427 2428 2506 2505
f 2420 2498 2506 2428
f 2430 2429 2507 2508
f 2507 2429 2431 2509
f 2432 2430 2508 2510
f 2433 2432 2510 2511
f 2434 2433 2511 2512
f 2435 2434 2512 2513
f 2436 2435 2513 2514
f 2436 2514 2515 2437
f 2439 2438 2516 2517
f 2516 2438 2440 2518
f 2431 2439 2517 2509
f 2441 2437 2515 2519
f 2442 2441 2519 2520
f 2442 2520 2521 2443
f 2440 2444 2522 2518
f 2522 2444 2445 2523
f 2446 2443 2521 2524
f 2446 2524 2525 2447
f 2445 2448 2526 2523
f 2526 2448 2449 2527
f 2450 2447 2525 2528
f 2450 2528 2529 2451
f 2449 2452 2530 2527
f 2530 2452 2453 2531
f 2454 2451 2529 2532
f 2454 2532 2533 2455
f 2453 2456 2534 2531
f 2534 2456 2457 2535
f 2458 2455 2533 2536
f 2458 2536 2537 2459
f 2535 2457 2460 2538
f 2459 2537 2539 2461
f 2538 2460 2462 2540
f 2461 2539 2541 2463
f 2540 2462 2464 2542
f 2463 2541 2543 2465
f 2467 2466 2544 2545
f 2464 2468 2546 2542
f 2546 2468 2467 2545
f 2470 2469 2547 2548
f 2471 2465 2543 2549
f 2471 2549 2547 2469
f 2544 2466 2472 2550
f 2470 2548 2551 2473
f 2550 2472 2474 2552
f 2473 2551 2553 2475
f 2552 2474 2476 2554
f 2475 2553 2555 2477
f 2479 2478 2556 2557
f 2554 2476 2479 2557
f 2481 2480 2558 2559
f 2477 2555 2558 2480
f 2483 2482 2560 2561
f 2556 2478 2483 2561
f 2485 2484 2562 2563
f 2481 2559 2562 2484
f 2487 2486 2564 2565
f 2560 2482 2487 2565
f 2489 2488 2566 2567
f 2485 2563 2566 2488
f 2491 2490 2568 2569
f 2564 2486 2491 2569
f 2493 2492 2570 2571
f 2489 2567 2570 2492
f 2495 2494 2572 2573
f 2568 2490 2495 2573
f 2494 2496 2574 2572
f 2498 2497 2575 2576
f 2497 2499 2577 2575
f 2493 2571 2577 2499
f 2501 2500 2578 2579
f 2574 2496 2501 2579
f 2500 2502 2580 2578
f 2502 2503 2581 2580
f 2503 2504 2582 2581
f 2504 2505 2583 2582
f 2505 2506 2584 2583
f 2498 2576 2584 2506
f 2585 2586 2587 2588
f 2508 2507 2585 2588
f 2585 2507 2509 2586
f 2588 2587 2589 2590
f 2510 2508 2588 2590
f 2590 2589 2591 2592
f 2511 2510 2590 2592
f 2592 2591 2593 2594
f 2512 2511 2592 2594
f 2594 2593 2595 2596
f 2513 2512 2594 2596
f 2596 2595 2597 2598
f 2514 2513 2596 2598
f 2514 2598 2597 2515
f 2599 2600 2601 2602
f 2517 2516 2599 2602
f 2599 2516 2518 2600
f 2602 2601 2603 2586
f 2509 2517 2602 2586
f 2597 2604 2605 2606
f 2519 2515 2597 2606
f 2606 2605 2607 2608
f 2520 2519 2606 2608
f 2520 2608 2607 2521
f 2609 2610 2611 2600
f 2518 2522 2609 2600
f 2609 2522 2523 2610
f 2607 2612 2613 2614
f 2524 2521 2607 2614
f 2524 2614 2613 2525
f 2615 2616 2617 2610
f 2523 2526 2615 2610
f 2615 2526 2527 2616
f 2613 2618 2619 2620
f 2528 2525 2613 2620
f 2528 2620 2619 2529
f 2621 2622 2623 2616
f 2527 2530 2621 2616
f 2621 2530 2531 2622
f 2619 2624 2625 2626
f 2532 2529 2619 2626
f 2532 2626 2625 2533
f 2627 2628 2629 2622
f 2531 2534 2627 2622
f 2627 2534 2535 2628
f 2625 2630 2631 2632
f 2536 2533 2625 2632
f 2536 2632 2631 2537
f 2628 2633 2634 2629
f 2628 2535 2538 2633
f 2630 2635 2636 2631
f 2537 2631 2636 2539
f 2633 2637 2638 2634
f 2633 2538 2540 2637
f 2635 2639 2640 2636
f 2539 2636 2640 2541
f 2637 2641 2642 2638
f 2637 2540 2542 2641
f 2639 2643 2644 2640
f 2541 2640 2644 2543
f 2645 2646 2647 2641
f 2545 2544 2647 2646
f 2542 2546 2645 2641
f 2645 2546 2545 2646
f 2644 2648 2649 2650
f 2548 2547 2649 2648
f 2549 2543 2644 2650
f 2549 2650 2649 2547
f 2647 2651 2652 2653
f 2647 2544 2550 2651
f 2654 2655 2656 2648
f 2548 2648 2656 2551
f 2651 2657 2658 2652
f 2651 2550 2552 2657
f 2655 2659 2660 2656
f 2551 2656 2660 2553
f 2657 2661 2662 2658
f 2657 2552 2554 2661
f 2659 2663 2664 2660
f 2553 2660 2664 2555
f 2661 2665 2666 2662
f 2557 2556 2666 2665
f 2661 2554 2557 2665
f 2663 2667 2668 2664
f 2559 2558 2668 2667
f 2555 2664 2668 2558
f 2666 2669 2670 2671
f 2561 2560 2670 2669
f 2666 2556 2561 2669
f 2672 2673 2674 2667
f 2563 2562 2674 2673
f 2559 2667 2674 2562
f 2670 2675 2676 2677
f 2565 2564 2676 2675
f 2670 2560 2565 2675
f 2678 2679 2680 2673
f 2567 2566 2680 2679
f 2563 2673 2680 2566
f 2676 2681 2682 2683
f 2569 2568 2682 2681
f 2676 2564 2569 2681
f 2684 2685 2686 2679
f 2571 2570 2686 2685
f 2567 2679 2686 2570
f 2682 2687 2688 2689
f 2573 2572 2688 2687
f 2682 2568 2573 2687
f 2689 2688 2690 2691
f 2572 2574 2690 2688
f 2692 2693 2694 2695
f 2576 2575 2694 2693
f 2695 2694 2696 2685
f 2575 2577 2696 2694
f 2571 2685 2696 2577
f 2690 2697 2698 2699
f 2579 2578 2698 2697
f 2690 2574 2579 2697
f 2699 2698 2700 2701
f 2578 2580 2700 2698
f 2701 2700 2702 2703
f 2580 2581 2702 2700
f 2703 2702 2704 2705
f 2581 2582 2704 2702
f 2705 2704 2706 2707
f 2582 2583 2706 2704
f 2707 2706 2708 2693
f 2583 2584 2708 2706
f 2576 2693 2708 2584
f 2587 2586 2709 2710
f 2709 2586 2603 2711
f 2589 2587 2710 2712
f 2591 2589 2712 2713
f 2593 2591 2713 2714
f 2595 2593 2714 2715
f 2597 2595 2715 2716
f 2597 2716 2717 2604
f 2601 2600 2718 2719
f 2718 2600 2611 2720
f 2603 2601 2719 2711
f 2605 2604 2717 2721
f 2607 2605 2721 2722
f 2607 2722 2723 2612
f 2611 2610 2724 2720
f 2724 2610 2617 2725
f 2613 2612 2723 2726
f 2613 2726 2727 2618
f 2617 2616 2728 2725
f 2728 2616 2623 2729
f 2619 2618 2727 2730
f 2619 2730 2731 2624
f 2623 2622 2732 2729
f 2732 2622 2629 2733
f 2625 2624 2731 2734
f 2625 2734 2735 2630
f 2733 2629 2634 2736
f 2630 2735 2737 2635
f 2736 2634 2638 2738
f 2635 2737 2739 2639
f 2738 2638 2642 2740
f 2639 2739 2741 2643
f 2647 2653 2742 2743
f 2642 2641 2744 2740
f 2744 2641 2647 2743
f 2654 2648 2745 2746
f 2644 2643 2741 2747
f 2644 2747 2745 2648
f 2742 2653 2652 2748
f 2654 2746 2749 2655
f 2748 2652 2658 2750
f 2655 2749 2751 2659
f 2750 2658 2662 2752
f 2659 2751 2753 2663
f 2666 2671 2754 2755
f 2752 2662 2666 2755
f 2672 2667 2756 2757
f 2663 2753 2756 2667
f 2670 2677 2758 2759
f 2754 2671 2670 2759
f 2678 2673 2760 2761
f 2672 2757 2760 2673
f 2676 2683 2762 2763
f 2758 2677 2676 2763
f 2684 2679 2764 2765
f 2678 2761 2764 2679
f 2682 2689 2766 2767
f 2762 2683 2682 2767
f 2689 2691 2768 2766
f 2692 2695 2769 2770
f 2695 2685 2771 2769
f 2684 2765 2771 2685
f 2690 2699 2772 2773
f 2768 2691 2690 2773
f 2699 2701 2774 2772
f 2701 2703 2775 2774
f 2703 2705 2776 2775
f 2705 2707 2777 2776
f 2707 2693 2778 2777
f 2692 2770 2778 2693
f 2710 2709 2779 2780
f 2779 2709 2711 2781
f 2712 2710 2780 2782
f 2713 2712 2782 2783
f 2714 2713 2783 2784
f 2715 2714 2784 2785
f 2716 2715 2785 2786
f 2716 2786 2787 2717
f 2719 2718 2788 2789
f 2788 2718 2720 2790
f 2711 2719 2789 2781
f 2721 2717 2787 2791
f 2722 2721 2791 2792
f 2722 2792 2793 2723
f 2720 2724 2794 2790
f 2794 2724 2725 2795
f 2726 2723 2793 2796
f 2726 2796 2797 2727
f 2725 2728 2798 2795
f 2798 2728 2729 2799
f 2730 2727 2797 2800
f 2730 2800 2801 2731
f 2729 2732 2802 2799
f 2802 2732 2733 2803
f 2734 2731 2801 2804
f 2734 2804 2805 2735
f 2803 2733 2736 2806
f 2735 2805 2807 2737
f 2806 2736 2738 2808
f 2737 2807 2809 2739
f 2808 2738 2740 2810
f 2739 2809 2811 2741
f 2743 2742 2812 2813
f 2740 2744 2814 2810
f 2814 2744 2743 2813
f 2746 2745 2815 2816
f 2747 2741 2811 2817
f 2747 2817 2815 2745
f 2812 2742 2748 2818
f 2746 2816 2819 2749
f 2818 2748 2750 2820
f 2749 2819 2821 2751
f 2820 2750 2752 2822
f 2751 2821 2823 2753
f 2755 2754 2824 2825
f 2822 2752 2755 2825
f 2757 2756 2826 2827
f 2753 2823 2826 2756
f 2759 2758 2828 2829
f 2824 2754 2759 2829
f 2761 2760 2830 2831
f 2757 2827 2830 2760
f 2763 2762 2832 2833
f 2828 2758 2763 2833
f 2765 2764 2834 2835
f 2761 2831 2834 2764
f 2767 2766 2836 2837
f 2832 2762 2767 2837
f 2766 2768 2838 2836
f 2770 2769 2839 2840
f 2769 2771 2841 2839
f 2765 2835 2841 2771
f 2773 2772 2842 2843
f 2838 2768 2773 2843
f 2772 2774 2844 2842
f 2774 2775 2845 2844
f 2775 2776 2846 2845
f 2776 2777 2847 2846
f 2777 2778 2848 2847
f 2770 2840 2848 2778
f 2849 2850 2851 2852
f 2780 2779 2849 2852
f 2849 2779 2781 2850
f 2852 2851 2853 2854
f 2782 2780 2852 2854
f 2854 2853 2855 2856
f 2783 2782 2854 2856
f 2856 2855 2857 2858
f 2784 2783 2856 2858
f 2858 2857 2859 2860
f 2785 2784 2858 2860
f 2860 2859 2861 2862
f 2786 2785 2860 2862
f 2786 2862 2861 2787
f 2863 2864 2865 2866
f 2789 2788 2863 2866
f 2863 2788 2790 2864
f 2866 2865 2867 2850
f 2781 2789 2866 2850
f 2861 2868 2869 2870
f 2791 2787 2861 2870
f 2870 2869 2871 2872
f 2792 2791 2870 2872
f 2792 2872 2871 2793
f 2873 2874 2875 2864
f 2790 2794 2873 2864
f 2873 2794 2795 2874
f 2871 2876 2877 2878
f 2796 2793 2871 2878
f 2796 2878 2877 2797
f 2879 2880 2881 2874
f 2795 2798 2879 2874
f 2879 2798 2799 2880
f 2877 2882 2883 2884
f 2800 2797 2877 2884
f 2800 2884 2883 2801
f 2885 2886 2887 2880
f 2799 2802 2885 2880
f 2885 2802 2803 2886
f 2880 2887 2888 2881
f 2882 2889 2890 2883
f 2883 2890 2891 2892
f 2804 2801 2883 2892
f 2804 2892 2891 2805
f 2886 2893 2894 2887
f 2886 2803 2806 2893
f 2890 2895 2896 2891
f 2805 2891 2896 2807
f 2893 2897 2898 2894
f 2893 2806 2808 2897
f 2895 2899 2900 2896
f 2807 2896 2900 2809
f 2897 2901 2902 2898
f 2897 2808 2810 2901
f 2899 2903 2904 2900
f 2809 2900 2904 2811
f 2905 2906 2907 2901
f 2813 2812 2907 2906
f 2810 2814 2905 2901
f 2905 2814 2813 2906
f 2904 2908 2909 2910
f 2816 2815 2909 2908
f 2817 2811 2904 2910
f 2817 2910 2909 2815
f 2907 2911 2912 2913
f 2907 2812 2818 2911
f 2914 2915 2916 2908
f 2816 2908 2916 2819
f 2911 2917 2918 2912
f 2911 2818 2820 2917
f 2915 2919 2920 2916
f 2819 2916 2920 2821
f 2917 2921 2922 2918
f 2917 2820 2822 2921
f 2919 2923 2924 2920
f 2821 2920 2924 2823
f 2921 2925 2926 2922
f 2825 2824 2926 2925
f 2921 2822 2825 2925
f 2922 2926 2927 2928
f 2929 2930 2931 2923
f 2923 2931 2932 2924
f 2827 2826 2932 2931
f 2823 2924 2932 2826
f 2926 2933 2934 2927
f 2829 2828 2934 2933
f 2926 2824 2829 2933
f 2930 2935 2936 2931
f 2831 2830 2936 2935
f 2827 2931 2936 2830
f 2934 2937 2938 2939
f 2833 2832 2938 2937
f 2934 2828 2833 2937
f 2940 2941 2942 2935
f 2835 2834 2942 2941
f 2831 2935 2942 2834
f 2938 2943 2944 2945
f 2837 2836 2944 2943
f 2938 2832 2837 2943
f 2945 2944 2946 2947
f 2836 2838 2946 2944
f 2948 2949 2950 2951
f 2840 2839 2950 2949
f 2951 2950 2952 2941
f 2839 2841 2952 2950
f 2835 2941 2952 2841
f 2946 2953 2954 2955
f 2843 2842 2954 2953
f 2946 2838 2843 2953
f 2955 2954 2956 2957
f 2842 2844 2956 2954
f 2957 2956 2958 2959
f 2844 2845 2958 2956
f 2959 2958 2960 2961
f 2845 2846 2960 2958
f 2961 2960 2962 2963
f 2846 2847 2962 2960
f 2963 2962 2964 2949
f 2847 2848 2964 2962
f 2840 2949 2964 2848
f 2851 2850 2965 2966
f 2965 2850 2867 2967
f 2853 2851 2966 2968
f 2855 2853 2968 2969
f 2857 2855 2969 2970
f 2859 2857 2970 2971
f 2861 2859 2971 2972
f 2861 2972 2973 2868
f 2865 2864 2974 2975
f 2974 2864 2875 2976
f 2867 2865 2975 2967
f 2869 2868 2973 2977
f 2871 2869 2977 2978
f 2871 2978 2979 2876
f 2875 2874 2980 2976
f 2980 2874 2881 2981
f 2877 2876 2979 2982
f 2877 2982 2983 2882
f 2981 2881 2888 2984
f 2882 2983 2985 2889
f 2888 2887 2986 2984
f 2986 2887 2894 2987
f 2890 2889 2985 2988
f 2890 2988 2989 2895
f 2987 2894 2898 2990
f 2895 2989 2991 2899
f 2990 2898 2902 2992
f 2899 2991 2993 2903
f 2907 2913 2994 2995
f 2902 2901 2996 2992
f 2996 2901 2907 2995
f 2914 2908 2997 2998
f 2904 2903 2993 2999
f 2904 2999 2997 2908
f 2994 2913 2912 3000
f 2914 2998 3001 2915
f 3000 2912 2918 3002
f 2915 3001 3003 2919
f 2922 2928 3004 3005
f 3002 2918 2922 3005
f 2929 2923 3006 3007
f 2919 3003 3006 2923
f 3004 2928 2927 3008
f 2929 3007 3009 2930
f 2934 2939 3010 3011
f 3008 2927 2934 3011
f 2940 2935 3012 3013
f 2930 3009 3012 2935
f 2938 2945 3014 3015
f 3010 2939 2938 3015
f 2945 2947 3016 3014
f 2948 2951 3017 3018
f 2951 2941 3019 3017
f 2940 3013 3019 2941
f 2946 2955 3020 3021
f 3016 2947 2946 3021
f 2955 2957 3022 3020
f 2957 2959 3023 3022
f 2959 2961 3024 3023
f 2961 2963 3025 3024
f 2963 2949 3026 3025
f 2948 3018 3026 2949
f 2966 2965 3027 3028
f 3027 2965 2967 3029
f 2968 2966 3028 3030
f 2969 2968 3030 3031
f 2970 2969 3031 3032
f 2971 2970 3032 3033
f 2972 2971 3033 3034
f 2972 3034 3035 2973
f 2975 2974 3036 3037
f 3036 2974 2976 3038
f 2967 2975 3037 3029
f 2977 2973 3035 3039
f 2978 2977 3039 3040
f 2978 3040 3041 2979
f 2976 2980 3042 3038
f 3042 2980 2981 3043
f 2982 2979 3041 3044
f 2982 3044 3045 2983
f 3043 2981 2984 3046
f 2983 3045 3047 2985
f 2984 2986 3048 3046
f 3048 2986 2987 3049
f 2988 2985 3047 3050
f 2988 3050 3051 2989
f 3049 2987 2990 3052
f 2989 3051 3053 2991
f 3052 2990 2992 3054
f 2991 3053 3055 2993
f 2995 2994 3056 3057
f 2992 2996 3058 3054
f 3058 2996 2995 3057
f 2998 2997 3059 3060
f 2999 2993 3055 3061
f 2999 3061 3059 2997
f 3056 2994 3000 3062
f 2998 3060 3063 3001
f 3062 3000 3002 3064
f 3001 3063 3065 3003
f 3005 3004 3066 3067
f 3064 3002 3005 3067
f 3007 3006 3068 3069
f 3003 3065 3068 3006
f 3066 3004 3008 3070
f 3007 3069 3071 3009
f 3011 3010 3072 3073
f 3070 3008 3011 3073
f 3013 3012 3074 3075
f 3009 3071 3074 3012
f 3015 3014 3076 3077
f 3072 3010 3015 3077
f 3014 3016 3078 3076
f 3018 3017 3079 3080
f 3017 3019 3081 3079
f 3013 3075 3081 3019
f 3021 3020 3082 3083
f 3078 3016 3021 3083
f 3020 3022 3084 3082
f 3022 3023 3085 3084
f 3023 3024 3086 3085
f 3024 3025 3087 3086
f 3025 3026 3088 3087
f 3018 3080 3088 3026
f 3089 3090 3091 3092
f 3028 3027 3089 3092
f 3089 3027 3029 3090
f 3092 3091 3093 3094
f 3030 3028 3092 3094
f 3094 3093 3095 3096
f 3031 3030 3094 3096
f 3096 3095 3097 3098
f 3032 3031 3096 3098
f 3098 3097 3099 3100
f 3033 3032 3098 3100
f 3100 3099 3101 3102
f 3034 3033 3100 3102
f 3034 3102 3101 3035
f 3103 3104 3105 3106
f 3037 3036 3103 3106
f 3103 3036 3038 3104
f 3106 3105 3107 3090
f 3029 3037 3106 3090
f 3101 3108 3109 3110
f 3039 3035 3101 3110
f 3110 3109 3111 3112
f 3040 3039 3110 3112
f 3040 3112 3111 3041
f 3113 3114 3115 3104
f 3038 3042 3113 3104
f 3113 3042 3043 3114
f 3104 3115 3116 3105
f 3109 3117 3118 3111
f 3111 3118 3119 3120
f 3044 3041 3111 3120
f 3044 3120 3119 3045
f 3114 3121 3122 3115
f 3114 3043 3046 3121
f 3118 3123 3124 3119
f 3045 3119 3124 3047
f 3125 3126 3127 3121
f 3046 3048 3125 3121
f 3125 3048 3049 3126
f 3124 3128 3129 3130
f 3050 3047 3124 3130
f 3050 3130 3129 3051
f 3126 3131 3132 3127
f 3126 3049 3052 3131
f 3128 3133 3134 3129
f 3051 3129 3134 3053
f 3131 3135 3136 3132
f 3131 3052 3054 3135
f 3133 3137 3138 3134
f 3053 3134 3138 3055
f 3139 3140 3141 3135
f 3057 3056 3141 3140
f 3054 3058 3139 3135
f 3139 3058 3057 3140
f 3138 3142 3143 3144
f 3060 3059 3143 3142
f 3061 3055 3138 3144
f 3061 3144 3143 3059
f 3141 3145 3146 3147
f 3141 3056 3062 3145
f 3148 3149 3150 3142
f 3060 3142 3150 3063
f 3145 3151 3152 3146
f 3145 3062 3064 3151
f 3149 3153 3154 3150
f 3063 3150 3154 3065
f 3151 3155 3156 3152
f 3067 3066 3156 3155
f 3151 3064 3067 3155
f 3153 3157 3158 3154
f 3069 3068 3158 3157
f 3065 3154 3158 3068
f 3156 3159 3160 3161
f 3156 3066 3070 3159
f 3162 3163 3164 3157
f 3069 3157 3164 3071
f 3159 3165 3166 3160
f 3073 3072 3166 3165
f 3159 3070 3073 3165
f 3160 3166 3167 3168
f 3169 3170 3171 3163
f 3163 3171 3172 3164
f 3075 3074 3172 3171
f 3071 3164 3172 3074
f 3166 3173 3174 3167
f 3077 3076 3174 3173
f 3166 3072 3077 3173
f 3167 3174 3175 3176
f 3076 3078 3175 3174
f 3177 3178 3179 3170
f 3080 3079 3179 3178
f 3170 3179 3180 3171
f 3079 3081 3180 3179
f 3075 3171 3180 3081
f 3175 3181 3182 3183
f 3083 3082 3182 3181
f 3175 3078 3083 3181
f 3183 3182 3184 3185
f 3082 3084 3184 3182
f 3185 3184 3186 3187
f 3084 3085 3186 3184
f 3187 3186 3188 3189
f 3085 3086 3188 3186
f 3189 3188 3190 3191
f 3086 3087 3190 3188
f 3191 3190 3192 3178
f 3087 3088 3192 3190
f 3080 3178 3192 3088
f 3091 3090 3193 3194
f 3193 3090 3107 3195
f 3093 3091 3194 3196
f 3095 3093 3196 3197
f 3097 3095 3197 3198
f 3099 3097 3198 3199
f 3101 3099 3199 3200
f 3101 3200 3201 3108
f 3107 3105 3202 3195
f 3202 3105 3116 3203
f 3109 3108 3201 3204
f 3109 3204 3205 3117
f 3116 3115 3206 3203
f 3206 3115 3122 3207
f 3118 3117 3205 3208
f 3118 3208 3209 3123
f 3122 3121 3210 3207
f 3210 3121 3127 3211
f 3124 3123 3209 3212
f 3124 3212 3213 3128
f 3211 3127 3132 3214
f 3128 3213 3215 3133
f 3214 3132 3136 3216
f 3133 3215 3217 3137
f 3141 3147 3218 3219
f 3136 3135 3220 3216
f 3220 3135 3141 3219
f 3148 3142 3221 3222
f 3138 3137 3217 3223
f 3138 3223 3221 3142
f 3218 3147 3146 3224
f 3148 3222 3225 3149
f 3224 3146 3152 3226
f 3149 3225 3227 3153
f 3156 3161 3228 3229
f 3226 3152 3156 3229
f 3162 3157 3230 3231
f 3153 3227 3230 3157
f 3160 3168 3232 3233
f 3228 3161 3160 3233
f 3169 3163 3234 3235
f 3162 3231 3234 3163
f 3167 3176 3236 3237
f 3232 3168 3167 3237
f 3177 3170 3238 3239
f 3169 3235 3238 3170
f 3175 3183 3240 3241
f 3236 3176 3175 3241
f 3183 3185 3242 3240
f 3185 3187 3243 3242
f 3187 3189 3244 3243
f 3189 3191 3245 3244
f 3191 3178 3246 3245
f 3177 3239 3246 3178
f 3194 3193 3247 3248
f 3247 3193 3195 3249
f 3196 3194 3248 3250
f 3197 3196 3250 3251
f 3198 3197 3251 3252
f 3199 3198 3252 3253
f 3200 3199 3253 3254
f 3200 3254 3255 3201
f 3195 3202 3256 3249
f 3256 3202 3203 3257
f 3204 3201 3255 3258
f 3204 3258 3259 3205
f 3203 3206 3260 3257
f 3260 3206 3207 3261
f 3208 3205 3259 3262
f 3208 3262 3263 3209
f 3207 3210 3264 3261
f 3264 3210 3211 3265
f 3212 3209 3263 3266
f 3212 3266 3267 3213
f 3265 3211 3214 3268
f 3213 3267 3269 3215
f 3268 3214 3216 3270
f 3215 3269 3271 3217
f 3219 3218 3272 3273
f 3216 3220 3274 3270
f 3274 3220 3219 3273
f 3222 3221 3275 3276
f 3223 3217 3271 3277
f 3223 3277 3275 3221
f 3272 3218 3224 3278
f 3222 3276 3279 3225
f 3278 3224 3226 3280
f 3225 3279 3281 3227
f 3229 3228 3282 3283
f 3280 3226 3229 3283
f 3231 3230 3284 3285
f 3227 3281 3284 3230
f 3233 3232 3286 3287
f 3282 3228 3233 3287
f 3235 3234 3288 3289
f 3231 3285 3288 3234
f 3237 3236 3290 3291
f 3286 3232 3237 3291
f 3239 3238 3292 3293
f 3235 3289 3292 3238
f 3241 3240 3294 3295
f 3290 3236 3241 3295
f 3240 3242 3296 3294
f 3242 3243 3297 3296
f 3243 3244 3298 3297
f 3244 3245 3299 3298
f 3245 3246 3300 3299
f 3239 3293 3300 3246
f 3301 3302 3303 3304
f 3248 3247 3301 3304
f 3301 3247 3249 3302
f 3304 3303 3305 3306
f 3250 3248 3304 3306
f 3306 3305 3307 3308
f 3251 3250 3306 3308
f 3308 3307 3309 3310
f 3252 3251 3308 3310
f 3310 3309 3311 3312
f 3253 3252 3310 3312
f 3312 3311 3313 3314
f 3254 3253 3312 3314
f 3254 3314 3313 3255
f 3315 3316 3317 3302
f 3249 3256 3315 3302
f 3315 3256 3257 3316
f 3302 3317 3318 3303
f 3311 3319 3320 3313
f 3313 3320 3321 3322
f 3258 3255 3313 3322
f 3258 3322 3321 3259
f 3323 3324 3325 3316
f 3257 3260 3323 3316
f 3323 3260 3261 3324
f 3321 3326 3327 3328
f 3262 3259 3321 3328
f 3262 3328 3327 3263
f 3329 3330 3331 3324
f 3261 3264 3329 3324
f 3329 3264 3265 3330
f 3327 3332 3333 3334
f 3266 3263 3327 3334
f 3266 3334 3333 3267
f 3330 3335 3336 3331
f 3330 3265 3268 3335
f 3332 3337 3338 3333
f 3267 3333 3338 3269
f 3335 3339 3340 3336
f 3335 3268 3270 3339
f 3337 3341 3342 3338
f 3269 3338 3342 3271
f 3343 3344 3345 3339
f 3273 3272 3345 3344
f 3270 3274 3343 3339
f 3343 3274 3273 3344
f 3342 3346 3347 3348
f 3276 3275 3347 3346
f 3277 3271 3342 3348
f 3277 3348 3347 3275
f 3345 3349 3350 3351
f 3345 3272 3278 3349
f 3352 3353 3354 3346
f 3276 3346 3354 3279
f 3349 3355 3356 3350
f 3349 3278 3280 3355
f 3353 3357 3358 3354
f 3279 3354 3358 3281
f 3355 3359 3360 3356
f 3283 3282 3360 3359
f 3355 3280 3283 3359
f 3357 3361 3362 3358
f 3285 3284 3362 3361
f 3281 3358 3362 3284
f 3360 3363 3364 3365
f 3287 3286 3364 3363
f 3360 3282 3287 3363
f 3366 3367 3368 3361
f 3289 3288 3368 3367
f 3285 3361 3368 3288
f 3364 3369 3370 3371
f 3291 3290 3370 3369
f 3364 3286 3291 3369
f 3371 3370 3372 3373
f 3374 3375 3376 3377
f 3377 3376 3378 3367
f 3293 3292 3378 3376
f 3289 3367 3378 3292
f 3370 3379 3380 3372
f 3295 3294 3380 3379
f 3370 3290 3295 3379
f 3372 3380 3381 3382
f 3294 3296 3381 3380
f 3382 3381 3383 3384
f 3296 3297 3383 3381
f 3384 3383 3385 3386
f 3297 3298 3385 3383
f 3386 3385 3387 3375
f 3298 3299 3387 3385
f 3375 3387 3388 3376
f 3299 3300 3388 3387
f 3293 3376 3388 3300
f 3305 3303 3389 3390
f 3389 3303 3318 3391
f 3307 3305 3390 3392
f 3309 3307 3392 3393
f 3311 3309 3393 3394
f 3311 3394 3395 3319
f 3317 3316 3396 3397
f 3396 3316 3325 3398
f 3318 3317 3397 3391
f 3320 3319 3395 3399
f 3321 3320 3399 3400
f 3321 3400 3401 3326
f 3325 3324 3402 3398
f 3402 3324 3331 3403
f 3327 3326 3401 3404
f 3327 3404 3405 3332
f 3403 3331 3336 3406
f 3332 3405 3407 3337
f 3406 3336 3340 3408
f 3337 3407 3409 3341
f 3345 3351 3410 3411
f 3340 3339 3412 3408
f 3412 3339 3345 3411
f 3352 3346 3413 3414
f 3342 3341 3409 3415
f 3342 3415 3413 3346
f 3410 3351 3350 3416
f 3352 3414 3417 3353
f 3416 3350 3356 3418
f 3353 3417 3419 3357
f 3360 3365 3420 3421
f 3418 3356 3360 3421
f 3366 3361 3422 3423
f 3357 3419 3422 3361
f 3364 3371 3424 3425
f 3420 3365 3364 3425
f 3371 3373 3426 3424
f 3374 3377 3427 3428
f 3377 3367 3429 3427
f 3366 3423 3429 3367
f 3372 3382 3430 3431
f 3426 3373 3372 3431
f 3382 3384 3432 3430
f 3384 3386 3433 3432
f 3386 3375 3434 3433
f 3374 3428 3434 3375
f 3390 3389 3435 3436
f 3435 3389 3391 3437
f 3392 3390 3436 3438
f 3393 3392 3438 3439
f 3394 3393 3439 3440
f 3394 3440 3441 3395
f 3397 3396 3442 3443
f 3442 3396 3398 3444
f 3391 3397 3443 3437
f 3399 3395 3441 3445
f 3400 3399 3445 3446
f 3400 3446 3447 3401
f 3398 3402 3448 3444
f 3448 3402 3403 3449
f 3404 3401 3447 3450
f 3404 3450 3451 3405
f 3449 3403 3406 3452
f 3405 3451 3453 3407
f 3452 3406 3408 3454
f 3407 3453 3455 3409
f 3411 3410 3456 3457
f 3408 3412 3458 3454
f 3458 3412 3411 3457
f 3414 3413 3459 3460
f 3415 3409 3455 3461
f 3415 3461 3459 3413
f 3456 3410 3416 3462
f 3414 3460 3463 3417
f 3462 3416 3418 3464
f 3417 3463 3465 3419
f 3421 3420 3466 3467
f 3464 3418 3421 3467
f 3423 3422 3468 3469
f 3419 3465 3468 3422
f 3425 3424 3470 3471
f 3466 3420 3425 3471
f 3424 3426 3472 3470
f 3428 3427 3473 3474
f 3427 3429 3475 3473
f 3423 3469 3475 3429
f 3431 3430 3476 3477
f 3472 3426 3431 3477
f 3430 3432 3478 3476
f 3432 3433 3479 3478
f 3433 3434 3480 3479
f 3428 3474 3480 3434
f 3481 3482 3483 3484
f 3436 3435 3481 3484
f 3481 3435 3437 3482
f 3484 3483 3485 3486
f 3438 3436 3484 3486
f 3486 3485 3487 3488
f 3439 3438 3486 3488
f 3488 3487 3489 3490
f 3440 3439 3488 3490
f 3440 3490 3489 3441
f 3491 3492 3493 3494
f 3443 3442 3491 3494
f 3491 3442 3444 3492
f 3494 3493 3495 3482
f 3437 3443 3494 3482
f 3489 3496 3497 3498
f 3445 3441 3489 3498
f 3498 3497 3499 3500
f 3446 3445 3498 3500
f 3446 3500 3499 3447
f 3501 3502 3503 3492
f 3444 3448 3501 3492
f 3501 3448 3449 3502
f 3492 3503 3504 3493
f 3497 3505 3506 3499
f 3499 3506 3507 3508
f 3450 3447 3499 3508
f 3450 3508 3507 3451
f 3502 3509 3510 3503
f 3502 3449 3452 3509
f 3506 3511 3512 3507
f 3451 3507 3512 3453
f 3509 3513 3514 3510
f 3509 3452 3454 3513
f 3511 3515 3516 3512
f 3453 3512 3516 3455
f 3517 3518 3519 3513
f 3457 3456 3519 3518
f 3454 3458 3517 3513
f 3517 3458 3457 3518
f 3516 3520 3521 3522
f 3460 3459 3521 3520
f 3461 3455 3516 3522
f 3461 3522 3521 3459
f 3519 3523 3524 3525
f 3519 3456 3462 3523
f 3526 3527 3528 3520
f 3460 3520 3528 3463
f 3523 3529 3530 3524
f 3523 3462 3464 3529
f 3527 3531 3532 3528
f 3463 3528 3532 3465
f 3529 3533 3534 3530
f 3467 3466 3534 3533
f 3529 3464 3467 3533
f 3530 3534 3535 3536
f 3537 3538 3539 3531
f 3531 3539 3540 3532
f 3469 3468 3540 3539
f 3465 3532 3540 3468
f 3534 3541 3542 3535
f 3471 3470 3542 3541
f 3534 3466 3471 3541
f 3535 3542 3543 3544
f 3470 3472 3543 3542
f 3545 3546 3547 3538
f 3474 3473 3547 3546
f 3538 3547 3548 3539
f 3473 3475 3548 3547
f 3469 3539 3548 3475
f 3543 3549 3550 3551
f 3477 3476 3550 3549
f 3543 3472 3477 3549
f 3551 3550 3552 3553
f 3476 3478 3552 3550
f 3553 3552 3554 3555
f 3478 3479 3554 3552
f 3555 3554 3556 3546
f 3479 3480 3556 3554
f 3474 3546 3556 3480
f 3483 3482 3557 3558
f 3557 3482 3495 3559
f 3485 3483 3558 3560
f 3487 3485 3560 3561
f 3489 3487 3561 3562
f 3489 3562 3563 3496
f 3495 3493 3564 3559
f 3564 3493 3504 3565
f 3497 3496 3563 3566
f 3497 3566 3567 3505
f 3504 3503 3568 3565
f 3568 3503 3510 3569
f 3506 3505 3567 3570
f 3506 3570 3571 3511
f 3569 3510 3514 3572
f 3511 3571 3573 3515
f 3519 3525 3574 3575
f 3514 3513 3576 3572
f 3576 3513 3519 3575
f 3526 3520 3577 3578
f 3516 3515 3573 3579
f 3516 3579 3577 3520
f 3574 3525 3524 3580
f 3526 3578 3581 3527
f 3530 3536 3582 3583
f 3580 3524 3530 3583
f 3537 3531 3584 3585
f 3527 3581 3584 3531
f 3535 3544 3586 3587
f 3582 3536 3535 3587
f 3545 3538 3588 3589
f 3537 3585 3588 3538
f 3543 3551 3590 3591
f 3586 3544 3543 3591
f 3551 3553 3592 3590
f 3553 3555 3593 3592
f 3555 3546 3594 3593
f 3545 3589 3594 3546
f 3595 3596 3597 3598
f 3558 3557 3595 3598
f 3595 3557 3559 3596
f 3598 3597 3599 3600
f 3560 3558 3598 3600
f 3600 3599 3601 3602
f 3561 3560 3600 3602
f 3602 3601 3603 3604
f 3562 3561 3602 3604
f 3562 3604 3603 3563
f 3605 3606 3607 3596
f 3559 3564 3605 3596
f 3605 3564 3565 3606
f 3603 3608 3609 3610
f 3566 3563 3603 3610
f 3566 3610 3609 3567
f 3611 3612 3613 3606
f 3565 3568 3611 3606
f 3611 3568 3569 3612
f 3609 3614 3615 3616
f 3570 3567 3609 3616
f 3570 3616 3615 3571
f 3612 3617 3618 3613
f 3612 3569 3572 3617
f 3614 3619 3620 3615
f 3571 3615 3620 3573
f 3621 3622 3623 3617
f 3575 3574 3623 3622
f 3572 3576 3621 3617
f 3621 3576 3575 3622
f 3620 3624 3625 3626
f 3578 3577 3625 3624
f 3579 3573 3620 3626
f 3579 3626 3625 3577
f 3623 3627 3628 3629
f 3623 3574 3580 3627
f 3630 3631 3632 3624
f 3578 3624 3632 3581
f 3627 3633 3634 3628
f 3583 3582 3634 3633
f 3627 3580 3583 3633
f 3631 3635 3636 3632
f 3585 3584 3636 3635
f 3581 3632 3636 3584
f 3634 3637 3638 3639
f 3587 3586 3638 3637
f 3634 3582 3587 3637
f 3640 3641 3642 3635
f 3589 3588 3642 3641
f 3585 3635 3642 3588
f 3638 3643 3644 3645
f 3591 3590 3644 3643
f 3638 3586 3591 3643
f 3645 3644 3646 3647
f 3590 3592 3646 3644
f 3647 3646 3648 3649
f 3592 3593 3648 3646
f 3649 3648 3650 3641
f 3593 3594 3650 3648
f 3589 3641 3650 3594
f 3597 3596 3651 3652
f 3651 3596 3607 3653
f 3599 3597 3652 3654
f 3601 3599 3654 3655
f 3603 3601 3655 3656
f 3603 3656 3657 3608
f 3607 3606 3658 3653
f 3658 3606 3613 3659
f 3609 3608 3657 3660
f 3609 3660 3661 3614
f 3659 3613 3618 3662
f 3614 3661 3663 3619
f 3623 3629 3664 3665
f 3618 3617 3666 3662
f 3666 3617 3623 3665
f 3630 3624 3667 3668
f 3620 3619 3663 3669
f 3620 3669 3667 3624
f 3664 3629 3628 3670
f 3630 3668 3671 3631
f 3634 3639 3672 3673
f 3670 3628 3634 3673
f 3640 3635 3674 3675
f 3631 3671 3674 3635
f 3638 3645 3676 3677
f 3672 3639 3638 3677
f 3645 3647 3678 3676
f 3647 3649 3679 3678
f 3649 3641 3680 3679
f 3640 3675 3680 3641
f 3652 3651 3681 3682
f 3681 3651 3653 3683
f 3654 3652 3682 3684
f 3655 3654 3684 3685
f 3656 3655 3685 3686
f 3656 3686 3687 3657
f 3653 3658 3688 3683
f 3688 3658 3659 3689
f 3660 3657 3687 3690
f 3660 3690 3691 3661
f 3689 3659 3662 3692
f 3661 3691 3693 3663
f 3665 3664 3694 3695
f 3662 3666 3696 3692
f 3696 3666 3665 3695
f 3668 3667 3697 3698
f 3669 3663 3693 3699
f 3669 3699 3697 3667
f 3694 3664 3670 3700
f 3668 3698 3701 3671
f 3673 3672 3702 3703
f 3700 3670 3673 3703
f 3675 3674 3704 3705
f 3671 3701 3704 3674
f 3677 3676 3706 3707
f 3702 3672 3677 3707
f 3676 3678 3708 3706
f 3678 3679 3709 3708
f 3679 3680 3710 3709
f 3675 3705 3710 3680
f 3711 3712 3713 3714
f 3682 3681 3711 3714
f 3711 3681 3683 3712
f 3714 3713 3715 3716
f 3684 3682 3714 3716
f 3716 3715 3717 3718
f 3685 3684 3716 3718
f 3718 3717 3719 3720
f 3686 3685 3718 3720
f 3686 3720 3719 3687
f 3721 3722 3723 3712
f 3683 3688 3721 3712
f 3721 3688 3689 3722
f 3719 3724 3725 3726
f 3690 3687 3719 3726
f 3690 3726 3725 3691
f 3722 3727 3728 3723
f 3722 3689 3692 3727
f 3724 3729 3730 3725
f 3691 3725 3730 3693
f 3731 3732 3733 3727
f 3695 3694 3733 3732
f 3692 3696 3731 3727
f 3731 3696 3695 3732
f 3730 3734 3735 3736
f 3698 3697 3735 3734
f 3699 3693 3730 3736
f 3699 3736 3735 3697
f 3733 3737 3738 3739
f 3733 3694 3700 3737
f 3740 3741 3742 3734
f 3698 3734 3742 3701
f 3737 3743 3744 3738
f 3703 3702 3744 3743
f 3737 3700 3703 3743
f 3741 3745 3746 3742
f 3705 3704 3746 3745
f 3701 3742 3746 3704
f 3744 3747 3748 3749
f 3707 3706 3748 3747
f 3744 3702 3707 3747
f 3749 3748 3750 3751
f 3706 3708 3750 3748
f 3751 3750 3752 3753
f 3708 3709 3752 3750
f 3753 3752 3754 3745
f 3709 3710 3754 3752
f 3705 3745 3754 3710
f 3713 3712 3755 3756
f 3755 3712 3723 3757
f 3715 3713 3756 3758
f 3717 3715 3758 3759
f 3719 3717 3759 3760
f 3719 3760 3761 3724
f 3757 3723 3728 3762
f 3724 3761 3763 3729
f 3733 3739 3764 3765
f 3728 3727 3766 3762
f 3766 3727 3733 3765
f 3740 3734 3767 3768
f 3730 3729 3763 3769
f 3730 3769 3767 3734
f 3764 3739 3738 3770
f 3740 3768 3771 3741
f 3744 3749 3772 3773
f 3770 3738 3744 3773
f 3749 3751 3774 3772
f 3751 3753 3775 3774
f 3753 3745 3776 3775
f 3741 3771 3776 3745
f 3777 3778 3779 3780
f 3756 3755 3777 3780
f 3777 3755 3757 3778
f 3780 3779 3781 3782
f 3758 3756 3780 3782
f 3782 3781 3783 3784
f 3759 3758 3782 3784
f 3784 3783 3785 3786
f 3760 3759 3784 3786
f 3760 3786 3785 3761
f 3778 3787 3788 3779
f 3778 3757 3762 3787
f 3783 3789 3790 3785
f 3761 3785 3790 3763
f 3791 3792 3793 3787
f 3765 3764 3793 3792
f 3762 3766 3791 3787
f 3791 3766 3765 3792
f 3790 3794 3795 3796
f 3768 3767 3795 3794
f 3769 3763 3790 3796
f 3769 3796 3795 3767
f 3793 3797 3798 3799
f 3793 3764 3770 3797
f 3800 3801 3802 3794
f 3768 3794 3802 3771
f 3797 3803 3804 3798
f 3773 3772 3804 3803
f 3797 3770 3773 3803
f 3798 3804 3805 3806
f 3772 3774 3805 3804
f 3806 3805 3807 3801
f 3774 3775 3807 3805
f 3801 3807 3808 3802
f 3775 3776 3808 3807
f 3771 3802 3808 3776
f 3809 3810 3811 3812
f 3781 3779 3809 3812
f 3809 3779 3788 3810
f 3812 3811 3813 3814
f 3783 3781 3812 3814
f 3783 3814 3813 3789
f 3815 3816 3817 3810
f 3793 3799 3817 3816
f 3788 3787 3815 3810
f 3815 3787 3793 3816
f 3810 3817 3818 3811
f 3811 3818 3819 3813
f 3813 3819 3820 3821
f 3800 3794 3820 3819
f 3790 3789 3813 3821
f 3790 3821 3820 3794
f 3817 3822 3823 3818
f 3798 3806 3823 3822
f 3817 3799 3798 3822
f 3818 3823 3824 3819
f 3806 3801 3824 3823
f 3800 3819 3824 3801
