# E-broadhead — lifted from a 2D silhouette by aide.lift
o E-broadhead
v -22.000 -8.000 -1.500
v -22.000 -7.000 -1.500
v -22.000 -7.000 -2.500
v -22.000 -8.000 -2.500
v -21.000 -8.000 -2.500
v -21.000 -8.000 -1.500
v -21.000 -7.000 -2.500
v -22.000 -8.000 -0.500
v -22.000 -7.000 -0.500
v -21.000 -8.000 -0.500
v -22.000 -8.000 0.500
v -22.000 -7.000 0.500
v -21.000 -8.000 0.500
v -22.000 -8.000 1.500
v -22.000 -7.000 1.500
v -21.000 -8.000 1.500
v -22.000 -8.000 2.500
v -22.000 -7.000 2.500
v -21.000 -8.000 2.500
v -21.000 -7.000 2.500
v -22.000 -7.000 -3.500
v -22.000 -6.000 -3.500
v -22.000 -6.000 -4.500
v -22.000 -7.000 -4.500
v -21.000 -7.000 -4.500
v -21.000 -7.000 -3.500
v -21.000 -6.000 -4.500
v -22.000 -6.000 -2.500
v -22.000 -6.000 -1.500
v -22.000 -6.000 -0.500
v -22.000 -6.000 0.500
v -22.000 -6.000 1.500
v -22.000 -6.000 2.500
v -22.000 -7.000 3.500
v -22.000 -6.000 3.500
v -21.000 -7.000 3.500
v -22.000 -7.000 4.500
v -22.000 -6.000 4.500
v -21.000 -7.000 4.500
v -21.000 -6.000 4.500
v -22.000 -5.000 -4.500
v -22.000 -5.000 -5.500
v -22.000 -6.000 -5.500
v -21.000 -6.000 -5.500
v -21.000 -5.000 -5.500
v -22.000 -5.000 -3.500
v -22.000 -5.000 -2.500
v -22.000 -5.000 -1.500
v -22.000 -5.000 -0.500
v -22.000 -5.000 0.500
v -22.000 -5.000 1.500
v -22.000 -5.000 2.500
v -22.000 -5.000 3.500
v -22.000 -5.000 4.500
v -22.000 -6.000 5.500
v -22.000 -5.000 5.500
v -21.000 -6.000 5.500
v -21.000 -5.000 5.500
v -22.000 -4.000 -5.500
v -22.000 -4.000 -6.500
v -22.000 -5.000 -6.500
v -21.000 -5.000 -6.500
v -21.000 -4.000 -6.500
v -22.000 -4.000 -4.500
v -22.000 -4.000 -3.500
v -22.000 -4.000 -2.500
v -22.000 -4.000 -1.500
v -22.000 -4.000 -0.500
v -22.000 -4.000 0.500
v -22.000 -4.000 1.500
v -22.000 -4.000 2.500
v -22.000 -4.000 3.500
v -22.000 -4.000 4.500
v -22.000 -4.000 5.500
v -22.000 -5.000 6.500
v -22.000 -4.000 6.500
v -21.000 -5.000 6.500
v -21.000 -4.000 6.500
v -22.000 -3.000 -6.500
v -22.000 -3.000 -7.500
v -22.000 -4.000 -7.500
v -21.000 -4.000 -7.500
v -21.000 -3.000 -7.500
v -22.000 -3.000 -5.500
v -22.000 -3.000 -4.500
v -22.000 -3.000 -3.500
v -22.000 -3.000 -2.500
v -22.000 -3.000 -1.500
v -22.000 -3.000 -0.500
v -22.000 -3.000 0.500
v -22.000 -3.000 1.500
v -22.000 -3.000 2.500
v -22.000 -3.000 3.500
v -22.000 -3.000 4.500
v -22.000 -3.000 5.500
v -22.000 -3.000 6.500
v -22.000 -4.000 7.500
v -22.000 -3.000 7.500
v -21.000 -4.000 7.500
v -21.000 -3.000 7.500
v -22.000 -2.000 -6.500
v -22.000 -2.000 -7.500
v -21.000 -2.000 -7.500
v -22.000 -2.000 -5.500
v -22.000 -2.000 -4.500
v -22.000 -2.000 -3.500
v -22.000 -2.000 -2.500
v -22.000 -2.000 -1.500
v -22.000 -2.000 -0.500
v -22.000 -2.000 0.500
v -22.000 -2.000 1.500
v -22.000 -2.000 2.500
v -22.000 -2.000 3.500
v -22.000 -2.000 4.500
v -22.000 -2.000 5.500
v -22.000 -2.000 6.500
v -22.000 -2.000 7.500
v -21.000 -2.000 7.500
v -22.000 -1.000 -6.500
v -22.000 -1.000 -7.500
v -21.000 -1.000 -7.500
v -22.000 -1.000 -5.500
v -22.000 -1.000 -4.500
v -22.000 -1.000 -3.500
v -22.000 -1.000 -2.500
v -22.000 -1.000 -1.500
v -22.000 -1.000 -0.500
v -22.000 -1.000 0.500
v -22.000 -1.000 1.500
v -22.000 -1.000 2.500
v -22.000 -1.000 3.500
v -22.000 -1.000 4.500
v -22.000 -1.000 5.500
v -22.000 -1.000 6.500
v -22.000 -1.000 7.500
v -21.000 -1.000 7.500
v -22.000 0.000 -6.500
v -22.000 0.000 -7.500
v -21.000 0.000 -7.500
v -22.000 0.000 -5.500
v -22.000 0.000 -4.500
v -22.000 0.000 -3.500
v -22.000 0.000 -2.500
v -22.000 0.000 -1.500
v -22.000 0.000 -0.500
v -22.000 0.000 0.500
v -22.000 0.000 1.500
v -22.000 0.000 2.500
v -22.000 0.000 3.500
v -22.000 0.000 4.500
v -22.000 0.000 5.500
v -22.000 0.000 6.500
v -22.000 0.000 7.500
v -21.000 0.000 7.500
v -22.000 1.000 -6.500
v -22.000 1.000 -7.500
v -21.000 1.000 -7.500
v -22.000 1.000 -5.500
v -22.000 1.000 -4.500
v -22.000 1.000 -3.500
v -22.000 1.000 -2.500
v -22.000 1.000 -1.500
v -22.000 1.000 -0.500
v -22.000 1.000 0.500
v -22.000 1.000 1.500
v -22.000 1.000 2.500
v -22.000 1.000 3.500
v -22.000 1.000 4.500
v -22.000 1.000 5.500
v -22.000 1.000 6.500
v -22.000 1.000 7.500
v -21.000 1.000 7.500
v -22.000 2.000 -6.500
v -22.000 2.000 -7.500
v -21.000 2.000 -7.500
v -22.000 2.000 -5.500
v -22.000 2.000 -4.500
v -22.000 2.000 -3.500
v -22.000 2.000 -2.500
v -22.000 2.000 -1.500
v -22.000 2.000 -0.500
v -22.000 2.000 0.500
v -22.000 2.000 1.500
v -22.000 2.000 2.500
v -22.000 2.000 3.500
v -22.000 2.000 4.500
v -22.000 2.000 5.500
v -22.000 2.000 6.500
v -22.000 2.000 7.500
v -21.000 2.000 7.500
v -22.000 3.000 -6.500
v -22.000 3.000 -7.500
v -21.000 3.000 -7.500
v -22.000 3.000 -5.500
v -22.000 3.000 -4.500
v -22.000 3.000 -3.500
v -22.000 3.000 -2.500
v -22.000 3.000 -1.500
v -22.000 3.000 -0.500
v -22.000 3.000 0.500
v -22.000 3.000 1.500
v -22.000 3.000 2.500
v -22.000 3.000 3.500
v -22.000 3.000 4.500
v -22.000 3.000 5.500
v -22.000 3.000 6.500
v -22.000 3.000 7.500
v -21.000 3.000 7.500
v -22.000 4.000 -6.500
v -22.000 4.000 -7.500
v -21.000 4.000 -6.500
v -21.000 4.000 -7.500
v -22.000 4.000 -5.500
v -22.000 4.000 -4.500
v -22.000 4.000 -3.500
v -22.000 4.000 -2.500
v -22.000 4.000 -1.500
v -22.000 4.000 -0.500
v -22.000 4.000 0.500
v -22.000 4.000 1.500
v -22.000 4.000 2.500
v -22.000 4.000 3.500
v -22.000 4.000 4.500
v -22.000 4.000 5.500
v -22.000 4.000 6.500
v -22.000 4.000 7.500
v -21.000 4.000 7.500
v -21.000 4.000 6.500
v -22.000 5.000 -5.500
v -22.000 5.000 -6.500
v -21.000 5.000 -5.500
v -21.000 5.000 -6.500
v -22.000 5.000 -4.500
v -22.000 5.000 -3.500
v -22.000 5.000 -2.500
v -22.000 5.000 -1.500
v -22.000 5.000 -0.500
v -22.000 5.000 0.500
v -22.000 5.000 1.500
v -22.000 5.000 2.500
v -22.000 5.000 3.500
v -22.000 5.000 4.500
v -22.000 5.000 5.500
v -22.000 5.000 6.500
v -21.000 5.000 6.500
v -21.000 5.000 5.500
v -22.000 6.000 -4.500
v -22.000 6.000 -5.500
v -21.000 6.000 -4.500
v -21.000 6.000 -5.500
v -22.000 6.000 -3.500
v -22.000 6.000 -2.500
v -22.000 6.000 -1.500
v -22.000 6.000 -0.500
v -22.000 6.000 0.500
v -22.000 6.000 1.500
v -22.000 6.000 2.500
v -22.000 6.000 3.500
v -22.000 6.000 4.500
v -22.000 6.000 5.500
v -21.000 6.000 5.500
v -21.000 6.000 4.500
v -22.000 7.000 -3.500
v -22.000 7.000 -4.500
v -21.000 7.000 -3.500
v -21.000 7.000 -4.500
v -22.000 7.000 -2.500
v -21.000 7.000 -2.500
v -22.000 7.000 -1.500
v -22.000 7.000 -0.500
v -22.000 7.000 0.500
v -22.000 7.000 1.500
v -22.000 7.000 2.500
v -22.000 7.000 3.500
v -21.000 7.000 3.500
v -21.000 7.000 2.500
v -22.000 7.000 4.500
v -21.000 7.000 4.500
v -22.000 8.000 -1.500
v -22.000 8.000 -2.500
v -21.000 8.000 -1.500
v -21.000 8.000 -2.500
v -22.000 8.000 -0.500
v -21.000 8.000 -0.500
v -22.000 8.000 0.500
v -21.000 8.000 0.500
v -22.000 8.000 1.500
v -21.000 8.000 1.500
v -22.000 8.000 2.500
v -21.000 8.000 2.500
v -20.000 -9.000 -2.500
v -20.000 -8.000 -2.500
v -20.000 -8.000 -1.500
v -20.000 -9.000 -1.500
v -21.000 -9.000 -1.500
v -21.000 -9.000 -2.500
v -20.000 -8.000 -0.500
v -20.000 -9.000 -0.500
v -21.000 -9.000 -0.500
v -20.000 -8.000 0.500
v -20.000 -9.000 0.500
v -21.000 -9.000 0.500
v -20.000 -8.000 1.500
v -20.000 -9.000 1.500
v -21.000 -9.000 1.500
v -20.000 -8.000 2.500
v -20.000 -9.000 2.500
v -21.000 -9.000 2.500
v -20.000 -8.000 -4.500
v -20.000 -7.000 -4.500
v -20.000 -7.000 -3.500
v -20.000 -8.000 -3.500
v -21.000 -8.000 -3.500
v -21.000 -8.000 -4.500
v -20.000 -7.000 -2.500
v -20.000 -7.000 2.500
v -20.000 -7.000 3.500
v -20.000 -8.000 3.500
v -21.000 -8.000 3.500
v -20.000 -7.000 4.500
v -20.000 -8.000 4.500
v -21.000 -8.000 4.500
v -20.000 -7.000 -6.500
v -20.000 -6.000 -6.500
v -20.000 -6.000 -5.500
v -20.000 -7.000 -5.500
v -21.000 -7.000 -5.500
v -21.000 -6.000 -6.500
v -21.000 -7.000 -6.500
v -20.000 -6.000 -4.500
v -20.000 -6.000 4.500
v -20.000 -6.000 5.500
v -20.000 -7.000 5.500
v -21.000 -7.000 5.500
v -20.000 -6.000 6.500
v -20.000 -7.000 6.500
v -21.000 -7.000 6.500
v -21.000 -6.000 6.500
v -20.000 -6.000 -7.500
v -20.000 -5.000 -7.500
v -20.000 -5.000 -6.500
v -21.000 -5.000 -7.500
v -21.000 -6.000 -7.500
v -20.000 -5.000 -5.500
v -20.000 -5.000 5.500
v -20.000 -5.000 6.500
v -20.000 -5.000 7.500
v -20.000 -6.000 7.500
v -21.000 -6.000 7.500
v -21.000 -5.000 7.500
v -20.000 -4.000 -7.500
v -20.000 -4.000 -6.500
v -20.000 -4.000 6.500
v -20.000 -4.000 7.500
v -20.000 -4.000 -8.500
v -20.000 -3.000 -8.500
v -20.000 -3.000 -7.500
v -21.000 -3.000 -8.500
v -21.000 -4.000 -8.500
v -20.000 -3.000 7.500
v -20.000 -3.000 8.500
v -20.000 -4.000 8.500
v -21.000 -4.000 8.500
v -21.000 -3.000 8.500
v -20.000 -2.000 -8.500
v -20.000 -2.000 -7.500
v -21.000 -2.000 -8.500
v -20.000 -2.000 7.500
v -20.000 -2.000 8.500
v -21.000 -2.000 8.500
v -20.000 -1.000 -8.500
v -20.000 -1.000 -7.500
v -21.000 -1.000 -8.500
v -20.000 -1.000 7.500
v -20.000 -1.000 8.500
v -21.000 -1.000 8.500
v -20.000 0.000 -8.500
v -20.000 0.000 -7.500
v -21.000 0.000 -8.500
v -20.000 0.000 7.500
v -20.000 0.000 8.500
v -21.000 0.000 8.500
v -20.000 1.000 -8.500
v -20.000 1.000 -7.500
v -21.000 1.000 -8.500
v -20.000 1.000 7.500
v -20.000 1.000 8.500
v -21.000 1.000 8.500
v -20.000 2.000 -8.500
v -20.000 2.000 -7.500
v -21.000 2.000 -8.500
v -20.000 2.000 7.500
v -20.000 2.000 8.500
v -21.000 2.000 8.500
v -20.000 3.000 -8.500
v -20.000 3.000 -7.500
v -21.000 3.000 -8.500
v -20.000 3.000 7.500
v -20.000 3.000 8.500
v -21.000 3.000 8.500
v -20.000 4.000 -8.500
v -20.000 4.000 -7.500
v -21.000 4.000 -8.500
v -20.000 4.000 7.500
v -20.000 4.000 8.500
v -21.000 4.000 8.500
v -20.000 5.000 -7.500
v -20.000 5.000 -6.500
v -20.000 4.000 -6.500
v -21.000 5.000 -7.500
v -20.000 4.000 6.500
v -20.000 5.000 6.500
v -20.000 5.000 7.500
v -21.000 5.000 7.500
v -20.000 6.000 -7.500
v -20.000 6.000 -6.500
v -21.000 6.000 -6.500
v -21.000 6.000 -7.500
v -20.000 6.000 -5.500
v -20.000 5.000 -5.500
v -20.000 5.000 5.500
v -20.000 6.000 5.500
v -20.000 6.000 6.500
v -21.000 6.000 6.500
v -20.000 6.000 7.500
v -21.000 6.000 7.500
v -20.000 7.000 -6.500
v -20.000 7.000 -5.500
v -21.000 7.000 -5.500
v -21.000 7.000 -6.500
v -20.000 7.000 -4.500
v -20.000 6.000 -4.500
v -20.000 6.000 4.500
v -20.000 7.000 4.500
v -20.000 7.000 5.500
v -21.000 7.000 5.500
v -20.000 7.000 6.500
v -21.000 7.000 6.500
v -20.000 8.000 -4.500
v -20.000 8.000 -3.500
v -20.000 7.000 -3.500
v -21.000 8.000 -3.500
v -21.000 8.000 -4.500
v -20.000 8.000 -2.500
v -20.000 7.000 -2.500
v -20.000 7.000 2.500
v -20.000 8.000 2.500
v -20.000 8.000 3.500
v -20.000 7.000 3.500
v -21.000 8.000 3.500
v -20.000 8.000 4.500
v -21.000 8.000 4.500
v -20.000 9.000 -2.500
v -20.000 9.000 -1.500
v -20.000 8.000 -1.500
v -21.000 9.000 -1.500
v -21.000 9.000 -2.500
v -20.000 9.000 -0.500
v -20.000 8.000 -0.500
v -21.000 9.000 -0.500
v -20.000 9.000 0.500
v -20.000 8.000 0.500
v -21.000 9.000 0.500
v -20.000 9.000 1.500
v -20.000 8.000 1.500
v -21.000 9.000 1.500
v -20.000 9.000 2.500
v -21.000 9.000 2.500
v -19.000 -8.000 -2.500
v -19.000 -7.000 -2.500
v -19.000 -7.000 -1.500
v -19.000 -8.000 -1.500
v -19.000 -7.000 -0.500
v -19.000 -8.000 -0.500
v -19.000 -7.000 0.500
v -19.000 -8.000 0.500
v -19.000 -7.000 1.500
v -19.000 -8.000 1.500
v -19.000 -7.000 2.500
v -19.000 -8.000 2.500
v -19.000 -7.000 -4.500
v -19.000 -6.000 -4.500
v -19.000 -6.000 -3.500
v -19.000 -7.000 -3.500
v -19.000 -6.000 -2.500
v -19.000 -6.000 2.500
v -19.000 -6.000 3.500
v -19.000 -7.000 3.500
v -19.000 -6.000 4.500
v -19.000 -7.000 4.500
v -19.000 -6.000 -5.500
v -19.000 -5.000 -5.500
v -19.000 -5.000 -4.500
v -19.000 -5.000 4.500
v -19.000 -5.000 5.500
v -19.000 -6.000 5.500
v -19.000 -5.000 -6.500
v -19.000 -4.000 -6.500
v -19.000 -4.000 -5.500
v -19.000 -4.000 5.500
v -19.000 -4.000 6.500
v -19.000 -5.000 6.500
v -19.000 -4.000 -7.500
v -19.000 -3.000 -7.500
v -19.000 -3.000 -6.500
v -19.000 -3.000 6.500
v -19.000 -3.000 7.500
v -19.000 -4.000 7.500
v -19.000 -2.000 -7.500
v -19.000 -2.000 -6.500
v -19.000 -2.000 6.500
v -19.000 -2.000 7.500
v -19.000 -1.000 -7.500
v -19.000 -1.000 -6.500
v -19.000 -1.000 6.500
v -19.000 -1.000 7.500
v -19.000 0.000 -7.500
v -19.000 0.000 -6.500
v -19.000 0.000 6.500
v -19.000 0.000 7.500
v -19.000 1.000 -7.500
v -19.000 1.000 -6.500
v -19.000 1.000 6.500
v -19.000 1.000 7.500
v -19.000 2.000 -7.500
v -19.000 2.000 -6.500
v -19.000 2.000 6.500
v -19.000 2.000 7.500
v -19.000 3.000 -7.500
v -19.000 3.000 -6.500
v -19.000 3.000 6.500
v -19.000 3.000 7.500
v -19.000 4.000 -7.500
v -19.000 4.000 -6.500
v -19.000 4.000 6.500
v -19.000 4.000 7.500
v -19.000 5.000 -6.500
v -19.000 5.000 -5.500
v -19.000 4.000 -5.500
v -19.000 4.000 5.500
v -19.000 5.000 5.500
v -19.000 5.000 6.500
v -19.000 6.000 -5.500
v -19.000 6.000 -4.500
v -19.000 5.000 -4.500
v -19.000 5.000 4.500
v -19.000 6.000 4.500
v -19.000 6.000 5.500
v -19.000 7.000 -4.500
v -19.000 7.000 -3.500
v -19.000 6.000 -3.500
v -19.000 7.000 -2.500
v -19.000 6.000 -2.500
v -19.000 6.000 2.500
v -19.000 7.000 2.500
v -19.000 7.000 3.500
v -19.000 6.000 3.500
v -19.000 7.000 4.500
v -19.000 8.000 -2.500
v -19.000 8.000 -1.500
v -19.000 7.000 -1.500
v -19.000 8.000 -0.500
v -19.000 7.000 -0.500
v -19.000 8.000 0.500
v -19.000 7.000 0.500
v -19.000 8.000 1.500
v -19.000 7.000 1.500
v -19.000 8.000 2.500
v -18.000 -7.000 -2.500
v -18.000 -7.000 -1.500
v -18.000 -6.000 -2.500
v -18.000 -7.000 -0.500
v -18.000 -7.000 0.500
v -18.000 -7.000 1.500
v -18.000 -7.000 2.500
v -18.000 -6.000 2.500
v -18.000 -6.000 -4.500
v -18.000 -6.000 -3.500
v -18.000 -5.000 -4.500
v -18.000 -6.000 3.500
v -18.000 -6.000 4.500
v -18.000 -5.000 4.500
v -18.000 -5.000 -5.500
v -18.000 -4.000 -5.500
v -18.000 -5.000 5.500
v -18.000 -4.000 5.500
v -18.000 -4.000 -6.500
v -18.000 -3.000 -6.500
v -18.000 -4.000 6.500
v -18.000 -3.000 6.500
v -18.000 -2.000 -6.500
v -18.000 -2.000 6.500
v -18.000 -1.000 -6.500
v -18.000 -1.000 6.500
v -18.000 0.000 -6.500
v -18.000 0.000 6.500
v -18.000 1.000 -6.500
v -18.000 1.000 6.500
v -18.000 2.000 -6.500
v -18.000 2.000 6.500
v -18.000 3.000 -6.500
v -18.000 3.000 6.500
v -18.000 4.000 -5.500
v -18.000 4.000 -6.500
v -18.000 4.000 6.500
v -18.000 4.000 5.500
v -18.000 5.000 -4.500
v -18.000 5.000 -5.500
v -18.000 5.000 5.500
v -18.000 5.000 4.500
v -18.000 6.000 -3.500
v -18.000 6.000 -4.500
v -18.000 6.000 -2.500
v -18.000 6.000 3.500
v -18.000 6.000 2.500
v -18.000 6.000 4.500
v -18.000 7.000 -1.500
v -18.000 7.000 -2.500
v -18.000 7.000 -0.500
v -18.000 7.000 0.500
v -18.000 7.000 1.500
v -18.000 7.000 2.500
v -18.000 -8.000 -1.500
v -18.000 -8.000 -2.500
v -17.000 -8.000 -2.500
v -17.000 -8.000 -1.500
v -17.000 -7.000 -2.500
v -18.000 -8.000 -0.500
v -17.000 -8.000 -0.500
v -18.000 -8.000 0.500
v -17.000 -8.000 0.500
v -18.000 -8.000 1.500
v -17.000 -8.000 1.500
v -18.000 -8.000 2.500
v -17.000 -8.000 2.500
v -17.000 -7.000 2.500
v -18.000 -7.000 -3.500
v -18.000 -7.000 -4.500
v -17.000 -7.000 -4.500
v -17.000 -7.000 -3.500
v -17.000 -6.000 -4.500
v -18.000 -7.000 3.500
v -17.000 -7.000 3.500
v -18.000 -7.000 4.500
v -17.000 -7.000 4.500
v -17.000 -6.000 4.500
v -18.000 -6.000 -5.500
v -17.000 -6.000 -5.500
v -17.000 -5.000 -5.500
v -18.000 -6.000 5.500
v -17.000 -6.000 5.500
v -17.000 -5.000 5.500
v -18.000 -5.000 -6.500
v -17.000 -5.000 -6.500
v -17.000 -4.000 -6.500
v -18.000 -5.000 6.500
v -17.000 -5.000 6.500
v -17.000 -4.000 6.500
v -18.000 -3.000 -7.500
v -18.000 -4.000 -7.500
v -17.000 -4.000 -7.500
v -17.000 -3.000 -7.500
v -18.000 -4.000 7.500
v -18.000 -3.000 7.500
v -17.000 -4.000 7.500
v -17.000 -3.000 7.500
v -18.000 -2.000 -7.500
v -17.000 -2.000 -7.500
v -18.000 -2.000 7.500
v -17.000 -2.000 7.500
v -18.000 -1.000 -7.500
v -17.000 -1.000 -7.500
v -18.000 -1.000 7.500
v -17.000 -1.000 7.500
v -18.000 0.000 -7.500
v -17.000 0.000 -7.500
v -18.000 0.000 7.500
v -17.000 0.000 7.500
v -18.000 1.000 -7.500
v -17.000 1.000 -7.500
v -18.000 1.000 7.500
v -17.000 1.000 7.500
v -18.000 2.000 -7.500
v -17.000 2.000 -7.500
v -18.000 2.000 7.500
v -17.000 2.000 7.500
v -18.000 3.000 -7.500
v -17.000 3.000 -7.500
v -18.000 3.000 7.500
v -17.000 3.000 7.500
v -18.000 4.000 -7.500
v -17.000 4.000 -6.500
v -17.000 4.000 -7.500
v -18.000 4.000 7.500
v -17.000 4.000 7.500
v -17.000 4.000 6.500
v -18.000 5.000 -6.500
v -17.000 5.000 -5.500
v -17.000 5.000 -6.500
v -18.000 5.000 6.500
v -17.000 5.000 6.500
v -17.000 5.000 5.500
v -18.000 6.000 -5.500
v -17.000 6.000 -4.500
v -17.000 6.000 -5.500
v -18.000 6.000 5.500
v -17.000 6.000 5.500
v -17.000 6.000 4.500
v -18.000 7.000 -3.500
v -18.000 7.000 -4.500
v -17.000 7.000 -3.500
v -17.000 7.000 -4.500
v -17.000 7.000 -2.500
v -18.000 7.000 3.500
v -17.000 7.000 3.500
v -17.000 7.000 2.500
v -18.000 7.000 4.500
v -17.000 7.000 4.500
v -18.000 8.000 -1.500
v -18.000 8.000 -2.500
v -17.000 8.000 -1.500
v -17.000 8.000 -2.500
v -18.000 8.000 -0.500
v -17.000 8.000 -0.500
v -18.000 8.000 0.500
v -17.000 8.000 0.500
v -18.000 8.000 1.500
v -17.000 8.000 1.500
v -18.000 8.000 2.500
v -17.000 8.000 2.500
v -16.000 -8.000 -2.500
v -16.000 -8.000 -1.500
v -16.000 -7.000 -2.500
v -16.000 -8.000 -0.500
v -16.000 -8.000 0.500
v -16.000 -8.000 1.500
v -16.000 -8.000 2.500
v -16.000 -7.000 2.500
v -16.000 -7.000 -4.500
v -16.000 -7.000 -3.500
v -16.000 -6.000 -4.500
v -16.000 -7.000 3.500
v -16.000 -7.000 4.500
v -16.000 -6.000 4.500
v -16.000 -6.000 -5.500
v -16.000 -5.000 -5.500
v -16.000 -6.000 5.500
v -16.000 -5.000 5.500
v -16.000 -5.000 -6.500
v -16.000 -4.000 -6.500
v -16.000 -5.000 6.500
v -16.000 -4.000 6.500
v -16.000 -4.000 -7.500
v -16.000 -3.000 -7.500
v -16.000 -4.000 7.500
v -16.000 -3.000 7.500
v -16.000 -2.000 -7.500
v -16.000 -2.000 7.500
v -16.000 -1.000 -7.500
v -16.000 -1.000 7.500
v -16.000 0.000 -7.500
v -16.000 0.000 7.500
v -16.000 1.000 -7.500
v -16.000 1.000 7.500
v -16.000 2.000 -7.500
v -16.000 2.000 7.500
v -16.000 3.000 -7.500
v -16.000 3.000 7.500
v -16.000 4.000 -6.500
v -16.000 4.000 -7.500
v -16.000 4.000 7.500
v -16.000 4.000 6.500
v -16.000 5.000 -5.500
v -16.000 5.000 -6.500
v -16.000 5.000 6.500
v -16.000 5.000 5.500
v -16.000 6.000 -4.500
v -16.000 6.000 -5.500
v -16.000 6.000 5.500
v -16.000 6.000 4.500
v -16.000 7.000 -3.500
v -16.000 7.000 -4.500
v -16.000 7.000 -2.500
v -16.000 7.000 3.500
v -16.000 7.000 2.500
v -16.000 7.000 4.500
v -16.000 8.000 -1.500
v -16.000 8.000 -2.500
v -16.000 8.000 -0.500
v -16.000 8.000 0.500
v -16.000 8.000 1.500
v -16.000 8.000 2.500
v -15.000 -9.000 -2.500
v -15.000 -8.000 -2.500
v -15.000 -8.000 -1.500
v -15.000 -9.000 -1.500
v -16.000 -9.000 -1.500
v -16.000 -9.000 -2.500
v -15.000 -8.000 -0.500
v -15.000 -9.000 -0.500
v -16.000 -9.000 -0.500
v -15.000 -8.000 0.500
v -15.000 -9.000 0.500
v -16.000 -9.000 0.500
v -15.000 -8.000 1.500
v -15.000 -9.000 1.500
v -16.000 -9.000 1.500
v -15.000 -8.000 2.500
v -15.000 -9.000 2.500
v -16.000 -9.000 2.500
v -15.000 -8.000 -4.500
v -15.000 -7.000 -4.500
v -15.000 -7.000 -3.500
v -15.000 -8.000 -3.500
v -16.000 -8.000 -3.500
v -16.000 -8.000 -4.500
v -15.000 -7.000 -2.500
v -15.000 -7.000 2.500
v -15.000 -7.000 3.500
v -15.000 -8.000 3.500
v -16.000 -8.000 3.500
v -15.000 -7.000 4.500
v -15.000 -8.000 4.500
v -16.000 -8.000 4.500
v -15.000 -7.000 -6.500
v -15.000 -6.000 -6.500
v -15.000 -6.000 -5.500
v -15.000 -7.000 -5.500
v -16.000 -7.000 -5.500
v -16.000 -6.000 -6.500
v -16.000 -7.000 -6.500
v -15.000 -6.000 -4.500
v -15.000 -6.000 4.500
v -15.000 -6.000 5.500
v -15.000 -7.000 5.500
v -16.000 -7.000 5.500
v -15.000 -6.000 6.500
v -15.000 -7.000 6.500
v -16.000 -7.000 6.500
v -16.000 -6.000 6.500
v -15.000 -6.000 -7.500
v -15.000 -5.000 -7.500
v -15.000 -5.000 -6.500
v -16.000 -5.000 -7.500
v -16.000 -6.000 -7.500
v -15.000 -5.000 -5.500
v -15.000 -5.000 5.500
v -15.000 -5.000 6.500
v -15.000 -5.000 7.500
v -15.000 -6.000 7.500
v -16.000 -6.000 7.500
v -16.000 -5.000 7.500
v -15.000 -4.000 -7.500
v -15.000 -4.000 -6.500
v -15.000 -4.000 6.500
v -15.000 -4.000 7.500
v -15.000 -4.000 -8.500
v -15.000 -3.000 -8.500
v -15.000 -3.000 -7.500
v -16.000 -3.000 -8.500
v -16.000 -4.000 -8.500
v -15.000 -3.000 7.500
v -15.000 -3.000 8.500
v -15.000 -4.000 8.500
v -16.000 -4.000 8.500
v -16.000 -3.000 8.500
v -15.000 -2.000 -8.500
v -15.000 -2.000 -7.500
v -16.000 -2.000 -8.500
v -15.000 -2.000 7.500
v -15.000 -2.000 8.500
v -16.000 -2.000 8.500
v -15.000 -1.000 -8.500
v -15.000 -1.000 -7.500
v -16.000 -1.000 -8.500
v -15.000 -1.000 7.500
v -15.000 -1.000 8.500
v -16.000 -1.000 8.500
v -15.000 0.000 -8.500
v -15.000 0.000 -7.500
v -16.000 0.000 -8.500
v -15.000 0.000 7.500
v -15.000 0.000 8.500
v -16.000 0.000 8.500
v -15.000 1.000 -8.500
v -15.000 1.000 -7.500
v -16.000 1.000 -8.500
v -15.000 1.000 7.500
v -15.000 1.000 8.500
v -16.000 1.000 8.500
v -15.000 2.000 -8.500
v -15.000 2.000 -7.500
v -16.000 2.000 -8.500
v -15.000 2.000 7.500
v -15.000 2.000 8.500
v -16.000 2.000 8.500
v -15.000 3.000 -8.500
v -15.000 3.000 -7.500
v -16.000 3.000 -8.500
v -15.000 3.000 7.500
v -15.000 3.000 8.500
v -16.000 3.000 8.500
v -15.000 4.000 -8.500
v -15.000 4.000 -7.500
v -16.000 4.000 -8.500
v -15.000 4.000 7.500
v -15.000 4.000 8.500
v -16.000 4.000 8.500
v -15.000 5.000 -7.500
v -15.000 5.000 -6.500
v -15.000 4.000 -6.500
v -16.000 5.000 -7.500
v -15.000 4.000 6.500
v -15.000 5.000 6.500
v -15.000 5.000 7.500
v -16.000 5.000 7.500
v -15.000 6.000 -7.500
v -15.000 6.000 -6.500
v -16.000 6.000 -6.500
v -16.000 6.000 -7.500
v -15.000 6.000 -5.500
v -15.000 5.000 -5.500
v -15.000 5.000 5.500
v -15.000 6.000 5.500
v -15.000 6.000 6.500
v -16.000 6.000 6.500
v -15.000 6.000 7.500
v -16.000 6.000 7.500
v -15.000 7.000 -6.500
v -15.000 7.000 -5.500
v -16.000 7.000 -5.500
v -16.000 7.000 -6.500
v -15.000 7.000 -4.500
v -15.000 6.000 -4.500
v -15.000 6.000 4.500
v -15.000 7.000 4.500
v -15.000 7.000 5.500
v -16.000 7.000 5.500
v -15.000 7.000 6.500
v -16.000 7.000 6.500
v -15.000 8.000 -4.500
v -15.000 8.000 -3.500
v -15.000 7.000 -3.500
v -16.000 8.000 -3.500
v -16.000 8.000 -4.500
v -15.000 8.000 -2.500
v -15.000 7.000 -2.500
v -15.000 7.000 2.500
v -15.000 8.000 2.500
v -15.000 8.000 3.500
v -15.000 7.000 3.500
v -16.000 8.000 3.500
v -15.000 8.000 4.500
v -16.000 8.000 4.500
v -15.000 9.000 -2.500
v -15.000 9.000 -1.500
v -15.000 8.000 -1.500
v -16.000 9.000 -1.500
v -16.000 9.000 -2.500
v -15.000 9.000 -0.500
v -15.000 8.000 -0.500
v -16.000 9.000 -0.500
v -15.000 9.000 0.500
v -15.000 8.000 0.500
v -16.000 9.000 0.500
v -15.000 9.000 1.500
v -15.000 8.000 1.500
v -16.000 9.000 1.500
v -15.000 9.000 2.500
v -16.000 9.000 2.500
v -14.000 -8.000 -2.500
v -14.000 -8.000 -1.500
v -14.000 -7.000 -2.500
v -14.000 -8.000 -0.500
v -14.000 -8.000 0.500
v -14.000 -8.000 1.500
v -14.000 -8.000 2.500
v -14.000 -7.000 2.500
v -14.000 -7.000 -4.500
v -14.000 -7.000 -3.500
v -14.000 -6.000 -4.500
v -14.000 -7.000 3.500
v -14.000 -7.000 4.500
v -14.000 -6.000 4.500
v -14.000 -6.000 -5.500
v -14.000 -5.000 -5.500
v -14.000 -6.000 5.500
v -14.000 -5.000 5.500
v -14.000 -5.000 -6.500
v -14.000 -4.000 -6.500
v -14.000 -5.000 6.500
v -14.000 -4.000 6.500
v -14.000 -4.000 -7.500
v -14.000 -3.000 -7.500
v -14.000 -4.000 7.500
v -14.000 -3.000 7.500
v -14.000 -2.000 -7.500
v -14.000 -2.000 7.500
v -14.000 -1.000 -7.500
v -14.000 -1.000 7.500
v -14.000 0.000 -7.500
v -14.000 0.000 7.500
v -14.000 1.000 -7.500
v -14.000 1.000 7.500
v -14.000 2.000 -7.500
v -14.000 2.000 7.500
v -14.000 3.000 -7.500
v -14.000 3.000 7.500
v -14.000 4.000 -6.500
v -14.000 4.000 -7.500
v -14.000 4.000 7.500
v -14.000 4.000 6.500
v -14.000 5.000 -5.500
v -14.000 5.000 -6.500
v -14.000 5.000 6.500
v -14.000 5.000 5.500
v -14.000 6.000 -4.500
v -14.000 6.000 -5.500
v -14.000 6.000 5.500
v -14.000 6.000 4.500
v -14.000 7.000 -3.500
v -14.000 7.000 -4.500
v -14.000 7.000 -2.500
v -14.000 7.000 3.500
v -14.000 7.000 2.500
v -14.000 7.000 4.500
v -14.000 8.000 -1.500
v -14.000 8.000 -2.500
v -14.000 8.000 -0.500
v -14.000 8.000 0.500
v -14.000 8.000 1.500
v -14.000 8.000 2.500
v -13.000 -8.000 -2.500
v -13.000 -7.000 -2.500
v -13.000 -7.000 -1.500
v -13.000 -8.000 -1.500
v -13.000 -7.000 -0.500
v -13.000 -8.000 -0.500
v -13.000 -7.000 0.500
v -13.000 -8.000 0.500
v -13.000 -7.000 1.500
v -13.000 -8.000 1.500
v -13.000 -7.000 2.500
v -13.000 -8.000 2.500
v -13.000 -7.000 -4.500
v -13.000 -6.000 -4.500
v -13.000 -6.000 -3.500
v -13.000 -7.000 -3.500
v -13.000 -6.000 -2.500
v -13.000 -6.000 -1.500
v -13.000 -6.000 -0.500
v -13.000 -6.000 0.500
v -13.000 -6.000 1.500
v -13.000 -6.000 2.500
v -13.000 -6.000 3.500
v -13.000 -7.000 3.500
v -13.000 -6.000 4.500
v -13.000 -7.000 4.500
v -13.000 -6.000 -5.500
v -13.000 -5.000 -5.500
v -13.000 -5.000 -4.500
v -13.000 -5.000 -3.500
v -13.000 -5.000 -2.500
v -13.000 -5.000 -1.500
v -13.000 -5.000 -0.500
v -13.000 -5.000 0.500
v -13.000 -5.000 1.500
v -13.000 -5.000 2.500
v -13.000 -5.000 3.500
v -13.000 -5.000 4.500
v -13.000 -5.000 5.500
v -13.000 -6.000 5.500
v -13.000 -5.000 -6.500
v -13.000 -4.000 -6.500
v -13.000 -4.000 -5.500
v -13.000 -4.000 -4.500
v -13.000 -4.000 -3.500
v -13.000 -4.000 -2.500
v -13.000 -4.000 -1.500
v -13.000 -4.000 -0.500
v -13.000 -4.000 0.500
v -13.000 -4.000 1.500
v -13.000 -4.000 2.500
v -13.000 -4.000 3.500
v -13.000 -4.000 4.500
v -13.000 -4.000 5.500
v -13.000 -4.000 6.500
v -13.000 -5.000 6.500
v -13.000 -4.000 -7.500
v -13.000 -3.000 -7.500
v -13.000 -3.000 -6.500
v -13.000 -3.000 -5.500
v -13.000 -3.000 -4.500
v -13.000 -3.000 -3.500
v -13.000 -3.000 -2.500
v -13.000 -3.000 -1.500
v -13.000 -3.000 -0.500
v -13.000 -3.000 0.500
v -13.000 -3.000 1.500
v -13.000 -3.000 2.500
v -13.000 -3.000 3.500
v -13.000 -3.000 4.500
v -13.000 -3.000 5.500
v -13.000 -3.000 6.500
v -13.000 -3.000 7.500
v -13.000 -4.000 7.500
v -13.000 -2.000 -7.500
v -13.000 -2.000 -6.500
v -13.000 -2.000 -5.500
v -13.000 -2.000 -4.500
v -13.000 -2.000 -3.500
v -13.000 -2.000 -2.500
v -13.000 -2.000 -1.500
v -13.000 -2.000 -0.500
v -13.000 -2.000 0.500
v -13.000 -2.000 1.500
v -13.000 -2.000 2.500
v -13.000 -2.000 3.500
v -13.000 -2.000 4.500
v -13.000 -2.000 5.500
v -13.000 -2.000 6.500
v -13.000 -2.000 7.500
v -13.000 -1.000 -7.500
v -13.000 -1.000 -6.500
v -13.000 -1.000 -5.500
v -13.000 -1.000 -4.500
v -13.000 -1.000 -3.500
v -13.000 -1.000 -2.500
v -13.000 -1.000 -1.500
v -13.000 -1.000 1.500
v -13.000 -1.000 2.500
v -13.000 -1.000 3.500
v -13.000 -1.000 4.500
v -13.000 -1.000 5.500
v -13.000 -1.000 6.500
v -13.000 -1.000 7.500
v -13.000 0.000 -7.500
v -13.000 0.000 -6.500
v -13.000 0.000 -5.500
v -13.000 0.000 -4.500
v -13.000 0.000 -3.500
v -13.000 0.000 -2.500
v -13.000 0.000 -1.500
v -13.000 0.000 1.500
v -13.000 0.000 2.500
v -13.000 0.000 3.500
v -13.000 0.000 4.500
v -13.000 0.000 5.500
v -13.000 0.000 6.500
v -13.000 0.000 7.500
v -13.000 1.000 -7.500
v -13.000 1.000 -6.500
v -13.000 1.000 -5.500
v -13.000 1.000 -4.500
v -13.000 1.000 -3.500
v -13.000 1.000 -2.500
v -13.000 1.000 -1.500
v -13.000 1.000 1.500
v -13.000 1.000 2.500
v -13.000 1.000 3.500
v -13.000 1.000 4.500
v -13.000 1.000 5.500
v -13.000 1.000 6.500
v -13.000 1.000 7.500
v -13.000 2.000 -7.500
v -13.000 2.000 -6.500
v -13.000 2.000 -5.500
v -13.000 2.000 -4.500
v -13.000 2.000 -3.500
v -13.000 2.000 -2.500
v -13.000 2.000 -1.500
v -13.000 2.000 1.500
v -13.000 2.000 2.500
v -13.000 2.000 3.500
v -13.000 2.000 4.500
v -13.000 2.000 5.500
v -13.000 2.000 6.500
v -13.000 2.000 7.500
v -13.000 3.000 -7.500
v -13.000 3.000 -6.500
v -13.000 3.000 -5.500
v -13.000 3.000 -4.500
v -13.000 3.000 -3.500
v -13.000 3.000 -2.500
v -13.000 3.000 -1.500
v -13.000 3.000 -0.500
v -13.000 2.000 -0.500
v -13.000 3.000 0.500
v -13.000 2.000 0.500
v -13.000 3.000 1.500
v -13.000 3.000 2.500
v -13.000 3.000 3.500
v -13.000 3.000 4.500
v -13.000 3.000 5.500
v -13.000 3.000 6.500
v -13.000 3.000 7.500
v -13.000 4.000 -7.500
v -13.000 4.000 -6.500
v -13.000 4.000 -5.500
v -13.000 4.000 -4.500
v -13.000 4.000 -3.500
v -13.000 4.000 -2.500
v -13.000 4.000 -1.500
v -13.000 4.000 -0.500
v -13.000 4.000 0.500
v -13.000 4.000 1.500
v -13.000 4.000 2.500
v -13.000 4.000 3.500
v -13.000 4.000 4.500
v -13.000 4.000 5.500
v -13.000 4.000 6.500
v -13.000 4.000 7.500
v -13.000 5.000 -6.500
v -13.000 5.000 -5.500
v -13.000 5.000 -4.500
v -13.000 5.000 -3.500
v -13.000 5.000 -2.500
v -13.000 5.000 -1.500
v -13.000 5.000 -0.500
v -13.000 5.000 0.500
v -13.000 5.000 1.500
v -13.000 5.000 2.500
v -13.000 5.000 3.500
v -13.000 5.000 4.500
v -13.000 5.000 5.500
v -13.000 5.000 6.500
v -13.000 6.000 -5.500
v -13.000 6.000 -4.500
v -13.000 6.000 -3.500
v -13.000 6.000 -2.500
v -13.000 6.000 -1.500
v -13.000 6.000 -0.500
v -13.000 6.000 0.500
v -13.000 6.000 1.500
v -13.000 6.000 2.500
v -13.000 6.000 3.500
v -13.000 6.000 4.500
v -13.000 6.000 5.500
v -13.000 7.000 -4.500
v -13.000 7.000 -3.500
v -13.000 7.000 -2.500
v -13.000 7.000 -1.500
v -13.000 7.000 -0.500
v -13.000 7.000 0.500
v -13.000 7.000 1.500
v -13.000 7.000 2.500
v -13.000 7.000 3.500
v -13.000 7.000 4.500
v -13.000 8.000 -2.500
v -13.000 8.000 -1.500
v -13.000 8.000 -0.500
v -13.000 8.000 0.500
v -13.000 8.000 1.500
v -13.000 8.000 2.500
v -12.000 -2.000 -1.500
v -12.000 -2.000 -0.500
v -12.000 -1.000 -1.500
v -12.000 -2.000 0.500
v -12.000 -2.000 1.500
v -12.000 -1.000 1.500
v -12.000 0.000 -1.500
v -12.000 0.000 1.500
v -12.000 1.000 -1.500
v -12.000 1.000 1.500
v -12.000 2.000 -0.500
v -12.000 2.000 -1.500
v -12.000 2.000 0.500
v -12.000 2.000 1.500
v -11.000 -2.000 -1.500
v -11.000 -2.000 -0.500
v -11.000 -1.000 -1.500
v -11.000 -2.000 0.500
v -11.000 -2.000 1.500
v -11.000 -1.000 1.500
v -11.000 0.000 -1.500
v -11.000 0.000 1.500
v -11.000 1.000 -1.500
v -11.000 1.000 1.500
v -11.000 2.000 -0.500
v -11.000 2.000 -1.500
v -11.000 2.000 0.500
v -11.000 2.000 1.500
v -10.000 -2.000 -1.500
v -10.000 -2.000 -0.500
v -10.000 -1.000 -1.500
v -10.000 -2.000 0.500
v -10.000 -2.000 1.500
v -10.000 -1.000 1.500
v -10.000 0.000 -1.500
v -10.000 0.000 1.500
v -10.000 1.000 -1.500
v -10.000 1.000 1.500
v -10.000 2.000 -0.500
v -10.000 2.000 -1.500
v -10.000 2.000 0.500
v -10.000 2.000 1.500
v -9.000 -2.000 -1.500
v -9.000 -2.000 -0.500
v -9.000 -1.000 -1.500
v -9.000 -2.000 0.500
v -9.000 -2.000 1.500
v -9.000 -1.000 1.500
v -9.000 0.000 -1.500
v -9.000 0.000 1.500
v -9.000 1.000 -1.500
v -9.000 1.000 1.500
v -9.000 2.000 -0.500
v -9.000 2.000 -1.500
v -9.000 2.000 0.500
v -9.000 2.000 1.500
v -9.000 -9.000 -1.500
v -9.000 -8.000 -1.500
v -9.000 -8.000 -2.500
v -9.000 -9.000 -2.500
v -8.000 -9.000 -2.500
v -8.000 -9.000 -1.500
v -8.000 -8.000 -2.500
v -9.000 -9.000 -0.500
v -9.000 -8.000 -0.500
v -8.000 -9.000 -0.500
v -9.000 -9.000 0.500
v -9.000 -8.000 0.500
v -8.000 -9.000 0.500
v -9.000 -9.000 1.500
v -9.000 -8.000 1.500
v -8.000 -9.000 1.500
v -9.000 -9.000 2.500
v -9.000 -8.000 2.500
v -8.000 -9.000 2.500
v -8.000 -8.000 2.500
v -9.000 -8.000 -3.500
v -9.000 -7.000 -3.500
v -9.000 -7.000 -4.500
v -9.000 -8.000 -4.500
v -8.000 -8.000 -4.500
v -8.000 -8.000 -3.500
v -8.000 -7.000 -4.500
v -9.000 -7.000 -2.500
v -9.000 -7.000 -1.500
v -9.000 -7.000 -0.500
v -9.000 -7.000 0.500
v -9.000 -7.000 1.500
v -9.000 -7.000 2.500
v -9.000 -8.000 3.500
v -9.000 -7.000 3.500
v -8.000 -8.000 3.500
v -9.000 -8.000 4.500
v -9.000 -7.000 4.500
v -8.000 -8.000 4.500
v -8.000 -7.000 4.500
v -9.000 -7.000 -5.500
v -9.000 -6.000 -5.500
v -9.000 -6.000 -6.500
v -9.000 -7.000 -6.500
v -8.000 -7.000 -6.500
v -8.000 -7.000 -5.500
v -8.000 -6.000 -6.500
v -9.000 -6.000 -4.500
v -9.000 -6.000 -3.500
v -9.000 -6.000 -2.500
v -9.000 -6.000 -1.500
v -9.000 -6.000 -0.500
v -9.000 -6.000 0.500
v -9.000 -6.000 1.500
v -9.000 -6.000 2.500
v -9.000 -6.000 3.500
v -9.000 -6.000 4.500
v -9.000 -7.000 5.500
v -9.000 -6.000 5.500
v -8.000 -7.000 5.500
v -9.000 -7.000 6.500
v -9.000 -6.000 6.500
v -8.000 -7.000 6.500
v -8.000 -6.000 6.500
v -9.000 -5.000 -6.500
v -9.000 -5.000 -7.500
v -9.000 -6.000 -7.500
v -8.000 -6.000 -7.500
v -8.000 -5.000 -7.500
v -9.000 -5.000 -5.500
v -9.000 -5.000 -4.500
v -9.000 -5.000 -3.500
v -9.000 -5.000 -2.500
v -9.000 -5.000 -1.500
v -9.000 -5.000 -0.500
v -9.000 -5.000 0.500
v -9.000 -5.000 1.500
v -9.000 -5.000 2.500
v -9.000 -5.000 3.500
v -9.000 -5.000 4.500
v -9.000 -5.000 5.500
v -9.000 -5.000 6.500
v -9.000 -6.000 7.500
v -9.000 -5.000 7.500
v -8.000 -6.000 7.500
v -8.000 -5.000 7.500
v -9.000 -4.000 -6.500
v -9.000 -4.000 -7.500
v -8.000 -4.000 -7.500
v -9.000 -4.000 -5.500
v -9.000 -4.000 -4.500
v -9.000 -4.000 -3.500
v -9.000 -4.000 -2.500
v -9.000 -4.000 -1.500
v -9.000 -4.000 -0.500
v -9.000 -4.000 0.500
v -9.000 -4.000 1.500
v -9.000 -4.000 2.500
v -9.000 -4.000 3.500
v -9.000 -4.000 4.500
v -9.000 -4.000 5.500
v -9.000 -4.000 6.500
v -9.000 -4.000 7.500
v -8.000 -4.000 7.500
v -9.000 -3.000 -7.500
v -9.000 -3.000 -8.500
v -9.000 -4.000 -8.500
v -8.000 -4.000 -8.500
v -8.000 -3.000 -8.500
v -9.000 -3.000 -6.500
v -9.000 -3.000 -5.500
v -9.000 -3.000 -4.500
v -9.000 -3.000 -3.500
v -9.000 -3.000 -2.500
v -9.000 -3.000 -1.500
v -9.000 -3.000 -0.500
v -9.000 -3.000 0.500
v -9.000 -3.000 1.500
v -9.000 -3.000 2.500
v -9.000 -3.000 3.500
v -9.000 -3.000 4.500
v -9.000 -3.000 5.500
v -9.000 -3.000 6.500
v -9.000 -3.000 7.500
v -9.000 -4.000 8.500
v -9.000 -3.000 8.500
v -8.000 -4.000 8.500
v -8.000 -3.000 8.500
v -9.000 -2.000 -7.500
v -9.000 -2.000 -8.500
v -8.000 -2.000 -8.500
v -9.000 -2.000 -6.500
v -9.000 -2.000 -5.500
v -9.000 -2.000 -4.500
v -9.000 -2.000 -3.500
v -9.000 -2.000 -2.500
v -9.000 -2.000 2.500
v -9.000 -2.000 3.500
v -9.000 -2.000 4.500
v -9.000 -2.000 5.500
v -9.000 -2.000 6.500
v -9.000 -2.000 7.500
v -9.000 -2.000 8.500
v -8.000 -2.000 8.500
v -9.000 -1.000 -7.500
v -9.000 -1.000 -8.500
v -8.000 -1.000 -8.500
v -9.000 -1.000 -6.500
v -9.000 -1.000 -5.500
v -9.000 -1.000 -4.500
v -9.000 -1.000 -3.500
v -9.000 -1.000 -2.500
v -9.000 -1.000 2.500
v -9.000 -1.000 3.500
v -9.000 -1.000 4.500
v -9.000 -1.000 5.500
v -9.000 -1.000 6.500
v -9.000 -1.000 7.500
v -9.000 -1.000 8.500
v -8.000 -1.000 8.500
v -9.000 0.000 -7.500
v -9.000 0.000 -8.500
v -8.000 0.000 -8.500
v -9.000 0.000 -6.500
v -9.000 0.000 -5.500
v -9.000 0.000 -4.500
v -9.000 0.000 -3.500
v -9.000 0.000 -2.500
v -9.000 0.000 2.500
v -9.000 0.000 3.500
v -9.000 0.000 4.500
v -9.000 0.000 5.500
v -9.000 0.000 6.500
v -9.000 0.000 7.500
v -9.000 0.000 8.500
v -8.000 0.000 8.500
v -9.000 1.000 -7.500
v -9.000 1.000 -8.500
v -8.000 1.000 -8.500
v -9.000 1.000 -6.500
v -9.000 1.000 -5.500
v -9.000 1.000 -4.500
v -9.000 1.000 -3.500
v -9.000 1.000 -2.500
v -9.000 1.000 2.500
v -9.000 1.000 3.500
v -9.000 1.000 4.500
v -9.000 1.000 5.500
v -9.000 1.000 6.500
v -9.000 1.000 7.500
v -9.000 1.000 8.500
v -8.000 1.000 8.500
v -9.000 2.000 -7.500
v -9.000 2.000 -8.500
v -8.000 2.000 -8.500
v -9.000 2.000 -6.500
v -9.000 2.000 -5.500
v -9.000 2.000 -4.500
v -9.000 2.000 -3.500
v -9.000 2.000 -2.500
v -9.000 2.000 2.500
v -9.000 2.000 3.500
v -9.000 2.000 4.500
v -9.000 2.000 5.500
v -9.000 2.000 6.500
v -9.000 2.000 7.500
v -9.000 2.000 8.500
v -8.000 2.000 8.500
v -9.000 3.000 -7.500
v -9.000 3.000 -8.500
v -8.000 3.000 -8.500
v -9.000 3.000 -6.500
v -9.000 3.000 -5.500
v -9.000 3.000 -4.500
v -9.000 3.000 -3.500
v -9.000 3.000 -2.500
v -9.000 3.000 -1.500
v -9.000 3.000 -0.500
v -9.000 3.000 0.500
v -9.000 3.000 1.500
v -9.000 3.000 2.500
v -9.000 3.000 3.500
v -9.000 3.000 4.500
v -9.000 3.000 5.500
v -9.000 3.000 6.500
v -9.000 3.000 7.500
v -9.000 3.000 8.500
v -8.000 3.000 8.500
v -9.000 4.000 -7.500
v -9.000 4.000 -8.500
v -8.000 4.000 -7.500
v -8.000 4.000 -8.500
v -9.000 4.000 -6.500
v -9.000 4.000 -5.500
v -9.000 4.000 -4.500
v -9.000 4.000 -3.500
v -9.000 4.000 -2.500
v -9.000 4.000 -1.500
v -9.000 4.000 -0.500
v -9.000 4.000 0.500
v -9.000 4.000 1.500
v -9.000 4.000 2.500
v -9.000 4.000 3.500
v -9.000 4.000 4.500
v -9.000 4.000 5.500
v -9.000 4.000 6.500
v -9.000 4.000 7.500
v -9.000 4.000 8.500
v -8.000 4.000 8.500
v -8.000 4.000 7.500
v -9.000 5.000 -6.500
v -9.000 5.000 -7.500
v -8.000 5.000 -7.500
v -9.000 5.000 -5.500
v -9.000 5.000 -4.500
v -9.000 5.000 -3.500
v -9.000 5.000 -2.500
v -9.000 5.000 -1.500
v -9.000 5.000 -0.500
v -9.000 5.000 0.500
v -9.000 5.000 1.500
v -9.000 5.000 2.500
v -9.000 5.000 3.500
v -9.000 5.000 4.500
v -9.000 5.000 5.500
v -9.000 5.000 6.500
v -9.000 5.000 7.500
v -8.000 5.000 7.500
v -9.000 6.000 -6.500
v -9.000 6.000 -7.500
v -8.000 6.000 -6.500
v -8.000 6.000 -7.500
v -9.000 6.000 -5.500
v -9.000 6.000 -4.500
v -9.000 6.000 -3.500
v -9.000 6.000 -2.500
v -9.000 6.000 -1.500
v -9.000 6.000 -0.500
v -9.000 6.000 0.500
v -9.000 6.000 1.500
v -9.000 6.000 2.500
v -9.000 6.000 3.500
v -9.000 6.000 4.500
v -9.000 6.000 5.500
v -9.000 6.000 6.500
v -9.000 6.000 7.500
v -8.000 6.000 7.500
v -8.000 6.000 6.500
v -9.000 7.000 -5.500
v -9.000 7.000 -6.500
v -8.000 7.000 -5.500
v -8.000 7.000 -6.500
v -9.000 7.000 -4.500
v -8.000 7.000 -4.500
v -9.000 7.000 -3.500
v -9.000 7.000 -2.500
v -9.000 7.000 -1.500
v -9.000 7.000 -0.500
v -9.000 7.000 0.500
v -9.000 7.000 1.500
v -9.000 7.000 2.500
v -9.000 7.000 3.500
v -9.000 7.000 4.500
v -9.000 7.000 5.500
v -8.000 7.000 5.500
v -8.000 7.000 4.500
v -9.000 7.000 6.500
v -8.000 7.000 6.500
v -9.000 8.000 -3.500
v -9.000 8.000 -4.500
v -8.000 8.000 -3.500
v -8.000 8.000 -4.500
v -9.000 8.000 -2.500
v -8.000 8.000 -2.500
v -9.000 8.000 -1.500
v -9.000 8.000 -0.500
v -9.000 8.000 0.500
v -9.000 8.000 1.500
v -9.000 8.000 2.500
v -9.000 8.000 3.500
v -8.000 8.000 3.500
v -8.000 8.000 2.500
v -9.000 8.000 4.500
v -8.000 8.000 4.500
v -9.000 9.000 -1.500
v -9.000 9.000 -2.500
v -8.000 9.000 -1.500
v -8.000 9.000 -2.500
v -9.000 9.000 -0.500
v -8.000 9.000 -0.500
v -9.000 9.000 0.500
v -8.000 9.000 0.500
v -9.000 9.000 1.500
v -8.000 9.000 1.500
v -9.000 9.000 2.500
v -8.000 9.000 2.500
v -7.000 -9.000 -2.500
v -7.000 -8.000 -2.500
v -7.000 -8.000 -1.500
v -7.000 -9.000 -1.500
v -7.000 -8.000 -0.500
v -7.000 -9.000 -0.500
v -7.000 -8.000 0.500
v -7.000 -9.000 0.500
v -7.000 -8.000 1.500
v -7.000 -9.000 1.500
v -7.000 -8.000 2.500
v -7.000 -9.000 2.500
v -7.000 -8.000 -4.500
v -7.000 -7.000 -4.500
v -7.000 -7.000 -3.500
v -7.000 -8.000 -3.500
v -7.000 -7.000 -2.500
v -7.000 -7.000 -1.500
v -7.000 -7.000 1.500
v -7.000 -7.000 2.500
v -7.000 -7.000 3.500
v -7.000 -8.000 3.500
v -7.000 -7.000 4.500
v -7.000 -8.000 4.500
v -7.000 -7.000 -6.500
v -7.000 -6.000 -6.500
v -7.000 -6.000 -5.500
v -7.000 -7.000 -5.500
v -7.000 -6.000 -4.500
v -7.000 -6.000 -3.500
v -7.000 -6.000 -2.500
v -7.000 -6.000 -1.500
v -7.000 -6.000 1.500
v -7.000 -6.000 2.500
v -7.000 -6.000 3.500
v -7.000 -6.000 4.500
v -7.000 -6.000 5.500
v -7.000 -7.000 5.500
v -7.000 -6.000 6.500
v -7.000 -7.000 6.500
v -7.000 -6.000 -7.500
v -7.000 -5.000 -7.500
v -7.000 -5.000 -6.500
v -7.000 -5.000 -5.500
v -7.000 -5.000 -4.500
v -7.000 -5.000 -3.500
v -7.000 -5.000 -2.500
v -7.000 -5.000 -1.500
v -7.000 -5.000 1.500
v -7.000 -5.000 2.500
v -7.000 -5.000 3.500
v -7.000 -5.000 4.500
v -7.000 -5.000 5.500
v -7.000 -5.000 6.500
v -7.000 -5.000 7.500
v -7.000 -6.000 7.500
v -7.000 -4.000 -7.500
v -7.000 -4.000 -6.500
v -7.000 -4.000 -5.500
v -7.000 -4.000 -4.500
v -7.000 -4.000 -3.500
v -7.000 -4.000 -2.500
v -7.000 -4.000 -1.500
v -7.000 -4.000 1.500
v -7.000 -4.000 2.500
v -7.000 -4.000 3.500
v -7.000 -4.000 4.500
v -7.000 -4.000 5.500
v -7.000 -4.000 6.500
v -7.000 -4.000 7.500
v -7.000 -4.000 -8.500
v -7.000 -3.000 -8.500
v -7.000 -3.000 -7.500
v -7.000 -3.000 -6.500
v -7.000 -3.000 -5.500
v -7.000 -3.000 -4.500
v -7.000 -3.000 -3.500
v -7.000 -3.000 -2.500
v -7.000 -3.000 -1.500
v -7.000 -3.000 -0.500
v -7.000 -4.000 -0.500
v -7.000 -3.000 0.500
v -7.000 -4.000 0.500
v -7.000 -3.000 1.500
v -7.000 -3.000 2.500
v -7.000 -3.000 3.500
v -7.000 -3.000 4.500
v -7.000 -3.000 5.500
v -7.000 -3.000 6.500
v -7.000 -3.000 7.500
v -7.000 -3.000 8.500
v -7.000 -4.000 8.500
v -7.000 -2.000 -8.500
v -7.000 -2.000 -7.500
v -7.000 -2.000 -6.500
v -7.000 -2.000 -5.500
v -7.000 -2.000 -4.500
v -7.000 -2.000 -3.500
v -7.000 -2.000 -2.500
v -7.000 -2.000 -1.500
v -7.000 -2.000 -0.500
v -7.000 -2.000 0.500
v -7.000 -2.000 1.500
v -7.000 -2.000 2.500
v -7.000 -2.000 3.500
v -7.000 -2.000 4.500
v -7.000 -2.000 5.500
v -7.000 -2.000 6.500
v -7.000 -2.000 7.500
v -7.000 -2.000 8.500
v -7.000 -1.000 -8.500
v -7.000 -1.000 -7.500
v -7.000 -1.000 -6.500
v -7.000 -1.000 -5.500
v -7.000 -1.000 -4.500
v -7.000 -1.000 -3.500
v -7.000 -1.000 -2.500
v -7.000 -1.000 -1.500
v -7.000 -1.000 -0.500
v -7.000 -1.000 0.500
v -7.000 -1.000 1.500
v -7.000 -1.000 2.500
v -7.000 -1.000 3.500
v -7.000 -1.000 4.500
v -7.000 -1.000 5.500
v -7.000 -1.000 6.500
v -7.000 -1.000 7.500
v -7.000 -1.000 8.500
v -7.000 0.000 -8.500
v -7.000 0.000 -7.500
v -7.000 0.000 -6.500
v -7.000 0.000 -5.500
v -7.000 0.000 -4.500
v -7.000 0.000 -3.500
v -7.000 0.000 -2.500
v -7.000 0.000 -1.500
v -7.000 0.000 -0.500
v -7.000 0.000 0.500
v -7.000 0.000 1.500
v -7.000 0.000 2.500
v -7.000 0.000 3.500
v -7.000 0.000 4.500
v -7.000 0.000 5.500
v -7.000 0.000 6.500
v -7.000 0.000 7.500
v -7.000 0.000 8.500
v -7.000 1.000 -8.500
v -7.000 1.000 -7.500
v -7.000 1.000 -6.500
v -7.000 1.000 -5.500
v -7.000 1.000 -4.500
v -7.000 1.000 -3.500
v -7.000 1.000 -2.500
v -7.000 1.000 -1.500
v -7.000 1.000 -0.500
v -7.000 1.000 0.500
v -7.000 1.000 1.500
v -7.000 1.000 2.500
v -7.000 1.000 3.500
v -7.000 1.000 4.500
v -7.000 1.000 5.500
v -7.000 1.000 6.500
v -7.000 1.000 7.500
v -7.000 1.000 8.500
v -7.000 2.000 -8.500
v -7.000 2.000 -7.500
v -7.000 2.000 -6.500
v -7.000 2.000 -5.500
v -7.000 2.000 -4.500
v -7.000 2.000 -3.500
v -7.000 2.000 -2.500
v -7.000 2.000 -1.500
v -7.000 2.000 -0.500
v -7.000 2.000 0.500
v -7.000 2.000 1.500
v -7.000 2.000 2.500
v -7.000 2.000 3.500
v -7.000 2.000 4.500
v -7.000 2.000 5.500
v -7.000 2.000 6.500
v -7.000 2.000 7.500
v -7.000 2.000 8.500
v -7.000 3.000 -8.500
v -7.000 3.000 -7.500
v -7.000 3.000 -6.500
v -7.000 3.000 -5.500
v -7.000 3.000 -4.500
v -7.000 3.000 -3.500
v -7.000 3.000 -2.500
v -7.000 3.000 -1.500
v -7.000 3.000 -0.500
v -7.000 3.000 0.500
v -7.000 3.000 1.500
v -7.000 3.000 2.500
v -7.000 3.000 3.500
v -7.000 3.000 4.500
v -7.000 3.000 5.500
v -7.000 3.000 6.500
v -7.000 3.000 7.500
v -7.000 3.000 8.500
v -7.000 4.000 -8.500
v -7.000 4.000 -7.500
v -7.000 4.000 -6.500
v -7.000 4.000 -5.500
v -7.000 4.000 -4.500
v -7.000 4.000 -3.500
v -7.000 4.000 -2.500
v -7.000 4.000 -1.500
v -7.000 4.000 -0.500
v -7.000 4.000 0.500
v -7.000 4.000 1.500
v -7.000 4.000 2.500
v -7.000 4.000 3.500
v -7.000 4.000 4.500
v -7.000 4.000 5.500
v -7.000 4.000 6.500
v -7.000 4.000 7.500
v -7.000 4.000 8.500
v -7.000 5.000 -7.500
v -7.000 5.000 -6.500
v -7.000 5.000 -5.500
v -7.000 5.000 -4.500
v -7.000 5.000 -3.500
v -7.000 5.000 -2.500
v -7.000 5.000 -1.500
v -7.000 5.000 1.500
v -7.000 5.000 2.500
v -7.000 5.000 3.500
v -7.000 5.000 4.500
v -7.000 5.000 5.500
v -7.000 5.000 6.500
v -7.000 5.000 7.500
v -7.000 6.000 -7.500
v -7.000 6.000 -6.500
v -7.000 6.000 -5.500
v -7.000 6.000 -4.500
v -7.000 6.000 -3.500
v -7.000 6.000 -2.500
v -7.000 6.000 -1.500
v -7.000 6.000 1.500
v -7.000 6.000 2.500
v -7.000 6.000 3.500
v -7.000 6.000 4.500
v -7.000 6.000 5.500
v -7.000 6.000 6.500
v -7.000 6.000 7.500
v -7.000 7.000 -6.500
v -7.000 7.000 -5.500
v -7.000 7.000 -4.500
v -7.000 7.000 -3.500
v -7.000 7.000 -2.500
v -7.000 7.000 -1.500
v -7.000 7.000 1.500
v -7.000 7.000 2.500
v -7.000 7.000 3.500
v -7.000 7.000 4.500
v -7.000 7.000 5.500
v -7.000 7.000 6.500
v -7.000 8.000 -4.500
v -7.000 8.000 -3.500
v -7.000 8.000 -2.500
v -7.000 8.000 -1.500
v -7.000 8.000 1.500
v -7.000 8.000 2.500
v -7.000 8.000 3.500
v -7.000 8.000 4.500
v -7.000 9.000 -2.500
v -7.000 9.000 -1.500
v -7.000 9.000 -0.500
v -7.000 8.000 -0.500
v -7.000 9.000 0.500
v -7.000 8.000 0.500
v -7.000 9.000 1.500
v -7.000 9.000 2.500
v -6.000 -8.000 -1.500
v -6.000 -8.000 -0.500
v -6.000 -7.000 -1.500
v -6.000 -8.000 0.500
v -6.000 -8.000 1.500
v -6.000 -7.000 1.500
v -6.000 -6.000 -1.500
v -6.000 -6.000 1.500
v -6.000 -5.000 -1.500
v -6.000 -5.000 1.500
v -6.000 -4.000 -1.500
v -6.000 -4.000 -0.500
v -6.000 -5.000 -0.500
v -6.000 -4.000 0.500
v -6.000 -5.000 0.500
v -6.000 -4.000 1.500
v -6.000 4.000 -1.500
v -6.000 5.000 -1.500
v -6.000 5.000 -0.500
v -6.000 4.000 -0.500
v -6.000 5.000 0.500
v -6.000 4.000 0.500
v -6.000 5.000 1.500
v -6.000 4.000 1.500
v -6.000 6.000 -1.500
v -6.000 6.000 1.500
v -6.000 7.000 -1.500
v -6.000 7.000 1.500
v -6.000 8.000 -0.500
v -6.000 8.000 -1.500
v -6.000 8.000 0.500
v -6.000 8.000 1.500
v -5.000 -8.000 -1.500
v -5.000 -8.000 -0.500
v -5.000 -7.000 -1.500
v -5.000 -8.000 0.500
v -5.000 -8.000 1.500
v -5.000 -7.000 1.500
v -5.000 -6.000 -1.500
v -5.000 -6.000 1.500
v -5.000 -5.000 -0.500
v -5.000 -5.000 -1.500
v -5.000 -5.000 0.500
v -5.000 -5.000 1.500
v -5.000 5.000 -1.500
v -5.000 5.000 -0.500
v -5.000 6.000 -1.500
v -5.000 5.000 0.500
v -5.000 5.000 1.500
v -5.000 6.000 1.500
v -5.000 7.000 -1.500
v -5.000 7.000 1.500
v -5.000 8.000 -0.500
v -5.000 8.000 -1.500
v -5.000 8.000 0.500
v -5.000 8.000 1.500
v -4.000 -8.000 -1.500
v -4.000 -8.000 -0.500
v -4.000 -7.000 -1.500
v -4.000 -8.000 0.500
v -4.000 -8.000 1.500
v -4.000 -7.000 1.500
v -4.000 -6.000 -1.500
v -4.000 -6.000 1.500
v -4.000 -5.000 -1.500
v -4.000 -5.000 1.500
v -5.000 -4.000 -0.500
v -5.000 -4.000 -1.500
v -4.000 -4.000 -1.500
v -5.000 -4.000 0.500
v -5.000 -4.000 1.500
v -4.000 -4.000 1.500
v -5.000 -3.000 -0.500
v -5.000 -3.000 -1.500
v -4.000 -3.000 -1.500
v -5.000 -3.000 0.500
v -5.000 -3.000 1.500
v -4.000 -3.000 1.500
v -5.000 -2.000 -0.500
v -5.000 -2.000 -1.500
v -4.000 -2.000 -1.500
v -5.000 -2.000 0.500
v -5.000 -2.000 1.500
v -4.000 -2.000 1.500
v -5.000 -1.000 -0.500
v -5.000 -1.000 -1.500
v -4.000 -1.000 -1.500
v -5.000 -1.000 0.500
v -5.000 -1.000 1.500
v -4.000 -1.000 1.500
v -5.000 0.000 -0.500
v -5.000 0.000 -1.500
v -4.000 0.000 -1.500
v -5.000 0.000 0.500
v -5.000 0.000 1.500
v -4.000 0.000 1.500
v -5.000 1.000 -0.500
v -5.000 1.000 -1.500
v -4.000 1.000 -1.500
v -5.000 1.000 0.500
v -5.000 1.000 1.500
v -4.000 1.000 1.500
v -5.000 2.000 -0.500
v -5.000 2.000 -1.500
v -4.000 2.000 -1.500
v -5.000 2.000 0.500
v -5.000 2.000 1.500
v -4.000 2.000 1.500
v -5.000 3.000 -0.500
v -5.000 3.000 -1.500
v -4.000 3.000 -1.500
v -5.000 3.000 0.500
v -5.000 3.000 1.500
v -4.000 3.000 1.500
v -5.000 4.000 -0.500
v -5.000 4.000 -1.500
v -4.000 4.000 -1.500
v -5.000 4.000 0.500
v -5.000 4.000 1.500
v -4.000 4.000 1.500
v -4.000 5.000 -1.500
v -4.000 5.000 1.500
v -4.000 6.000 -1.500
v -4.000 6.000 1.500
v -4.000 7.000 -1.500
v -4.000 7.000 1.500
v -4.000 8.000 -0.500
v -4.000 8.000 -1.500
v -4.000 8.000 0.500
v -4.000 8.000 1.500
v -3.000 -8.000 -1.500
v -3.000 -7.000 -1.500
v -3.000 -7.000 -0.500
v -3.000 -8.000 -0.500
v -3.000 -7.000 0.500
v -3.000 -8.000 0.500
v -3.000 -7.000 1.500
v -3.000 -8.000 1.500
v -3.000 -6.000 -1.500
v -3.000 -6.000 1.500
v -3.000 -5.000 -1.500
v -3.000 -5.000 1.500
v -3.000 -4.000 -1.500
v -3.000 -4.000 1.500
v -3.000 -3.000 -1.500
v -3.000 -3.000 1.500
v -3.000 -2.000 -1.500
v -3.000 -2.000 1.500
v -3.000 -1.000 -1.500
v -3.000 -1.000 1.500
v -3.000 0.000 -1.500
v -3.000 0.000 1.500
v -3.000 1.000 -1.500
v -3.000 1.000 1.500
v -3.000 2.000 -1.500
v -3.000 2.000 1.500
v -3.000 3.000 -1.500
v -3.000 3.000 1.500
v -3.000 4.000 -1.500
v -3.000 4.000 1.500
v -3.000 5.000 -1.500
v -3.000 5.000 1.500
v -3.000 6.000 -1.500
v -3.000 6.000 1.500
v -3.000 7.000 -1.500
v -3.000 7.000 1.500
v -3.000 8.000 -1.500
v -3.000 8.000 -0.500
v -3.000 7.000 -0.500
v -3.000 8.000 0.500
v -3.000 7.000 0.500
v -3.000 8.000 1.500
v -2.000 -7.000 -1.500
v -2.000 -7.000 -0.500
v -2.000 -6.000 -1.500
v -2.000 -7.000 0.500
v -2.000 -7.000 1.500
v -2.000 -6.000 1.500
v -2.000 -5.000 -1.500
v -2.000 -5.000 1.500
v -2.000 -4.000 -1.500
v -2.000 -4.000 1.500
v -3.000 -3.000 -2.500
v -3.000 -4.000 -2.500
v -2.000 -4.000 -2.500
v -2.000 -3.000 -2.500
v -3.000 -4.000 2.500
v -3.000 -3.000 2.500
v -2.000 -4.000 2.500
v -2.000 -3.000 2.500
v -3.000 -2.000 -2.500
v -2.000 -2.000 -2.500
v -3.000 -2.000 2.500
v -2.000 -2.000 2.500
v -3.000 -1.000 -2.500
v -2.000 -1.000 -2.500
v -3.000 -1.000 2.500
v -2.000 -1.000 2.500
v -3.000 0.000 -2.500
v -2.000 0.000 -2.500
v -3.000 0.000 2.500
v -2.000 0.000 2.500
v -3.000 1.000 -2.500
v -2.000 1.000 -2.500
v -3.000 1.000 2.500
v -2.000 1.000 2.500
v -3.000 2.000 -2.500
v -2.000 2.000 -2.500
v -3.000 2.000 2.500
v -2.000 2.000 2.500
v -3.000 3.000 -2.500
v -2.000 3.000 -2.500
v -3.000 3.000 2.500
v -2.000 3.000 2.500
v -3.000 4.000 -2.500
v -2.000 4.000 -1.500
v -2.000 4.000 -2.500
v -3.000 4.000 2.500
v -2.000 4.000 2.500
v -2.000 4.000 1.500
v -2.000 5.000 -1.500
v -2.000 5.000 1.500
v -2.000 6.000 -1.500
v -2.000 6.000 1.500
v -2.000 7.000 -0.500
v -2.000 7.000 -1.500
v -2.000 7.000 0.500
v -2.000 7.000 1.500
v -1.000 -7.000 -1.500
v -1.000 -6.000 -1.500
v -1.000 -6.000 -0.500
v -1.000 -7.000 -0.500
v -1.000 -6.000 0.500
v -1.000 -7.000 0.500
v -1.000 -6.000 1.500
v -1.000 -7.000 1.500
v -1.000 -5.000 -1.500
v -1.000 -5.000 1.500
v -1.000 -4.000 -1.500
v -1.000 -4.000 1.500
v -1.000 -4.000 -2.500
v -1.000 -3.000 -2.500
v -1.000 -4.000 2.500
v -1.000 -3.000 2.500
v -2.000 -2.000 -3.500
v -2.000 -3.000 -3.500
v -1.000 -3.000 -3.500
v -1.000 -2.000 -3.500
v -2.000 -3.000 3.500
v -2.000 -2.000 3.500
v -1.000 -3.000 3.500
v -1.000 -2.000 3.500
v -2.000 -1.000 -3.500
v -1.000 -1.000 -3.500
v -2.000 -1.000 3.500
v -1.000 -1.000 3.500
v -2.000 0.000 -3.500
v -1.000 0.000 -3.500
v -2.000 0.000 3.500
v -1.000 0.000 3.500
v -2.000 1.000 -3.500
v -1.000 1.000 -3.500
v -2.000 1.000 3.500
v -1.000 1.000 3.500
v -2.000 2.000 -3.500
v -1.000 2.000 -3.500
v -2.000 2.000 3.500
v -1.000 2.000 3.500
v -2.000 3.000 -3.500
v -1.000 3.000 -2.500
v -1.000 3.000 -3.500
v -2.000 3.000 3.500
v -1.000 3.000 3.500
v -1.000 3.000 2.500
v -1.000 4.000 -1.500
v -1.000 4.000 -2.500
v -1.000 4.000 2.500
v -1.000 4.000 1.500
v -1.000 5.000 -1.500
v -1.000 5.000 1.500
v -1.000 6.000 -1.500
v -1.000 6.000 1.500
v -1.000 7.000 -1.500
v -1.000 7.000 -0.500
v -1.000 6.000 -0.500
v -1.000 7.000 0.500
v -1.000 6.000 0.500
v -1.000 7.000 1.500
v 0.000 -6.000 -1.500
v 0.000 -6.000 -0.500
v 0.000 -5.000 -1.500
v 0.000 -6.000 0.500
v 0.000 -6.000 1.500
v 0.000 -5.000 1.500
v 0.000 -4.000 -1.500
v 0.000 -4.000 1.500
v 0.000 -4.000 -2.500
v 0.000 -3.000 -2.500
v 0.000 -4.000 2.500
v 0.000 -3.000 2.500
v 0.000 -3.000 -3.500
v 0.000 -2.000 -3.500
v 0.000 -2.000 -2.500
v 0.000 -2.000 2.500
v 0.000 -2.000 3.500
v 0.000 -3.000 3.500
v 0.000 -1.000 -3.500
v 0.000 -1.000 3.500
v -1.000 0.000 -4.500
v -1.000 -1.000 -4.500
v 0.000 -1.000 -4.500
v 0.000 0.000 -4.500
v -1.000 -1.000 4.500
v -1.000 0.000 4.500
v 0.000 -1.000 4.500
v 0.000 0.000 4.500
v -1.000 1.000 -4.500
v 0.000 1.000 -3.500
v 0.000 1.000 -4.500
v -1.000 1.000 4.500
v 0.000 1.000 4.500
v 0.000 1.000 3.500
v 0.000 2.000 -3.500
v 0.000 2.000 3.500
v 0.000 3.000 -3.500
v 0.000 3.000 -2.500
v 0.000 2.000 -2.500
v 0.000 2.000 2.500
v 0.000 3.000 2.500
v 0.000 3.000 3.500
v 0.000 4.000 -1.500
v 0.000 4.000 -2.500
v 0.000 4.000 2.500
v 0.000 4.000 1.500
v 0.000 5.000 -1.500
v 0.000 5.000 1.500
v 0.000 6.000 -0.500
v 0.000 6.000 -1.500
v 0.000 6.000 0.500
v 0.000 6.000 1.500
v 1.000 -6.000 -1.500
v 1.000 -6.000 -0.500
v 1.000 -5.000 -1.500
v 1.000 -6.000 0.500
v 1.000 -6.000 1.500
v 1.000 -5.000 1.500
v 1.000 -4.000 -1.500
v 1.000 -4.000 1.500
v 1.000 -4.000 -2.500
v 1.000 -3.000 -2.500
v 1.000 -3.000 -1.500
v 1.000 -3.000 1.500
v 1.000 -3.000 2.500
v 1.000 -4.000 2.500
v 1.000 -2.000 -2.500
v 1.000 -2.000 2.500
v 1.000 -2.000 -3.500
v 1.000 -1.000 -3.500
v 1.000 -2.000 3.500
v 1.000 -1.000 3.500
v 1.000 -1.000 -4.500
v 1.000 0.000 -4.500
v 1.000 -1.000 4.500
v 1.000 0.000 4.500
v 1.000 1.000 -3.500
v 1.000 1.000 -4.500
v 1.000 1.000 4.500
v 1.000 1.000 3.500
v 1.000 2.000 -2.500
v 1.000 2.000 -3.500
v 1.000 2.000 3.500
v 1.000 2.000 2.500
v 1.000 3.000 -2.500
v 1.000 3.000 2.500
v 1.000 4.000 -2.500
v 1.000 4.000 -1.500
v 1.000 3.000 -1.500
v 1.000 3.000 1.500
v 1.000 4.000 1.500
v 1.000 4.000 2.500
v 1.000 5.000 -1.500
v 1.000 5.000 1.500
v 1.000 6.000 -0.500
v 1.000 6.000 -1.500
v 1.000 6.000 0.500
v 1.000 6.000 1.500
v 2.000 -6.000 -1.500
v 2.000 -6.000 -0.500
v 2.000 -5.000 -1.500
v 2.000 -6.000 0.500
v 2.000 -6.000 1.500
v 2.000 -5.000 1.500
v 2.000 -4.000 -1.500
v 2.000 -4.000 1.500
v 2.000 -3.000 -1.500
v 2.000 -3.000 1.500
v 2.000 -3.000 -2.500
v 2.000 -2.000 -2.500
v 2.000 -3.000 2.500
v 2.000 -2.000 2.500
v 2.000 -2.000 -3.500
v 2.000 -1.000 -3.500
v 2.000 -2.000 3.500
v 2.000 -1.000 3.500
v 2.000 -1.000 -4.500
v 2.000 0.000 -4.500
v 2.000 -1.000 4.500
v 2.000 0.000 4.500
v 2.000 1.000 -3.500
v 2.000 1.000 -4.500
v 2.000 1.000 4.500
v 2.000 1.000 3.500
v 2.000 2.000 -2.500
v 2.000 2.000 -3.500
v 2.000 2.000 3.500
v 2.000 2.000 2.500
v 2.000 3.000 -1.500
v 2.000 3.000 -2.500
v 2.000 3.000 2.500
v 2.000 3.000 1.500
v 2.000 4.000 -1.500
v 2.000 4.000 1.500
v 2.000 5.000 -1.500
v 2.000 5.000 1.500
v 2.000 6.000 -0.500
v 2.000 6.000 -1.500
v 2.000 6.000 0.500
v 2.000 6.000 1.500
v 3.000 -6.000 -1.500
v 3.000 -5.000 -1.500
v 3.000 -5.000 -0.500
v 3.000 -6.000 -0.500
v 3.000 -5.000 0.500
v 3.000 -6.000 0.500
v 3.000 -5.000 1.500
v 3.000 -6.000 1.500
v 3.000 -4.000 -1.500
v 3.000 -4.000 1.500
v 3.000 -3.000 -1.500
v 3.000 -3.000 1.500
v 3.000 -3.000 -2.500
v 3.000 -2.000 -2.500
v 3.000 -3.000 2.500
v 3.000 -2.000 2.500
v 3.000 -2.000 -3.500
v 3.000 -1.000 -3.500
v 3.000 -2.000 3.500
v 3.000 -1.000 3.500
v 3.000 -1.000 -4.500
v 3.000 0.000 -4.500
v 3.000 0.000 -3.500
v 3.000 0.000 3.500
v 3.000 0.000 4.500
v 3.000 -1.000 4.500
v 3.000 1.000 -4.500
v 3.000 1.000 -3.500
v 3.000 1.000 3.500
v 3.000 1.000 4.500
v 3.000 2.000 -2.500
v 3.000 2.000 -3.500
v 3.000 2.000 3.500
v 3.000 2.000 2.500
v 3.000 3.000 -1.500
v 3.000 3.000 -2.500
v 3.000 3.000 2.500
v 3.000 3.000 1.500
v 3.000 4.000 -1.500
v 3.000 4.000 1.500
v 3.000 5.000 -1.500
v 3.000 5.000 1.500
v 3.000 6.000 -1.500
v 3.000 6.000 -0.500
v 3.000 5.000 -0.500
v 3.000 6.000 0.500
v 3.000 5.000 0.500
v 3.000 6.000 1.500
v 4.000 -5.000 -1.500
v 4.000 -5.000 -0.500
v 4.000 -4.000 -1.500
v 4.000 -5.000 0.500
v 4.000 -5.000 1.500
v 4.000 -4.000 1.500
v 4.000 -3.000 -1.500
v 4.000 -3.000 1.500
v 4.000 -3.000 -2.500
v 4.000 -2.000 -2.500
v 4.000 -3.000 2.500
v 4.000 -2.000 2.500
v 4.000 -2.000 -3.500
v 4.000 -1.000 -3.500
v 4.000 -1.000 -2.500
v 4.000 -1.000 2.500
v 4.000 -1.000 3.500
v 4.000 -2.000 3.500
v 4.000 0.000 -3.500
v 4.000 0.000 3.500
v 4.000 1.000 -3.500
v 4.000 1.000 3.500
v 4.000 2.000 -3.500
v 4.000 2.000 -2.500
v 4.000 1.000 -2.500
v 4.000 1.000 2.500
v 4.000 2.000 2.500
v 4.000 2.000 3.500
v 4.000 3.000 -1.500
v 4.000 3.000 -2.500
v 4.000 3.000 2.500
v 4.000 3.000 1.500
v 4.000 4.000 -1.500
v 4.000 4.000 1.500
v 4.000 5.000 -0.500
v 4.000 5.000 -1.500
v 4.000 5.000 0.500
v 4.000 5.000 1.500
v 5.000 -5.000 -1.500
v 5.000 -5.000 -0.500
v 5.000 -4.000 -1.500
v 5.000 -5.000 0.500
v 5.000 -5.000 1.500
v 5.000 -4.000 1.500
v 5.000 -3.000 -1.500
v 5.000 -3.000 1.500
v 5.000 -3.000 -2.500
v 5.000 -2.000 -2.500
v 5.000 -2.000 -1.500
v 5.000 -2.000 1.500
v 5.000 -2.000 2.500
v 5.000 -3.000 2.500
v 5.000 -1.000 -2.500
v 5.000 -1.000 2.500
v 5.000 -1.000 -3.500
v 5.000 0.000 -3.500
v 5.000 -1.000 3.500
v 5.000 0.000 3.500
v 5.000 1.000 -2.500
v 5.000 1.000 -3.500
v 5.000 1.000 3.500
v 5.000 1.000 2.500
v 5.000 2.000 -2.500
v 5.000 2.000 2.500
v 5.000 3.000 -2.500
v 5.000 3.000 -1.500
v 5.000 2.000 -1.500
v 5.000 2.000 1.500
v 5.000 3.000 1.500
v 5.000 3.000 2.500
v 5.000 4.000 -1.500
v 5.000 4.000 1.500
v 5.000 5.000 -0.500
v 5.000 5.000 -1.500
v 5.000 5.000 0.500
v 5.000 5.000 1.500
v 6.000 -5.000 -1.500
v 6.000 -5.000 -0.500
v 6.000 -4.000 -1.500
v 6.000 -5.000 0.500
v 6.000 -5.000 1.500
v 6.000 -4.000 1.500
v 6.000 -3.000 -1.500
v 6.000 -3.000 1.500
v 6.000 -2.000 -1.500
v 6.000 -2.000 1.500
v 6.000 -2.000 -2.500
v 6.000 -1.000 -2.500
v 6.000 -2.000 2.500
v 6.000 -1.000 2.500
v 6.000 -1.000 -3.500
v 6.000 0.000 -3.500
v 6.000 -1.000 3.500
v 6.000 0.000 3.500
v 6.000 1.000 -2.500
v 6.000 1.000 -3.500
v 6.000 1.000 3.500
v 6.000 1.000 2.500
v 6.000 2.000 -1.500
v 6.000 2.000 -2.500
v 6.000 2.000 2.500
v 6.000 2.000 1.500
v 6.000 3.000 -1.500
v 6.000 3.000 1.500
v 6.000 4.000 -1.500
v 6.000 4.000 1.500
v 6.000 5.000 -0.500
v 6.000 5.000 -1.500
v 6.000 5.000 0.500
v 6.000 5.000 1.500
v 7.000 -5.000 -1.500
v 7.000 -4.000 -1.500
v 7.000 -4.000 -0.500
v 7.000 -5.000 -0.500
v 7.000 -4.000 0.500
v 7.000 -5.000 0.500
v 7.000 -4.000 1.500
v 7.000 -5.000 1.500
v 7.000 -3.000 -1.500
v 7.000 -3.000 1.500
v 7.000 -2.000 -1.500
v 7.000 -2.000 1.500
v 7.000 -2.000 -2.500
v 7.000 -1.000 -2.500
v 7.000 -2.000 2.500
v 7.000 -1.000 2.500
v 7.000 -1.000 -3.500
v 7.000 0.000 -3.500
v 7.000 0.000 -2.500
v 7.000 0.000 2.500
v 7.000 0.000 3.500
v 7.000 -1.000 3.500
v 7.000 1.000 -3.500
v 7.000 1.000 -2.500
v 7.000 1.000 2.500
v 7.000 1.000 3.500
v 7.000 2.000 -1.500
v 7.000 2.000 -2.500
v 7.000 2.000 2.500
v 7.000 2.000 1.500
v 7.000 3.000 -1.500
v 7.000 3.000 1.500
v 7.000 4.000 -1.500
v 7.000 4.000 1.500
v 7.000 5.000 -1.500
v 7.000 5.000 -0.500
v 7.000 4.000 -0.500
v 7.000 5.000 0.500
v 7.000 4.000 0.500
v 7.000 5.000 1.500
v 8.000 -4.000 -1.500
v 8.000 -4.000 -0.500
v 8.000 -3.000 -1.500
v 8.000 -4.000 0.500
v 8.000 -4.000 1.500
v 8.000 -3.000 1.500
v 8.000 -2.000 -1.500
v 8.000 -2.000 1.500
v 8.000 -2.000 -2.500
v 8.000 -1.000 -2.500
v 8.000 -1.000 -1.500
v 8.000 -1.000 1.500
v 8.000 -1.000 2.500
v 8.000 -2.000 2.500
v 8.000 0.000 -2.500
v 8.000 0.000 2.500
v 8.000 1.000 -2.500
v 8.000 1.000 2.500
v 8.000 2.000 -2.500
v 8.000 2.000 -1.500
v 8.000 1.000 -1.500
v 8.000 1.000 1.500
v 8.000 2.000 1.500
v 8.000 2.000 2.500
v 8.000 3.000 -1.500
v 8.000 3.000 1.500
v 8.000 4.000 -0.500
v 8.000 4.000 -1.500
v 8.000 4.000 0.500
v 8.000 4.000 1.500
v 9.000 -4.000 -1.500
v 9.000 -4.000 -0.500
v 9.000 -3.000 -1.500
v 9.000 -4.000 0.500
v 9.000 -4.000 1.500
v 9.000 -3.000 1.500
v 9.000 -2.000 -1.500
v 9.000 -2.000 1.500
v 9.000 -1.000 -1.500
v 9.000 -1.000 1.500
v 9.000 -1.000 -2.500
v 9.000 0.000 -2.500
v 9.000 -1.000 2.500
v 9.000 0.000 2.500
v 9.000 1.000 -1.500
v 9.000 1.000 -2.500
v 9.000 1.000 2.500
v 9.000 1.000 1.500
v 9.000 2.000 -1.500
v 9.000 2.000 1.500
v 9.000 3.000 -1.500
v 9.000 3.000 1.500
v 9.000 4.000 -0.500
v 9.000 4.000 -1.500
v 9.000 4.000 0.500
v 9.000 4.000 1.500
v 10.000 -4.000 -1.500
v 10.000 -3.000 -1.500
v 10.000 -3.000 -0.500
v 10.000 -4.000 -0.500
v 10.000 -3.000 0.500
v 10.000 -4.000 0.500
v 10.000 -3.000 1.500
v 10.000 -4.000 1.500
v 10.000 -2.000 -1.500
v 10.000 -2.000 1.500
v 10.000 -1.000 -1.500
v 10.000 -1.000 1.500
v 10.000 -1.000 -2.500
v 10.000 0.000 -2.500
v 10.000 -1.000 2.500
v 10.000 0.000 2.500
v 10.000 1.000 -1.500
v 10.000 1.000 -2.500
v 10.000 1.000 2.500
v 10.000 1.000 1.500
v 10.000 2.000 -1.500
v 10.000 2.000 1.500
v 10.000 3.000 -1.500
v 10.000 3.000 1.500
v 10.000 4.000 -1.500
v 10.000 4.000 -0.500
v 10.000 3.000 -0.500
v 10.000 4.000 0.500
v 10.000 3.000 0.500
v 10.000 4.000 1.500
v 11.000 -3.000 -1.500
v 11.000 -3.000 -0.500
v 11.000 -2.000 -1.500
v 11.000 -3.000 0.500
v 11.000 -3.000 1.500
v 11.000 -2.000 1.500
v 11.000 -1.000 -1.500
v 11.000 -1.000 1.500
v 11.000 -1.000 -2.500
v 11.000 0.000 -2.500
v 11.000 -1.000 2.500
v 11.000 0.000 2.500
v 11.000 1.000 -1.500
v 11.000 1.000 -2.500
v 11.000 1.000 2.500
v 11.000 1.000 1.500
v 11.000 2.000 -1.500
v 11.000 2.000 1.500
v 11.000 3.000 -0.500
v 11.000 3.000 -1.500
v 11.000 3.000 0.500
v 11.000 3.000 1.500
v 12.000 -3.000 -1.500
v 12.000 -3.000 -0.500
v 12.000 -2.000 -1.500
v 12.000 -3.000 0.500
v 12.000 -3.000 1.500
v 12.000 -2.000 1.500
v 12.000 -1.000 -1.500
v 12.000 -1.000 1.500
v 12.000 -1.000 -2.500
v 12.000 0.000 -2.500
v 12.000 0.000 -1.500
v 12.000 0.000 1.500
v 12.000 0.000 2.500
v 12.000 -1.000 2.500
v 12.000 1.000 -2.500
v 12.000 1.000 -1.500
v 12.000 1.000 1.500
v 12.000 1.000 2.500
v 12.000 2.000 -1.500
v 12.000 2.000 1.500
v 12.000 3.000 -0.500
v 12.000 3.000 -1.500
v 12.000 3.000 0.500
v 12.000 3.000 1.500
v 13.000 -3.000 -1.500
v 13.000 -3.000 -0.500
v 13.000 -2.000 -1.500
v 13.000 -3.000 0.500
v 13.000 -3.000 1.500
v 13.000 -2.000 1.500
v 13.000 -1.000 -1.500
v 13.000 -1.000 1.500
v 13.000 0.000 -1.500
v 13.000 0.000 1.500
v 13.000 1.000 -1.500
v 13.000 1.000 1.500
v 13.000 2.000 -1.500
v 13.000 2.000 1.500
v 13.000 3.000 -0.500
v 13.000 3.000 -1.500
v 13.000 3.000 0.500
v 13.000 3.000 1.500
v 14.000 -3.000 -1.500
v 14.000 -2.000 -1.500
v 14.000 -2.000 -0.500
v 14.000 -3.000 -0.500
v 14.000 -2.000 0.500
v 14.000 -3.000 0.500
v 14.000 -2.000 1.500
v 14.000 -3.000 1.500
v 14.000 -1.000 -1.500
v 14.000 -1.000 1.500
v 14.000 0.000 -1.500
v 14.000 0.000 1.500
v 14.000 1.000 -1.500
v 14.000 1.000 1.500
v 14.000 2.000 -1.500
v 14.000 2.000 1.500
v 14.000 3.000 -1.500
v 14.000 3.000 -0.500
v 14.000 2.000 -0.500
v 14.000 3.000 0.500
v 14.000 2.000 0.500
v 14.000 3.000 1.500
v 15.000 -2.000 -1.500
v 15.000 -2.000 -0.500
v 15.000 -1.000 -1.500
v 15.000 -2.000 0.500
v 15.000 -2.000 1.500
v 15.000 -1.000 1.500
v 15.000 0.000 -1.500
v 15.000 0.000 1.500
v 15.000 1.000 -1.500
v 15.000 1.000 1.500
v 15.000 2.000 -0.500
v 15.000 2.000 -1.500
v 15.000 2.000 0.500
v 15.000 2.000 1.500
v 16.000 -2.000 -1.500
v 16.000 -2.000 -0.500
v 16.000 -1.000 -1.500
v 16.000 -2.000 0.500
v 16.000 -2.000 1.500
v 16.000 -1.000 1.500
v 16.000 0.000 -1.500
v 16.000 0.000 1.500
v 16.000 1.000 -1.500
v 16.000 1.000 1.500
v 16.000 2.000 -0.500
v 16.000 2.000 -1.500
v 16.000 2.000 0.500
v 16.000 2.000 1.500
v 17.000 -2.000 -1.500
v 17.000 -2.000 -0.500
v 17.000 -1.000 -1.500
v 17.000 -2.000 0.500
v 17.000 -2.000 1.500
v 17.000 -1.000 1.500
v 17.000 0.000 -1.500
v 17.000 0.000 1.500
v 17.000 1.000 -1.500
v 17.000 1.000 1.500
v 17.000 2.000 -0.500
v 17.000 2.000 -1.500
v 17.000 2.000 0.500
v 17.000 2.000 1.500
v 18.000 -2.000 -1.500
v 18.000 -1.000 -1.500
v 18.000 -1.000 -0.500
v 18.000 -2.000 -0.500
v 18.000 -1.000 0.500
v 18.000 -2.000 0.500
v 18.000 -1.000 1.500
v 18.000 -2.000 1.500
v 18.000 0.000 -1.500
v 18.000 0.000 1.500
v 18.000 1.000 -1.500
v 18.000 1.000 1.500
v 18.000 2.000 -1.500
v 18.000 2.000 -0.500
v 18.000 1.000 -0.500
v 18.000 2.000 0.500
v 18.000 1.000 0.500
v 18.000 2.000 1.500
v 19.000 -1.000 -1.500
v 19.000 -1.000 -0.500
v 19.000 0.000 -1.500
v 19.000 -1.000 0.500
v 19.000 -1.000 1.500
v 19.000 0.000 1.500
v 19.000 1.000 -0.500
v 19.000 1.000 -1.500
v 19.000 1.000 0.500
v 19.000 1.000 1.500
v 20.000 -1.000 -1.500
v 20.000 -1.000 -0.500
v 20.000 0.000 -1.500
v 20.000 -1.000 0.500
v 20.000 -1.000 1.500
v 20.000 0.000 1.500
v 20.000 1.000 -0.500
v 20.000 1.000 -1.500
v 20.000 1.000 0.500
v 20.000 1.000 1.500
v 21.000 -1.000 -1.500
v 21.000 -1.000 -0.500
v 21.000 0.000 -1.500
v 21.000 -1.000 0.500
v 21.000 -1.000 1.500
v 21.000 0.000 1.500
v 21.000 1.000 -0.500
v 21.000 1.000 -1.500
v 21.000 1.000 0.500
v 21.000 1.000 1.500
v 22.000 -1.000 -1.500
v 22.000 0.000 -1.500
v 22.000 0.000 -0.500
v 22.000 -1.000 -0.500
v 22.000 0.000 0.500
v 22.000 -1.000 0.500
v 22.000 0.000 1.500
v 22.000 -1.000 1.500
v 22.000 1.000 -1.500
v 22.000 1.000 -0.500
v 22.000 1.000 0.500
v 22.000 1.000 1.500
f 1 2 3 4
f 1 4 5 6
f 5 4 3 7
f 8 9 2 1
f 8 1 6 10
f 11 12 9 8
f 11 8 10 13
f 14 15 12 11
f 14 11 13 16
f 17 18 15 14
f 17 14 16 19
f 17 19 20 18
f 21 22 23 24
f 21 24 25 26
f 25 24 23 27
f 3 28 22 21
f 3 21 26 7
f 2 29 28 3
f 9 30 29 2
f 12 31 30 9
f 15 32 31 12
f 18 33 32 15
f 34 35 33 18
f 34 18 20 36
f 37 38 35 34
f 37 34 36 39
f 37 39 40 38
f 23 41 42 43
f 23 43 44 27
f 44 43 42 45
f 22 46 41 23
f 28 47 46 22
f 29 48 47 28
f 30 49 48 29
f 31 50 49 30
f 32 51 50 31
f 33 52 51 32
f 35 53 52 33
f 38 54 53 35
f 55 56 54 38
f 55 38 40 57
f 55 57 58 56
f 42 59 60 61
f 42 61 62 45
f 62 61 60 63
f 41 64 59 42
f 46 65 64 41
f 47 66 65 46
f 48 67 66 47
f 49 68 67 48
f 50 69 68 49
f 51 70 69 50
f 52 71 70 51
f 53 72 71 52
f 54 73 72 53
f 56 74 73 54
f 75 76 74 56
f 75 56 58 77
f 75 77 78 76
f 60 79 80 81
f 60 81 82 63
f 82 81 80 83
f 59 84 79 60
f 64 85 84 59
f 65 86 85 64
f 66 87 86 65
f 67 88 87 66
f 68 89 88 67
f 69 90 89 68
f 70 91 90 69
f 71 92 91 70
f 72 93 92 71
f 73 94 93 72
f 74 95 94 73
f 76 96 95 74
f 97 98 96 76
f 97 76 78 99
f 97 99 100 98
f 79 101 102 80
f 83 80 102 103
f 84 104 101 79
f 85 105 104 84
f 86 106 105 85
f 87 107 106 86
f 88 108 107 87
f 89 109 108 88
f 90 110 109 89
f 91 111 110 90
f 92 112 111 91
f 93 113 112 92
f 94 114 113 93
f 95 115 114 94
f 96 116 115 95
f 98 117 116 96
f 98 100 118 117
f 101 119 120 102
f 103 102 120 121
f 104 122 119 101
f 105 123 122 104
f 106 124 123 105
f 107 125 124 106
f 108 126 125 107
f 109 127 126 108
f 110 128 127 109
f 111 129 128 110
f 112 130 129 111
f 113 131 130 112
f 114 132 131 113
f 115 133 132 114
f 116 134 133 115
f 117 135 134 116
f 117 118 136 135
f 119 137 138 120
f 121 120 138 139
f 122 140 137 119
f 123 141 140 122
f 124 142 141 123
f 125 143 142 124
f 126 144 143 125
f 127 145 144 126
f 128 146 145 127
f 129 147 146 128
f 130 148 147 129
f 131 149 148 130
f 132 150 149 131
f 133 151 150 132
f 134 152 151 133
f 135 153 152 134
f 135 136 154 153
f 137 155 156 138
f 139 138 156 157
f 140 158 155 137
f 141 159 158 140
f 142 160 159 141
f 143 161 160 142
f 144 162 161 143
f 145 163 162 144
f 146 164 163 145
f 147 165 164 146
f 148 166 165 147
f 149 167 166 148
f 150 168 167 149
f 151 169 168 150
f 152 170 169 151
f 153 171 170 152
f 153 154 172 171
f 155 173 174 156
f 157 156 174 175
f 158 176 173 155
f 159 177 176 158
f 160 178 177 159
f 161 179 178 160
f 162 180 179 161
f 163 181 180 162
f 164 182 181 163
f 165 183 182 164
f 166 184 183 165
f 167 185 184 166
f 168 186 185 167
f 169 187 186 168
f 170 188 187 169
f 171 189 188 170
f 171 172 190 189
f 173 191 192 174
f 175 174 192 193
f 176 194 191 173
f 177 195 194 176
f 178 196 195 177
f 179 197 196 178
f 180 198 197 179
f 181 199 198 180
f 182 200 199 181
f 183 201 200 182
f 184 202 201 183
f 185 203 202 184
f 186 204 203 185
f 187 205 204 186
f 188 206 205 187
f 189 207 206 188
f 189 190 208 207
f 191 209 210 192
f 210 209 211 212
f 193 192 210 212
f 194 213 209 191
f 195 214 213 194
f 196 215 214 195
f 197 216 215 196
f 198 217 216 197
f 199 218 217 198
f 200 219 218 199
f 201 220 219 200
f 202 221 220 201
f 203 222 221 202
f 204 223 222 203
f 205 224 223 204
f 206 225 224 205
f 207 226 225 206
f 225 226 227 228
f 207 208 227 226
f 213 229 230 209
f 230 229 231 232
f 211 209 230 232
f 214 233 229 213
f 215 234 233 214
f 216 235 234 215
f 217 236 235 216
f 218 237 236 217
f 219 238 237 218
f 220 239 238 219
f 221 240 239 220
f 222 241 240 221
f 223 242 241 222
f 224 243 242 223
f 225 244 243 224
f 243 244 245 246
f 225 228 245 244
f 233 247 248 229
f 248 247 249 250
f 231 229 248 250
f 234 251 247 233
f 235 252 251 234
f 236 253 252 235
f 237 254 253 236
f 238 255 254 237
f 239 256 255 238
f 240 257 256 239
f 241 258 257 240
f 242 259 258 241
f 243 260 259 242
f 259 260 261 262
f 243 246 261 260
f 251 263 264 247
f 264 263 265 266
f 249 247 264 266
f 252 267 263 251
f 263 267 268 265
f 253 269 267 252
f 254 270 269 253
f 255 271 270 254
f 256 272 271 255
f 257 273 272 256
f 258 274 273 257
f 273 274 275 276
f 259 277 274 258
f 274 277 278 275
f 259 262 278 277
f 269 279 280 267
f 280 279 281 282
f 268 267 280 282
f 270 283 279 269
f 279 283 284 281
f 271 285 283 270
f 283 285 286 284
f 272 287 285 271
f 285 287 288 286
f 273 289 287 272
f 287 289 290 288
f 273 276 290 289
f 291 292 293 294
f 295 6 5 296
f 295 296 291 294
f 291 296 5 292
f 294 293 297 298
f 299 10 6 295
f 299 295 294 298
f 298 297 300 301
f 302 13 10 299
f 302 299 298 301
f 301 300 303 304
f 305 16 13 302
f 305 302 301 304
f 304 303 306 307
f 308 19 16 305
f 308 305 304 307
f 308 307 306 19
f 309 310 311 312
f 313 26 25 314
f 313 314 309 312
f 309 314 25 310
f 312 311 315 292
f 5 7 26 313
f 5 313 312 292
f 306 316 317 318
f 319 36 20 19
f 319 19 306 318
f 318 317 320 321
f 322 39 36 319
f 322 319 318 321
f 322 321 320 39
f 323 324 325 326
f 327 44 328 329
f 327 329 323 326
f 323 329 328 324
f 326 325 330 310
f 25 27 44 327
f 25 327 326 310
f 320 331 332 333
f 334 57 40 39
f 334 39 320 333
f 333 332 335 336
f 337 338 57 334
f 337 334 333 336
f 337 336 335 338
f 339 340 341 324
f 328 62 342 343
f 328 343 339 324
f 339 343 342 340
f 324 341 344 325
f 44 45 62 328
f 332 345 346 335
f 338 77 58 57
f 335 346 347 348
f 349 350 77 338
f 349 338 335 348
f 349 348 347 350
f 340 351 352 341
f 62 63 82 342
f 340 342 82 351
f 346 353 354 347
f 350 99 78 77
f 350 347 354 99
f 355 356 357 351
f 82 83 358 359
f 82 359 355 351
f 355 359 358 356
f 354 360 361 362
f 363 364 100 99
f 363 99 354 362
f 363 362 361 364
f 356 365 366 357
f 83 103 367 358
f 356 358 367 365
f 360 368 369 361
f 364 370 118 100
f 364 361 369 370
f 365 371 372 366
f 103 121 373 367
f 365 367 373 371
f 368 374 375 369
f 370 376 136 118
f 370 369 375 376
f 371 377 378 372
f 121 139 379 373
f 371 373 379 377
f 374 380 381 375
f 376 382 154 136
f 376 375 381 382
f 377 383 384 378
f 139 157 385 379
f 377 379 385 383
f 380 386 387 381
f 382 388 172 154
f 382 381 387 388
f 383 389 390 384
f 157 175 391 385
f 383 385 391 389
f 386 392 393 387
f 388 394 190 172
f 388 387 393 394
f 389 395 396 390
f 175 193 397 391
f 389 391 397 395
f 392 398 399 393
f 394 400 208 190
f 394 393 399 400
f 395 401 402 396
f 193 212 403 397
f 403 212 402 401
f 395 397 403 401
f 398 404 405 399
f 400 406 227 208
f 227 406 405 404
f 400 399 405 406
f 402 407 408 409
f 211 232 410 212
f 402 212 410 407
f 411 412 413 404
f 227 414 245 228
f 227 404 413 414
f 407 415 416 408
f 232 417 418 410
f 418 417 416 415
f 407 410 418 415
f 408 416 419 420
f 231 250 417 232
f 421 422 423 412
f 245 424 261 246
f 412 423 425 413
f 414 426 424 245
f 424 426 425 423
f 414 413 425 426
f 416 427 428 419
f 250 429 430 417
f 430 429 428 427
f 416 417 430 427
f 419 428 431 432
f 249 266 429 250
f 429 266 431 428
f 433 434 435 422
f 261 436 278 262
f 278 436 435 434
f 422 435 437 423
f 424 438 436 261
f 436 438 437 435
f 424 423 437 438
f 431 439 440 441
f 265 442 443 266
f 443 442 440 439
f 431 266 443 439
f 441 440 444 445
f 268 282 442 265
f 442 282 444 440
f 446 447 448 449
f 275 450 290 276
f 290 450 448 447
f 449 448 451 434
f 278 452 450 275
f 450 452 451 448
f 278 434 451 452
f 444 453 454 455
f 281 456 457 282
f 457 456 454 453
f 444 282 457 453
f 455 454 458 459
f 284 460 456 281
f 456 460 458 454
f 459 458 461 462
f 286 463 460 284
f 460 463 461 458
f 462 461 464 465
f 288 466 463 286
f 463 466 464 461
f 465 464 467 447
f 290 468 466 288
f 466 468 467 464
f 290 447 467 468
f 469 470 471 472
f 293 292 469 472
f 469 292 315 470
f 472 471 473 474
f 297 293 472 474
f 474 473 475 476
f 300 297 474 476
f 476 475 477 478
f 303 300 476 478
f 478 477 479 480
f 306 303 478 480
f 306 480 479 316
f 481 482 483 484
f 311 310 481 484
f 481 310 330 482
f 484 483 485 470
f 315 311 484 470
f 479 486 487 488
f 317 316 479 488
f 488 487 489 490
f 320 317 488 490
f 320 490 489 331
f 491 492 493 482
f 330 325 491 482
f 491 325 344 492
f 489 494 495 496
f 332 331 489 496
f 332 496 495 345
f 497 498 499 492
f 344 341 497 492
f 497 341 352 498
f 495 500 501 502
f 346 345 495 502
f 346 502 501 353
f 503 504 505 498
f 352 351 503 498
f 503 351 357 504
f 501 506 507 508
f 354 353 501 508
f 354 508 507 360
f 504 509 510 505
f 504 357 366 509
f 506 511 512 507
f 360 507 512 368
f 509 513 514 510
f 509 366 372 513
f 511 515 516 512
f 368 512 516 374
f 513 517 518 514
f 513 372 378 517
f 515 519 520 516
f 374 516 520 380
f 517 521 522 518
f 517 378 384 521
f 519 523 524 520
f 380 520 524 386
f 521 525 526 522
f 521 384 390 525
f 523 527 528 524
f 386 524 528 392
f 525 529 530 526
f 525 390 396 529
f 527 531 532 528
f 392 528 532 398
f 529 533 534 530
f 402 409 534 533
f 529 396 402 533
f 531 535 536 532
f 411 404 536 535
f 398 532 536 404
f 534 537 538 539
f 408 420 538 537
f 534 409 408 537
f 540 541 542 535
f 421 412 542 541
f 411 535 542 412
f 538 543 544 545
f 419 432 544 543
f 538 420 419 543
f 546 547 548 541
f 433 422 548 547
f 421 541 548 422
f 544 549 550 551
f 431 441 550 549
f 544 432 431 549
f 551 550 552 553
f 441 445 552 550
f 554 555 556 557
f 446 449 556 555
f 557 556 558 547
f 449 434 558 556
f 433 547 558 434
f 552 559 560 561
f 444 455 560 559
f 552 445 444 559
f 561 560 562 563
f 455 459 562 560
f 563 562 564 565
f 459 462 564 562
f 565 564 566 567
f 462 465 566 564
f 567 566 568 555
f 465 447 568 566
f 446 555 568 447
f 471 470 569 570
f 569 470 485 571
f 473 471 570 572
f 475 473 572 573
f 477 475 573 574
f 479 477 574 575
f 479 575 576 486
f 483 482 577 578
f 577 482 493 579
f 485 483 578 571
f 487 486 576 580
f 489 487 580 581
f 489 581 582 494
f 493 492 583 579
f 583 492 499 584
f 495 494 582 585
f 495 585 586 500
f 499 498 587 584
f 587 498 505 588
f 501 500 586 589
f 501 589 590 506
f 588 505 510 591
f 506 590 592 511
f 591 510 514 593
f 511 592 594 515
f 593 514 518 595
f 515 594 596 519
f 595 518 522 597
f 519 596 598 523
f 597 522 526 599
f 523 598 600 527
f 599 526 530 601
f 527 600 602 531
f 534 539 603 604
f 601 530 534 604
f 540 535 605 606
f 531 602 605 535
f 538 545 607 608
f 603 539 538 608
f 546 541 609 610
f 540 606 609 541
f 544 551 611 612
f 607 545 544 612
f 551 553 613 611
f 554 557 614 615
f 557 547 616 614
f 546 610 616 547
f 552 561 617 618
f 613 553 552 618
f 561 563 619 617
f 563 565 620 619
f 565 567 621 620
f 567 555 622 621
f 554 615 622 555
f 623 570 569 624
f 623 624 625 626
f 625 624 569 627
f 628 572 570 623
f 628 623 626 629
f 630 573 572 628
f 630 628 629 631
f 632 574 573 630
f 632 630 631 633
f 634 575 574 632
f 634 632 633 635
f 634 635 636 575
f 637 578 577 638
f 637 638 639 640
f 639 638 577 641
f 569 571 578 637
f 569 637 640 627
f 642 580 576 575
f 642 575 636 643
f 644 581 580 642
f 644 642 643 645
f 644 645 646 581
f 577 579 583 647
f 577 647 648 641
f 648 647 583 649
f 650 585 582 581
f 650 581 646 651
f 650 651 652 585
f 583 584 587 653
f 583 653 654 649
f 654 653 587 655
f 656 589 586 585
f 656 585 652 657
f 656 657 658 589
f 587 588 659 660
f 587 660 661 655
f 661 660 659 662
f 663 664 590 589
f 663 589 658 665
f 663 665 666 664
f 588 591 667 659
f 662 659 667 668
f 664 669 592 590
f 664 666 670 669
f 591 593 671 667
f 668 667 671 672
f 669 673 594 592
f 669 670 674 673
f 593 595 675 671
f 672 671 675 676
f 673 677 596 594
f 673 674 678 677
f 595 597 679 675
f 676 675 679 680
f 677 681 598 596
f 677 678 682 681
f 597 599 683 679
f 680 679 683 684
f 681 685 600 598
f 681 682 686 685
f 599 601 687 683
f 684 683 687 688
f 685 689 602 600
f 685 686 690 689
f 601 604 691 687
f 691 604 692 693
f 688 687 691 693
f 689 694 605 602
f 605 694 695 696
f 689 690 695 694
f 603 608 697 604
f 697 608 698 699
f 692 604 697 699
f 605 700 609 606
f 609 700 701 702
f 605 696 701 700
f 607 612 703 608
f 703 612 704 705
f 698 608 703 705
f 609 706 616 610
f 616 706 707 708
f 609 702 707 706
f 611 709 710 612
f 710 709 711 712
f 704 612 710 712
f 613 618 709 611
f 709 618 713 711
f 614 714 622 615
f 622 714 715 716
f 616 717 714 614
f 714 717 718 715
f 616 708 718 717
f 617 719 720 618
f 720 719 721 722
f 713 618 720 722
f 619 723 719 617
f 719 723 724 721
f 620 725 723 619
f 723 725 726 724
f 621 727 725 620
f 725 727 728 726
f 622 729 727 621
f 727 729 730 728
f 622 716 730 729
f 626 625 731 732
f 731 625 627 733
f 629 626 732 734
f 631 629 734 735
f 633 631 735 736
f 635 633 736 737
f 635 737 738 636
f 640 639 739 740
f 739 639 641 741
f 627 640 740 733
f 643 636 738 742
f 645 643 742 743
f 645 743 744 646
f 641 648 745 741
f 745 648 649 746
f 651 646 744 747
f 651 747 748 652
f 649 654 749 746
f 749 654 655 750
f 657 652 748 751
f 657 751 752 658
f 655 661 753 750
f 753 661 662 754
f 665 658 752 755
f 665 755 756 666
f 754 662 668 757
f 666 756 758 670
f 757 668 672 759
f 670 758 760 674
f 759 672 676 761
f 674 760 762 678
f 761 676 680 763
f 678 762 764 682
f 763 680 684 765
f 682 764 766 686
f 765 684 688 767
f 686 766 768 690
f 693 692 769 770
f 767 688 693 770
f 696 695 771 772
f 690 768 771 695
f 699 698 773 774
f 769 692 699 774
f 702 701 775 776
f 696 772 775 701
f 705 704 777 778
f 773 698 705 778
f 708 707 779 780
f 702 776 779 707
f 712 711 781 782
f 777 704 712 782
f 711 713 783 781
f 716 715 784 785
f 715 718 786 784
f 708 780 786 718
f 722 721 787 788
f 783 713 722 788
f 721 724 789 787
f 724 726 790 789
f 726 728 791 790
f 728 730 792 791
f 716 785 792 730
f 793 794 795 796
f 797 732 731 798
f 797 798 793 796
f 793 798 731 794
f 796 795 799 800
f 801 734 732 797
f 801 797 796 800
f 800 799 802 803
f 804 735 734 801
f 804 801 800 803
f 803 802 805 806
f 807 736 735 804
f 807 804 803 806
f 806 805 808 809
f 810 737 736 807
f 810 807 806 809
f 810 809 808 737
f 811 812 813 814
f 815 740 739 816
f 815 816 811 814
f 811 816 739 812
f 814 813 817 794
f 731 733 740 815
f 731 815 814 794
f 808 818 819 820
f 821 742 738 737
f 821 737 808 820
f 820 819 822 823
f 824 743 742 821
f 824 821 820 823
f 824 823 822 743
f 825 826 827 828
f 829 745 830 831
f 829 831 825 828
f 825 831 830 826
f 828 827 832 812
f 739 741 745 829
f 739 829 828 812
f 822 833 834 835
f 836 747 744 743
f 836 743 822 835
f 835 834 837 838
f 839 840 747 836
f 839 836 835 838
f 839 838 837 840
f 841 842 843 826
f 830 749 844 845
f 830 845 841 826
f 841 845 844 842
f 826 843 846 827
f 745 746 749 830
f 834 847 848 837
f 840 751 748 747
f 837 848 849 850
f 851 852 751 840
f 851 840 837 850
f 851 850 849 852
f 842 853 854 843
f 749 750 753 844
f 842 844 753 853
f 848 855 856 849
f 852 755 752 751
f 852 849 856 755
f 857 858 859 853
f 753 754 860 861
f 753 861 857 853
f 857 861 860 858
f 856 862 863 864
f 865 866 756 755
f 865 755 856 864
f 865 864 863 866
f 858 867 868 859
f 754 757 869 860
f 858 860 869 867
f 862 870 871 863
f 866 872 758 756
f 866 863 871 872
f 867 873 874 868
f 757 759 875 869
f 867 869 875 873
f 870 876 877 871
f 872 878 760 758
f 872 871 877 878
f 873 879 880 874
f 759 761 881 875
f 873 875 881 879
f 876 882 883 877
f 878 884 762 760
f 878 877 883 884
f 879 885 886 880
f 761 763 887 881
f 879 881 887 885
f 882 888 889 883
f 884 890 764 762
f 884 883 889 890
f 885 891 892 886
f 763 765 893 887
f 885 887 893 891
f 888 894 895 889
f 890 896 766 764
f 890 889 895 896
f 891 897 898 892
f 765 767 899 893
f 891 893 899 897
f 894 900 901 895
f 896 902 768 766
f 896 895 901 902
f 897 903 904 898
f 767 770 905 899
f 905 770 904 903
f 897 899 905 903
f 900 906 907 901
f 902 908 771 768
f 771 908 907 906
f 902 901 907 908
f 904 909 910 911
f 769 774 912 770
f 904 770 912 909
f 913 914 915 906
f 771 916 775 772
f 771 906 915 916
f 909 917 918 910
f 774 919 920 912
f 920 919 918 917
f 909 912 920 917
f 910 918 921 922
f 773 778 919 774
f 923 924 925 914
f 775 926 779 776
f 914 925 927 915
f 916 928 926 775
f 926 928 927 925
f 916 915 927 928
f 918 929 930 921
f 778 931 932 919
f 932 931 930 929
f 918 919 932 929
f 921 930 933 934
f 777 782 931 778
f 931 782 933 930
f 935 936 937 924
f 779 938 786 780
f 786 938 937 936
f 924 937 939 925
f 926 940 938 779
f 938 940 939 937
f 926 925 939 940
f 933 941 942 943
f 781 944 945 782
f 945 944 942 941
f 933 782 945 941
f 943 942 946 947
f 783 788 944 781
f 944 788 946 942
f 948 949 950 951
f 784 952 792 785
f 792 952 950 949
f 951 950 953 936
f 786 954 952 784
f 952 954 953 950
f 786 936 953 954
f 946 955 956 957
f 787 958 959 788
f 959 958 956 955
f 946 788 959 955
f 957 956 960 961
f 789 962 958 787
f 958 962 960 956
f 961 960 963 964
f 790 965 962 789
f 962 965 963 960
f 964 963 966 967
f 791 968 965 790
f 965 968 966 963
f 967 966 969 949
f 792 970 968 791
f 968 970 969 966
f 792 949 969 970
f 795 794 971 972
f 971 794 817 973
f 799 795 972 974
f 802 799 974 975
f 805 802 975 976
f 808 805 976 977
f 808 977 978 818
f 813 812 979 980
f 979 812 832 981
f 817 813 980 973
f 819 818 978 982
f 822 819 982 983
f 822 983 984 833
f 832 827 985 981
f 985 827 846 986
f 834 833 984 987
f 834 987 988 847
f 846 843 989 986
f 989 843 854 990
f 848 847 988 991
f 848 991 992 855
f 854 853 993 990
f 993 853 859 994
f 856 855 992 995
f 856 995 996 862
f 994 859 868 997
f 862 996 998 870
f 997 868 874 999
f 870 998 1000 876
f 999 874 880 1001
f 876 1000 1002 882
f 1001 880 886 1003
f 882 1002 1004 888
f 1003 886 892 1005
f 888 1004 1006 894
f 1005 892 898 1007
f 894 1006 1008 900
f 904 911 1009 1010
f 1007 898 904 1010
f 913 906 1011 1012
f 900 1008 1011 906
f 910 922 1013 1014
f 1009 911 910 1014
f 923 914 1015 1016
f 913 1012 1015 914
f 921 934 1017 1018
f 1013 922 921 1018
f 935 924 1019 1020
f 923 1016 1019 924
f 933 943 1021 1022
f 1017 934 933 1022
f 943 947 1023 1021
f 948 951 1024 1025
f 951 936 1026 1024
f 935 1020 1026 936
f 946 957 1027 1028
f 1023 947 946 1028
f 957 961 1029 1027
f 961 964 1030 1029
f 964 967 1031 1030
f 967 949 1032 1031
f 948 1025 1032 949
f 1033 1034 1035 1036
f 972 971 1033 1036
f 1033 971 973 1034
f 1036 1035 1037 1038
f 974 972 1036 1038
f 1038 1037 1039 1040
f 975 974 1038 1040
f 1040 1039 1041 1042
f 976 975 1040 1042
f 1042 1041 1043 1044
f 977 976 1042 1044
f 977 1044 1043 978
f 1045 1046 1047 1048
f 980 979 1045 1048
f 1045 979 981 1046
f 1048 1047 1049 1034
f 973 980 1048 1034
f 1034 1049 1050 1035
f 1035 1050 1051 1037
f 1037 1051 1052 1039
f 1039 1052 1053 1041
f 1041 1053 1054 1043
f 1043 1054 1055 1056
f 982 978 1043 1056
f 1056 1055 1057 1058
f 983 982 1056 1058
f 983 1058 1057 984
f 1059 1060 1061 1046
f 981 985 1059 1046
f 1059 985 986 1060
f 1046 1061 1062 1047
f 1047 1062 1063 1049
f 1049 1063 1064 1050
f 1050 1064 1065 1051
f 1051 1065 1066 1052
f 1052 1066 1067 1053
f 1053 1067 1068 1054
f 1054 1068 1069 1055
f 1055 1069 1070 1057
f 1057 1070 1071 1072
f 987 984 1057 1072
f 987 1072 1071 988
f 1073 1074 1075 1060
f 986 989 1073 1060
f 1073 989 990 1074
f 1060 1075 1076 1061
f 1061 1076 1077 1062
f 1062 1077 1078 1063
f 1063 1078 1079 1064
f 1064 1079 1080 1065
f 1065 1080 1081 1066
f 1066 1081 1082 1067
f 1067 1082 1083 1068
f 1068 1083 1084 1069
f 1069 1084 1085 1070
f 1070 1085 1086 1071
f 1071 1086 1087 1088
f 991 988 1071 1088
f 991 1088 1087 992
f 1089 1090 1091 1074
f 990 993 1089 1074
f 1089 993 994 1090
f 1074 1091 1092 1075
f 1075 1092 1093 1076
f 1076 1093 1094 1077
f 1077 1094 1095 1078
f 1078 1095 1096 1079
f 1079 1096 1097 1080
f 1080 1097 1098 1081
f 1081 1098 1099 1082
f 1082 1099 1100 1083
f 1083 1100 1101 1084
f 1084 1101 1102 1085
f 1085 1102 1103 1086
f 1086 1103 1104 1087
f 1087 1104 1105 1106
f 995 992 1087 1106
f 995 1106 1105 996
f 1090 1107 1108 1091
f 1090 994 997 1107
f 1091 1108 1109 1092
f 1092 1109 1110 1093
f 1093 1110 1111 1094
f 1094 1111 1112 1095
f 1095 1112 1113 1096
f 1096 1113 1114 1097
f 1097 1114 1115 1098
f 1098 1115 1116 1099
f 1099 1116 1117 1100
f 1100 1117 1118 1101
f 1101 1118 1119 1102
f 1102 1119 1120 1103
f 1103 1120 1121 1104
f 1104 1121 1122 1105
f 996 1105 1122 998
f 1107 1123 1124 1108
f 1107 997 999 1123
f 1108 1124 1125 1109
f 1109 1125 1126 1110
f 1110 1126 1127 1111
f 1111 1127 1128 1112
f 1112 1128 1129 1113
f 1116 1130 1131 1117
f 1117 1131 1132 1118
f 1118 1132 1133 1119
f 1119 1133 1134 1120
f 1120 1134 1135 1121
f 1121 1135 1136 1122
f 998 1122 1136 1000
f 1123 1137 1138 1124
f 1123 999 1001 1137
f 1124 1138 1139 1125
f 1125 1139 1140 1126
f 1126 1140 1141 1127
f 1127 1141 1142 1128
f 1128 1142 1143 1129
f 1130 1144 1145 1131
f 1131 1145 1146 1132
f 1132 1146 1147 1133
f 1133 1147 1148 1134
f 1134 1148 1149 1135
f 1135 1149 1150 1136
f 1000 1136 1150 1002
f 1137 1151 1152 1138
f 1137 1001 1003 1151
f 1138 1152 1153 1139
f 1139 1153 1154 1140
f 1140 1154 1155 1141
f 1141 1155 1156 1142
f 1142 1156 1157 1143
f 1144 1158 1159 1145
f 1145 1159 1160 1146
f 1146 1160 1161 1147
f 1147 1161 1162 1148
f 1148 1162 1163 1149
f 1149 1163 1164 1150
f 1002 1150 1164 1004
f 1151 1165 1166 1152
f 1151 1003 1005 1165
f 1152 1166 1167 1153
f 1153 1167 1168 1154
f 1154 1168 1169 1155
f 1155 1169 1170 1156
f 1156 1170 1171 1157
f 1158 1172 1173 1159
f 1159 1173 1174 1160
f 1160 1174 1175 1161
f 1161 1175 1176 1162
f 1162 1176 1177 1163
f 1163 1177 1178 1164
f 1004 1164 1178 1006
f 1165 1179 1180 1166
f 1165 1005 1007 1179
f 1166 1180 1181 1167
f 1167 1181 1182 1168
f 1168 1182 1183 1169
f 1169 1183 1184 1170
f 1170 1184 1185 1171
f 1171 1185 1186 1187
f 1187 1186 1188 1189
f 1189 1188 1190 1172
f 1172 1190 1191 1173
f 1173 1191 1192 1174
f 1174 1192 1193 1175
f 1175 1193 1194 1176
f 1176 1194 1195 1177
f 1177 1195 1196 1178
f 1006 1178 1196 1008
f 1179 1197 1198 1180
f 1010 1009 1198 1197
f 1179 1007 1010 1197
f 1180 1198 1199 1181
f 1181 1199 1200 1182
f 1182 1200 1201 1183
f 1183 1201 1202 1184
f 1184 1202 1203 1185
f 1185 1203 1204 1186
f 1186 1204 1205 1188
f 1188 1205 1206 1190
f 1190 1206 1207 1191
f 1191 1207 1208 1192
f 1192 1208 1209 1193
f 1193 1209 1210 1194
f 1194 1210 1211 1195
f 1195 1211 1212 1196
f 1012 1011 1212 1211
f 1008 1196 1212 1011
f 1198 1213 1214 1199
f 1014 1013 1214 1213
f 1198 1009 1014 1213
f 1199 1214 1215 1200
f 1200 1215 1216 1201
f 1201 1216 1217 1202
f 1202 1217 1218 1203
f 1203 1218 1219 1204
f 1204 1219 1220 1205
f 1205 1220 1221 1206
f 1206 1221 1222 1207
f 1207 1222 1223 1208
f 1208 1223 1224 1209
f 1209 1224 1225 1210
f 1210 1225 1226 1211
f 1016 1015 1226 1225
f 1012 1211 1226 1015
f 1214 1227 1228 1215
f 1018 1017 1228 1227
f 1214 1013 1018 1227
f 1215 1228 1229 1216
f 1216 1229 1230 1217
f 1217 1230 1231 1218
f 1218 1231 1232 1219
f 1219 1232 1233 1220
f 1220 1233 1234 1221
f 1221 1234 1235 1222
f 1222 1235 1236 1223
f 1223 1236 1237 1224
f 1224 1237 1238 1225
f 1020 1019 1238 1237
f 1016 1225 1238 1019
f 1228 1239 1240 1229
f 1022 1021 1240 1239
f 1228 1017 1022 1239
f 1229 1240 1241 1230
f 1021 1023 1241 1240
f 1230 1241 1242 1231
f 1231 1242 1243 1232
f 1232 1243 1244 1233
f 1233 1244 1245 1234
f 1234 1245 1246 1235
f 1235 1246 1247 1236
f 1025 1024 1247 1246
f 1236 1247 1248 1237
f 1024 1026 1248 1247
f 1020 1237 1248 1026
f 1241 1249 1250 1242
f 1028 1027 1250 1249
f 1241 1023 1028 1249
f 1242 1250 1251 1243
f 1027 1029 1251 1250
f 1243 1251 1252 1244
f 1029 1030 1252 1251
f 1244 1252 1253 1245
f 1030 1031 1253 1252
f 1245 1253 1254 1246
f 1031 1032 1254 1253
f 1025 1246 1254 1032
f 1114 1113 1255 1256
f 1255 1113 1129 1257
f 1115 1114 1256 1258
f 1116 1115 1258 1259
f 1116 1259 1260 1130
f 1257 1129 1143 1261
f 1130 1260 1262 1144
f 1261 1143 1157 1263
f 1144 1262 1264 1158
f 1171 1187 1265 1266
f 1263 1157 1171 1266
f 1187 1189 1267 1265
f 1189 1172 1268 1267
f 1158 1264 1268 1172
f 1256 1255 1269 1270
f 1269 1255 1257 1271
f 1258 1256 1270 1272
f 1259 1258 1272 1273
f 1259 1273 1274 1260
f 1271 1257 1261 1275
f 1260 1274 1276 1262
f 1275 1261 1263 1277
f 1262 1276 1278 1264
f 1266 1265 1279 1280
f 1277 1263 1266 1280
f 1265 1267 1281 1279
f 1267 1268 1282 1281
f 1264 1278 1282 1268
f 1270 1269 1283 1284
f 1283 1269 1271 1285
f 1272 1270 1284 1286
f 1273 1272 1286 1287
f 1273 1287 1288 1274
f 1285 1271 1275 1289
f 1274 1288 1290 1276
f 1289 1275 1277 1291
f 1276 1290 1292 1278
f 1280 1279 1293 1294
f 1291 1277 1280 1294
f 1279 1281 1295 1293
f 1281 1282 1296 1295
f 1278 1292 1296 1282
f 1284 1283 1297 1298
f 1297 1283 1285 1299
f 1286 1284 1298 1300
f 1287 1286 1300 1301
f 1287 1301 1302 1288
f 1299 1285 1289 1303
f 1288 1302 1304 1290
f 1303 1289 1291 1305
f 1290 1304 1306 1292
f 1294 1293 1307 1308
f 1305 1291 1294 1308
f 1293 1295 1309 1307
f 1295 1296 1310 1309
f 1292 1306 1310 1296
f 1311 1312 1313 1314
f 1311 1314 1315 1316
f 1315 1314 1313 1317
f 1318 1319 1312 1311
f 1318 1311 1316 1320
f 1321 1322 1319 1318
f 1321 1318 1320 1323
f 1324 1325 1322 1321
f 1324 1321 1323 1326
f 1327 1328 1325 1324
f 1327 1324 1326 1329
f 1327 1329 1330 1328
f 1331 1332 1333 1334
f 1331 1334 1335 1336
f 1335 1334 1333 1337
f 1313 1338 1332 1331
f 1313 1331 1336 1317
f 1312 1339 1338 1313
f 1319 1340 1339 1312
f 1322 1341 1340 1319
f 1325 1342 1341 1322
f 1328 1343 1342 1325
f 1344 1345 1343 1328
f 1344 1328 1330 1346
f 1347 1348 1345 1344
f 1347 1344 1346 1349
f 1347 1349 1350 1348
f 1351 1352 1353 1354
f 1351 1354 1355 1356
f 1355 1354 1353 1357
f 1333 1358 1352 1351
f 1333 1351 1356 1337
f 1332 1359 1358 1333
f 1338 1360 1359 1332
f 1339 1361 1360 1338
f 1340 1362 1361 1339
f 1341 1363 1362 1340
f 1342 1364 1363 1341
f 1343 1365 1364 1342
f 1345 1366 1365 1343
f 1348 1367 1366 1345
f 1368 1369 1367 1348
f 1368 1348 1350 1370
f 1371 1372 1369 1368
f 1371 1368 1370 1373
f 1371 1373 1374 1372
f 1353 1375 1376 1377
f 1353 1377 1378 1357
f 1378 1377 1376 1379
f 1352 1380 1375 1353
f 1358 1381 1380 1352
f 1359 1382 1381 1358
f 1360 1383 1382 1359
f 1361 1384 1383 1360
f 1362 1385 1384 1361
f 1363 1386 1385 1362
f 1364 1387 1386 1363
f 1365 1388 1387 1364
f 1366 1389 1388 1365
f 1367 1390 1389 1366
f 1369 1391 1390 1367
f 1372 1392 1391 1369
f 1393 1394 1392 1372
f 1393 1372 1374 1395
f 1393 1395 1396 1394
f 1375 1397 1398 1376
f 1379 1376 1398 1399
f 1380 1400 1397 1375
f 1381 1401 1400 1380
f 1382 1402 1401 1381
f 1383 1403 1402 1382
f 1384 1404 1403 1383
f 1385 1405 1404 1384
f 1386 1406 1405 1385
f 1387 1407 1406 1386
f 1388 1408 1407 1387
f 1389 1409 1408 1388
f 1390 1410 1409 1389
f 1391 1411 1410 1390
f 1392 1412 1411 1391
f 1394 1413 1412 1392
f 1394 1396 1414 1413
f 1398 1415 1416 1417
f 1398 1417 1418 1399
f 1418 1417 1416 1419
f 1397 1420 1415 1398
f 1400 1421 1420 1397
f 1401 1422 1421 1400
f 1402 1423 1422 1401
f 1403 1424 1423 1402
f 1404 1425 1424 1403
f 1405 1426 1425 1404
f 1406 1427 1426 1405
f 1407 1428 1427 1406
f 1408 1429 1428 1407
f 1409 1430 1429 1408
f 1410 1431 1430 1409
f 1411 1432 1431 1410
f 1412 1433 1432 1411
f 1413 1434 1433 1412
f 1435 1436 1434 1413
f 1435 1413 1414 1437
f 1435 1437 1438 1436
f 1415 1439 1440 1416
f 1419 1416 1440 1441
f 1420 1442 1439 1415
f 1421 1443 1442 1420
f 1422 1444 1443 1421
f 1423 1445 1444 1422
f 1424 1446 1445 1423
f 1425 1297 1446 1424
f 1426 1298 1297 1425
f 1427 1300 1298 1426
f 1428 1301 1300 1427
f 1429 1447 1301 1428
f 1430 1448 1447 1429
f 1431 1449 1448 1430
f 1432 1450 1449 1431
f 1433 1451 1450 1432
f 1434 1452 1451 1433
f 1436 1453 1452 1434
f 1436 1438 1454 1453
f 1439 1455 1456 1440
f 1441 1440 1456 1457
f 1442 1458 1455 1439
f 1443 1459 1458 1442
f 1444 1460 1459 1443
f 1445 1461 1460 1444
f 1446 1462 1461 1445
f 1297 1299 1462 1446
f 1447 1463 1302 1301
f 1448 1464 1463 1447
f 1449 1465 1464 1448
f 1450 1466 1465 1449
f 1451 1467 1466 1450
f 1452 1468 1467 1451
f 1453 1469 1468 1452
f 1453 1454 1470 1469
f 1455 1471 1472 1456
f 1457 1456 1472 1473
f 1458 1474 1471 1455
f 1459 1475 1474 1458
f 1460 1476 1475 1459
f 1461 1477 1476 1460
f 1462 1478 1477 1461
f 1299 1303 1478 1462
f 1463 1479 1304 1302
f 1464 1480 1479 1463
f 1465 1481 1480 1464
f 1466 1482 1481 1465
f 1467 1483 1482 1466
f 1468 1484 1483 1467
f 1469 1485 1484 1468
f 1469 1470 1486 1485
f 1471 1487 1488 1472
f 1473 1472 1488 1489
f 1474 1490 1487 1471
f 1475 1491 1490 1474
f 1476 1492 1491 1475
f 1477 1493 1492 1476
f 1478 1494 1493 1477
f 1303 1305 1494 1478
f 1479 1495 1306 1304
f 1480 1496 1495 1479
f 1481 1497 1496 1480
f 1482 1498 1497 1481
f 1483 1499 1498 1482
f 1484 1500 1499 1483
f 1485 1501 1500 1484
f 1485 1486 1502 1501
f 1487 1503 1504 1488
f 1489 1488 1504 1505
f 1490 1506 1503 1487
f 1491 1507 1506 1490
f 1492 1508 1507 1491
f 1493 1509 1508 1492
f 1494 1510 1509 1493
f 1305 1308 1510 1494
f 1495 1511 1310 1306
f 1496 1512 1511 1495
f 1497 1513 1512 1496
f 1498 1514 1513 1497
f 1499 1515 1514 1498
f 1500 1516 1515 1499
f 1501 1517 1516 1500
f 1501 1502 1518 1517
f 1503 1519 1520 1504
f 1505 1504 1520 1521
f 1506 1522 1519 1503
f 1507 1523 1522 1506
f 1508 1524 1523 1507
f 1509 1525 1524 1508
f 1510 1526 1525 1509
f 1308 1527 1526 1510
f 1307 1528 1527 1308
f 1309 1529 1528 1307
f 1310 1530 1529 1309
f 1511 1531 1530 1310
f 1512 1532 1531 1511
f 1513 1533 1532 1512
f 1514 1534 1533 1513
f 1515 1535 1534 1514
f 1516 1536 1535 1515
f 1517 1537 1536 1516
f 1517 1518 1538 1537
f 1519 1539 1540 1520
f 1540 1539 1541 1542
f 1521 1520 1540 1542
f 1522 1543 1539 1519
f 1523 1544 1543 1522
f 1524 1545 1544 1523
f 1525 1546 1545 1524
f 1526 1547 1546 1525
f 1527 1548 1547 1526
f 1528 1549 1548 1527
f 1529 1550 1549 1528
f 1530 1551 1550 1529
f 1531 1552 1551 1530
f 1532 1553 1552 1531
f 1533 1554 1553 1532
f 1534 1555 1554 1533
f 1535 1556 1555 1534
f 1536 1557 1556 1535
f 1537 1558 1557 1536
f 1557 1558 1559 1560
f 1537 1538 1559 1558
f 1543 1561 1562 1539
f 1541 1539 1562 1563
f 1544 1564 1561 1543
f 1545 1565 1564 1544
f 1546 1566 1565 1545
f 1547 1567 1566 1546
f 1548 1568 1567 1547
f 1549 1569 1568 1548
f 1550 1570 1569 1549
f 1551 1571 1570 1550
f 1552 1572 1571 1551
f 1553 1573 1572 1552
f 1554 1574 1573 1553
f 1555 1575 1574 1554
f 1556 1576 1575 1555
f 1557 1577 1576 1556
f 1557 1560 1578 1577
f 1561 1579 1580 1562
f 1580 1579 1581 1582
f 1563 1562 1580 1582
f 1564 1583 1579 1561
f 1565 1584 1583 1564
f 1566 1585 1584 1565
f 1567 1586 1585 1566
f 1568 1587 1586 1567
f 1569 1588 1587 1568
f 1570 1589 1588 1569
f 1571 1590 1589 1570
f 1572 1591 1590 1571
f 1573 1592 1591 1572
f 1574 1593 1592 1573
f 1575 1594 1593 1574
f 1576 1595 1594 1575
f 1577 1596 1595 1576
f 1595 1596 1597 1598
f 1577 1578 1597 1596
f 1583 1599 1600 1579
f 1600 1599 1601 1602
f 1581 1579 1600 1602
f 1584 1603 1599 1583
f 1599 1603 1604 1601
f 1585 1605 1603 1584
f 1586 1606 1605 1585
f 1587 1607 1606 1586
f 1588 1608 1607 1587
f 1589 1609 1608 1588
f 1590 1610 1609 1589
f 1591 1611 1610 1590
f 1592 1612 1611 1591
f 1593 1613 1612 1592
f 1594 1614 1613 1593
f 1613 1614 1615 1616
f 1595 1617 1614 1594
f 1614 1617 1618 1615
f 1595 1598 1618 1617
f 1605 1619 1620 1603
f 1620 1619 1621 1622
f 1604 1603 1620 1622
f 1606 1623 1619 1605
f 1619 1623 1624 1621
f 1607 1625 1623 1606
f 1608 1626 1625 1607
f 1609 1627 1626 1608
f 1610 1628 1627 1609
f 1611 1629 1628 1610
f 1612 1630 1629 1611
f 1629 1630 1631 1632
f 1613 1633 1630 1612
f 1630 1633 1634 1631
f 1613 1616 1634 1633
f 1625 1635 1636 1623
f 1636 1635 1637 1638
f 1624 1623 1636 1638
f 1626 1639 1635 1625
f 1635 1639 1640 1637
f 1627 1641 1639 1626
f 1639 1641 1642 1640
f 1628 1643 1641 1627
f 1641 1643 1644 1642
f 1629 1645 1643 1628
f 1643 1645 1646 1644
f 1629 1632 1646 1645
f 1647 1648 1649 1650
f 1316 1315 1647 1650
f 1647 1315 1317 1648
f 1650 1649 1651 1652
f 1320 1316 1650 1652
f 1652 1651 1653 1654
f 1323 1320 1652 1654
f 1654 1653 1655 1656
f 1326 1323 1654 1656
f 1656 1655 1657 1658
f 1329 1326 1656 1658
f 1329 1658 1657 1330
f 1659 1660 1661 1662
f 1336 1335 1659 1662
f 1659 1335 1337 1660
f 1662 1661 1663 1648
f 1317 1336 1662 1648
f 1648 1663 1664 1649
f 1655 1665 1666 1657
f 1657 1666 1667 1668
f 1346 1330 1657 1668
f 1668 1667 1669 1670
f 1349 1346 1668 1670
f 1349 1670 1669 1350
f 1671 1672 1673 1674
f 1356 1355 1671 1674
f 1671 1355 1357 1672
f 1674 1673 1675 1660
f 1337 1356 1674 1660
f 1660 1675 1676 1661
f 1661 1676 1677 1663
f 1663 1677 1678 1664
f 1665 1679 1680 1666
f 1666 1680 1681 1667
f 1667 1681 1682 1669
f 1669 1682 1683 1684
f 1370 1350 1669 1684
f 1684 1683 1685 1686
f 1373 1370 1684 1686
f 1373 1686 1685 1374
f 1687 1688 1689 1672
f 1357 1378 1687 1672
f 1687 1378 1379 1688
f 1672 1689 1690 1673
f 1673 1690 1691 1675
f 1675 1691 1692 1676
f 1676 1692 1693 1677
f 1677 1693 1694 1678
f 1679 1695 1696 1680
f 1680 1696 1697 1681
f 1681 1697 1698 1682
f 1682 1698 1699 1683
f 1683 1699 1700 1685
f 1685 1700 1701 1702
f 1395 1374 1685 1702
f 1395 1702 1701 1396
f 1688 1703 1704 1689
f 1688 1379 1399 1703
f 1689 1704 1705 1690
f 1690 1705 1706 1691
f 1691 1706 1707 1692
f 1692 1707 1708 1693
f 1693 1708 1709 1694
f 1695 1710 1711 1696
f 1696 1711 1712 1697
f 1697 1712 1713 1698
f 1698 1713 1714 1699
f 1699 1714 1715 1700
f 1700 1715 1716 1701
f 1396 1701 1716 1414
f 1717 1718 1719 1703
f 1399 1418 1717 1703
f 1717 1418 1419 1718
f 1703 1719 1720 1704
f 1704 1720 1721 1705
f 1705 1721 1722 1706
f 1706 1722 1723 1707
f 1707 1723 1724 1708
f 1708 1724 1725 1709
f 1709 1725 1726 1727
f 1727 1726 1728 1729
f 1729 1728 1730 1710
f 1710 1730 1731 1711
f 1711 1731 1732 1712
f 1712 1732 1733 1713
f 1713 1733 1734 1714
f 1714 1734 1735 1715
f 1715 1735 1736 1716
f 1716 1736 1737 1738
f 1437 1414 1716 1738
f 1437 1738 1737 1438
f 1718 1739 1740 1719
f 1718 1419 1441 1739
f 1719 1740 1741 1720
f 1720 1741 1742 1721
f 1721 1742 1743 1722
f 1722 1743 1744 1723
f 1723 1744 1745 1724
f 1724 1745 1746 1725
f 1725 1746 1747 1726
f 1726 1747 1748 1728
f 1728 1748 1749 1730
f 1730 1749 1750 1731
f 1731 1750 1751 1732
f 1732 1751 1752 1733
f 1733 1752 1753 1734
f 1734 1753 1754 1735
f 1735 1754 1755 1736
f 1736 1755 1756 1737
f 1438 1737 1756 1454
f 1739 1757 1758 1740
f 1739 1441 1457 1757
f 1740 1758 1759 1741
f 1741 1759 1760 1742
f 1742 1760 1761 1743
f 1743 1761 1762 1744
f 1744 1762 1763 1745
f 1745 1763 1764 1746
f 1746 1764 1765 1747
f 1747 1765 1766 1748
f 1748 1766 1767 1749
f 1749 1767 1768 1750
f 1750 1768 1769 1751
f 1751 1769 1770 1752
f 1752 1770 1771 1753
f 1753 1771 1772 1754
f 1754 1772 1773 1755
f 1755 1773 1774 1756
f 1454 1756 1774 1470
f 1757 1775 1776 1758
f 1757 1457 1473 1775
f 1758 1776 1777 1759
f 1759 1777 1778 1760
f 1760 1778 1779 1761
f 1761 1779 1780 1762
f 1762 1780 1781 1763
f 1763 1781 1782 1764
f 1764 1782 1783 1765
f 1765 1783 1784 1766
f 1766 1784 1785 1767
f 1767 1785 1786 1768
f 1768 1786 1787 1769
f 1769 1787 1788 1770
f 1770 1788 1789 1771
f 1771 1789 1790 1772
f 1772 1790 1791 1773
f 1773 1791 1792 1774
f 1470 1774 1792 1486
f 1775 1793 1794 1776
f 1775 1473 1489 1793
f 1776 1794 1795 1777
f 1777 1795 1796 1778
f 1778 1796 1797 1779
f 1779 1797 1798 1780
f 1780 1798 1799 1781
f 1781 1799 1800 1782
f 1782 1800 1801 1783
f 1783 1801 1802 1784
f 1784 1802 1803 1785
f 1785 1803 1804 1786
f 1786 1804 1805 1787
f 1787 1805 1806 1788
f 1788 1806 1807 1789
f 1789 1807 1808 1790
f 1790 1808 1809 1791
f 1791 1809 1810 1792
f 1486 1792 1810 1502
f 1793 1811 1812 1794
f 1793 1489 1505 1811
f 1794 1812 1813 1795
f 1795 1813 1814 1796
f 1796 1814 1815 1797
f 1797 1815 1816 1798
f 1798 1816 1817 1799
f 1799 1817 1818 1800
f 1800 1818 1819 1801
f 1801 1819 1820 1802
f 1802 1820 1821 1803
f 1803 1821 1822 1804
f 1804 1822 1823 1805
f 1805 1823 1824 1806
f 1806 1824 1825 1807
f 1807 1825 1826 1808
f 1808 1826 1827 1809
f 1809 1827 1828 1810
f 1502 1810 1828 1518
f 1811 1829 1830 1812
f 1811 1505 1521 1829
f 1812 1830 1831 1813
f 1813 1831 1832 1814
f 1814 1832 1833 1815
f 1815 1833 1834 1816
f 1816 1834 1835 1817
f 1817 1835 1836 1818
f 1818 1836 1837 1819
f 1819 1837 1838 1820
f 1820 1838 1839 1821
f 1821 1839 1840 1822
f 1822 1840 1841 1823
f 1823 1841 1842 1824
f 1824 1842 1843 1825
f 1825 1843 1844 1826
f 1826 1844 1845 1827
f 1827 1845 1846 1828
f 1518 1828 1846 1538
f 1829 1847 1848 1830
f 1542 1541 1848 1847
f 1829 1521 1542 1847
f 1830 1848 1849 1831
f 1831 1849 1850 1832
f 1832 1850 1851 1833
f 1833 1851 1852 1834
f 1834 1852 1853 1835
f 1835 1853 1854 1836
f 1836 1854 1855 1837
f 1837 1855 1856 1838
f 1838 1856 1857 1839
f 1839 1857 1858 1840
f 1840 1858 1859 1841
f 1841 1859 1860 1842
f 1842 1860 1861 1843
f 1843 1861 1862 1844
f 1844 1862 1863 1845
f 1845 1863 1864 1846
f 1560 1559 1864 1863
f 1538 1846 1864 1559
f 1848 1865 1866 1849
f 1848 1541 1563 1865
f 1849 1866 1867 1850
f 1850 1867 1868 1851
f 1851 1868 1869 1852
f 1852 1869 1870 1853
f 1853 1870 1871 1854
f 1857 1872 1873 1858
f 1858 1873 1874 1859
f 1859 1874 1875 1860
f 1860 1875 1876 1861
f 1861 1876 1877 1862
f 1862 1877 1878 1863
f 1560 1863 1878 1578
f 1865 1879 1880 1866
f 1582 1581 1880 1879
f 1865 1563 1582 1879
f 1866 1880 1881 1867
f 1867 1881 1882 1868
f 1868 1882 1883 1869
f 1869 1883 1884 1870
f 1870 1884 1885 1871
f 1872 1886 1887 1873
f 1873 1887 1888 1874
f 1874 1888 1889 1875
f 1875 1889 1890 1876
f 1876 1890 1891 1877
f 1877 1891 1892 1878
f 1598 1597 1892 1891
f 1578 1878 1892 1597
f 1880 1893 1894 1881
f 1602 1601 1894 1893
f 1880 1581 1602 1893
f 1881 1894 1895 1882
f 1601 1604 1895 1894
f 1882 1895 1896 1883
f 1883 1896 1897 1884
f 1884 1897 1898 1885
f 1886 1899 1900 1887
f 1887 1900 1901 1888
f 1888 1901 1902 1889
f 1889 1902 1903 1890
f 1616 1615 1903 1902
f 1890 1903 1904 1891
f 1615 1618 1904 1903
f 1598 1891 1904 1618
f 1895 1905 1906 1896
f 1622 1621 1906 1905
f 1895 1604 1622 1905
f 1896 1906 1907 1897
f 1621 1624 1907 1906
f 1897 1907 1908 1898
f 1899 1909 1910 1900
f 1900 1910 1911 1901
f 1632 1631 1911 1910
f 1901 1911 1912 1902
f 1631 1634 1912 1911
f 1616 1902 1912 1634
f 1907 1913 1914 1908
f 1638 1637 1914 1913
f 1907 1624 1638 1913
f 1908 1914 1915 1916
f 1637 1640 1915 1914
f 1916 1915 1917 1918
f 1640 1642 1917 1915
f 1918 1917 1919 1909
f 1642 1644 1919 1917
f 1909 1919 1920 1910
f 1644 1646 1920 1919
f 1632 1910 1920 1646
f 1651 1649 1921 1922
f 1921 1649 1664 1923
f 1653 1651 1922 1924
f 1655 1653 1924 1925
f 1655 1925 1926 1665
f 1923 1664 1678 1927
f 1665 1926 1928 1679
f 1927 1678 1694 1929
f 1679 1928 1930 1695
f 1929 1931 1932 1933
f 1709 1727 1932 1931
f 1929 1694 1709 1931
f 1933 1932 1934 1935
f 1727 1729 1934 1932
f 1935 1934 1936 1930
f 1729 1710 1936 1934
f 1695 1930 1936 1710
f 1937 1938 1939 1940
f 1855 1854 1937 1940
f 1937 1854 1871 1938
f 1940 1939 1941 1942
f 1856 1855 1940 1942
f 1942 1941 1943 1944
f 1857 1856 1942 1944
f 1857 1944 1943 1872
f 1938 1871 1885 1945
f 1872 1943 1946 1886
f 1945 1885 1898 1947
f 1886 1946 1948 1899
f 1908 1916 1949 1950
f 1947 1898 1908 1950
f 1916 1918 1951 1949
f 1918 1909 1952 1951
f 1899 1948 1952 1909
f 1922 1921 1953 1954
f 1953 1921 1923 1955
f 1924 1922 1954 1956
f 1925 1924 1956 1957
f 1925 1957 1958 1926
f 1955 1923 1927 1959
f 1926 1958 1960 1928
f 1929 1933 1961 1962
f 1959 1927 1929 1962
f 1933 1935 1963 1961
f 1935 1930 1964 1963
f 1928 1960 1964 1930
f 1939 1938 1965 1966
f 1965 1938 1945 1967
f 1941 1939 1966 1968
f 1943 1941 1968 1969
f 1943 1969 1970 1946
f 1967 1945 1947 1971
f 1946 1970 1972 1948
f 1950 1949 1973 1974
f 1971 1947 1950 1974
f 1949 1951 1975 1973
f 1951 1952 1976 1975
f 1948 1972 1976 1952
f 1954 1953 1977 1978
f 1977 1953 1955 1979
f 1956 1954 1978 1980
f 1957 1956 1980 1981
f 1957 1981 1982 1958
f 1979 1955 1959 1983
f 1958 1982 1984 1960
f 1983 1959 1962 1985
f 1960 1984 1986 1964
f 1961 1987 1988 1962
f 1985 1962 1988 1989
f 1963 1990 1987 1961
f 1964 1991 1990 1963
f 1964 1986 1992 1991
f 1987 1993 1994 1988
f 1989 1988 1994 1995
f 1990 1996 1993 1987
f 1991 1997 1996 1990
f 1991 1992 1998 1997
f 1993 1999 2000 1994
f 1995 1994 2000 2001
f 1996 2002 1999 1993
f 1997 2003 2002 1996
f 1997 1998 2004 2003
f 1999 2005 2006 2000
f 2001 2000 2006 2007
f 2002 2008 2005 1999
f 2003 2009 2008 2002
f 2003 2004 2010 2009
f 2005 2011 2012 2006
f 2007 2006 2012 2013
f 2008 2014 2011 2005
f 2009 2015 2014 2008
f 2009 2010 2016 2015
f 2011 2017 2018 2012
f 2013 2012 2018 2019
f 2014 2020 2017 2011
f 2015 2021 2020 2014
f 2015 2016 2022 2021
f 2017 2023 2024 2018
f 2019 2018 2024 2025
f 2020 2026 2023 2017
f 2021 2027 2026 2020
f 2021 2022 2028 2027
f 2023 2029 2030 2024
f 2025 2024 2030 2031
f 2026 2032 2029 2023
f 2027 2033 2032 2026
f 2027 2028 2034 2033
f 2029 2035 2036 2030
f 2031 2030 2036 2037
f 2032 2038 2035 2029
f 2033 2039 2038 2032
f 2033 2034 2040 2039
f 2035 1966 1965 2036
f 2037 2036 1965 2041
f 2038 1968 1966 2035
f 2039 1969 1968 2038
f 2039 2040 2042 1969
f 2041 1965 1967 2043
f 1969 2042 2044 1970
f 2043 1967 1971 2045
f 1970 2044 2046 1972
f 1974 1973 2047 2048
f 2045 1971 1974 2048
f 1973 1975 2049 2047
f 1975 1976 2050 2049
f 1972 2046 2050 1976
f 2051 2052 2053 2054
f 1978 1977 2051 2054
f 2051 1977 1979 2052
f 2054 2053 2055 2056
f 1980 1978 2054 2056
f 2056 2055 2057 2058
f 1981 1980 2056 2058
f 1981 2058 2057 1982
f 2052 1979 1983 2059
f 1982 2057 2060 1984
f 2059 1983 1985 2061
f 1984 2060 2062 1986
f 2061 1985 1989 2063
f 1986 2062 2064 1992
f 2063 1989 1995 2065
f 1992 2064 2066 1998
f 2065 1995 2001 2067
f 1998 2066 2068 2004
f 2067 2001 2007 2069
f 2004 2068 2070 2010
f 2069 2007 2013 2071
f 2010 2070 2072 2016
f 2071 2013 2019 2073
f 2016 2072 2074 2022
f 2073 2019 2025 2075
f 2022 2074 2076 2028
f 2075 2025 2031 2077
f 2028 2076 2078 2034
f 2077 2031 2037 2079
f 2034 2078 2080 2040
f 2079 2037 2041 2081
f 2040 2080 2082 2042
f 2081 2041 2043 2083
f 2042 2082 2084 2044
f 2083 2043 2045 2085
f 2044 2084 2086 2046
f 2085 2087 2088 2089
f 2048 2047 2088 2087
f 2085 2045 2048 2087
f 2089 2088 2090 2091
f 2047 2049 2090 2088
f 2091 2090 2092 2086
f 2049 2050 2092 2090
f 2046 2086 2092 2050
f 2053 2052 2093 2094
f 2093 2052 2059 2095
f 2055 2053 2094 2096
f 2057 2055 2096 2097
f 2057 2097 2098 2060
f 2095 2059 2061 2099
f 2060 2098 2100 2062
f 2099 2061 2063 2101
f 2062 2100 2102 2064
f 2063 2065 2103 2104
f 2063 2104 2105 2101
f 2105 2104 2103 2106
f 2107 2108 2066 2064
f 2107 2064 2102 2109
f 2107 2109 2110 2108
f 2065 2067 2111 2103
f 2106 2103 2111 2112
f 2108 2113 2068 2066
f 2108 2110 2114 2113
f 2067 2069 2115 2111
f 2112 2111 2115 2116
f 2113 2117 2070 2068
f 2113 2114 2118 2117
f 2069 2071 2119 2115
f 2116 2115 2119 2120
f 2117 2121 2072 2070
f 2117 2118 2122 2121
f 2071 2073 2123 2119
f 2120 2119 2123 2124
f 2121 2125 2074 2072
f 2121 2122 2126 2125
f 2073 2075 2127 2123
f 2124 2123 2127 2128
f 2125 2129 2076 2074
f 2125 2126 2130 2129
f 2075 2077 2131 2127
f 2128 2127 2131 2132
f 2129 2133 2078 2076
f 2129 2130 2134 2133
f 2077 2079 2135 2131
f 2135 2079 2136 2137
f 2132 2131 2135 2137
f 2133 2138 2080 2078
f 2080 2138 2139 2140
f 2133 2134 2139 2138
f 2136 2079 2081 2141
f 2080 2140 2142 2082
f 2141 2081 2083 2143
f 2082 2142 2144 2084
f 2085 2089 2145 2146
f 2143 2083 2085 2146
f 2089 2091 2147 2145
f 2091 2086 2148 2147
f 2084 2144 2148 2086
f 2149 2150 2151 2152
f 2094 2093 2149 2152
f 2149 2093 2095 2150
f 2152 2151 2153 2154
f 2096 2094 2152 2154
f 2154 2153 2155 2156
f 2097 2096 2154 2156
f 2097 2156 2155 2098
f 2150 2095 2099 2157
f 2098 2155 2158 2100
f 2157 2099 2101 2159
f 2100 2158 2160 2102
f 2101 2105 2161 2159
f 2161 2105 2106 2162
f 2109 2102 2160 2163
f 2109 2163 2164 2110
f 2106 2112 2165 2166
f 2106 2166 2167 2162
f 2167 2166 2165 2168
f 2169 2170 2114 2110
f 2169 2110 2164 2171
f 2169 2171 2172 2170
f 2112 2116 2173 2165
f 2168 2165 2173 2174
f 2170 2175 2118 2114
f 2170 2172 2176 2175
f 2116 2120 2177 2173
f 2174 2173 2177 2178
f 2175 2179 2122 2118
f 2175 2176 2180 2179
f 2120 2124 2181 2177
f 2178 2177 2181 2182
f 2179 2183 2126 2122
f 2179 2180 2184 2183
f 2124 2128 2185 2181
f 2182 2181 2185 2186
f 2183 2187 2130 2126
f 2183 2184 2188 2187
f 2128 2132 2189 2185
f 2189 2132 2190 2191
f 2186 2185 2189 2191
f 2187 2192 2134 2130
f 2134 2192 2193 2194
f 2187 2188 2193 2192
f 2137 2136 2195 2196
f 2190 2132 2137 2196
f 2140 2139 2197 2198
f 2134 2194 2197 2139
f 2195 2136 2141 2199
f 2140 2198 2200 2142
f 2199 2141 2143 2201
f 2142 2200 2202 2144
f 2201 2203 2204 2205
f 2146 2145 2204 2203
f 2201 2143 2146 2203
f 2205 2204 2206 2207
f 2145 2147 2206 2204
f 2207 2206 2208 2202
f 2147 2148 2208 2206
f 2144 2202 2208 2148
f 2151 2150 2209 2210
f 2209 2150 2157 2211
f 2153 2151 2210 2212
f 2155 2153 2212 2213
f 2155 2213 2214 2158
f 2211 2157 2159 2215
f 2158 2214 2216 2160
f 2159 2161 2217 2215
f 2217 2161 2162 2218
f 2163 2160 2216 2219
f 2163 2219 2220 2164
f 2221 2222 2223 2218
f 2162 2167 2221 2218
f 2221 2167 2168 2222
f 2220 2224 2225 2226
f 2171 2164 2220 2226
f 2171 2226 2225 2172
f 2222 2168 2174 2227
f 2172 2225 2228 2176
f 2174 2178 2229 2230
f 2174 2230 2231 2227
f 2231 2230 2229 2232
f 2233 2234 2180 2176
f 2233 2176 2228 2235
f 2233 2235 2236 2234
f 2178 2182 2237 2229
f 2237 2182 2238 2239
f 2232 2229 2237 2239
f 2234 2240 2184 2180
f 2184 2240 2241 2242
f 2234 2236 2241 2240
f 2238 2182 2186 2243
f 2184 2242 2244 2188
f 2243 2245 2246 2247
f 2191 2190 2246 2245
f 2243 2186 2191 2245
f 2248 2249 2250 2244
f 2194 2193 2250 2249
f 2188 2244 2250 2193
f 2196 2195 2251 2252
f 2246 2190 2196 2252
f 2198 2197 2253 2254
f 2194 2249 2253 2197
f 2251 2195 2199 2255
f 2198 2254 2256 2200
f 2201 2205 2257 2258
f 2255 2199 2201 2258
f 2205 2207 2259 2257
f 2207 2202 2260 2259
f 2200 2256 2260 2202
f 2210 2209 2261 2262
f 2261 2209 2211 2263
f 2212 2210 2262 2264
f 2213 2212 2264 2265
f 2213 2265 2266 2214
f 2263 2211 2215 2267
f 2214 2266 2268 2216
f 2269 2270 2271 2267
f 2215 2217 2269 2267
f 2269 2217 2218 2270
f 2268 2272 2273 2274
f 2219 2216 2268 2274
f 2219 2274 2273 2220
f 2270 2218 2223 2275
f 2220 2273 2276 2224
f 2223 2222 2277 2275
f 2277 2222 2227 2278
f 2225 2224 2276 2279
f 2225 2279 2280 2228
f 2227 2231 2281 2278
f 2281 2231 2232 2282
f 2235 2228 2280 2283
f 2235 2283 2284 2236
f 2239 2238 2285 2286
f 2282 2232 2239 2286
f 2242 2241 2287 2288
f 2236 2284 2287 2241
f 2243 2247 2289 2290
f 2285 2238 2243 2290
f 2248 2244 2291 2292
f 2242 2288 2291 2244
f 2289 2247 2246 2293
f 2248 2292 2294 2249
f 2293 2295 2296 2297
f 2252 2251 2296 2295
f 2293 2246 2252 2295
f 2298 2299 2300 2294
f 2254 2253 2300 2299
f 2249 2294 2300 2253
f 2296 2251 2255 2301
f 2254 2299 2302 2256
f 2258 2257 2303 2304
f 2301 2255 2258 2304
f 2257 2259 2305 2303
f 2259 2260 2306 2305
f 2256 2302 2306 2260
f 2262 2261 2307 2308
f 2307 2261 2263 2309
f 2264 2262 2308 2310
f 2265 2264 2310 2311
f 2265 2311 2312 2266
f 2309 2263 2267 2313
f 2266 2312 2314 2268
f 2313 2267 2271 2315
f 2268 2314 2316 2272
f 2271 2270 2317 2315
f 2317 2270 2275 2318
f 2273 2272 2316 2319
f 2273 2319 2320 2276
f 2275 2277 2321 2318
f 2321 2277 2278 2322
f 2279 2276 2320 2323
f 2279 2323 2324 2280
f 2278 2281 2325 2322
f 2325 2281 2282 2326
f 2283 2280 2324 2327
f 2283 2327 2328 2284
f 2286 2285 2329 2330
f 2326 2282 2286 2330
f 2288 2287 2331 2332
f 2284 2328 2331 2287
f 2290 2289 2333 2334
f 2329 2285 2290 2334
f 2292 2291 2335 2336
f 2288 2332 2335 2291
f 2293 2297 2337 2338
f 2333 2289 2293 2338
f 2298 2294 2339 2340
f 2292 2336 2339 2294
f 2337 2297 2296 2341
f 2298 2340 2342 2299
f 2341 2296 2301 2343
f 2299 2342 2344 2302
f 2304 2303 2345 2346
f 2343 2301 2304 2346
f 2303 2305 2347 2345
f 2305 2306 2348 2347
f 2302 2344 2348 2306
f 2349 2350 2351 2352
f 2308 2307 2349 2352
f 2349 2307 2309 2350
f 2352 2351 2353 2354
f 2310 2308 2352 2354
f 2354 2353 2355 2356
f 2311 2310 2354 2356
f 2311 2356 2355 2312
f 2350 2309 2313 2357
f 2312 2355 2358 2314
f 2357 2313 2315 2359
f 2314 2358 2360 2316
f 2315 2317 2361 2359
f 2361 2317 2318 2362
f 2319 2316 2360 2363
f 2319 2363 2364 2320
f 2318 2321 2365 2362
f 2365 2321 2322 2366
f 2323 2320 2364 2367
f 2323 2367 2368 2324
f 2369 2370 2371 2366
f 2322 2325 2369 2366
f 2369 2325 2326 2370
f 2368 2372 2373 2374
f 2327 2324 2368 2374
f 2327 2374 2373 2328
f 2370 2375 2376 2371
f 2330 2329 2376 2375
f 2370 2326 2330 2375
f 2372 2377 2378 2373
f 2332 2331 2378 2377
f 2328 2373 2378 2331
f 2334 2333 2379 2380
f 2376 2329 2334 2380
f 2336 2335 2381 2382
f 2332 2377 2381 2335
f 2338 2337 2383 2384
f 2379 2333 2338 2384
f 2340 2339 2385 2386
f 2336 2382 2385 2339
f 2383 2337 2341 2387
f 2340 2386 2388 2342
f 2387 2341 2343 2389
f 2342 2388 2390 2344
f 2389 2391 2392 2393
f 2346 2345 2392 2391
f 2389 2343 2346 2391
f 2393 2392 2394 2395
f 2345 2347 2394 2392
f 2395 2394 2396 2390
f 2347 2348 2396 2394
f 2344 2390 2396 2348
f 2351 2350 2397 2398
f 2397 2350 2357 2399
f 2353 2351 2398 2400
f 2355 2353 2400 2401
f 2355 2401 2402 2358
f 2399 2357 2359 2403
f 2358 2402 2404 2360
f 2359 2361 2405 2403
f 2405 2361 2362 2406
f 2363 2360 2404 2407
f 2363 2407 2408 2364
f 2409 2410 2411 2406
f 2362 2365 2409 2406
f 2409 2365 2366 2410
f 2408 2412 2413 2414
f 2367 2364 2408 2414
f 2367 2414 2413 2368
f 2410 2366 2371 2415
f 2368 2413 2416 2372
f 2415 2371 2376 2417
f 2372 2416 2418 2377
f 2417 2419 2420 2421
f 2380 2379 2420 2419
f 2417 2376 2380 2419
f 2422 2423 2424 2418
f 2382 2381 2424 2423
f 2377 2418 2424 2381
f 2384 2383 2425 2426
f 2420 2379 2384 2426
f 2386 2385 2427 2428
f 2382 2423 2427 2385
f 2425 2383 2387 2429
f 2386 2428 2430 2388
f 2389 2393 2431 2432
f 2429 2387 2389 2432
f 2393 2395 2433 2431
f 2395 2390 2434 2433
f 2388 2430 2434 2390
f 2398 2397 2435 2436
f 2435 2397 2399 2437
f 2400 2398 2436 2438
f 2401 2400 2438 2439
f 2401 2439 2440 2402
f 2437 2399 2403 2441
f 2402 2440 2442 2404
f 2443 2444 2445 2441
f 2403 2405 2443 2441
f 2443 2405 2406 2444
f 2442 2446 2447 2448
f 2407 2404 2442 2448
f 2407 2448 2447 2408
f 2444 2406 2411 2449
f 2408 2447 2450 2412
f 2411 2410 2451 2449
f 2451 2410 2415 2452
f 2413 2412 2450 2453
f 2413 2453 2454 2416
f 2417 2421 2455 2456
f 2452 2415 2417 2456
f 2422 2418 2457 2458
f 2416 2454 2457 2418
f 2455 2421 2420 2459
f 2422 2458 2460 2423
f 2459 2461 2462 2463
f 2426 2425 2462 2461
f 2459 2420 2426 2461
f 2464 2465 2466 2460
f 2428 2427 2466 2465
f 2423 2460 2466 2427
f 2462 2425 2429 2467
f 2428 2465 2468 2430
f 2432 2431 2469 2470
f 2467 2429 2432 2470
f 2431 2433 2471 2469
f 2433 2434 2472 2471
f 2430 2468 2472 2434
f 2436 2435 2473 2474
f 2473 2435 2437 2475
f 2438 2436 2474 2476
f 2439 2438 2476 2477
f 2439 2477 2478 2440
f 2475 2437 2441 2479
f 2440 2478 2480 2442
f 2479 2441 2445 2481
f 2442 2480 2482 2446
f 2445 2444 2483 2481
f 2483 2444 2449 2484
f 2447 2446 2482 2485
f 2447 2485 2486 2450
f 2449 2451 2487 2484
f 2487 2451 2452 2488
f 2453 2450 2486 2489
f 2453 2489 2490 2454
f 2456 2455 2491 2492
f 2488 2452 2456 2492
f 2458 2457 2493 2494
f 2454 2490 2493 2457
f 2459 2463 2495 2496
f 2491 2455 2459 2496
f 2464 2460 2497 2498
f 2458 2494 2497 2460
f 2495 2463 2462 2499
f 2464 2498 2500 2465
f 2499 2462 2467 2501
f 2465 2500 2502 2468
f 2470 2469 2503 2504
f 2501 2467 2470 2504
f 2469 2471 2505 2503
f 2471 2472 2506 2505
f 2468 2502 2506 2472
f 2507 2508 2509 2510
f 2474 2473 2507 2510
f 2507 2473 2475 2508
f 2510 2509 2511 2512
f 2476 2474 2510 2512
f 2512 2511 2513 2514
f 2477 2476 2512 2514
f 2477 2514 2513 2478
f 2508 2475 2479 2515
f 2478 2513 2516 2480
f 2515 2479 2481 2517
f 2480 2516 2518 2482
f 2481 2483 2519 2517
f 2519 2483 2484 2520
f 2485 2482 2518 2521
f 2485 2521 2522 2486
f 2523 2524 2525 2520
f 2484 2487 2523 2520
f 2523 2487 2488 2524
f 2522 2526 2527 2528
f 2489 2486 2522 2528
f 2489 2528 2527 2490
f 2524 2529 2530 2525
f 2492 2491 2530 2529
f 2524 2488 2492 2529
f 2526 2531 2532 2527
f 2494 2493 2532 2531
f 2490 2527 2532 2493
f 2496 2495 2533 2534
f 2530 2491 2496 2534
f 2498 2497 2535 2536
f 2494 2531 2535 2497
f 2533 2495 2499 2537
f 2498 2536 2538 2500
f 2537 2499 2501 2539
f 2500 2538 2540 2502
f 2539 2541 2542 2543
f 2504 2503 2542 2541
f 2539 2501 2504 2541
f 2543 2542 2544 2545
f 2503 2505 2544 2542
f 2545 2544 2546 2540
f 2505 2506 2546 2544
f 2502 2540 2546 2506
f 2509 2508 2547 2548
f 2547 2508 2515 2549
f 2511 2509 2548 2550
f 2513 2511 2550 2551
f 2513 2551 2552 2516
f 2549 2515 2517 2553
f 2516 2552 2554 2518
f 2555 2556 2557 2553
f 2517 2519 2555 2553
f 2555 2519 2520 2556
f 2554 2558 2559 2560
f 2521 2518 2554 2560
f 2521 2560 2559 2522
f 2556 2520 2525 2561
f 2522 2559 2562 2526
f 2561 2525 2530 2563
f 2526 2562 2564 2531
f 2563 2565 2566 2567
f 2534 2533 2566 2565
f 2563 2530 2534 2565
f 2568 2569 2570 2564
f 2536 2535 2570 2569
f 2531 2564 2570 2535
f 2566 2533 2537 2571
f 2536 2569 2572 2538
f 2539 2543 2573 2574
f 2571 2537 2539 2574
f 2543 2545 2575 2573
f 2545 2540 2576 2575
f 2538 2572 2576 2540
f 2548 2547 2577 2578
f 2577 2547 2549 2579
f 2550 2548 2578 2580
f 2551 2550 2580 2581
f 2551 2581 2582 2552
f 2579 2549 2553 2583
f 2552 2582 2584 2554
f 2583 2553 2557 2585
f 2554 2584 2586 2558
f 2557 2556 2587 2585
f 2587 2556 2561 2588
f 2559 2558 2586 2589
f 2559 2589 2590 2562
f 2563 2567 2591 2592
f 2588 2561 2563 2592
f 2568 2564 2593 2594
f 2562 2590 2593 2564
f 2591 2567 2566 2595
f 2568 2594 2596 2569
f 2595 2566 2571 2597
f 2569 2596 2598 2572
f 2574 2573 2599 2600
f 2597 2571 2574 2600
f 2573 2575 2601 2599
f 2575 2576 2602 2601
f 2572 2598 2602 2576
f 2603 2604 2605 2606
f 2578 2577 2603 2606
f 2603 2577 2579 2604
f 2606 2605 2607 2608
f 2580 2578 2606 2608
f 2608 2607 2609 2610
f 2581 2580 2608 2610
f 2581 2610 2609 2582
f 2604 2579 2583 2611
f 2582 2609 2612 2584
f 2611 2583 2585 2613
f 2584 2612 2614 2586
f 2585 2587 2615 2613
f 2615 2587 2588 2616
f 2589 2586 2614 2617
f 2589 2617 2618 2590
f 2592 2591 2619 2620
f 2616 2588 2592 2620
f 2594 2593 2621 2622
f 2590 2618 2621 2593
f 2619 2591 2595 2623
f 2594 2622 2624 2596
f 2623 2595 2597 2625
f 2596 2624 2626 2598
f 2625 2627 2628 2629
f 2600 2599 2628 2627
f 2625 2597 2600 2627
f 2629 2628 2630 2631
f 2599 2601 2630 2628
f 2631 2630 2632 2626
f 2601 2602 2632 2630
f 2598 2626 2632 2602
f 2605 2604 2633 2634
f 2633 2604 2611 2635
f 2607 2605 2634 2636
f 2609 2607 2636 2637
f 2609 2637 2638 2612
f 2635 2611 2613 2639
f 2612 2638 2640 2614
f 2613 2615 2641 2639
f 2641 2615 2616 2642
f 2617 2614 2640 2643
f 2617 2643 2644 2618
f 2620 2619 2645 2646
f 2642 2616 2620 2646
f 2622 2621 2647 2648
f 2618 2644 2647 2621
f 2645 2619 2623 2649
f 2622 2648 2650 2624
f 2625 2629 2651 2652
f 2649 2623 2625 2652
f 2629 2631 2653 2651
f 2631 2626 2654 2653
f 2624 2650 2654 2626
f 2634 2633 2655 2656
f 2655 2633 2635 2657
f 2636 2634 2656 2658
f 2637 2636 2658 2659
f 2637 2659 2660 2638
f 2657 2635 2639 2661
f 2638 2660 2662 2640
f 2663 2664 2665 2661
f 2639 2641 2663 2661
f 2663 2641 2642 2664
f 2662 2666 2667 2668
f 2643 2640 2662 2668
f 2643 2668 2667 2644
f 2664 2669 2670 2665
f 2646 2645 2670 2669
f 2664 2642 2646 2669
f 2666 2671 2672 2667
f 2648 2647 2672 2671
f 2644 2667 2672 2647
f 2670 2645 2649 2673
f 2648 2671 2674 2650
f 2652 2651 2675 2676
f 2673 2649 2652 2676
f 2651 2653 2677 2675
f 2653 2654 2678 2677
f 2650 2674 2678 2654
f 2656 2655 2679 2680
f 2679 2655 2657 2681
f 2658 2656 2680 2682
f 2659 2658 2682 2683
f 2659 2683 2684 2660
f 2681 2657 2661 2685
f 2660 2684 2686 2662
f 2685 2661 2665 2687
f 2662 2686 2688 2666
f 2687 2665 2670 2689
f 2666 2688 2690 2671
f 2689 2670 2673 2691
f 2671 2690 2692 2674
f 2676 2675 2693 2694
f 2691 2673 2676 2694
f 2675 2677 2695 2693
f 2677 2678 2696 2695
f 2674 2692 2696 2678
f 2697 2698 2699 2700
f 2680 2679 2697 2700
f 2697 2679 2681 2698
f 2700 2699 2701 2702
f 2682 2680 2700 2702
f 2702 2701 2703 2704
f 2683 2682 2702 2704
f 2683 2704 2703 2684
f 2698 2681 2685 2705
f 2684 2703 2706 2686
f 2705 2685 2687 2707
f 2686 2706 2708 2688
f 2707 2687 2689 2709
f 2688 2708 2710 2690
f 2709 2689 2691 2711
f 2690 2710 2712 2692
f 2711 2713 2714 2715
f 2694 2693 2714 2713
f 2711 2691 2694 2713
f 2715 2714 2716 2717
f 2693 2695 2716 2714
f 2717 2716 2718 2712
f 2695 2696 2718 2716
f 2692 2712 2718 2696
f 2699 2698 2719 2720
f 2719 2698 2705 2721
f 2701 2699 2720 2722
f 2703 2701 2722 2723
f 2703 2723 2724 2706
f 2721 2705 2707 2725
f 2706 2724 2726 2708
f 2725 2707 2709 2727
f 2708 2726 2728 2710
f 2711 2715 2729 2730
f 2727 2709 2711 2730
f 2715 2717 2731 2729
f 2717 2712 2732 2731
f 2710 2728 2732 2712
f 2720 2719 2733 2734
f 2733 2719 2721 2735
f 2722 2720 2734 2736
f 2723 2722 2736 2737
f 2723 2737 2738 2724
f 2735 2721 2725 2739
f 2724 2738 2740 2726
f 2739 2725 2727 2741
f 2726 2740 2742 2728
f 2730 2729 2743 2744
f 2741 2727 2730 2744
f 2729 2731 2745 2743
f 2731 2732 2746 2745
f 2728 2742 2746 2732
f 2734 2733 2747 2748
f 2747 2733 2735 2749
f 2736 2734 2748 2750
f 2737 2736 2750 2751
f 2737 2751 2752 2738
f 2749 2735 2739 2753
f 2738 2752 2754 2740
f 2753 2739 2741 2755
f 2740 2754 2756 2742
f 2744 2743 2757 2758
f 2755 2741 2744 2758
f 2743 2745 2759 2757
f 2745 2746 2760 2759
f 2742 2756 2760 2746
f 2761 2762 2763 2764
f 2748 2747 2761 2764
f 2761 2747 2749 2762
f 2764 2763 2765 2766
f 2750 2748 2764 2766
f 2766 2765 2767 2768
f 2751 2750 2766 2768
f 2751 2768 2767 2752
f 2762 2749 2753 2769
f 2752 2767 2770 2754
f 2769 2753 2755 2771
f 2754 2770 2772 2756
f 2771 2773 2774 2775
f 2758 2757 2774 2773
f 2771 2755 2758 2773
f 2775 2774 2776 2777
f 2757 2759 2776 2774
f 2777 2776 2778 2772
f 2759 2760 2778 2776
f 2756 2772 2778 2760
f 2763 2762 2779 2780
f 2779 2762 2769 2781
f 2765 2763 2780 2782
f 2767 2765 2782 2783
f 2767 2783 2784 2770
f 2771 2775 2785 2786
f 2781 2769 2771 2786
f 2775 2777 2787 2785
f 2777 2772 2788 2787
f 2770 2784 2788 2772
f 2780 2779 2789 2790
f 2789 2779 2781 2791
f 2782 2780 2790 2792
f 2783 2782 2792 2793
f 2783 2793 2794 2784
f 2786 2785 2795 2796
f 2791 2781 2786 2796
f 2785 2787 2797 2795
f 2787 2788 2798 2797
f 2784 2794 2798 2788
f 2790 2789 2799 2800
f 2799 2789 2791 2801
f 2792 2790 2800 2802
f 2793 2792 2802 2803
f 2793 2803 2804 2794
f 2796 2795 2805 2806
f 2801 2791 2796 2806
f 2795 2797 2807 2805
f 2797 2798 2808 2807
f 2794 2804 2808 2798
f 2809 2810 2811 2812
f 2800 2799 2809 2812
f 2809 2799 2801 2810
f 2812 2811 2813 2814
f 2802 2800 2812 2814
f 2814 2813 2815 2816
f 2803 2802 2814 2816
f 2803 2816 2815 2804
f 2810 2817 2818 2811
f 2806 2805 2818 2817
f 2810 2801 2806 2817
f 2811 2818 2819 2813
f 2805 2807 2819 2818
f 2813 2819 2820 2815
f 2807 2808 2820 2819
f 2804 2815 2820 2808
