# F-spire — lifted from a 2D silhouette by aide.lift
o F-spire
v -22.500 -9.500 -2.000
v -22.500 -8.500 -2.000
v -22.500 -8.500 -3.000
v -22.500 -9.500 -3.000
v -21.500 -9.500 -3.000
v -21.500 -9.500 -2.000
v -21.500 -8.500 -3.000
v -22.500 -9.500 -1.000
v -22.500 -8.500 -1.000
v -21.500 -9.500 -1.000
v -22.500 -9.500 0.000
v -22.500 -8.500 0.000
v -21.500 -9.500 0.000
v -22.500 -9.500 1.000
v -22.500 -8.500 1.000
v -21.500 -9.500 1.000
v -22.500 -9.500 2.000
v -22.500 -8.500 2.000
v -21.500 -9.500 2.000
v -22.500 -9.500 3.000
v -22.500 -8.500 3.000
v -21.500 -9.500 3.000
v -21.500 -8.500 3.000
v -22.500 -8.500 -4.000
v -22.500 -7.500 -4.000
v -22.500 -7.500 -5.000
v -22.500 -8.500 -5.000
v -21.500 -8.500 -5.000
v -21.500 -8.500 -4.000
v -21.500 -7.500 -5.000
v -22.500 -7.500 -3.000
v -22.500 -7.500 -2.000
v -22.500 -7.500 -1.000
v -22.500 -7.500 0.000
v -22.500 -7.500 1.000
v -22.500 -7.500 2.000
v -22.500 -7.500 3.000
v -22.500 -8.500 4.000
v -22.500 -7.500 4.000
v -21.500 -8.500 4.000
v -22.500 -8.500 5.000
v -22.500 -7.500 5.000
v -21.500 -8.500 5.000
v -21.500 -7.500 5.000
v -22.500 -6.500 -5.000
v -22.500 -6.500 -6.000
v -22.500 -7.500 -6.000
v -21.500 -7.500 -6.000
v -21.500 -6.500 -6.000
v -22.500 -6.500 -4.000
v -22.500 -6.500 -3.000
v -22.500 -6.500 -2.000
v -22.500 -6.500 -1.000
v -22.500 -6.500 0.000
v -22.500 -6.500 1.000
v -22.500 -6.500 2.000
v -22.500 -6.500 3.000
v -22.500 -6.500 4.000
v -22.500 -6.500 5.000
v -22.500 -7.500 6.000
v -22.500 -6.500 6.000
v -21.500 -7.500 6.000
v -21.500 -6.500 6.000
v -22.500 -5.500 -6.000
v -22.500 -5.500 -7.000
v -22.500 -6.500 -7.000
v -21.500 -6.500 -7.000
v -21.500 -5.500 -7.000
v -22.500 -5.500 -5.000
v -22.500 -5.500 -4.000
v -22.500 -5.500 -3.000
v -22.500 -5.500 -2.000
v -22.500 -5.500 -1.000
v -22.500 -5.500 0.000
v -22.500 -5.500 1.000
v -22.500 -5.500 2.000
v -22.500 -5.500 3.000
v -22.500 -5.500 4.000
v -22.500 -5.500 5.000
v -22.500 -5.500 6.000
v -22.500 -6.500 7.000
v -22.500 -5.500 7.000
v -21.500 -6.500 7.000
v -21.500 -5.500 7.000
v -22.500 -4.500 -7.000
v -22.500 -4.500 -8.000
v -22.500 -5.500 -8.000
v -21.500 -5.500 -8.000
v -21.500 -4.500 -8.000
v -22.500 -4.500 -6.000
v -22.500 -4.500 -5.000
v -22.500 -4.500 -4.000
v -22.500 -4.500 -3.000
v -22.500 -4.500 -2.000
v -22.500 -4.500 -1.000
v -22.500 -4.500 0.000
v -22.500 -4.500 1.000
v -22.500 -4.500 2.000
v -22.500 -4.500 3.000
v -22.500 -4.500 4.000
v -22.500 -4.500 5.000
v -22.500 -4.500 6.000
v -22.500 -4.500 7.000
v -22.500 -5.500 8.000
v -22.500 -4.500 8.000
v -21.500 -5.500 8.000
v -21.500 -4.500 8.000
v -22.500 -3.500 -8.000
v -22.500 -3.500 -9.000
v -22.500 -4.500 -9.000
v -21.500 -4.500 -9.000
v -21.500 -3.500 -9.000
v -22.500 -3.500 -7.000
v -22.500 -3.500 -6.000
v -22.500 -3.500 -5.000
v -22.500 -3.500 -4.000
v -22.500 -3.500 -3.000
v -22.500 -3.500 -2.000
v -22.500 -3.500 -1.000
v -22.500 -3.500 0.000
v -22.500 -3.500 1.000
v -22.500 -3.500 2.000
v -22.500 -3.500 3.000
v -22.500 -3.500 4.000
v -22.500 -3.500 5.000
v -22.500 -3.500 6.000
v -22.500 -3.500 7.000
v -22.500 -3.500 8.000
v -22.500 -4.500 9.000
v -22.500 -3.500 9.000
v -21.500 -4.500 9.000
v -21.500 -3.500 9.000
v -22.500 -2.500 -8.000
v -22.500 -2.500 -9.000
v -21.500 -2.500 -9.000
v -22.500 -2.500 -7.000
v -22.500 -2.500 -6.000
v -22.500 -2.500 -5.000
v -22.500 -2.500 -4.000
v -22.500 -2.500 -3.000
v -22.500 -2.500 -2.000
v -22.500 -2.500 -1.000
v -22.500 -2.500 0.000
v -22.500 -2.500 1.000
v -22.500 -2.500 2.000
v -22.500 -2.500 3.000
v -22.500 -2.500 4.000
v -22.500 -2.500 5.000
v -22.500 -2.500 6.000
v -22.500 -2.500 7.000
v -22.500 -2.500 8.000
v -22.500 -2.500 9.000
v -21.500 -2.500 9.000
v -22.500 -1.500 -8.000
v -22.500 -1.500 -9.000
v -21.500 -1.500 -9.000
v -22.500 -1.500 -7.000
v -22.500 -1.500 -6.000
v -22.500 -1.500 -5.000
v -22.500 -1.500 -4.000
v -22.500 -1.500 -3.000
v -22.500 -1.500 -2.000
v -22.500 -1.500 -1.000
v -22.500 -1.500 0.000
v -22.500 -1.500 1.000
v -22.500 -1.500 2.000
v -22.500 -1.500 3.000
v -22.500 -1.500 4.000
v -22.500 -1.500 5.000
v -22.500 -1.500 6.000
v -22.500 -1.500 7.000
v -22.500 -1.500 8.000
v -22.500 -1.500 9.000
v -21.500 -1.500 9.000
v -22.500 -0.500 -8.000
v -22.500 -0.500 -9.000
v -21.500 -0.500 -9.000
v -22.500 -0.500 -7.000
v -22.500 -0.500 -6.000
v -22.500 -0.500 -5.000
v -22.500 -0.500 -4.000
v -22.500 -0.500 -3.000
v -22.500 -0.500 -2.000
v -22.500 -0.500 -1.000
v -22.500 -0.500 0.000
v -22.500 -0.500 1.000
v -22.500 -0.500 2.000
v -22.500 -0.500 3.000
v -22.500 -0.500 4.000
v -22.500 -0.500 5.000
v -22.500 -0.500 6.000
v -22.500 -0.500 7.000
v -22.500 -0.500 8.000
v -22.500 -0.500 9.000
v -21.500 -0.500 9.000
v -22.500 0.500 -9.000
v -22.500 0.500 -10.000
v -22.500 -0.500 -10.000
v -21.500 0.500 -9.000
v -21.500 0.500 -10.000
v -21.500 -0.500 -10.000
v -22.500 0.500 -8.000
v -22.500 0.500 -7.000
v -22.500 0.500 -6.000
v -22.500 0.500 -5.000
v -22.500 0.500 -4.000
v -22.500 0.500 -3.000
v -22.500 0.500 -2.000
v -22.500 0.500 -1.000
v -22.500 0.500 0.000
v -22.500 0.500 1.000
v -22.500 0.500 2.000
v -22.500 0.500 3.000
v -22.500 0.500 4.000
v -22.500 0.500 5.000
v -22.500 0.500 6.000
v -22.500 0.500 7.000
v -22.500 0.500 8.000
v -22.500 0.500 9.000
v -22.500 -0.500 10.000
v -22.500 0.500 10.000
v -21.500 0.500 10.000
v -21.500 0.500 9.000
v -21.500 -0.500 10.000
v -22.500 1.500 -8.000
v -22.500 1.500 -9.000
v -21.500 1.500 -9.000
v -22.500 1.500 -7.000
v -22.500 1.500 -6.000
v -22.500 1.500 -5.000
v -22.500 1.500 -4.000
v -22.500 1.500 -3.000
v -22.500 1.500 -2.000
v -22.500 1.500 -1.000
v -22.500 1.500 0.000
v -22.500 1.500 1.000
v -22.500 1.500 2.000
v -22.500 1.500 3.000
v -22.500 1.500 4.000
v -22.500 1.500 5.000
v -22.500 1.500 6.000
v -22.500 1.500 7.000
v -22.500 1.500 8.000
v -22.500 1.500 9.000
v -21.500 1.500 9.000
v -22.500 2.500 -8.000
v -22.500 2.500 -9.000
v -21.500 2.500 -9.000
v -22.500 2.500 -7.000
v -22.500 2.500 -6.000
v -22.500 2.500 -5.000
v -22.500 2.500 -4.000
v -22.500 2.500 -3.000
v -22.500 2.500 -2.000
v -22.500 2.500 -1.000
v -22.500 2.500 0.000
v -22.500 2.500 1.000
v -22.500 2.500 2.000
v -22.500 2.500 3.000
v -22.500 2.500 4.000
v -22.500 2.500 5.000
v -22.500 2.500 6.000
v -22.500 2.500 7.000
v -22.500 2.500 8.000
v -22.500 2.500 9.000
v -21.500 2.500 9.000
v -22.500 3.500 -8.000
v -22.500 3.500 -9.000
v -21.500 3.500 -9.000
v -22.500 3.500 -7.000
v -22.500 3.500 -6.000
v -22.500 3.500 -5.000
v -22.500 3.500 -4.000
v -22.500 3.500 -3.000
v -22.500 3.500 -2.000
v -22.500 3.500 -1.000
v -22.500 3.500 0.000
v -22.500 3.500 1.000
v -22.500 3.500 2.000
v -22.500 3.500 3.000
v -22.500 3.500 4.000
v -22.500 3.500 5.000
v -22.500 3.500 6.000
v -22.500 3.500 7.000
v -22.500 3.500 8.000
v -22.500 3.500 9.000
v -21.500 3.500 9.000
v -22.500 4.500 -8.000
v -22.500 4.500 -9.000
v -21.500 4.500 -8.000
v -21.500 4.500 -9.000
v -22.500 4.500 -7.000
v -22.500 4.500 -6.000
v -22.500 4.500 -5.000
v -22.500 4.500 -4.000
v -22.500 4.500 -3.000
v -22.500 4.500 -2.000
v -22.500 4.500 -1.000
v -22.500 4.500 0.000
v -22.500 4.500 1.000
v -22.500 4.500 2.000
v -22.500 4.500 3.000
v -22.500 4.500 4.000
v -22.500 4.500 5.000
v -22.500 4.500 6.000
v -22.500 4.500 7.000
v -22.500 4.500 8.000
v -22.500 4.500 9.000
v -21.500 4.500 9.000
v -21.500 4.500 8.000
v -22.500 5.500 -7.000
v -22.500 5.500 -8.000
v -21.500 5.500 -7.000
v -21.500 5.500 -8.000
v -22.500 5.500 -6.000
v -22.500 5.500 -5.000
v -22.500 5.500 -4.000
v -22.500 5.500 -3.000
v -22.500 5.500 -2.000
v -22.500 5.500 -1.000
v -22.500 5.500 0.000
v -22.500 5.500 1.000
v -22.500 5.500 2.000
v -22.500 5.500 3.000
v -22.500 5.500 4.000
v -22.500 5.500 5.000
v -22.500 5.500 6.000
v -22.500 5.500 7.000
v -22.500 5.500 8.000
v -21.500 5.500 8.000
v -21.500 5.500 7.000
v -22.500 6.500 -6.000
v -22.500 6.500 -7.000
v -21.500 6.500 -6.000
v -21.500 6.500 -7.000
v -22.500 6.500 -5.000
v -22.500 6.500 -4.000
v -22.500 6.500 -3.000
v -22.500 6.500 -2.000
v -22.500 6.500 -1.000
v -22.500 6.500 0.000
v -22.500 6.500 1.000
v -22.500 6.500 2.000
v -22.500 6.500 3.000
v -22.500 6.500 4.000
v -22.500 6.500 5.000
v -22.500 6.500 6.000
v -22.500 6.500 7.000
v -21.500 6.500 7.000
v -21.500 6.500 6.000
v -22.500 7.500 -5.000
v -22.500 7.500 -6.000
v -21.500 7.500 -5.000
v -21.500 7.500 -6.000
v -22.500 7.500 -4.000
v -22.500 7.500 -3.000
v -22.500 7.500 -2.000
v -22.500 7.500 -1.000
v -22.500 7.500 0.000
v -22.500 7.500 1.000
v -22.500 7.500 2.000
v -22.500 7.500 3.000
v -22.500 7.500 4.000
v -22.500 7.500 5.000
v -22.500 7.500 6.000
v -21.500 7.500 6.000
v -21.500 7.500 5.000
v -22.500 8.500 -4.000
v -22.500 8.500 -5.000
v -21.500 8.500 -4.000
v -21.500 8.500 -5.000
v -22.500 8.500 -3.000
v -21.500 8.500 -3.000
v -22.500 8.500 -2.000
v -22.500 8.500 -1.000
v -22.500 8.500 0.000
v -22.500 8.500 1.000
v -22.500 8.500 2.000
v -22.500 8.500 3.000
v -22.500 8.500 4.000
v -21.500 8.500 4.000
v -21.500 8.500 3.000
v -22.500 8.500 5.000
v -21.500 8.500 5.000
v -22.500 9.500 -2.000
v -22.500 9.500 -3.000
v -21.500 9.500 -2.000
v -21.500 9.500 -3.000
v -22.500 9.500 -1.000
v -21.500 9.500 -1.000
v -22.500 9.500 0.000
v -21.500 9.500 0.000
v -22.500 9.500 1.000
v -21.500 9.500 1.000
v -22.500 9.500 2.000
v -21.500 9.500 2.000
v -22.500 9.500 3.000
v -21.500 9.500 3.000
v -20.500 -9.500 -3.000
v -20.500 -9.500 -2.000
v -20.500 -8.500 -3.000
v -20.500 -9.500 -1.000
v -20.500 -9.500 0.000
v -20.500 -9.500 1.000
v -20.500 -9.500 2.000
v -20.500 -9.500 3.000
v -20.500 -8.500 3.000
v -20.500 -8.500 -5.000
v -20.500 -8.500 -4.000
v -20.500 -7.500 -5.000
v -20.500 -8.500 4.000
v -20.500 -8.500 5.000
v -20.500 -7.500 5.000
v -20.500 -7.500 -6.000
v -20.500 -6.500 -6.000
v -20.500 -7.500 6.000
v -20.500 -6.500 6.000
v -20.500 -6.500 -7.000
v -20.500 -5.500 -7.000
v -20.500 -6.500 7.000
v -20.500 -5.500 7.000
v -20.500 -5.500 -8.000
v -20.500 -4.500 -8.000
v -20.500 -5.500 8.000
v -20.500 -4.500 8.000
v -20.500 -4.500 -9.000
v -20.500 -3.500 -9.000
v -20.500 -4.500 9.000
v -20.500 -3.500 9.000
v -20.500 -2.500 -9.000
v -20.500 -2.500 9.000
v -20.500 -1.500 -9.000
v -20.500 -1.500 9.000
v -20.500 -0.500 -9.000
v -20.500 -0.500 9.000
v -20.500 0.500 -9.000
v -20.500 0.500 -10.000
v -20.500 -0.500 -10.000
v -20.500 0.500 10.000
v -20.500 0.500 9.000
v -20.500 -0.500 10.000
v -20.500 1.500 -9.000
v -20.500 1.500 9.000
v -20.500 2.500 -9.000
v -20.500 2.500 9.000
v -20.500 3.500 -9.000
v -20.500 3.500 9.000
v -20.500 4.500 -8.000
v -20.500 4.500 -9.000
v -20.500 4.500 9.000
v -20.500 4.500 8.000
v -20.500 5.500 -7.000
v -20.500 5.500 -8.000
v -20.500 5.500 8.000
v -20.500 5.500 7.000
v -20.500 6.500 -6.000
v -20.500 6.500 -7.000
v -20.500 6.500 7.000
v -20.500 6.500 6.000
v -20.500 7.500 -5.000
v -20.500 7.500 -6.000
v -20.500 7.500 6.000
v -20.500 7.500 5.000
v -20.500 8.500 -4.000
v -20.500 8.500 -5.000
v -20.500 8.500 -3.000
v -20.500 8.500 4.000
v -20.500 8.500 3.000
v -20.500 8.500 5.000
v -20.500 9.500 -2.000
v -20.500 9.500 -3.000
v -20.500 9.500 -1.000
v -20.500 9.500 0.000
v -20.500 9.500 1.000
v -20.500 9.500 2.000
v -20.500 9.500 3.000
v -19.500 -9.500 -3.000
v -19.500 -8.500 -3.000
v -19.500 -8.500 -2.000
v -19.500 -9.500 -2.000
v -19.500 -8.500 -1.000
v -19.500 -9.500 -1.000
v -19.500 -8.500 0.000
v -19.500 -9.500 0.000
v -19.500 -8.500 1.000
v -19.500 -9.500 1.000
v -19.500 -8.500 2.000
v -19.500 -9.500 2.000
v -19.500 -8.500 3.000
v -19.500 -9.500 3.000
v -19.500 -8.500 -5.000
v -19.500 -7.500 -5.000
v -19.500 -7.500 -4.000
v -19.500 -8.500 -4.000
v -19.500 -7.500 -3.000
v -19.500 -7.500 -2.000
v -19.500 -7.500 -1.000
v -19.500 -7.500 0.000
v -19.500 -7.500 1.000
v -19.500 -7.500 2.000
v -19.500 -7.500 3.000
v -19.500 -7.500 4.000
v -19.500 -8.500 4.000
v -19.500 -7.500 5.000
v -19.500 -8.500 5.000
v -19.500 -7.500 -6.000
v -19.500 -6.500 -6.000
v -19.500 -6.500 -5.000
v -19.500 -6.500 -4.000
v -19.500 -6.500 -3.000
v -19.500 -6.500 3.000
v -19.500 -6.500 4.000
v -19.500 -6.500 5.000
v -19.500 -6.500 6.000
v -19.500 -7.500 6.000
v -19.500 -6.500 -7.000
v -19.500 -5.500 -7.000
v -19.500 -5.500 -6.000
v -19.500 -5.500 -5.000
v -19.500 -5.500 5.000
v -19.500 -5.500 6.000
v -19.500 -5.500 7.000
v -19.500 -6.500 7.000
v -19.500 -5.500 -8.000
v -19.500 -4.500 -8.000
v -19.500 -4.500 -7.000
v -19.500 -4.500 -6.000
v -19.500 -4.500 6.000
v -19.500 -4.500 7.000
v -19.500 -4.500 8.000
v -19.500 -5.500 8.000
v -19.500 -4.500 -9.000
v -19.500 -3.500 -9.000
v -19.500 -3.500 -8.000
v -19.500 -3.500 -7.000
v -19.500 -3.500 -6.000
v -19.500 -3.500 6.000
v -19.500 -3.500 7.000
v -19.500 -3.500 8.000
v -19.500 -3.500 9.000
v -19.500 -4.500 9.000
v -19.500 -2.500 -9.000
v -19.500 -2.500 -8.000
v -19.500 -2.500 -7.000
v -19.500 -2.500 7.000
v -19.500 -2.500 8.000
v -19.500 -2.500 9.000
v -19.500 -1.500 -9.000
v -19.500 -1.500 -8.000
v -19.500 -1.500 -7.000
v -19.500 -1.500 7.000
v -19.500 -1.500 8.000
v -19.500 -1.500 9.000
v -19.500 -0.500 -9.000
v -19.500 -0.500 -8.000
v -19.500 -0.500 -7.000
v -19.500 -0.500 7.000
v -19.500 -0.500 8.000
v -19.500 -0.500 9.000
v -19.500 -0.500 -10.000
v -19.500 0.500 -10.000
v -19.500 0.500 -9.000
v -19.500 0.500 -8.000
v -19.500 0.500 8.000
v -19.500 0.500 9.000
v -19.500 0.500 10.000
v -19.500 -0.500 10.000
v -19.500 1.500 -9.000
v -19.500 1.500 -8.000
v -19.500 1.500 -7.000
v -19.500 0.500 -7.000
v -19.500 0.500 7.000
v -19.500 1.500 7.000
v -19.500 1.500 8.000
v -19.500 1.500 9.000
v -19.500 2.500 -9.000
v -19.500 2.500 -8.000
v -19.500 2.500 -7.000
v -19.500 2.500 7.000
v -19.500 2.500 8.000
v -19.500 2.500 9.000
v -19.500 3.500 -9.000
v -19.500 3.500 -8.000
v -19.500 3.500 -7.000
v -19.500 3.500 7.000
v -19.500 3.500 8.000
v -19.500 3.500 9.000
v -19.500 4.500 -9.000
v -19.500 4.500 -8.000
v -19.500 4.500 -7.000
v -19.500 4.500 -6.000
v -19.500 3.500 -6.000
v -19.500 3.500 6.000
v -19.500 4.500 6.000
v -19.500 4.500 7.000
v -19.500 4.500 8.000
v -19.500 4.500 9.000
v -19.500 5.500 -8.000
v -19.500 5.500 -7.000
v -19.500 5.500 -6.000
v -19.500 5.500 6.000
v -19.500 5.500 7.000
v -19.500 5.500 8.000
v -19.500 6.500 -7.000
v -19.500 6.500 -6.000
v -19.500 6.500 -5.000
v -19.500 5.500 -5.000
v -19.500 5.500 5.000
v -19.500 6.500 5.000
v -19.500 6.500 6.000
v -19.500 6.500 7.000
v -19.500 7.500 -6.000
v -19.500 7.500 -5.000
v -19.500 7.500 -4.000
v -19.500 6.500 -4.000
v -19.500 7.500 -3.000
v -19.500 6.500 -3.000
v -19.500 6.500 3.000
v -19.500 7.500 3.000
v -19.500 7.500 4.000
v -19.500 6.500 4.000
v -19.500 7.500 5.000
v -19.500 7.500 6.000
v -19.500 8.500 -5.000
v -19.500 8.500 -4.000
v -19.500 8.500 -3.000
v -19.500 8.500 -2.000
v -19.500 7.500 -2.000
v -19.500 8.500 -1.000
v -19.500 7.500 -1.000
v -19.500 8.500 0.000
v -19.500 7.500 0.000
v -19.500 8.500 1.000
v -19.500 7.500 1.000
v -19.500 8.500 2.000
v -19.500 7.500 2.000
v -19.500 8.500 3.000
v -19.500 8.500 4.000
v -19.500 8.500 5.000
v -19.500 9.500 -3.000
v -19.500 9.500 -2.000
v -19.500 9.500 -1.000
v -19.500 9.500 0.000
v -19.500 9.500 1.000
v -19.500 9.500 2.000
v -19.500 9.500 3.000
v -18.500 -7.500 -3.000
v -18.500 -7.500 -2.000
v -18.500 -6.500 -3.000
v -18.500 -7.500 -1.000
v -18.500 -7.500 0.000
v -18.500 -7.500 1.000
v -18.500 -7.500 2.000
v -18.500 -7.500 3.000
v -18.500 -6.500 3.000
v -18.500 -6.500 -5.000
v -18.500 -6.500 -4.000
v -18.500 -5.500 -5.000
v -18.500 -6.500 4.000
v -18.500 -6.500 5.000
v -18.500 -5.500 5.000
v -18.500 -5.500 -6.000
v -18.500 -4.500 -6.000
v -18.500 -5.500 6.000
v -18.500 -4.500 6.000
v -18.500 -3.500 -6.000
v -18.500 -3.500 6.000
v -18.500 -3.500 -7.000
v -18.500 -2.500 -7.000
v -18.500 -3.500 7.000
v -18.500 -2.500 7.000
v -18.500 -1.500 -7.000
v -18.500 -1.500 7.000
v -18.500 -0.500 -7.000
v -18.500 -0.500 7.000
v -18.500 0.500 -7.000
v -18.500 0.500 -8.000
v -18.500 -0.500 -8.000
v -18.500 0.500 8.000
v -18.500 0.500 7.000
v -18.500 -0.500 8.000
v -18.500 1.500 -7.000
v -18.500 1.500 7.000
v -18.500 2.500 -7.000
v -18.500 2.500 7.000
v -18.500 3.500 -6.000
v -18.500 3.500 -7.000
v -18.500 3.500 7.000
v -18.500 3.500 6.000
v -18.500 4.500 -6.000
v -18.500 4.500 6.000
v -18.500 5.500 -5.000
v -18.500 5.500 -6.000
v -18.500 5.500 6.000
v -18.500 5.500 5.000
v -18.500 6.500 -4.000
v -18.500 6.500 -5.000
v -18.500 6.500 -3.000
v -18.500 6.500 4.000
v -18.500 6.500 3.000
v -18.500 6.500 5.000
v -18.500 7.500 -2.000
v -18.500 7.500 -3.000
v -18.500 7.500 -1.000
v -18.500 7.500 0.000
v -18.500 7.500 1.000
v -18.500 7.500 2.000
v -18.500 7.500 3.000
v -18.500 -9.500 -2.000
v -18.500 -8.500 -2.000
v -18.500 -8.500 -3.000
v -18.500 -9.500 -3.000
v -17.500 -9.500 -3.000
v -17.500 -9.500 -2.000
v -17.500 -8.500 -3.000
v -18.500 -9.500 -1.000
v -18.500 -8.500 -1.000
v -17.500 -9.500 -1.000
v -18.500 -9.500 0.000
v -18.500 -8.500 0.000
v -17.500 -9.500 0.000
v -18.500 -9.500 1.000
v -18.500 -8.500 1.000
v -17.500 -9.500 1.000
v -18.500 -9.500 2.000
v -18.500 -8.500 2.000
v -17.500 -9.500 2.000
v -18.500 -9.500 3.000
v -18.500 -8.500 3.000
v -17.500 -9.500 3.000
v -17.500 -8.500 3.000
v -18.500 -8.500 -4.000
v -18.500 -7.500 -4.000
v -18.500 -7.500 -5.000
v -18.500 -8.500 -5.000
v -17.500 -8.500 -5.000
v -17.500 -8.500 -4.000
v -17.500 -7.500 -5.000
v -18.500 -8.500 4.000
v -18.500 -7.500 4.000
v -17.500 -8.500 4.000
v -18.500 -8.500 5.000
v -18.500 -7.500 5.000
v -17.500 -8.500 5.000
v -17.500 -7.500 5.000
v -18.500 -6.500 -6.000
v -18.500 -7.500 -6.000
v -17.500 -7.500 -6.000
v -17.500 -6.500 -6.000
v -18.500 -7.500 6.000
v -18.500 -6.500 6.000
v -17.500 -7.500 6.000
v -17.500 -6.500 6.000
v -18.500 -5.500 -7.000
v -18.500 -6.500 -7.000
v -17.500 -6.500 -7.000
v -17.500 -5.500 -7.000
v -18.500 -6.500 7.000
v -18.500 -5.500 7.000
v -17.500 -6.500 7.000
v -17.500 -5.500 7.000
v -18.500 -4.500 -7.000
v -18.500 -4.500 -8.000
v -18.500 -5.500 -8.000
v -17.500 -5.500 -8.000
v -17.500 -4.500 -8.000
v -18.500 -4.500 7.000
v -18.500 -5.500 8.000
v -18.500 -4.500 8.000
v -17.500 -5.500 8.000
v -17.500 -4.500 8.000
v -18.500 -3.500 -8.000
v -18.500 -3.500 -9.000
v -18.500 -4.500 -9.000
v -17.500 -4.500 -9.000
v -17.500 -3.500 -9.000
v -18.500 -3.500 8.000
v -18.500 -4.500 9.000
v -18.500 -3.500 9.000
v -17.500 -4.500 9.000
v -17.500 -3.500 9.000
v -18.500 -2.500 -8.000
v -18.500 -2.500 -9.000
v -17.500 -2.500 -9.000
v -18.500 -2.500 8.000
v -18.500 -2.500 9.000
v -17.500 -2.500 9.000
v -18.500 -1.500 -8.000
v -18.500 -1.500 -9.000
v -17.500 -1.500 -9.000
v -18.500 -1.500 8.000
v -18.500 -1.500 9.000
v -17.500 -1.500 9.000
v -18.500 -0.500 -9.000
v -17.500 -0.500 -9.000
v -18.500 -0.500 9.000
v -17.500 -0.500 9.000
v -18.500 0.500 -9.000
v -18.500 0.500 -10.000
v -18.500 -0.500 -10.000
v -17.500 0.500 -9.000
v -17.500 0.500 -10.000
v -17.500 -0.500 -10.000
v -18.500 0.500 9.000
v -18.500 -0.500 10.000
v -18.500 0.500 10.000
v -17.500 0.500 10.000
v -17.500 0.500 9.000
v -17.500 -0.500 10.000
v -18.500 1.500 -8.000
v -18.500 1.500 -9.000
v -17.500 1.500 -9.000
v -18.500 1.500 8.000
v -18.500 1.500 9.000
v -17.500 1.500 9.000
v -18.500 2.500 -8.000
v -18.500 2.500 -9.000
v -17.500 2.500 -9.000
v -18.500 2.500 8.000
v -18.500 2.500 9.000
v -17.500 2.500 9.000
v -18.500 3.500 -8.000
v -18.500 3.500 -9.000
v -17.500 3.500 -9.000
v -18.500 3.500 8.000
v -18.500 3.500 9.000
v -17.500 3.500 9.000
v -18.500 4.500 -8.000
v -18.500 4.500 -9.000
v -17.500 4.500 -8.000
v -17.500 4.500 -9.000
v -18.500 4.500 -7.000
v -18.500 4.500 7.000
v -18.500 4.500 8.000
v -18.500 4.500 9.000
v -17.500 4.500 9.000
v -17.500 4.500 8.000
v -18.500 5.500 -7.000
v -18.500 5.500 -8.000
v -17.500 5.500 -7.000
v -17.500 5.500 -8.000
v -18.500 5.500 7.000
v -18.500 5.500 8.000
v -17.500 5.500 8.000
v -17.500 5.500 7.000
v -18.500 6.500 -6.000
v -18.500 6.500 -7.000
v -17.500 6.500 -6.000
v -17.500 6.500 -7.000
v -18.500 6.500 6.000
v -18.500 6.500 7.000
v -17.500 6.500 7.000
v -17.500 6.500 6.000
v -18.500 7.500 -5.000
v -18.500 7.500 -6.000
v -17.500 7.500 -5.000
v -17.500 7.500 -6.000
v -18.500 7.500 -4.000
v -18.500 7.500 4.000
v -18.500 7.500 5.000
v -18.500 7.500 6.000
v -17.500 7.500 6.000
v -17.500 7.500 5.000
v -18.500 8.500 -4.000
v -18.500 8.500 -5.000
v -17.500 8.500 -4.000
v -17.500 8.500 -5.000
v -18.500 8.500 -3.000
v -17.500 8.500 -3.000
v -18.500 8.500 -2.000
v -18.500 8.500 -1.000
v -18.500 8.500 0.000
v -18.500 8.500 1.000
v -18.500 8.500 2.000
v -18.500 8.500 3.000
v -18.500 8.500 4.000
v -17.500 8.500 4.000
v -17.500 8.500 3.000
v -18.500 8.500 5.000
v -17.500 8.500 5.000
v -18.500 9.500 -2.000
v -18.500 9.500 -3.000
v -17.500 9.500 -2.000
v -17.500 9.500 -3.000
v -18.500 9.500 -1.000
v -17.500 9.500 -1.000
v -18.500 9.500 0.000
v -17.500 9.500 0.000
v -18.500 9.500 1.000
v -17.500 9.500 1.000
v -18.500 9.500 2.000
v -17.500 9.500 2.000
v -18.500 9.500 3.000
v -17.500 9.500 3.000
v -16.500 -9.500 -3.000
v -16.500 -9.500 -2.000
v -16.500 -8.500 -3.000
v -16.500 -9.500 -1.000
v -16.500 -9.500 0.000
v -16.500 -9.500 1.000
v -16.500 -9.500 2.000
v -16.500 -9.500 3.000
v -16.500 -8.500 3.000
v -16.500 -8.500 -5.000
v -16.500 -8.500 -4.000
v -16.500 -7.500 -5.000
v -16.500 -8.500 4.000
v -16.500 -8.500 5.000
v -16.500 -7.500 5.000
v -16.500 -7.500 -6.000
v -16.500 -6.500 -6.000
v -16.500 -7.500 6.000
v -16.500 -6.500 6.000
v -16.500 -6.500 -7.000
v -16.500 -5.500 -7.000
v -16.500 -6.500 7.000
v -16.500 -5.500 7.000
v -16.500 -5.500 -8.000
v -16.500 -4.500 -8.000
v -16.500 -5.500 8.000
v -16.500 -4.500 8.000
v -16.500 -4.500 -9.000
v -16.500 -3.500 -9.000
v -16.500 -4.500 9.000
v -16.500 -3.500 9.000
v -16.500 -2.500 -9.000
v -16.500 -2.500 9.000
v -16.500 -1.500 -9.000
v -16.500 -1.500 9.000
v -16.500 -0.500 -9.000
v -16.500 -0.500 9.000
v -16.500 0.500 -9.000
v -16.500 0.500 -10.000
v -16.500 -0.500 -10.000
v -16.500 0.500 10.000
v -16.500 0.500 9.000
v -16.500 -0.500 10.000
v -16.500 1.500 -9.000
v -16.500 1.500 9.000
v -16.500 2.500 -9.000
v -16.500 2.500 9.000
v -16.500 3.500 -9.000
v -16.500 3.500 9.000
v -16.500 4.500 -8.000
v -16.500 4.500 -9.000
v -16.500 4.500 9.000
v -16.500 4.500 8.000
v -16.500 5.500 -7.000
v -16.500 5.500 -8.000
v -16.500 5.500 8.000
v -16.500 5.500 7.000
v -16.500 6.500 -6.000
v -16.500 6.500 -7.000
v -16.500 6.500 7.000
v -16.500 6.500 6.000
v -16.500 7.500 -5.000
v -16.500 7.500 -6.000
v -16.500 7.500 6.000
v -16.500 7.500 5.000
v -16.500 8.500 -4.000
v -16.500 8.500 -5.000
v -16.500 8.500 -3.000
v -16.500 8.500 4.000
v -16.500 8.500 3.000
v -16.500 8.500 5.000
v -16.500 9.500 -2.000
v -16.500 9.500 -3.000
v -16.500 9.500 -1.000
v -16.500 9.500 0.000
v -16.500 9.500 1.000
v -16.500 9.500 2.000
v -16.500 9.500 3.000
v -15.500 -9.500 -3.000
v -15.500 -9.500 -2.000
v -15.500 -8.500 -3.000
v -15.500 -9.500 -1.000
v -15.500 -9.500 0.000
v -15.500 -9.500 1.000
v -15.500 -9.500 2.000
v -15.500 -9.500 3.000
v -15.500 -8.500 3.000
v -15.500 -8.500 -5.000
v -15.500 -8.500 -4.000
v -15.500 -7.500 -5.000
v -15.500 -8.500 4.000
v -15.500 -8.500 5.000
v -15.500 -7.500 5.000
v -15.500 -7.500 -6.000
v -15.500 -6.500 -6.000
v -15.500 -7.500 6.000
v -15.500 -6.500 6.000
v -15.500 -6.500 -7.000
v -15.500 -5.500 -7.000
v -15.500 -6.500 7.000
v -15.500 -5.500 7.000
v -15.500 -5.500 -8.000
v -15.500 -4.500 -8.000
v -15.500 -5.500 8.000
v -15.500 -4.500 8.000
v -15.500 -4.500 -9.000
v -15.500 -3.500 -9.000
v -15.500 -4.500 9.000
v -15.500 -3.500 9.000
v -15.500 -2.500 -9.000
v -15.500 -2.500 9.000
v -15.500 -1.500 -9.000
v -15.500 -1.500 9.000
v -15.500 -0.500 -9.000
v -15.500 -0.500 9.000
v -15.500 0.500 -9.000
v -15.500 0.500 -10.000
v -15.500 -0.500 -10.000
v -15.500 0.500 10.000
v -15.500 0.500 9.000
v -15.500 -0.500 10.000
v -15.500 1.500 -9.000
v -15.500 1.500 9.000
v -15.500 2.500 -9.000
v -15.500 2.500 9.000
v -15.500 3.500 -9.000
v -15.500 3.500 9.000
v -15.500 4.500 -8.000
v -15.500 4.500 -9.000
v -15.500 4.500 9.000
v -15.500 4.500 8.000
v -15.500 5.500 -7.000
v -15.500 5.500 -8.000
v -15.500 5.500 8.000
v -15.500 5.500 7.000
v -15.500 6.500 -6.000
v -15.500 6.500 -7.000
v -15.500 6.500 7.000
v -15.500 6.500 6.000
v -15.500 7.500 -5.000
v -15.500 7.500 -6.000
v -15.500 7.500 6.000
v -15.500 7.500 5.000
v -15.500 8.500 -4.000
v -15.500 8.500 -5.000
v -15.500 8.500 -3.000
v -15.500 8.500 4.000
v -15.500 8.500 3.000
v -15.500 8.500 5.000
v -15.500 9.500 -2.000
v -15.500 9.500 -3.000
v -15.500 9.500 -1.000
v -15.500 9.500 0.000
v -15.500 9.500 1.000
v -15.500 9.500 2.000
v -15.500 9.500 3.000
v -14.500 -9.500 -3.000
v -14.500 -9.500 -2.000
v -14.500 -8.500 -3.000
v -14.500 -9.500 -1.000
v -14.500 -9.500 0.000
v -14.500 -9.500 1.000
v -14.500 -9.500 2.000
v -14.500 -9.500 3.000
v -14.500 -8.500 3.000
v -14.500 -8.500 -5.000
v -14.500 -8.500 -4.000
v -14.500 -7.500 -5.000
v -14.500 -8.500 4.000
v -14.500 -8.500 5.000
v -14.500 -7.500 5.000
v -14.500 -7.500 -6.000
v -14.500 -6.500 -6.000
v -14.500 -7.500 6.000
v -14.500 -6.500 6.000
v -14.500 -6.500 -7.000
v -14.500 -5.500 -7.000
v -14.500 -6.500 7.000
v -14.500 -5.500 7.000
v -14.500 -5.500 -8.000
v -14.500 -4.500 -8.000
v -14.500 -5.500 8.000
v -14.500 -4.500 8.000
v -14.500 -4.500 -9.000
v -14.500 -3.500 -9.000
v -14.500 -4.500 9.000
v -14.500 -3.500 9.000
v -14.500 -2.500 -9.000
v -14.500 -2.500 9.000
v -14.500 -1.500 -9.000
v -14.500 -1.500 9.000
v -14.500 -0.500 -9.000
v -14.500 -0.500 9.000
v -14.500 0.500 -9.000
v -14.500 0.500 -10.000
v -14.500 -0.500 -10.000
v -14.500 0.500 10.000
v -14.500 0.500 9.000
v -14.500 -0.500 10.000
v -14.500 1.500 -9.000
v -14.500 1.500 9.000
v -14.500 2.500 -9.000
v -14.500 2.500 9.000
v -14.500 3.500 -9.000
v -14.500 3.500 9.000
v -14.500 4.500 -8.000
v -14.500 4.500 -9.000
v -14.500 4.500 9.000
v -14.500 4.500 8.000
v -14.500 5.500 -7.000
v -14.500 5.500 -8.000
v -14.500 5.500 8.000
v -14.500 5.500 7.000
v -14.500 6.500 -6.000
v -14.500 6.500 -7.000
v -14.500 6.500 7.000
v -14.500 6.500 6.000
v -14.500 7.500 -5.000
v -14.500 7.500 -6.000
v -14.500 7.500 6.000
v -14.500 7.500 5.000
v -14.500 8.500 -4.000
v -14.500 8.500 -5.000
v -14.500 8.500 -3.000
v -14.500 8.500 4.000
v -14.500 8.500 3.000
v -14.500 8.500 5.000
v -14.500 9.500 -2.000
v -14.500 9.500 -3.000
v -14.500 9.500 -1.000
v -14.500 9.500 0.000
v -14.500 9.500 1.000
v -14.500 9.500 2.000
v -14.500 9.500 3.000
v -13.500 -9.500 -3.000
v -13.500 -8.500 -3.000
v -13.500 -8.500 -2.000
v -13.500 -9.500 -2.000
v -13.500 -8.500 -1.000
v -13.500 -9.500 -1.000
v -13.500 -8.500 0.000
v -13.500 -9.500 0.000
v -13.500 -8.500 1.000
v -13.500 -9.500 1.000
v -13.500 -8.500 2.000
v -13.500 -9.500 2.000
v -13.500 -8.500 3.000
v -13.500 -9.500 3.000
v -13.500 -8.500 -5.000
v -13.500 -7.500 -5.000
v -13.500 -7.500 -4.000
v -13.500 -8.500 -4.000
v -13.500 -7.500 -3.000
v -13.500 -7.500 -2.000
v -13.500 -7.500 -1.000
v -13.500 -7.500 0.000
v -13.500 -7.500 1.000
v -13.500 -7.500 2.000
v -13.500 -7.500 3.000
v -13.500 -7.500 4.000
v -13.500 -8.500 4.000
v -13.500 -7.500 5.000
v -13.500 -8.500 5.000
v -13.500 -7.500 -6.000
v -13.500 -6.500 -6.000
v -13.500 -6.500 -5.000
v -13.500 -6.500 -4.000
v -13.500 -6.500 -3.000
v -13.500 -6.500 -2.000
v -13.500 -6.500 -1.000
v -13.500 -6.500 0.000
v -13.500 -6.500 1.000
v -13.500 -6.500 2.000
v -13.500 -6.500 3.000
v -13.500 -6.500 4.000
v -13.500 -6.500 5.000
v -13.500 -6.500 6.000
v -13.500 -7.500 6.000
v -13.500 -6.500 -7.000
v -13.500 -5.500 -7.000
v -13.500 -5.500 -6.000
v -13.500 -5.500 -5.000
v -13.500 -5.500 -4.000
v -13.500 -5.500 -3.000
v -13.500 -5.500 -2.000
v -13.500 -5.500 -1.000
v -13.500 -5.500 0.000
v -13.500 -5.500 1.000
v -13.500 -5.500 2.000
v -13.500 -5.500 3.000
v -13.500 -5.500 4.000
v -13.500 -5.500 5.000
v -13.500 -5.500 6.000
v -13.500 -5.500 7.000
v -13.500 -6.500 7.000
v -13.500 -5.500 -8.000
v -13.500 -4.500 -8.000
v -13.500 -4.500 -7.000
v -13.500 -4.500 -6.000
v -13.500 -4.500 -5.000
v -13.500 -4.500 -4.000
v -13.500 -4.500 -3.000
v -13.500 -4.500 -2.000
v -13.500 -4.500 -1.000
v -13.500 -4.500 0.000
v -13.500 -4.500 1.000
v -13.500 -4.500 2.000
v -13.500 -4.500 3.000
v -13.500 -4.500 4.000
v -13.500 -4.500 5.000
v -13.500 -4.500 6.000
v -13.500 -4.500 7.000
v -13.500 -4.500 8.000
v -13.500 -5.500 8.000
v -13.500 -4.500 -9.000
v -13.500 -3.500 -9.000
v -13.500 -3.500 -8.000
v -13.500 -3.500 -7.000
v -13.500 -3.500 -6.000
v -13.500 -3.500 -5.000
v -13.500 -3.500 -4.000
v -13.500 -3.500 -3.000
v -13.500 -3.500 -2.000
v -13.500 -3.500 -1.000
v -13.500 -3.500 0.000
v -13.500 -3.500 1.000
v -13.500 -3.500 2.000
v -13.500 -3.500 3.000
v -13.500 -3.500 4.000
v -13.500 -3.500 5.000
v -13.500 -3.500 6.000
v -13.500 -3.500 7.000
v -13.500 -3.500 8.000
v -13.500 -3.500 9.000
v -13.500 -4.500 9.000
v -13.500 -2.500 -9.000
v -13.500 -2.500 -8.000
v -13.500 -2.500 -7.000
v -13.500 -2.500 -6.000
v -13.500 -2.500 -5.000
v -13.500 -2.500 -4.000
v -13.500 -2.500 -3.000
v -13.500 -2.500 -2.000
v -13.500 -2.500 2.000
v -13.500 -2.500 3.000
v -13.500 -2.500 4.000
v -13.500 -2.500 5.000
v -13.500 -2.500 6.000
v -13.500 -2.500 7.000
v -13.500 -2.500 8.000
v -13.500 -2.500 9.000
v -13.500 -1.500 -9.000
v -13.500 -1.500 -8.000
v -13.500 -1.500 -7.000
v -13.500 -1.500 -6.000
v -13.500 -1.500 -5.000
v -13.500 -1.500 -4.000
v -13.500 -1.500 -3.000
v -13.500 -1.500 3.000
v -13.500 -1.500 4.000
v -13.500 -1.500 5.000
v -13.500 -1.500 6.000
v -13.500 -1.500 7.000
v -13.500 -1.500 8.000
v -13.500 -1.500 9.000
v -13.500 -0.500 -9.000
v -13.500 -0.500 -8.000
v -13.500 -0.500 -7.000
v -13.500 -0.500 -6.000
v -13.500 -0.500 -5.000
v -13.500 -0.500 -4.000
v -13.500 -0.500 -3.000
v -13.500 -0.500 3.000
v -13.500 -0.500 4.000
v -13.500 -0.500 5.000
v -13.500 -0.500 6.000
v -13.500 -0.500 7.000
v -13.500 -0.500 8.000
v -13.500 -0.500 9.000
v -13.500 -0.500 -10.000
v -13.500 0.500 -10.000
v -13.500 0.500 -9.000
v -13.500 0.500 -8.000
v -13.500 0.500 -7.000
v -13.500 0.500 -6.000
v -13.500 0.500 -5.000
v -13.500 0.500 -4.000
v -13.500 0.500 4.000
v -13.500 0.500 5.000
v -13.500 0.500 6.000
v -13.500 0.500 7.000
v -13.500 0.500 8.000
v -13.500 0.500 9.000
v -13.500 0.500 10.000
v -13.500 -0.500 10.000
v -13.500 1.500 -9.000
v -13.500 1.500 -8.000
v -13.500 1.500 -7.000
v -13.500 1.500 -6.000
v -13.500 1.500 -5.000
v -13.500 1.500 -4.000
v -13.500 1.500 -3.000
v -13.500 0.500 -3.000
v -13.500 0.500 3.000
v -13.500 1.500 3.000
v -13.500 1.500 4.000
v -13.500 1.500 5.000
v -13.500 1.500 6.000
v -13.500 1.500 7.000
v -13.500 1.500 8.000
v -13.500 1.500 9.000
v -13.500 2.500 -9.000
v -13.500 2.500 -8.000
v -13.500 2.500 -7.000
v -13.500 2.500 -6.000
v -13.500 2.500 -5.000
v -13.500 2.500 -4.000
v -13.500 2.500 -3.000
v -13.500 2.500 3.000
v -13.500 2.500 4.000
v -13.500 2.500 5.000
v -13.500 2.500 6.000
v -13.500 2.500 7.000
v -13.500 2.500 8.000
v -13.500 2.500 9.000
v -13.500 3.500 -9.000
v -13.500 3.500 -8.000
v -13.500 3.500 -7.000
v -13.500 3.500 -6.000
v -13.500 3.500 -5.000
v -13.500 3.500 -4.000
v -13.500 3.500 -3.000
v -13.500 3.500 -2.000
v -13.500 2.500 -2.000
v -13.500 2.500 2.000
v -13.500 3.500 2.000
v -13.500 3.500 3.000
v -13.500 3.500 4.000
v -13.500 3.500 5.000
v -13.500 3.500 6.000
v -13.500 3.500 7.000
v -13.500 3.500 8.000
v -13.500 3.500 9.000
v -13.500 4.500 -9.000
v -13.500 4.500 -8.000
v -13.500 4.500 -7.000
v -13.500 4.500 -6.000
v -13.500 4.500 -5.000
v -13.500 4.500 -4.000
v -13.500 4.500 -3.000
v -13.500 4.500 -2.000
v -13.500 4.500 -1.000
v -13.500 3.500 -1.000
v -13.500 4.500 0.000
v -13.500 3.500 0.000
v -13.500 4.500 1.000
v -13.500 3.500 1.000
v -13.500 4.500 2.000
v -13.500 4.500 3.000
v -13.500 4.500 4.000
v -13.500 4.500 5.000
v -13.500 4.500 6.000
v -13.500 4.500 7.000
v -13.500 4.500 8.000
v -13.500 4.500 9.000
v -13.500 5.500 -8.000
v -13.500 5.500 -7.000
v -13.500 5.500 -6.000
v -13.500 5.500 -5.000
v -13.500 5.500 -4.000
v -13.500 5.500 -3.000
v -13.500 5.500 -2.000
v -13.500 5.500 -1.000
v -13.500 5.500 0.000
v -13.500 5.500 1.000
v -13.500 5.500 2.000
v -13.500 5.500 3.000
v -13.500 5.500 4.000
v -13.500 5.500 5.000
v -13.500 5.500 6.000
v -13.500 5.500 7.000
v -13.500 5.500 8.000
v -13.500 6.500 -7.000
v -13.500 6.500 -6.000
v -13.500 6.500 -5.000
v -13.500 6.500 -4.000
v -13.500 6.500 -3.000
v -13.500 6.500 -2.000
v -13.500 6.500 -1.000
v -13.500 6.500 0.000
v -13.500 6.500 1.000
v -13.500 6.500 2.000
v -13.500 6.500 3.000
v -13.500 6.500 4.000
v -13.500 6.500 5.000
v -13.500 6.500 6.000
v -13.500 6.500 7.000
v -13.500 7.500 -6.000
v -13.500 7.500 -5.000
v -13.500 7.500 -4.000
v -13.500 7.500 -3.000
v -13.500 7.500 -2.000
v -13.500 7.500 -1.000
v -13.500 7.500 0.000
v -13.500 7.500 1.000
v -13.500 7.500 2.000
v -13.500 7.500 3.000
v -13.500 7.500 4.000
v -13.500 7.500 5.000
v -13.500 7.500 6.000
v -13.500 8.500 -5.000
v -13.500 8.500 -4.000
v -13.500 8.500 -3.000
v -13.500 8.500 -2.000
v -13.500 8.500 -1.000
v -13.500 8.500 0.000
v -13.500 8.500 1.000
v -13.500 8.500 2.000
v -13.500 8.500 3.000
v -13.500 8.500 4.000
v -13.500 8.500 5.000
v -13.500 9.500 -3.000
v -13.500 9.500 -2.000
v -13.500 9.500 -1.000
v -13.500 9.500 0.000
v -13.500 9.500 1.000
v -13.500 9.500 2.000
v -13.500 9.500 3.000
v -12.500 -3.500 -2.000
v -12.500 -3.500 -1.000
v -12.500 -2.500 -2.000
v -12.500 -3.500 0.000
v -12.500 -3.500 1.000
v -12.500 -3.500 2.000
v -12.500 -2.500 2.000
v -12.500 -2.500 -3.000
v -12.500 -1.500 -3.000
v -12.500 -2.500 3.000
v -12.500 -1.500 3.000
v -12.500 -0.500 -3.000
v -12.500 -0.500 3.000
v -12.500 0.500 -3.000
v -12.500 0.500 -4.000
v -12.500 -0.500 -4.000
v -12.500 0.500 4.000
v -12.500 0.500 3.000
v -12.500 -0.500 4.000
v -12.500 1.500 -3.000
v -12.500 1.500 3.000
v -12.500 2.500 -2.000
v -12.500 2.500 -3.000
v -12.500 2.500 3.000
v -12.500 2.500 2.000
v -12.500 3.500 -1.000
v -12.500 3.500 -2.000
v -12.500 3.500 0.000
v -12.500 3.500 1.000
v -12.500 3.500 2.000
v -11.500 -3.500 -2.000
v -11.500 -3.500 -1.000
v -11.500 -2.500 -2.000
v -11.500 -3.500 0.000
v -11.500 -3.500 1.000
v -11.500 -3.500 2.000
v -11.500 -2.500 2.000
v -11.500 -2.500 -3.000
v -11.500 -1.500 -3.000
v -11.500 -2.500 3.000
v -11.500 -1.500 3.000
v -11.500 -0.500 -3.000
v -11.500 -0.500 3.000
v -11.500 0.500 -3.000
v -11.500 0.500 -4.000
v -11.500 -0.500 -4.000
v -11.500 0.500 4.000
v -11.500 0.500 3.000
v -11.500 -0.500 4.000
v -11.500 1.500 -3.000
v -11.500 1.500 3.000
v -11.500 2.500 -2.000
v -11.500 2.500 -3.000
v -11.500 2.500 3.000
v -11.500 2.500 2.000
v -11.500 3.500 -1.000
v -11.500 3.500 -2.000
v -11.500 3.500 0.000
v -11.500 3.500 1.000
v -11.500 3.500 2.000
v -10.500 -3.500 -2.000
v -10.500 -3.500 -1.000
v -10.500 -2.500 -2.000
v -10.500 -3.500 0.000
v -10.500 -3.500 1.000
v -10.500 -3.500 2.000
v -10.500 -2.500 2.000
v -10.500 -2.500 -3.000
v -10.500 -1.500 -3.000
v -10.500 -2.500 3.000
v -10.500 -1.500 3.000
v -10.500 -0.500 -3.000
v -10.500 -0.500 3.000
v -10.500 0.500 -3.000
v -10.500 0.500 -4.000
v -10.500 -0.500 -4.000
v -10.500 0.500 4.000
v -10.500 0.500 3.000
v -10.500 -0.500 4.000
v -10.500 1.500 -3.000
v -10.500 1.500 3.000
v -10.500 2.500 -2.000
v -10.500 2.500 -3.000
v -10.500 2.500 3.000
v -10.500 2.500 2.000
v -10.500 3.500 -1.000
v -10.500 3.500 -2.000
v -10.500 3.500 0.000
v -10.500 3.500 1.000
v -10.500 3.500 2.000
v -9.500 -3.500 -2.000
v -9.500 -2.500 -2.000
v -9.500 -2.500 -1.000
v -9.500 -3.500 -1.000
v -9.500 -2.500 0.000
v -9.500 -3.500 0.000
v -9.500 -2.500 1.000
v -9.500 -3.500 1.000
v -9.500 -2.500 2.000
v -9.500 -3.500 2.000
v -9.500 -2.500 -3.000
v -9.500 -1.500 -3.000
v -9.500 -1.500 -2.000
v -9.500 -1.500 -1.000
v -9.500 -1.500 0.000
v -9.500 -1.500 1.000
v -9.500 -1.500 2.000
v -9.500 -1.500 3.000
v -9.500 -2.500 3.000
v -9.500 -0.500 -3.000
v -9.500 -0.500 -2.000
v -9.500 -0.500 -1.000
v -9.500 -0.500 0.000
v -9.500 -0.500 1.000
v -9.500 -0.500 2.000
v -9.500 -0.500 3.000
v -9.500 -0.500 -4.000
v -9.500 0.500 -4.000
v -9.500 0.500 -3.000
v -9.500 0.500 -2.000
v -9.500 0.500 -1.000
v -9.500 0.500 0.000
v -9.500 0.500 1.000
v -9.500 0.500 2.000
v -9.500 0.500 3.000
v -9.500 0.500 4.000
v -9.500 -0.500 4.000
v -9.500 1.500 -3.000
v -9.500 1.500 -2.000
v -9.500 1.500 -1.000
v -9.500 1.500 0.000
v -9.500 1.500 1.000
v -9.500 1.500 2.000
v -9.500 1.500 3.000
v -9.500 2.500 -3.000
v -9.500 2.500 -2.000
v -9.500 2.500 -1.000
v -9.500 2.500 0.000
v -9.500 2.500 1.000
v -9.500 2.500 2.000
v -9.500 2.500 3.000
v -9.500 3.500 -2.000
v -9.500 3.500 -1.000
v -9.500 3.500 0.000
v -9.500 3.500 1.000
v -9.500 3.500 2.000
v -8.500 -1.500 0.000
v -8.500 -0.500 0.000
v -8.500 -0.500 -1.000
v -8.500 -1.500 -1.000
v -7.500 -1.500 -1.000
v -7.500 -1.500 0.000
v -7.500 -0.500 -1.000
v -8.500 -1.500 1.000
v -8.500 -0.500 1.000
v -7.500 -1.500 1.000
v -7.500 -0.500 1.000
v -8.500 0.500 -1.000
v -8.500 0.500 -2.000
v -8.500 -0.500 -2.000
v -7.500 0.500 -1.000
v -7.500 0.500 -2.000
v -7.500 -0.500 -2.000
v -8.500 0.500 0.000
v -8.500 0.500 1.000
v -8.500 -0.500 2.000
v -8.500 0.500 2.000
v -7.500 0.500 2.000
v -7.500 0.500 1.000
v -7.500 -0.500 2.000
v -8.500 1.500 0.000
v -8.500 1.500 -1.000
v -7.500 1.500 0.000
v -7.500 1.500 -1.000
v -8.500 1.500 1.000
v -7.500 1.500 1.000
v -6.500 -1.500 -1.000
v -6.500 -1.500 0.000
v -6.500 -0.500 -1.000
v -6.500 -1.500 1.000
v -6.500 -0.500 1.000
v -6.500 0.500 -1.000
v -6.500 0.500 -2.000
v -6.500 -0.500 -2.000
v -6.500 0.500 2.000
v -6.500 0.500 1.000
v -6.500 -0.500 2.000
v -6.500 1.500 0.000
v -6.500 1.500 -1.000
v -6.500 1.500 1.000
v -5.500 -1.500 -1.000
v -5.500 -1.500 0.000
v -5.500 -0.500 -1.000
v -5.500 -1.500 1.000
v -5.500 -0.500 1.000
v -5.500 0.500 -1.000
v -5.500 0.500 -2.000
v -5.500 -0.500 -2.000
v -5.500 0.500 2.000
v -5.500 0.500 1.000
v -5.500 -0.500 2.000
v -5.500 1.500 0.000
v -5.500 1.500 -1.000
v -5.500 1.500 1.000
v -5.500 -2.500 -1.000
v -5.500 -1.500 -2.000
v -5.500 -2.500 -2.000
v -4.500 -2.500 -2.000
v -4.500 -2.500 -1.000
v -4.500 -1.500 -2.000
v -5.500 -2.500 0.000
v -4.500 -2.500 0.000
v -5.500 -2.500 1.000
v -4.500 -2.500 1.000
v -5.500 -2.500 2.000
v -5.500 -1.500 2.000
v -4.500 -2.500 2.000
v -4.500 -1.500 2.000
v -4.500 -0.500 -2.000
v -4.500 -0.500 2.000
v -5.500 0.500 -3.000
v -5.500 -0.500 -3.000
v -4.500 0.500 -2.000
v -4.500 0.500 -3.000
v -4.500 -0.500 -3.000
v -5.500 -0.500 3.000
v -5.500 0.500 3.000
v -4.500 0.500 3.000
v -4.500 0.500 2.000
v -4.500 -0.500 3.000
v -5.500 1.500 -2.000
v -4.500 1.500 -2.000
v -5.500 1.500 2.000
v -4.500 1.500 2.000
v -5.500 2.500 -1.000
v -5.500 2.500 -2.000
v -4.500 2.500 -1.000
v -4.500 2.500 -2.000
v -5.500 2.500 0.000
v -4.500 2.500 0.000
v -5.500 2.500 1.000
v -4.500 2.500 1.000
v -5.500 2.500 2.000
v -4.500 2.500 2.000
v -3.500 -2.500 -2.000
v -3.500 -2.500 -1.000
v -3.500 -1.500 -2.000
v -3.500 -2.500 0.000
v -3.500 -2.500 1.000
v -3.500 -2.500 2.000
v -3.500 -1.500 2.000
v -3.500 -0.500 -2.000
v -3.500 -0.500 2.000
v -3.500 0.500 -2.000
v -3.500 0.500 -3.000
v -3.500 -0.500 -3.000
v -3.500 0.500 3.000
v -3.500 0.500 2.000
v -3.500 -0.500 3.000
v -3.500 1.500 -2.000
v -3.500 1.500 2.000
v -3.500 2.500 -1.000
v -3.500 2.500 -2.000
v -3.500 2.500 0.000
v -3.500 2.500 1.000
v -3.500 2.500 2.000
v -2.500 -2.500 -2.000
v -2.500 -2.500 -1.000
v -2.500 -1.500 -2.000
v -2.500 -2.500 0.000
v -2.500 -2.500 1.000
v -2.500 -2.500 2.000
v -2.500 -1.500 2.000
v -2.500 -0.500 -2.000
v -2.500 -0.500 2.000
v -2.500 0.500 -2.000
v -2.500 0.500 -3.000
v -2.500 -0.500 -3.000
v -2.500 0.500 3.000
v -2.500 0.500 2.000
v -2.500 -0.500 3.000
v -2.500 1.500 -2.000
v -2.500 1.500 2.000
v -2.500 2.500 -1.000
v -2.500 2.500 -2.000
v -2.500 2.500 0.000
v -2.500 2.500 1.000
v -2.500 2.500 2.000
v -2.500 -3.500 -1.000
v -2.500 -3.500 -2.000
v -1.500 -3.500 -2.000
v -1.500 -3.500 -1.000
v -1.500 -2.500 -2.000
v -2.500 -3.500 0.000
v -1.500 -3.500 0.000
v -2.500 -3.500 1.000
v -1.500 -3.500 1.000
v -2.500 -3.500 2.000
v -1.500 -3.500 2.000
v -1.500 -2.500 2.000
v -2.500 -1.500 -3.000
v -2.500 -2.500 -3.000
v -1.500 -2.500 -3.000
v -1.500 -1.500 -3.000
v -2.500 -2.500 3.000
v -2.500 -1.500 3.000
v -1.500 -2.500 3.000
v -1.500 -1.500 3.000
v -1.500 -0.500 -3.000
v -1.500 -0.500 3.000
v -2.500 0.500 -4.000
v -2.500 -0.500 -4.000
v -1.500 0.500 -3.000
v -1.500 0.500 -4.000
v -1.500 -0.500 -4.000
v -2.500 -0.500 4.000
v -2.500 0.500 4.000
v -1.500 0.500 4.000
v -1.500 0.500 3.000
v -1.500 -0.500 4.000
v -2.500 1.500 -3.000
v -1.500 1.500 -3.000
v -2.500 1.500 3.000
v -1.500 1.500 3.000
v -2.500 2.500 -3.000
v -1.500 2.500 -2.000
v -1.500 2.500 -3.000
v -2.500 2.500 3.000
v -1.500 2.500 3.000
v -1.500 2.500 2.000
v -2.500 3.500 -1.000
v -2.500 3.500 -2.000
v -1.500 3.500 -1.000
v -1.500 3.500 -2.000
v -2.500 3.500 0.000
v -1.500 3.500 0.000
v -2.500 3.500 1.000
v -1.500 3.500 1.000
v -2.500 3.500 2.000
v -1.500 3.500 2.000
v -0.500 -3.500 -2.000
v -0.500 -3.500 -1.000
v -0.500 -2.500 -2.000
v -0.500 -3.500 0.000
v -0.500 -3.500 1.000
v -0.500 -3.500 2.000
v -0.500 -2.500 2.000
v -0.500 -2.500 -3.000
v -0.500 -1.500 -3.000
v -0.500 -2.500 3.000
v -0.500 -1.500 3.000
v -0.500 -0.500 -3.000
v -0.500 -0.500 3.000
v -0.500 0.500 -3.000
v -0.500 0.500 -4.000
v -0.500 -0.500 -4.000
v -0.500 0.500 4.000
v -0.500 0.500 3.000
v -0.500 -0.500 4.000
v -0.500 1.500 -3.000
v -0.500 1.500 3.000
v -0.500 2.500 -2.000
v -0.500 2.500 -3.000
v -0.500 2.500 3.000
v -0.500 2.500 2.000
v -0.500 3.500 -1.000
v -0.500 3.500 -2.000
v -0.500 3.500 0.000
v -0.500 3.500 1.000
v -0.500 3.500 2.000
v 0.500 -3.500 -2.000
v 0.500 -3.500 -1.000
v 0.500 -2.500 -2.000
v 0.500 -3.500 0.000
v 0.500 -3.500 1.000
v 0.500 -3.500 2.000
v 0.500 -2.500 2.000
v 0.500 -2.500 -3.000
v 0.500 -1.500 -3.000
v 0.500 -2.500 3.000
v 0.500 -1.500 3.000
v 0.500 -0.500 -3.000
v 0.500 -0.500 3.000
v 0.500 0.500 -3.000
v 0.500 0.500 -4.000
v 0.500 -0.500 -4.000
v 0.500 0.500 4.000
v 0.500 0.500 3.000
v 0.500 -0.500 4.000
v 0.500 1.500 -3.000
v 0.500 1.500 3.000
v 0.500 2.500 -2.000
v 0.500 2.500 -3.000
v 0.500 2.500 3.000
v 0.500 2.500 2.000
v 0.500 3.500 -1.000
v 0.500 3.500 -2.000
v 0.500 3.500 0.000
v 0.500 3.500 1.000
v 0.500 3.500 2.000
v 0.500 -4.500 -1.000
v 0.500 -4.500 -2.000
v 1.500 -4.500 -2.000
v 1.500 -4.500 -1.000
v 1.500 -3.500 -2.000
v 0.500 -4.500 0.000
v 1.500 -4.500 0.000
v 0.500 -4.500 1.000
v 1.500 -4.500 1.000
v 0.500 -4.500 2.000
v 1.500 -4.500 2.000
v 1.500 -3.500 2.000
v 0.500 -3.500 -3.000
v 1.500 -3.500 -3.000
v 1.500 -2.500 -3.000
v 0.500 -3.500 3.000
v 1.500 -3.500 3.000
v 1.500 -2.500 3.000
v 0.500 -1.500 -4.000
v 0.500 -2.500 -4.000
v 1.500 -2.500 -4.000
v 1.500 -1.500 -4.000
v 0.500 -2.500 4.000
v 0.500 -1.500 4.000
v 1.500 -2.500 4.000
v 1.500 -1.500 4.000
v 1.500 -0.500 -4.000
v 1.500 -0.500 4.000
v 0.500 0.500 -5.000
v 0.500 -0.500 -5.000
v 1.500 0.500 -4.000
v 1.500 0.500 -5.000
v 1.500 -0.500 -5.000
v 0.500 -0.500 5.000
v 0.500 0.500 5.000
v 1.500 0.500 5.000
v 1.500 0.500 4.000
v 1.500 -0.500 5.000
v 0.500 1.500 -4.000
v 1.500 1.500 -4.000
v 0.500 1.500 4.000
v 1.500 1.500 4.000
v 0.500 2.500 -4.000
v 1.500 2.500 -3.000
v 1.500 2.500 -4.000
v 0.500 2.500 4.000
v 1.500 2.500 4.000
v 1.500 2.500 3.000
v 0.500 3.500 -3.000
v 1.500 3.500 -2.000
v 1.500 3.500 -3.000
v 0.500 3.500 3.000
v 1.500 3.500 3.000
v 1.500 3.500 2.000
v 0.500 4.500 -1.000
v 0.500 4.500 -2.000
v 1.500 4.500 -1.000
v 1.500 4.500 -2.000
v 0.500 4.500 0.000
v 1.500 4.500 0.000
v 0.500 4.500 1.000
v 1.500 4.500 1.000
v 0.500 4.500 2.000
v 1.500 4.500 2.000
v 2.500 -4.500 -2.000
v 2.500 -4.500 -1.000
v 2.500 -3.500 -2.000
v 2.500 -4.500 0.000
v 2.500 -4.500 1.000
v 2.500 -4.500 2.000
v 2.500 -3.500 2.000
v 2.500 -3.500 -3.000
v 2.500 -2.500 -3.000
v 2.500 -3.500 3.000
v 2.500 -2.500 3.000
v 2.500 -2.500 -4.000
v 2.500 -1.500 -4.000
v 2.500 -2.500 4.000
v 2.500 -1.500 4.000
v 2.500 -0.500 -4.000
v 2.500 -0.500 4.000
v 2.500 0.500 -4.000
v 2.500 0.500 -5.000
v 2.500 -0.500 -5.000
v 2.500 0.500 5.000
v 2.500 0.500 4.000
v 2.500 -0.500 5.000
v 2.500 1.500 -4.000
v 2.500 1.500 4.000
v 2.500 2.500 -3.000
v 2.500 2.500 -4.000
v 2.500 2.500 4.000
v 2.500 2.500 3.000
v 2.500 3.500 -2.000
v 2.500 3.500 -3.000
v 2.500 3.500 3.000
v 2.500 3.500 2.000
v 2.500 4.500 -1.000
v 2.500 4.500 -2.000
v 2.500 4.500 0.000
v 2.500 4.500 1.000
v 2.500 4.500 2.000
v 3.500 -4.500 -2.000
v 3.500 -4.500 -1.000
v 3.500 -3.500 -2.000
v 3.500 -4.500 0.000
v 3.500 -4.500 1.000
v 3.500 -4.500 2.000
v 3.500 -3.500 2.000
v 3.500 -3.500 -3.000
v 3.500 -2.500 -3.000
v 3.500 -3.500 3.000
v 3.500 -2.500 3.000
v 3.500 -2.500 -4.000
v 3.500 -1.500 -4.000
v 3.500 -2.500 4.000
v 3.500 -1.500 4.000
v 3.500 -0.500 -4.000
v 3.500 -0.500 4.000
v 3.500 0.500 -4.000
v 3.500 0.500 -5.000
v 3.500 -0.500 -5.000
v 3.500 0.500 5.000
v 3.500 0.500 4.000
v 3.500 -0.500 5.000
v 3.500 1.500 -4.000
v 3.500 1.500 4.000
v 3.500 2.500 -3.000
v 3.500 2.500 -4.000
v 3.500 2.500 4.000
v 3.500 2.500 3.000
v 3.500 3.500 -2.000
v 3.500 3.500 -3.000
v 3.500 3.500 3.000
v 3.500 3.500 2.000
v 3.500 4.500 -1.000
v 3.500 4.500 -2.000
v 3.500 4.500 0.000
v 3.500 4.500 1.000
v 3.500 4.500 2.000
v 3.500 -5.500 -1.000
v 3.500 -5.500 -2.000
v 4.500 -5.500 -2.000
v 4.500 -5.500 -1.000
v 4.500 -4.500 -2.000
v 3.500 -5.500 0.000
v 4.500 -5.500 0.000
v 3.500 -5.500 1.000
v 4.500 -5.500 1.000
v 3.500 -5.500 2.000
v 4.500 -5.500 2.000
v 4.500 -4.500 2.000
v 3.500 -4.500 -3.000
v 3.500 -3.500 -4.000
v 3.500 -4.500 -4.000
v 4.500 -4.500 -4.000
v 4.500 -4.500 -3.000
v 4.500 -3.500 -4.000
v 3.500 -4.500 3.000
v 4.500 -4.500 3.000
v 3.500 -4.500 4.000
v 3.500 -3.500 4.000
v 4.500 -4.500 4.000
v 4.500 -3.500 4.000
v 3.500 -2.500 -5.000
v 3.500 -3.500 -5.000
v 4.500 -3.500 -5.000
v 4.500 -2.500 -5.000
v 3.500 -3.500 5.000
v 3.500 -2.500 5.000
v 4.500 -3.500 5.000
v 4.500 -2.500 5.000
v 3.500 -1.500 -5.000
v 4.500 -1.500 -5.000
v 3.500 -1.500 5.000
v 4.500 -1.500 5.000
v 4.500 -0.500 -5.000
v 4.500 -0.500 5.000
v 3.500 0.500 -6.000
v 3.500 -0.500 -6.000
v 4.500 0.500 -5.000
v 4.500 0.500 -6.000
v 4.500 -0.500 -6.000
v 3.500 -0.500 6.000
v 3.500 0.500 6.000
v 4.500 0.500 6.000
v 4.500 0.500 5.000
v 4.500 -0.500 6.000
v 3.500 1.500 -5.000
v 4.500 1.500 -5.000
v 3.500 1.500 5.000
v 4.500 1.500 5.000
v 3.500 2.500 -5.000
v 4.500 2.500 -5.000
v 3.500 2.500 5.000
v 4.500 2.500 5.000
v 3.500 3.500 -4.000
v 3.500 3.500 -5.000
v 4.500 3.500 -4.000
v 4.500 3.500 -5.000
v 3.500 3.500 4.000
v 3.500 3.500 5.000
v 4.500 3.500 5.000
v 4.500 3.500 4.000
v 3.500 4.500 -3.000
v 3.500 4.500 -4.000
v 4.500 4.500 -3.000
v 4.500 4.500 -4.000
v 4.500 4.500 -2.000
v 3.500 4.500 3.000
v 4.500 4.500 3.000
v 4.500 4.500 2.000
v 3.500 4.500 4.000
v 4.500 4.500 4.000
v 3.500 5.500 -1.000
v 3.500 5.500 -2.000
v 4.500 5.500 -1.000
v 4.500 5.500 -2.000
v 3.500 5.500 0.000
v 4.500 5.500 0.000
v 3.500 5.500 1.000
v 4.500 5.500 1.000
v 3.500 5.500 2.000
v 4.500 5.500 2.000
v 5.500 -5.500 -2.000
v 5.500 -5.500 -1.000
v 5.500 -4.500 -2.000
v 5.500 -5.500 0.000
v 5.500 -5.500 1.000
v 5.500 -5.500 2.000
v 5.500 -4.500 2.000
v 5.500 -4.500 -4.000
v 5.500 -4.500 -3.000
v 5.500 -3.500 -4.000
v 5.500 -4.500 3.000
v 5.500 -4.500 4.000
v 5.500 -3.500 4.000
v 5.500 -3.500 -5.000
v 5.500 -2.500 -5.000
v 5.500 -3.500 5.000
v 5.500 -2.500 5.000
v 5.500 -1.500 -5.000
v 5.500 -1.500 5.000
v 5.500 -0.500 -5.000
v 5.500 -0.500 5.000
v 5.500 0.500 -5.000
v 5.500 0.500 -6.000
v 5.500 -0.500 -6.000
v 5.500 0.500 6.000
v 5.500 0.500 5.000
v 5.500 -0.500 6.000
v 5.500 1.500 -5.000
v 5.500 1.500 5.000
v 5.500 2.500 -5.000
v 5.500 2.500 5.000
v 5.500 3.500 -4.000
v 5.500 3.500 -5.000
v 5.500 3.500 5.000
v 5.500 3.500 4.000
v 5.500 4.500 -3.000
v 5.500 4.500 -4.000
v 5.500 4.500 -2.000
v 5.500 4.500 3.000
v 5.500 4.500 2.000
v 5.500 4.500 4.000
v 5.500 5.500 -1.000
v 5.500 5.500 -2.000
v 5.500 5.500 0.000
v 5.500 5.500 1.000
v 5.500 5.500 2.000
v 6.500 -5.500 -2.000
v 6.500 -5.500 -1.000
v 6.500 -4.500 -2.000
v 6.500 -5.500 0.000
v 6.500 -5.500 1.000
v 6.500 -5.500 2.000
v 6.500 -4.500 2.000
v 6.500 -4.500 -4.000
v 6.500 -4.500 -3.000
v 6.500 -3.500 -4.000
v 6.500 -4.500 3.000
v 6.500 -4.500 4.000
v 6.500 -3.500 4.000
v 6.500 -3.500 -5.000
v 6.500 -2.500 -5.000
v 6.500 -3.500 5.000
v 6.500 -2.500 5.000
v 6.500 -1.500 -5.000
v 6.500 -1.500 5.000
v 6.500 -0.500 -5.000
v 6.500 -0.500 5.000
v 6.500 0.500 -5.000
v 6.500 0.500 -6.000
v 6.500 -0.500 -6.000
v 6.500 0.500 6.000
v 6.500 0.500 5.000
v 6.500 -0.500 6.000
v 6.500 1.500 -5.000
v 6.500 1.500 5.000
v 6.500 2.500 -5.000
v 6.500 2.500 5.000
v 6.500 3.500 -4.000
v 6.500 3.500 -5.000
v 6.500 3.500 5.000
v 6.500 3.500 4.000
v 6.500 4.500 -3.000
v 6.500 4.500 -4.000
v 6.500 4.500 -2.000
v 6.500 4.500 3.000
v 6.500 4.500 2.000
v 6.500 4.500 4.000
v 6.500 5.500 -1.000
v 6.500 5.500 -2.000
v 6.500 5.500 0.000
v 6.500 5.500 1.000
v 6.500 5.500 2.000
v 7.500 -5.500 -2.000
v 7.500 -5.500 -1.000
v 7.500 -4.500 -2.000
v 7.500 -5.500 0.000
v 7.500 -5.500 1.000
v 7.500 -5.500 2.000
v 7.500 -4.500 2.000
v 7.500 -4.500 -4.000
v 7.500 -4.500 -3.000
v 7.500 -3.500 -4.000
v 7.500 -4.500 3.000
v 7.500 -4.500 4.000
v 7.500 -3.500 4.000
v 7.500 -3.500 -5.000
v 7.500 -2.500 -5.000
v 7.500 -3.500 5.000
v 7.500 -2.500 5.000
v 7.500 -1.500 -5.000
v 7.500 -1.500 5.000
v 7.500 -0.500 -5.000
v 7.500 -0.500 5.000
v 7.500 0.500 -5.000
v 7.500 0.500 -6.000
v 7.500 -0.500 -6.000
v 7.500 0.500 6.000
v 7.500 0.500 5.000
v 7.500 -0.500 6.000
v 7.500 1.500 -5.000
v 7.500 1.500 5.000
v 7.500 2.500 -5.000
v 7.500 2.500 5.000
v 7.500 3.500 -4.000
v 7.500 3.500 -5.000
v 7.500 3.500 5.000
v 7.500 3.500 4.000
v 7.500 4.500 -3.000
v 7.500 4.500 -4.000
v 7.500 4.500 -2.000
v 7.500 4.500 3.000
v 7.500 4.500 2.000
v 7.500 4.500 4.000
v 7.500 5.500 -1.000
v 7.500 5.500 -2.000
v 7.500 5.500 0.000
v 7.500 5.500 1.000
v 7.500 5.500 2.000
v 8.500 -5.500 -2.000
v 8.500 -5.500 -1.000
v 8.500 -4.500 -2.000
v 8.500 -5.500 0.000
v 8.500 -5.500 1.000
v 8.500 -5.500 2.000
v 8.500 -4.500 2.000
v 8.500 -4.500 -4.000
v 8.500 -4.500 -3.000
v 8.500 -3.500 -4.000
v 8.500 -4.500 3.000
v 8.500 -4.500 4.000
v 8.500 -3.500 4.000
v 8.500 -3.500 -5.000
v 8.500 -2.500 -5.000
v 8.500 -3.500 5.000
v 8.500 -2.500 5.000
v 8.500 -1.500 -5.000
v 8.500 -1.500 5.000
v 8.500 -0.500 -5.000
v 8.500 -0.500 5.000
v 8.500 0.500 -5.000
v 8.500 0.500 -6.000
v 8.500 -0.500 -6.000
v 8.500 0.500 6.000
v 8.500 0.500 5.000
v 8.500 -0.500 6.000
v 8.500 1.500 -5.000
v 8.500 1.500 5.000
v 8.500 2.500 -5.000
v 8.500 2.500 5.000
v 8.500 3.500 -4.000
v 8.500 3.500 -5.000
v 8.500 3.500 5.000
v 8.500 3.500 4.000
v 8.500 4.500 -3.000
v 8.500 4.500 -4.000
v 8.500 4.500 -2.000
v 8.500 4.500 3.000
v 8.500 4.500 2.000
v 8.500 4.500 4.000
v 8.500 5.500 -1.000
v 8.500 5.500 -2.000
v 8.500 5.500 0.000
v 8.500 5.500 1.000
v 8.500 5.500 2.000
v 9.500 -5.500 -2.000
v 9.500 -5.500 -1.000
v 9.500 -4.500 -2.000
v 9.500 -5.500 0.000
v 9.500 -5.500 1.000
v 9.500 -5.500 2.000
v 9.500 -4.500 2.000
v 9.500 -4.500 -4.000
v 9.500 -4.500 -3.000
v 9.500 -3.500 -4.000
v 9.500 -4.500 3.000
v 9.500 -4.500 4.000
v 9.500 -3.500 4.000
v 9.500 -3.500 -5.000
v 9.500 -2.500 -5.000
v 9.500 -3.500 5.000
v 9.500 -2.500 5.000
v 9.500 -1.500 -5.000
v 9.500 -1.500 5.000
v 9.500 -0.500 -5.000
v 9.500 -0.500 5.000
v 9.500 0.500 -5.000
v 9.500 0.500 -6.000
v 9.500 -0.500 -6.000
v 9.500 0.500 6.000
v 9.500 0.500 5.000
v 9.500 -0.500 6.000
v 9.500 1.500 -5.000
v 9.500 1.500 5.000
v 9.500 2.500 -5.000
v 9.500 2.500 5.000
v 9.500 3.500 -4.000
v 9.500 3.500 -5.000
v 9.500 3.500 5.000
v 9.500 3.500 4.000
v 9.500 4.500 -3.000
v 9.500 4.500 -4.000
v 9.500 4.500 -2.000
v 9.500 4.500 3.000
v 9.500 4.500 2.000
v 9.500 4.500 4.000
v 9.500 5.500 -1.000
v 9.500 5.500 -2.000
v 9.500 5.500 0.000
v 9.500 5.500 1.000
v 9.500 5.500 2.000
v 10.500 -5.500 -2.000
v 10.500 -4.500 -2.000
v 10.500 -4.500 -1.000
v 10.500 -5.500 -1.000
v 10.500 -4.500 0.000
v 10.500 -5.500 0.000
v 10.500 -4.500 1.000
v 10.500 -5.500 1.000
v 10.500 -4.500 2.000
v 10.500 -5.500 2.000
v 10.500 -4.500 -4.000
v 10.500 -3.500 -4.000
v 10.500 -3.500 -3.000
v 10.500 -4.500 -3.000
v 10.500 -3.500 -2.000
v 10.500 -3.500 2.000
v 10.500 -3.500 3.000
v 10.500 -4.500 3.000
v 10.500 -3.500 4.000
v 10.500 -4.500 4.000
v 10.500 -3.500 -5.000
v 10.500 -2.500 -5.000
v 10.500 -2.500 -4.000
v 10.500 -2.500 -3.000
v 10.500 -2.500 3.000
v 10.500 -2.500 4.000
v 10.500 -2.500 5.000
v 10.500 -3.500 5.000
v 10.500 -1.500 -5.000
v 10.500 -1.500 -4.000
v 10.500 -1.500 4.000
v 10.500 -1.500 5.000
v 10.500 -0.500 -5.000
v 10.500 -0.500 -4.000
v 10.500 -0.500 4.000
v 10.500 -0.500 5.000
v 10.500 -0.500 -6.000
v 10.500 0.500 -6.000
v 10.500 0.500 -5.000
v 10.500 0.500 5.000
v 10.500 0.500 6.000
v 10.500 -0.500 6.000
v 10.500 1.500 -5.000
v 10.500 1.500 -4.000
v 10.500 0.500 -4.000
v 10.500 0.500 4.000
v 10.500 1.500 4.000
v 10.500 1.500 5.000
v 10.500 2.500 -5.000
v 10.500 2.500 -4.000
v 10.500 2.500 4.000
v 10.500 2.500 5.000
v 10.500 3.500 -5.000
v 10.500 3.500 -4.000
v 10.500 3.500 -3.000
v 10.500 2.500 -3.000
v 10.500 2.500 3.000
v 10.500 3.500 3.000
v 10.500 3.500 4.000
v 10.500 3.500 5.000
v 10.500 4.500 -4.000
v 10.500 4.500 -3.000
v 10.500 4.500 -2.000
v 10.500 3.500 -2.000
v 10.500 3.500 2.000
v 10.500 4.500 2.000
v 10.500 4.500 3.000
v 10.500 4.500 4.000
v 10.500 5.500 -2.000
v 10.500 5.500 -1.000
v 10.500 4.500 -1.000
v 10.500 5.500 0.000
v 10.500 4.500 0.000
v 10.500 5.500 1.000
v 10.500 4.500 1.000
v 10.500 5.500 2.000
v 11.500 -4.500 -2.000
v 11.500 -4.500 -1.000
v 11.500 -3.500 -2.000
v 11.500 -4.500 0.000
v 11.500 -4.500 1.000
v 11.500 -4.500 2.000
v 11.500 -3.500 2.000
v 11.500 -3.500 -3.000
v 11.500 -2.500 -3.000
v 11.500 -3.500 3.000
v 11.500 -2.500 3.000
v 11.500 -2.500 -4.000
v 11.500 -1.500 -4.000
v 11.500 -2.500 4.000
v 11.500 -1.500 4.000
v 11.500 -0.500 -4.000
v 11.500 -0.500 4.000
v 11.500 0.500 -4.000
v 11.500 0.500 -5.000
v 11.500 -0.500 -5.000
v 11.500 0.500 5.000
v 11.500 0.500 4.000
v 11.500 -0.500 5.000
v 11.500 1.500 -4.000
v 11.500 1.500 4.000
v 11.500 2.500 -3.000
v 11.500 2.500 -4.000
v 11.500 2.500 4.000
v 11.500 2.500 3.000
v 11.500 3.500 -2.000
v 11.500 3.500 -3.000
v 11.500 3.500 3.000
v 11.500 3.500 2.000
v 11.500 4.500 -1.000
v 11.500 4.500 -2.000
v 11.500 4.500 0.000
v 11.500 4.500 1.000
v 11.500 4.500 2.000
v 12.500 -4.500 -2.000
v 12.500 -4.500 -1.000
v 12.500 -3.500 -2.000
v 12.500 -4.500 0.000
v 12.500 -4.500 1.000
v 12.500 -4.500 2.000
v 12.500 -3.500 2.000
v 12.500 -3.500 -3.000
v 12.500 -2.500 -3.000
v 12.500 -3.500 3.000
v 12.500 -2.500 3.000
v 12.500 -2.500 -4.000
v 12.500 -1.500 -4.000
v 12.500 -2.500 4.000
v 12.500 -1.500 4.000
v 12.500 -0.500 -4.000
v 12.500 -0.500 4.000
v 12.500 0.500 -4.000
v 12.500 0.500 -5.000
v 12.500 -0.500 -5.000
v 12.500 0.500 5.000
v 12.500 0.500 4.000
v 12.500 -0.500 5.000
v 12.500 1.500 -4.000
v 12.500 1.500 4.000
v 12.500 2.500 -3.000
v 12.500 2.500 -4.000
v 12.500 2.500 4.000
v 12.500 2.500 3.000
v 12.500 3.500 -2.000
v 12.500 3.500 -3.000
v 12.500 3.500 3.000
v 12.500 3.500 2.000
v 12.500 4.500 -1.000
v 12.500 4.500 -2.000
v 12.500 4.500 0.000
v 12.500 4.500 1.000
v 12.500 4.500 2.000
v 13.500 -4.500 -2.000
v 13.500 -3.500 -2.000
v 13.500 -3.500 -1.000
v 13.500 -4.500 -1.000
v 13.500 -3.500 0.000
v 13.500 -4.500 0.000
v 13.500 -3.500 1.000
v 13.500 -4.500 1.000
v 13.500 -3.500 2.000
v 13.500 -4.500 2.000
v 13.500 -3.500 -3.000
v 13.500 -2.500 -3.000
v 13.500 -2.500 -2.000
v 13.500 -2.500 2.000
v 13.500 -2.500 3.000
v 13.500 -3.500 3.000
v 13.500 -2.500 -4.000
v 13.500 -1.500 -4.000
v 13.500 -1.500 -3.000
v 13.500 -1.500 3.000
v 13.500 -1.500 4.000
v 13.500 -2.500 4.000
v 13.500 -0.500 -4.000
v 13.500 -0.500 -3.000
v 13.500 -0.500 3.000
v 13.500 -0.500 4.000
v 13.500 -0.500 -5.000
v 13.500 0.500 -5.000
v 13.500 0.500 -4.000
v 13.500 0.500 4.000
v 13.500 0.500 5.000
v 13.500 -0.500 5.000
v 13.500 1.500 -4.000
v 13.500 1.500 -3.000
v 13.500 0.500 -3.000
v 13.500 0.500 3.000
v 13.500 1.500 3.000
v 13.500 1.500 4.000
v 13.500 2.500 -4.000
v 13.500 2.500 -3.000
v 13.500 2.500 3.000
v 13.500 2.500 4.000
v 13.500 3.500 -3.000
v 13.500 3.500 -2.000
v 13.500 2.500 -2.000
v 13.500 2.500 2.000
v 13.500 3.500 2.000
v 13.500 3.500 3.000
v 13.500 4.500 -2.000
v 13.500 4.500 -1.000
v 13.500 3.500 -1.000
v 13.500 4.500 0.000
v 13.500 3.500 0.000
v 13.500 4.500 1.000
v 13.500 3.500 1.000
v 13.500 4.500 2.000
v 14.500 -3.500 -2.000
v 14.500 -3.500 -1.000
v 14.500 -2.500 -2.000
v 14.500 -3.500 0.000
v 14.500 -3.500 1.000
v 14.500 -3.500 2.000
v 14.500 -2.500 2.000
v 14.500 -2.500 -3.000
v 14.500 -1.500 -3.000
v 14.500 -2.500 3.000
v 14.500 -1.500 3.000
v 14.500 -0.500 -3.000
v 14.500 -0.500 3.000
v 14.500 0.500 -3.000
v 14.500 0.500 -4.000
v 14.500 -0.500 -4.000
v 14.500 0.500 4.000
v 14.500 0.500 3.000
v 14.500 -0.500 4.000
v 14.500 1.500 -3.000
v 14.500 1.500 3.000
v 14.500 2.500 -2.000
v 14.500 2.500 -3.000
v 14.500 2.500 3.000
v 14.500 2.500 2.000
v 14.500 3.500 -1.000
v 14.500 3.500 -2.000
v 14.500 3.500 0.000
v 14.500 3.500 1.000
v 14.500 3.500 2.000
v 15.500 -3.500 -2.000
v 15.500 -3.500 -1.000
v 15.500 -2.500 -2.000
v 15.500 -3.500 0.000
v 15.500 -3.500 1.000
v 15.500 -3.500 2.000
v 15.500 -2.500 2.000
v 15.500 -2.500 -3.000
v 15.500 -1.500 -3.000
v 15.500 -2.500 3.000
v 15.500 -1.500 3.000
v 15.500 -0.500 -3.000
v 15.500 -0.500 3.000
v 15.500 0.500 -3.000
v 15.500 0.500 -4.000
v 15.500 -0.500 -4.000
v 15.500 0.500 4.000
v 15.500 0.500 3.000
v 15.500 -0.500 4.000
v 15.500 1.500 -3.000
v 15.500 1.500 3.000
v 15.500 2.500 -2.000
v 15.500 2.500 -3.000
v 15.500 2.500 3.000
v 15.500 2.500 2.000
v 15.500 3.500 -1.000
v 15.500 3.500 -2.000
v 15.500 3.500 0.000
v 15.500 3.500 1.000
v 15.500 3.500 2.000
v 16.500 -3.500 -2.000
v 16.500 -2.500 -2.000
v 16.500 -2.500 -1.000
v 16.500 -3.500 -1.000
v 16.500 -2.500 0.000
v 16.500 -3.500 0.000
v 16.500 -2.500 1.000
v 16.500 -3.500 1.000
v 16.500 -2.500 2.000
v 16.500 -3.500 2.000
v 16.500 -2.500 -3.000
v 16.500 -1.500 -3.000
v 16.500 -1.500 -2.000
v 16.500 -1.500 2.000
v 16.500 -1.500 3.000
v 16.500 -2.500 3.000
v 16.500 -0.500 -3.000
v 16.500 -0.500 -2.000
v 16.500 -0.500 2.000
v 16.500 -0.500 3.000
v 16.500 -0.500 -4.000
v 16.500 0.500 -4.000
v 16.500 0.500 -3.000
v 16.500 0.500 3.000
v 16.500 0.500 4.000
v 16.500 -0.500 4.000
v 16.500 1.500 -3.000
v 16.500 1.500 -2.000
v 16.500 0.500 -2.000
v 16.500 0.500 2.000
v 16.500 1.500 2.000
v 16.500 1.500 3.000
v 16.500 2.500 -3.000
v 16.500 2.500 -2.000
v 16.500 2.500 2.000
v 16.500 2.500 3.000
v 16.500 3.500 -2.000
v 16.500 3.500 -1.000
v 16.500 2.500 -1.000
v 16.500 3.500 0.000
v 16.500 2.500 0.000
v 16.500 3.500 1.000
v 16.500 2.500 1.000
v 16.500 3.500 2.000
v 17.500 -2.500 -2.000
v 17.500 -2.500 -1.000
v 17.500 -1.500 -2.000
v 17.500 -2.500 0.000
v 17.500 -2.500 1.000
v 17.500 -2.500 2.000
v 17.500 -1.500 2.000
v 17.500 -0.500 -2.000
v 17.500 -0.500 2.000
v 17.500 0.500 -2.000
v 17.500 0.500 -3.000
v 17.500 -0.500 -3.000
v 17.500 0.500 3.000
v 17.500 0.500 2.000
v 17.500 -0.500 3.000
v 17.500 1.500 -2.000
v 17.500 1.500 2.000
v 17.500 2.500 -1.000
v 17.500 2.500 -2.000
v 17.500 2.500 0.000
v 17.500 2.500 1.000
v 17.500 2.500 2.000
v 18.500 -2.500 -2.000
v 18.500 -2.500 -1.000
v 18.500 -1.500 -2.000
v 18.500 -2.500 0.000
v 18.500 -2.500 1.000
v 18.500 -2.500 2.000
v 18.500 -1.500 2.000
v 18.500 -0.500 -2.000
v 18.500 -0.500 2.000
v 18.500 0.500 -2.000
v 18.500 0.500 -3.000
v 18.500 -0.500 -3.000
v 18.500 0.500 3.000
v 18.500 0.500 2.000
v 18.500 -0.500 3.000
v 18.500 1.500 -2.000
v 18.500 1.500 2.000
v 18.500 2.500 -1.000
v 18.500 2.500 -2.000
v 18.500 2.500 0.000
v 18.500 2.500 1.000
v 18.500 2.500 2.000
v 19.500 -2.500 -2.000
v 19.500 -1.500 -2.000
v 19.500 -1.500 -1.000
v 19.500 -2.500 -1.000
v 19.500 -1.500 0.000
v 19.500 -2.500 0.000
v 19.500 -1.500 1.000
v 19.500 -2.500 1.000
v 19.500 -1.500 2.000
v 19.500 -2.500 2.000
v 19.500 -0.500 -2.000
v 19.500 -0.500 -1.000
v 19.500 -0.500 1.000
v 19.500 -0.500 2.000
v 19.500 -0.500 -3.000
v 19.500 0.500 -3.000
v 19.500 0.500 -2.000
v 19.500 0.500 2.000
v 19.500 0.500 3.000
v 19.500 -0.500 3.000
v 19.500 1.500 -2.000
v 19.500 1.500 -1.000
v 19.500 0.500 -1.000
v 19.500 0.500 1.000
v 19.500 1.500 1.000
v 19.500 1.500 2.000
v 19.500 2.500 -2.000
v 19.500 2.500 -1.000
v 19.500 2.500 0.000
v 19.500 1.500 0.000
v 19.500 2.500 1.000
v 19.500 2.500 2.000
v 20.500 -1.500 -1.000
v 20.500 -1.500 0.000
v 20.500 -0.500 -1.000
v 20.500 -1.500 1.000
v 20.500 -0.500 1.000
v 20.500 0.500 -1.000
v 20.500 0.500 -2.000
v 20.500 -0.500 -2.000
v 20.500 0.500 2.000
v 20.500 0.500 1.000
v 20.500 -0.500 2.000
v 20.500 1.500 0.000
v 20.500 1.500 -1.000
v 20.500 1.500 1.000
v 21.500 -1.500 -1.000
v 21.500 -1.500 0.000
v 21.500 -0.500 -1.000
v 21.500 -1.500 1.000
v 21.500 -0.500 1.000
v 21.500 0.500 -1.000
v 21.500 0.500 -2.000
v 21.500 -0.500 -2.000
v 21.500 0.500 2.000
v 21.500 0.500 1.000
v 21.500 -0.500 2.000
v 21.500 1.500 0.000
v 21.500 1.500 -1.000
v 21.500 1.500 1.000
v 22.500 -1.500 -1.000
v 22.500 -0.500 -1.000
v 22.500 -0.500 0.000
v 22.500 -1.500 0.000
v 22.500 -0.500 1.000
v 22.500 -1.500 1.000
v 22.500 -0.500 -2.000
v 22.500 0.500 -2.000
v 22.500 0.500 -1.000
v 22.500 0.500 0.000
v 22.500 0.500 1.000
v 22.500 0.500 2.000
v 22.500 -0.500 2.000
v 22.500 1.500 -1.000
v 22.500 1.500 0.000
v 22.500 1.500 1.000
f 1 2 3 4
f 1 4 5 6
f 5 4 3 7
f 8 9 2 1
f 8 1 6 10
f 11 12 9 8
f 11 8 10 13
f 14 15 12 11
f 14 11 13 16
f 17 18 15 14
f 17 14 16 19
f 20 21 18 17
f 20 17 19 22
f 20 22 23 21
f 24 25 26 27
f 24 27 28 29
f 28 27 26 30
f 3 31 25 24
f 3 24 29 7
f 2 32 31 3
f 9 33 32 2
f 12 34 33 9
f 15 35 34 12
f 18 36 35 15
f 21 37 36 18
f 38 39 37 21
f 38 21 23 40
f 41 42 39 38
f 41 38 40 43
f 41 43 44 42
f 26 45 46 47
f 26 47 48 30
f 48 47 46 49
f 25 50 45 26
f 31 51 50 25
f 32 52 51 31
f 33 53 52 32
f 34 54 53 33
f 35 55 54 34
f 36 56 55 35
f 37 57 56 36
f 39 58 57 37
f 42 59 58 39
f 60 61 59 42
f 60 42 44 62
f 60 62 63 61
f 46 64 65 66
f 46 66 67 49
f 67 66 65 68
f 45 69 64 46
f 50 70 69 45
f 51 71 70 50
f 52 72 71 51
f 53 73 72 52
f 54 74 73 53
f 55 75 74 54
f 56 76 75 55
f 57 77 76 56
f 58 78 77 57
f 59 79 78 58
f 61 80 79 59
f 81 82 80 61
f 81 61 63 83
f 81 83 84 82
f 65 85 86 87
f 65 87 88 68
f 88 87 86 89
f 64 90 85 65
f 69 91 90 64
f 70 92 91 69
f 71 93 92 70
f 72 94 93 71
f 73 95 94 72
f 74 96 95 73
f 75 97 96 74
f 76 98 97 75
f 77 99 98 76
f 78 100 99 77
f 79 101 100 78
f 80 102 101 79
f 82 103 102 80
f 104 105 103 82
f 104 82 84 106
f 104 106 107 105
f 86 108 109 110
f 86 110 111 89
f 111 110 109 112
f 85 113 108 86
f 90 114 113 85
f 91 115 114 90
f 92 116 115 91
f 93 117 116 92
f 94 118 117 93
f 95 119 118 94
f 96 120 119 95
f 97 121 120 96
f 98 122 121 97
f 99 123 122 98
f 100 124 123 99
f 101 125 124 100
f 102 126 125 101
f 103 127 126 102
f 105 128 127 103
f 129 130 128 105
f 129 105 107 131
f 129 131 132 130
f 108 133 134 109
f 112 109 134 135
f 113 136 133 108
f 114 137 136 113
f 115 138 137 114
f 116 139 138 115
f 117 140 139 116
f 118 141 140 117
f 119 142 141 118
f 120 143 142 119
f 121 144 143 120
f 122 145 144 121
f 123 146 145 122
f 124 147 146 123
f 125 148 147 124
f 126 149 148 125
f 127 150 149 126
f 128 151 150 127
f 130 152 151 128
f 130 132 153 152
f 133 154 155 134
f 135 134 155 156
f 136 157 154 133
f 137 158 157 136
f 138 159 158 137
f 139 160 159 138
f 140 161 160 139
f 141 162 161 140
f 142 163 162 141
f 143 164 163 142
f 144 165 164 143
f 145 166 165 144
f 146 167 166 145
f 147 168 167 146
f 148 169 168 147
f 149 170 169 148
f 150 171 170 149
f 151 172 171 150
f 152 173 172 151
f 152 153 174 173
f 154 175 176 155
f 156 155 176 177
f 157 178 175 154
f 158 179 178 157
f 159 180 179 158
f 160 181 180 159
f 161 182 181 160
f 162 183 182 161
f 163 184 183 162
f 164 185 184 163
f 165 186 185 164
f 166 187 186 165
f 167 188 187 166
f 168 189 188 167
f 169 190 189 168
f 170 191 190 169
f 171 192 191 170
f 172 193 192 171
f 173 194 193 172
f 173 174 195 194
f 176 196 197 198
f 197 196 199 200
f 176 198 201 177
f 201 198 197 200
f 175 202 196 176
f 178 203 202 175
f 179 204 203 178
f 180 205 204 179
f 181 206 205 180
f 182 207 206 181
f 183 208 207 182
f 184 209 208 183
f 185 210 209 184
f 186 211 210 185
f 187 212 211 186
f 188 213 212 187
f 189 214 213 188
f 190 215 214 189
f 191 216 215 190
f 192 217 216 191
f 193 218 217 192
f 194 219 218 193
f 220 221 219 194
f 219 221 222 223
f 220 194 195 224
f 220 224 222 221
f 202 225 226 196
f 199 196 226 227
f 203 228 225 202
f 204 229 228 203
f 205 230 229 204
f 206 231 230 205
f 207 232 231 206
f 208 233 232 207
f 209 234 233 208
f 210 235 234 209
f 211 236 235 210
f 212 237 236 211
f 213 238 237 212
f 214 239 238 213
f 215 240 239 214
f 216 241 240 215
f 217 242 241 216
f 218 243 242 217
f 219 244 243 218
f 219 223 245 244
f 225 246 247 226
f 227 226 247 248
f 228 249 246 225
f 229 250 249 228
f 230 251 250 229
f 231 252 251 230
f 232 253 252 231
f 233 254 253 232
f 234 255 254 233
f 235 256 255 234
f 236 257 256 235
f 237 258 257 236
f 238 259 258 237
f 239 260 259 238
f 240 261 260 239
f 241 262 261 240
f 242 263 262 241
f 243 264 263 242
f 244 265 264 243
f 244 245 266 265
f 246 267 268 247
f 248 247 268 269
f 249 270 267 246
f 250 271 270 249
f 251 272 271 250
f 252 273 272 251
f 253 274 273 252
f 254 275 274 253
f 255 276 275 254
f 256 277 276 255
f 257 278 277 256
f 258 279 278 257
f 259 280 279 258
f 260 281 280 259
f 261 282 281 260
f 262 283 282 261
f 263 284 283 262
f 264 285 284 263
f 265 286 285 264
f 265 266 287 286
f 267 288 289 268
f 289 288 290 291
f 269 268 289 291
f 270 292 288 267
f 271 293 292 270
f 272 294 293 271
f 273 295 294 272
f 274 296 295 273
f 275 297 296 274
f 276 298 297 275
f 277 299 298 276
f 278 300 299 277
f 279 301 300 278
f 280 302 301 279
f 281 303 302 280
f 282 304 303 281
f 283 305 304 282
f 284 306 305 283
f 285 307 306 284
f 286 308 307 285
f 307 308 309 310
f 286 287 309 308
f 292 311 312 288
f 312 311 313 314
f 290 288 312 314
f 293 315 311 292
f 294 316 315 293
f 295 317 316 294
f 296 318 317 295
f 297 319 318 296
f 298 320 319 297
f 299 321 320 298
f 300 322 321 299
f 301 323 322 300
f 302 324 323 301
f 303 325 324 302
f 304 326 325 303
f 305 327 326 304
f 306 328 327 305
f 307 329 328 306
f 328 329 330 331
f 307 310 330 329
f 315 332 333 311
f 333 332 334 335
f 313 311 333 335
f 316 336 332 315
f 317 337 336 316
f 318 338 337 317
f 319 339 338 318
f 320 340 339 319
f 321 341 340 320
f 322 342 341 321
f 323 343 342 322
f 324 344 343 323
f 325 345 344 324
f 326 346 345 325
f 327 347 346 326
f 328 348 347 327
f 347 348 349 350
f 328 331 349 348
f 336 351 352 332
f 352 351 353 354
f 334 332 352 354
f 337 355 351 336
f 338 356 355 337
f 339 357 356 338
f 340 358 357 339
f 341 359 358 340
f 342 360 359 341
f 343 361 360 342
f 344 362 361 343
f 345 363 362 344
f 346 364 363 345
f 347 365 364 346
f 364 365 366 367
f 347 350 366 365
f 355 368 369 351
f 369 368 370 371
f 353 351 369 371
f 356 372 368 355
f 368 372 373 370
f 357 374 372 356
f 358 375 374 357
f 359 376 375 358
f 360 377 376 359
f 361 378 377 360
f 362 379 378 361
f 363 380 379 362
f 379 380 381 382
f 364 383 380 363
f 380 383 384 381
f 364 367 384 383
f 374 385 386 372
f 386 385 387 388
f 373 372 386 388
f 375 389 385 374
f 385 389 390 387
f 376 391 389 375
f 389 391 392 390
f 377 393 391 376
f 391 393 394 392
f 378 395 393 377
f 393 395 396 394
f 379 397 395 378
f 395 397 398 396
f 379 382 398 397
f 6 5 399 400
f 399 5 7 401
f 10 6 400 402
f 13 10 402 403
f 16 13 403 404
f 19 16 404 405
f 22 19 405 406
f 22 406 407 23
f 29 28 408 409
f 408 28 30 410
f 7 29 409 401
f 40 23 407 411
f 43 40 411 412
f 43 412 413 44
f 30 48 414 410
f 414 48 49 415
f 62 44 413 416
f 62 416 417 63
f 49 67 418 415
f 418 67 68 419
f 83 63 417 420
f 83 420 421 84
f 68 88 422 419
f 422 88 89 423
f 106 84 421 424
f 106 424 425 107
f 89 111 426 423
f 426 111 112 427
f 131 107 425 428
f 131 428 429 132
f 427 112 135 430
f 132 429 431 153
f 430 135 156 432
f 153 431 433 174
f 432 156 177 434
f 174 433 435 195
f 200 199 436 437
f 177 201 438 434
f 438 201 200 437
f 223 222 439 440
f 224 195 435 441
f 224 441 439 222
f 436 199 227 442
f 223 440 443 245
f 442 227 248 444
f 245 443 445 266
f 444 248 269 446
f 266 445 447 287
f 291 290 448 449
f 446 269 291 449
f 310 309 450 451
f 287 447 450 309
f 314 313 452 453
f 448 290 314 453
f 331 330 454 455
f 310 451 454 330
f 335 334 456 457
f 452 313 335 457
f 350 349 458 459
f 331 455 458 349
f 354 353 460 461
f 456 334 354 461
f 367 366 462 463
f 350 459 462 366
f 371 370 464 465
f 460 353 371 465
f 370 373 466 464
f 382 381 467 468
f 381 384 469 467
f 367 463 469 384
f 388 387 470 471
f 466 373 388 471
f 387 390 472 470
f 390 392 473 472
f 392 394 474 473
f 394 396 475 474
f 396 398 476 475
f 382 468 476 398
f 477 478 479 480
f 400 399 477 480
f 477 399 401 478
f 480 479 481 482
f 402 400 480 482
f 482 481 483 484
f 403 402 482 484
f 484 483 485 486
f 404 403 484 486
f 486 485 487 488
f 405 404 486 488
f 488 487 489 490
f 406 405 488 490
f 406 490 489 407
f 491 492 493 494
f 409 408 491 494
f 491 408 410 492
f 494 493 495 478
f 401 409 494 478
f 478 495 496 479
f 479 496 497 481
f 481 497 498 483
f 483 498 499 485
f 485 499 500 487
f 487 500 501 489
f 489 501 502 503
f 411 407 489 503
f 503 502 504 505
f 412 411 503 505
f 412 505 504 413
f 506 507 508 492
f 410 414 506 492
f 506 414 415 507
f 492 508 509 493
f 493 509 510 495
f 501 511 512 502
f 502 512 513 504
f 504 513 514 515
f 416 413 504 515
f 416 515 514 417
f 516 517 518 507
f 415 418 516 507
f 516 418 419 517
f 507 518 519 508
f 513 520 521 514
f 514 521 522 523
f 420 417 514 523
f 420 523 522 421
f 524 525 526 517
f 419 422 524 517
f 524 422 423 525
f 517 526 527 518
f 521 528 529 522
f 522 529 530 531
f 424 421 522 531
f 424 531 530 425
f 532 533 534 525
f 423 426 532 525
f 532 426 427 533
f 525 534 535 526
f 526 535 536 527
f 528 537 538 529
f 529 538 539 530
f 530 539 540 541
f 428 425 530 541
f 428 541 540 429
f 533 542 543 534
f 533 427 430 542
f 534 543 544 535
f 538 545 546 539
f 539 546 547 540
f 429 540 547 431
f 542 548 549 543
f 542 430 432 548
f 543 549 550 544
f 545 551 552 546
f 546 552 553 547
f 431 547 553 433
f 548 554 555 549
f 548 432 434 554
f 549 555 556 550
f 551 557 558 552
f 552 558 559 553
f 433 553 559 435
f 560 561 562 554
f 437 436 562 561
f 434 438 560 554
f 560 438 437 561
f 554 562 563 555
f 558 564 565 559
f 559 565 566 567
f 440 439 566 565
f 441 435 559 567
f 441 567 566 439
f 562 568 569 563
f 562 436 442 568
f 563 569 570 571
f 572 573 574 564
f 564 574 575 565
f 440 565 575 443
f 568 576 577 569
f 568 442 444 576
f 569 577 578 570
f 573 579 580 574
f 574 580 581 575
f 443 575 581 445
f 576 582 583 577
f 576 444 446 582
f 577 583 584 578
f 579 585 586 580
f 580 586 587 581
f 445 581 587 447
f 582 588 589 583
f 449 448 589 588
f 582 446 449 588
f 583 589 590 584
f 584 590 591 592
f 593 594 595 585
f 585 595 596 586
f 586 596 597 587
f 451 450 597 596
f 447 587 597 450
f 589 598 599 590
f 453 452 599 598
f 589 448 453 598
f 590 599 600 591
f 594 601 602 595
f 595 602 603 596
f 455 454 603 602
f 451 596 603 454
f 599 604 605 600
f 457 456 605 604
f 599 452 457 604
f 600 605 606 607
f 608 609 610 601
f 601 610 611 602
f 459 458 611 610
f 455 602 611 458
f 605 612 613 606
f 461 460 613 612
f 605 456 461 612
f 606 613 614 615
f 615 614 616 617
f 618 619 620 621
f 621 620 622 609
f 609 622 623 610
f 463 462 623 622
f 459 610 623 462
f 613 624 625 614
f 465 464 625 624
f 613 460 465 624
f 614 625 626 616
f 464 466 626 625
f 616 626 627 628
f 628 627 629 630
f 630 629 631 632
f 632 631 633 634
f 634 633 635 636
f 636 635 637 619
f 619 637 638 620
f 468 467 638 637
f 620 638 639 622
f 467 469 639 638
f 463 622 639 469
f 626 640 641 627
f 471 470 641 640
f 626 466 471 640
f 627 641 642 629
f 470 472 642 641
f 629 642 643 631
f 472 473 643 642
f 631 643 644 633
f 473 474 644 643
f 633 644 645 635
f 474 475 645 644
f 635 645 646 637
f 475 476 646 645
f 468 637 646 476
f 496 495 647 648
f 647 495 510 649
f 497 496 648 650
f 498 497 650 651
f 499 498 651 652
f 500 499 652 653
f 501 500 653 654
f 501 654 655 511
f 509 508 656 657
f 656 508 519 658
f 510 509 657 649
f 512 511 655 659
f 513 512 659 660
f 513 660 661 520
f 519 518 662 658
f 662 518 527 663
f 521 520 661 664
f 521 664 665 528
f 663 527 536 666
f 528 665 667 537
f 536 535 668 666
f 668 535 544 669
f 538 537 667 670
f 538 670 671 545
f 669 544 550 672
f 545 671 673 551
f 672 550 556 674
f 551 673 675 557
f 563 571 676 677
f 556 555 678 674
f 678 555 563 677
f 572 564 679 680
f 558 557 675 681
f 558 681 679 564
f 676 571 570 682
f 572 680 683 573
f 682 570 578 684
f 573 683 685 579
f 584 592 686 687
f 684 578 584 687
f 593 585 688 689
f 579 685 688 585
f 686 592 591 690
f 593 689 691 594
f 600 607 692 693
f 690 591 600 693
f 608 601 694 695
f 594 691 694 601
f 606 615 696 697
f 692 607 606 697
f 615 617 698 696
f 618 621 699 700
f 621 609 701 699
f 608 695 701 609
f 616 628 702 703
f 698 617 616 703
f 628 630 704 702
f 630 632 705 704
f 632 634 706 705
f 634 636 707 706
f 636 619 708 707
f 618 700 708 619
f 709 710 711 712
f 709 712 713 714
f 713 712 711 715
f 716 717 710 709
f 716 709 714 718
f 719 720 717 716
f 719 716 718 721
f 722 723 720 719
f 722 719 721 724
f 725 726 723 722
f 725 722 724 727
f 728 729 726 725
f 728 725 727 730
f 728 730 731 729
f 732 733 734 735
f 732 735 736 737
f 736 735 734 738
f 711 647 733 732
f 711 732 737 715
f 710 648 647 711
f 717 650 648 710
f 720 651 650 717
f 723 652 651 720
f 726 653 652 723
f 729 654 653 726
f 739 740 654 729
f 739 729 731 741
f 742 743 740 739
f 742 739 741 744
f 742 744 745 743
f 734 656 746 747
f 734 747 748 738
f 748 747 746 749
f 733 657 656 734
f 647 649 657 733
f 740 659 655 654
f 743 660 659 740
f 750 751 660 743
f 750 743 745 752
f 750 752 753 751
f 746 662 754 755
f 746 755 756 749
f 756 755 754 757
f 656 658 662 746
f 751 664 661 660
f 758 759 664 751
f 758 751 753 760
f 758 760 761 759
f 754 762 763 764
f 754 764 765 757
f 765 764 763 766
f 662 663 762 754
f 759 767 665 664
f 768 769 767 759
f 768 759 761 770
f 768 770 771 769
f 763 772 773 774
f 763 774 775 766
f 775 774 773 776
f 762 668 772 763
f 663 666 668 762
f 767 670 667 665
f 769 777 670 767
f 778 779 777 769
f 778 769 771 780
f 778 780 781 779
f 772 782 783 773
f 776 773 783 784
f 668 669 782 772
f 777 785 671 670
f 779 786 785 777
f 779 781 787 786
f 782 788 789 783
f 784 783 789 790
f 669 672 788 782
f 785 791 673 671
f 786 792 791 785
f 786 787 793 792
f 788 678 794 789
f 790 789 794 795
f 672 674 678 788
f 791 681 675 673
f 792 796 681 791
f 792 793 797 796
f 794 798 799 800
f 799 798 801 802
f 794 800 803 795
f 803 800 799 802
f 678 677 798 794
f 796 804 679 681
f 805 806 804 796
f 804 806 807 808
f 805 796 797 809
f 805 809 807 806
f 677 810 811 798
f 801 798 811 812
f 676 682 810 677
f 679 813 683 680
f 804 814 813 679
f 804 808 815 814
f 810 816 817 811
f 812 811 817 818
f 682 684 816 810
f 813 819 685 683
f 814 820 819 813
f 814 815 821 820
f 816 822 823 817
f 818 817 823 824
f 684 687 822 816
f 819 825 688 685
f 820 826 825 819
f 820 821 827 826
f 822 828 829 823
f 829 828 830 831
f 824 823 829 831
f 687 832 828 822
f 686 690 832 687
f 688 833 691 689
f 825 834 833 688
f 826 835 834 825
f 834 835 836 837
f 826 827 836 835
f 832 838 839 828
f 839 838 840 841
f 830 828 839 841
f 690 693 838 832
f 833 842 694 691
f 834 843 842 833
f 842 843 844 845
f 834 837 844 843
f 693 846 847 838
f 847 846 848 849
f 840 838 847 849
f 692 697 846 693
f 694 850 701 695
f 842 851 850 694
f 850 851 852 853
f 842 845 852 851
f 697 854 855 846
f 855 854 856 857
f 848 846 855 857
f 696 858 854 697
f 698 703 858 696
f 699 859 708 700
f 701 860 859 699
f 850 861 860 701
f 860 861 862 863
f 850 853 862 861
f 858 864 865 854
f 865 864 866 867
f 856 854 865 867
f 703 868 864 858
f 864 868 869 866
f 702 870 868 703
f 704 871 870 702
f 705 872 871 704
f 706 873 872 705
f 707 874 873 706
f 708 875 874 707
f 859 876 875 708
f 875 876 877 878
f 860 879 876 859
f 876 879 880 877
f 860 863 880 879
f 870 881 882 868
f 882 881 883 884
f 869 868 882 884
f 871 885 881 870
f 881 885 886 883
f 872 887 885 871
f 885 887 888 886
f 873 889 887 872
f 887 889 890 888
f 874 891 889 873
f 889 891 892 890
f 875 893 891 874
f 891 893 894 892
f 875 878 894 893
f 714 713 895 896
f 895 713 715 897
f 718 714 896 898
f 721 718 898 899
f 724 721 899 900
f 727 724 900 901
f 730 727 901 902
f 730 902 903 731
f 737 736 904 905
f 904 736 738 906
f 715 737 905 897
f 741 731 903 907
f 744 741 907 908
f 744 908 909 745
f 738 748 910 906
f 910 748 749 911
f 752 745 909 912
f 752 912 913 753
f 749 756 914 911
f 914 756 757 915
f 760 753 913 916
f 760 916 917 761
f 757 765 918 915
f 918 765 766 919
f 770 761 917 920
f 770 920 921 771
f 766 775 922 919
f 922 775 776 923
f 780 771 921 924
f 780 924 925 781
f 923 776 784 926
f 781 925 927 787
f 926 784 790 928
f 787 927 929 793
f 928 790 795 930
f 793 929 931 797
f 802 801 932 933
f 795 803 934 930
f 934 803 802 933
f 808 807 935 936
f 809 797 931 937
f 809 937 935 807
f 932 801 812 938
f 808 936 939 815
f 938 812 818 940
f 815 939 941 821
f 940 818 824 942
f 821 941 943 827
f 831 830 944 945
f 942 824 831 945
f 837 836 946 947
f 827 943 946 836
f 841 840 948 949
f 944 830 841 949
f 845 844 950 951
f 837 947 950 844
f 849 848 952 953
f 948 840 849 953
f 853 852 954 955
f 845 951 954 852
f 857 856 956 957
f 952 848 857 957
f 863 862 958 959
f 853 955 958 862
f 867 866 960 961
f 956 856 867 961
f 866 869 962 960
f 878 877 963 964
f 877 880 965 963
f 863 959 965 880
f 884 883 966 967
f 962 869 884 967
f 883 886 968 966
f 886 888 969 968
f 888 890 970 969
f 890 892 971 970
f 892 894 972 971
f 878 964 972 894
f 896 895 973 974
f 973 895 897 975
f 898 896 974 976
f 899 898 976 977
f 900 899 977 978
f 901 900 978 979
f 902 901 979 980
f 902 980 981 903
f 905 904 982 983
f 982 904 906 984
f 897 905 983 975
f 907 903 981 985
f 908 907 985 986
f 908 986 987 909
f 906 910 988 984
f 988 910 911 989
f 912 909 987 990
f 912 990 991 913
f 911 914 992 989
f 992 914 915 993
f 916 913 991 994
f 916 994 995 917
f 915 918 996 993
f 996 918 919 997
f 920 917 995 998
f 920 998 999 921
f 919 922 1000 997
f 1000 922 923 1001
f 924 921 999 1002
f 924 1002 1003 925
f 1001 923 926 1004
f 925 1003 1005 927
f 1004 926 928 1006
f 927 1005 1007 929
f 1006 928 930 1008
f 929 1007 1009 931
f 933 932 1010 1011
f 930 934 1012 1008
f 1012 934 933 1011
f 936 935 1013 1014
f 937 931 1009 1015
f 937 1015 1013 935
f 1010 932 938 1016
f 936 1014 1017 939
f 1016 938 940 1018
f 939 1017 1019 941
f 1018 940 942 1020
f 941 1019 1021 943
f 945 944 1022 1023
f 1020 942 945 1023
f 947 946 1024 1025
f 943 1021 1024 946
f 949 948 1026 1027
f 1022 944 949 1027
f 951 950 1028 1029
f 947 1025 1028 950
f 953 952 1030 1031
f 1026 948 953 1031
f 955 954 1032 1033
f 951 1029 1032 954
f 957 956 1034 1035
f 1030 952 957 1035
f 959 958 1036 1037
f 955 1033 1036 958
f 961 960 1038 1039
f 1034 956 961 1039
f 960 962 1040 1038
f 964 963 1041 1042
f 963 965 1043 1041
f 959 1037 1043 965
f 967 966 1044 1045
f 1040 962 967 1045
f 966 968 1046 1044
f 968 969 1047 1046
f 969 970 1048 1047
f 970 971 1049 1048
f 971 972 1050 1049
f 964 1042 1050 972
f 974 973 1051 1052
f 1051 973 975 1053
f 976 974 1052 1054
f 977 976 1054 1055
f 978 977 1055 1056
f 979 978 1056 1057
f 980 979 1057 1058
f 980 1058 1059 981
f 983 982 1060 1061
f 1060 982 984 1062
f 975 983 1061 1053
f 985 981 1059 1063
f 986 985 1063 1064
f 986 1064 1065 987
f 984 988 1066 1062
f 1066 988 989 1067
f 990 987 1065 1068
f 990 1068 1069 991
f 989 992 1070 1067
f 1070 992 993 1071
f 994 991 1069 1072
f 994 1072 1073 995
f 993 996 1074 1071
f 1074 996 997 1075
f 998 995 1073 1076
f 998 1076 1077 999
f 997 1000 1078 1075
f 1078 1000 1001 1079
f 1002 999 1077 1080
f 1002 1080 1081 1003
f 1079 1001 1004 1082
f 1003 1081 1083 1005
f 1082 1004 1006 1084
f 1005 1083 1085 1007
f 1084 1006 1008 1086
f 1007 1085 1087 1009
f 1011 1010 1088 1089
f 1008 1012 1090 1086
f 1090 1012 1011 1089
f 1014 1013 1091 1092
f 1015 1009 1087 1093
f 1015 1093 1091 1013
f 1088 1010 1016 1094
f 1014 1092 1095 1017
f 1094 1016 1018 1096
f 1017 1095 1097 1019
f 1096 1018 1020 1098
f 1019 1097 1099 1021
f 1023 1022 1100 1101
f 1098 1020 1023 1101
f 1025 1024 1102 1103
f 1021 1099 1102 1024
f 1027 1026 1104 1105
f 1100 1022 1027 1105
f 1029 1028 1106 1107
f 1025 1103 1106 1028
f 1031 1030 1108 1109
f 1104 1026 1031 1109
f 1033 1032 1110 1111
f 1029 1107 1110 1032
f 1035 1034 1112 1113
f 1108 1030 1035 1113
f 1037 1036 1114 1115
f 1033 1111 1114 1036
f 1039 1038 1116 1117
f 1112 1034 1039 1117
f 1038 1040 1118 1116
f 1042 1041 1119 1120
f 1041 1043 1121 1119
f 1037 1115 1121 1043
f 1045 1044 1122 1123
f 1118 1040 1045 1123
f 1044 1046 1124 1122
f 1046 1047 1125 1124
f 1047 1048 1126 1125
f 1048 1049 1127 1126
f 1049 1050 1128 1127
f 1042 1120 1128 1050
f 1129 1130 1131 1132
f 1052 1051 1129 1132
f 1129 1051 1053 1130
f 1132 1131 1133 1134
f 1054 1052 1132 1134
f 1134 1133 1135 1136
f 1055 1054 1134 1136
f 1136 1135 1137 1138
f 1056 1055 1136 1138
f 1138 1137 1139 1140
f 1057 1056 1138 1140
f 1140 1139 1141 1142
f 1058 1057 1140 1142
f 1058 1142 1141 1059
f 1143 1144 1145 1146
f 1061 1060 1143 1146
f 1143 1060 1062 1144
f 1146 1145 1147 1130
f 1053 1061 1146 1130
f 1130 1147 1148 1131
f 1131 1148 1149 1133
f 1133 1149 1150 1135
f 1135 1150 1151 1137
f 1137 1151 1152 1139
f 1139 1152 1153 1141
f 1141 1153 1154 1155
f 1063 1059 1141 1155
f 1155 1154 1156 1157
f 1064 1063 1155 1157
f 1064 1157 1156 1065
f 1158 1159 1160 1144
f 1062 1066 1158 1144
f 1158 1066 1067 1159
f 1144 1160 1161 1145
f 1145 1161 1162 1147
f 1147 1162 1163 1148
f 1148 1163 1164 1149
f 1149 1164 1165 1150
f 1150 1165 1166 1151
f 1151 1166 1167 1152
f 1152 1167 1168 1153
f 1153 1168 1169 1154
f 1154 1169 1170 1156
f 1156 1170 1171 1172
f 1068 1065 1156 1172
f 1068 1172 1171 1069
f 1173 1174 1175 1159
f 1067 1070 1173 1159
f 1173 1070 1071 1174
f 1159 1175 1176 1160
f 1160 1176 1177 1161
f 1161 1177 1178 1162
f 1162 1178 1179 1163
f 1163 1179 1180 1164
f 1164 1180 1181 1165
f 1165 1181 1182 1166
f 1166 1182 1183 1167
f 1167 1183 1184 1168
f 1168 1184 1185 1169
f 1169 1185 1186 1170
f 1170 1186 1187 1171
f 1171 1187 1188 1189
f 1072 1069 1171 1189
f 1072 1189 1188 1073
f 1190 1191 1192 1174
f 1071 1074 1190 1174
f 1190 1074 1075 1191
f 1174 1192 1193 1175
f 1175 1193 1194 1176
f 1176 1194 1195 1177
f 1177 1195 1196 1178
f 1178 1196 1197 1179
f 1179 1197 1198 1180
f 1180 1198 1199 1181
f 1181 1199 1200 1182
f 1182 1200 1201 1183
f 1183 1201 1202 1184
f 1184 1202 1203 1185
f 1185 1203 1204 1186
f 1186 1204 1205 1187
f 1187 1205 1206 1188
f 1188 1206 1207 1208
f 1076 1073 1188 1208
f 1076 1208 1207 1077
f 1209 1210 1211 1191
f 1075 1078 1209 1191
f 1209 1078 1079 1210
f 1191 1211 1212 1192
f 1192 1212 1213 1193
f 1193 1213 1214 1194
f 1194 1214 1215 1195
f 1195 1215 1216 1196
f 1196 1216 1217 1197
f 1197 1217 1218 1198
f 1198 1218 1219 1199
f 1199 1219 1220 1200
f 1200 1220 1221 1201
f 1201 1221 1222 1202
f 1202 1222 1223 1203
f 1203 1223 1224 1204
f 1204 1224 1225 1205
f 1205 1225 1226 1206
f 1206 1226 1227 1207
f 1207 1227 1228 1229
f 1080 1077 1207 1229
f 1080 1229 1228 1081
f 1210 1230 1231 1211
f 1210 1079 1082 1230
f 1211 1231 1232 1212
f 1212 1232 1233 1213
f 1213 1233 1234 1214
f 1214 1234 1235 1215
f 1215 1235 1236 1216
f 1216 1236 1237 1217
f 1221 1238 1239 1222
f 1222 1239 1240 1223
f 1223 1240 1241 1224
f 1224 1241 1242 1225
f 1225 1242 1243 1226
f 1226 1243 1244 1227
f 1227 1244 1245 1228
f 1081 1228 1245 1083
f 1230 1246 1247 1231
f 1230 1082 1084 1246
f 1231 1247 1248 1232
f 1232 1248 1249 1233
f 1233 1249 1250 1234
f 1234 1250 1251 1235
f 1235 1251 1252 1236
f 1239 1253 1254 1240
f 1240 1254 1255 1241
f 1241 1255 1256 1242
f 1242 1256 1257 1243
f 1243 1257 1258 1244
f 1244 1258 1259 1245
f 1083 1245 1259 1085
f 1246 1260 1261 1247
f 1246 1084 1086 1260
f 1247 1261 1262 1248
f 1248 1262 1263 1249
f 1249 1263 1264 1250
f 1250 1264 1265 1251
f 1251 1265 1266 1252
f 1253 1267 1268 1254
f 1254 1268 1269 1255
f 1255 1269 1270 1256
f 1256 1270 1271 1257
f 1257 1271 1272 1258
f 1258 1272 1273 1259
f 1085 1259 1273 1087
f 1274 1275 1276 1260
f 1089 1088 1276 1275
f 1086 1090 1274 1260
f 1274 1090 1089 1275
f 1260 1276 1277 1261
f 1261 1277 1278 1262
f 1262 1278 1279 1263
f 1263 1279 1280 1264
f 1264 1280 1281 1265
f 1268 1282 1283 1269
f 1269 1283 1284 1270
f 1270 1284 1285 1271
f 1271 1285 1286 1272
f 1272 1286 1287 1273
f 1273 1287 1288 1289
f 1092 1091 1288 1287
f 1093 1087 1273 1289
f 1093 1289 1288 1091
f 1276 1290 1291 1277
f 1276 1088 1094 1290
f 1277 1291 1292 1278
f 1278 1292 1293 1279
f 1279 1293 1294 1280
f 1280 1294 1295 1281
f 1281 1295 1296 1297
f 1298 1299 1300 1282
f 1282 1300 1301 1283
f 1283 1301 1302 1284
f 1284 1302 1303 1285
f 1285 1303 1304 1286
f 1286 1304 1305 1287
f 1092 1287 1305 1095
f 1290 1306 1307 1291
f 1290 1094 1096 1306
f 1291 1307 1308 1292
f 1292 1308 1309 1293
f 1293 1309 1310 1294
f 1294 1310 1311 1295
f 1295 1311 1312 1296
f 1299 1313 1314 1300
f 1300 1314 1315 1301
f 1301 1315 1316 1302
f 1302 1316 1317 1303
f 1303 1317 1318 1304
f 1304 1318 1319 1305
f 1095 1305 1319 1097
f 1306 1320 1321 1307
f 1306 1096 1098 1320
f 1307 1321 1322 1308
f 1308 1322 1323 1309
f 1309 1323 1324 1310
f 1310 1324 1325 1311
f 1311 1325 1326 1312
f 1312 1326 1327 1328
f 1329 1330 1331 1313
f 1313 1331 1332 1314
f 1314 1332 1333 1315
f 1315 1333 1334 1316
f 1316 1334 1335 1317
f 1317 1335 1336 1318
f 1318 1336 1337 1319
f 1097 1319 1337 1099
f 1320 1338 1339 1321
f 1101 1100 1339 1338
f 1320 1098 1101 1338
f 1321 1339 1340 1322
f 1322 1340 1341 1323
f 1323 1341 1342 1324
f 1324 1342 1343 1325
f 1325 1343 1344 1326
f 1326 1344 1345 1327
f 1327 1345 1346 1347
f 1347 1346 1348 1349
f 1349 1348 1350 1351
f 1351 1350 1352 1330
f 1330 1352 1353 1331
f 1331 1353 1354 1332
f 1332 1354 1355 1333
f 1333 1355 1356 1334
f 1334 1356 1357 1335
f 1335 1357 1358 1336
f 1336 1358 1359 1337
f 1103 1102 1359 1358
f 1099 1337 1359 1102
f 1339 1360 1361 1340
f 1105 1104 1361 1360
f 1339 1100 1105 1360
f 1340 1361 1362 1341
f 1341 1362 1363 1342
f 1342 1363 1364 1343
f 1343 1364 1365 1344
f 1344 1365 1366 1345
f 1345 1366 1367 1346
f 1346 1367 1368 1348
f 1348 1368 1369 1350
f 1350 1369 1370 1352
f 1352 1370 1371 1353
f 1353 1371 1372 1354
f 1354 1372 1373 1355
f 1355 1373 1374 1356
f 1356 1374 1375 1357
f 1357 1375 1376 1358
f 1107 1106 1376 1375
f 1103 1358 1376 1106
f 1361 1377 1378 1362
f 1109 1108 1378 1377
f 1361 1104 1109 1377
f 1362 1378 1379 1363
f 1363 1379 1380 1364
f 1364 1380 1381 1365
f 1365 1381 1382 1366
f 1366 1382 1383 1367
f 1367 1383 1384 1368
f 1368 1384 1385 1369
f 1369 1385 1386 1370
f 1370 1386 1387 1371
f 1371 1387 1388 1372
f 1372 1388 1389 1373
f 1373 1389 1390 1374
f 1374 1390 1391 1375
f 1111 1110 1391 1390
f 1107 1375 1391 1110
f 1378 1392 1393 1379
f 1113 1112 1393 1392
f 1378 1108 1113 1392
f 1379 1393 1394 1380
f 1380 1394 1395 1381
f 1381 1395 1396 1382
f 1382 1396 1397 1383
f 1383 1397 1398 1384
f 1384 1398 1399 1385
f 1385 1399 1400 1386
f 1386 1400 1401 1387
f 1387 1401 1402 1388
f 1388 1402 1403 1389
f 1389 1403 1404 1390
f 1115 1114 1404 1403
f 1111 1390 1404 1114
f 1393 1405 1406 1394
f 1117 1116 1406 1405
f 1393 1112 1117 1405
f 1394 1406 1407 1395
f 1116 1118 1407 1406
f 1395 1407 1408 1396
f 1396 1408 1409 1397
f 1397 1409 1410 1398
f 1398 1410 1411 1399
f 1399 1411 1412 1400
f 1400 1412 1413 1401
f 1401 1413 1414 1402
f 1120 1119 1414 1413
f 1402 1414 1415 1403
f 1119 1121 1415 1414
f 1115 1403 1415 1121
f 1407 1416 1417 1408
f 1123 1122 1417 1416
f 1407 1118 1123 1416
f 1408 1417 1418 1409
f 1122 1124 1418 1417
f 1409 1418 1419 1410
f 1124 1125 1419 1418
f 1410 1419 1420 1411
f 1125 1126 1420 1419
f 1411 1420 1421 1412
f 1126 1127 1421 1420
f 1412 1421 1422 1413
f 1127 1128 1422 1421
f 1120 1413 1422 1128
f 1218 1217 1423 1424
f 1423 1217 1237 1425
f 1219 1218 1424 1426
f 1220 1219 1426 1427
f 1221 1220 1427 1428
f 1221 1428 1429 1238
f 1237 1236 1430 1425
f 1430 1236 1252 1431
f 1239 1238 1429 1432
f 1239 1432 1433 1253
f 1431 1252 1266 1434
f 1253 1433 1435 1267
f 1281 1297 1436 1437
f 1266 1265 1438 1434
f 1438 1265 1281 1437
f 1298 1282 1439 1440
f 1268 1267 1435 1441
f 1268 1441 1439 1282
f 1436 1297 1296 1442
f 1298 1440 1443 1299
f 1312 1328 1444 1445
f 1442 1296 1312 1445
f 1329 1313 1446 1447
f 1299 1443 1446 1313
f 1327 1347 1448 1449
f 1444 1328 1327 1449
f 1347 1349 1450 1448
f 1349 1351 1451 1450
f 1351 1330 1452 1451
f 1329 1447 1452 1330
f 1424 1423 1453 1454
f 1453 1423 1425 1455
f 1426 1424 1454 1456
f 1427 1426 1456 1457
f 1428 1427 1457 1458
f 1428 1458 1459 1429
f 1425 1430 1460 1455
f 1460 1430 1431 1461
f 1432 1429 1459 1462
f 1432 1462 1463 1433
f 1461 1431 1434 1464
f 1433 1463 1465 1435
f 1437 1436 1466 1467
f 1434 1438 1468 1464
f 1468 1438 1437 1467
f 1440 1439 1469 1470
f 1441 1435 1465 1471
f 1441 1471 1469 1439
f 1466 1436 1442 1472
f 1440 1470 1473 1443
f 1445 1444 1474 1475
f 1472 1442 1445 1475
f 1447 1446 1476 1477
f 1443 1473 1476 1446
f 1449 1448 1478 1479
f 1474 1444 1449 1479
f 1448 1450 1480 1478
f 1450 1451 1481 1480
f 1451 1452 1482 1481
f 1447 1477 1482 1452
f 1454 1453 1483 1484
f 1483 1453 1455 1485
f 1456 1454 1484 1486
f 1457 1456 1486 1487
f 1458 1457 1487 1488
f 1458 1488 1489 1459
f 1455 1460 1490 1485
f 1490 1460 1461 1491
f 1462 1459 1489 1492
f 1462 1492 1493 1463
f 1491 1461 1464 1494
f 1463 1493 1495 1465
f 1467 1466 1496 1497
f 1464 1468 1498 1494
f 1498 1468 1467 1497
f 1470 1469 1499 1500
f 1471 1465 1495 1501
f 1471 1501 1499 1469
f 1496 1466 1472 1502
f 1470 1500 1503 1473
f 1475 1474 1504 1505
f 1502 1472 1475 1505
f 1477 1476 1506 1507
f 1473 1503 1506 1476
f 1479 1478 1508 1509
f 1504 1474 1479 1509
f 1478 1480 1510 1508
f 1480 1481 1511 1510
f 1481 1482 1512 1511
f 1477 1507 1512 1482
f 1513 1514 1515 1516
f 1484 1483 1513 1516
f 1513 1483 1485 1514
f 1516 1515 1517 1518
f 1486 1484 1516 1518
f 1518 1517 1519 1520
f 1487 1486 1518 1520
f 1520 1519 1521 1522
f 1488 1487 1520 1522
f 1488 1522 1521 1489
f 1523 1524 1525 1514
f 1485 1490 1523 1514
f 1523 1490 1491 1524
f 1514 1525 1526 1515
f 1515 1526 1527 1517
f 1517 1527 1528 1519
f 1519 1528 1529 1521
f 1521 1529 1530 1531
f 1492 1489 1521 1531
f 1492 1531 1530 1493
f 1524 1532 1533 1525
f 1524 1491 1494 1532
f 1525 1533 1534 1526
f 1526 1534 1535 1527
f 1527 1535 1536 1528
f 1528 1536 1537 1529
f 1529 1537 1538 1530
f 1493 1530 1538 1495
f 1539 1540 1541 1532
f 1497 1496 1541 1540
f 1494 1498 1539 1532
f 1539 1498 1497 1540
f 1532 1541 1542 1533
f 1533 1542 1543 1534
f 1534 1543 1544 1535
f 1535 1544 1545 1536
f 1536 1545 1546 1537
f 1537 1546 1547 1538
f 1538 1547 1548 1549
f 1500 1499 1548 1547
f 1501 1495 1538 1549
f 1501 1549 1548 1499
f 1541 1550 1551 1542
f 1541 1496 1502 1550
f 1542 1551 1552 1543
f 1543 1552 1553 1544
f 1544 1553 1554 1545
f 1545 1554 1555 1546
f 1546 1555 1556 1547
f 1500 1547 1556 1503
f 1550 1557 1558 1551
f 1505 1504 1558 1557
f 1550 1502 1505 1557
f 1551 1558 1559 1552
f 1552 1559 1560 1553
f 1553 1560 1561 1554
f 1554 1561 1562 1555
f 1555 1562 1563 1556
f 1507 1506 1563 1562
f 1503 1556 1563 1506
f 1558 1564 1565 1559
f 1509 1508 1565 1564
f 1558 1504 1509 1564
f 1559 1565 1566 1560
f 1508 1510 1566 1565
f 1560 1566 1567 1561
f 1510 1511 1567 1566
f 1561 1567 1568 1562
f 1511 1512 1568 1567
f 1507 1562 1568 1512
f 1569 1570 1571 1572
f 1569 1572 1573 1574
f 1573 1572 1571 1575
f 1576 1577 1570 1569
f 1576 1569 1574 1578
f 1576 1578 1579 1577
f 1571 1580 1581 1582
f 1581 1580 1583 1584
f 1571 1582 1585 1575
f 1585 1582 1581 1584
f 1570 1586 1580 1571
f 1577 1587 1586 1570
f 1588 1589 1587 1577
f 1587 1589 1590 1591
f 1588 1577 1579 1592
f 1588 1592 1590 1589
f 1586 1593 1594 1580
f 1594 1593 1595 1596
f 1583 1580 1594 1596
f 1587 1597 1593 1586
f 1593 1597 1598 1595
f 1587 1591 1598 1597
f 1574 1573 1599 1600
f 1599 1573 1575 1601
f 1578 1574 1600 1602
f 1578 1602 1603 1579
f 1584 1583 1604 1605
f 1575 1585 1606 1601
f 1606 1585 1584 1605
f 1591 1590 1607 1608
f 1592 1579 1603 1609
f 1592 1609 1607 1590
f 1596 1595 1610 1611
f 1604 1583 1596 1611
f 1595 1598 1612 1610
f 1591 1608 1612 1598
f 1600 1599 1613 1614
f 1613 1599 1601 1615
f 1602 1600 1614 1616
f 1602 1616 1617 1603
f 1605 1604 1618 1619
f 1601 1606 1620 1615
f 1620 1606 1605 1619
f 1608 1607 1621 1622
f 1609 1603 1617 1623
f 1609 1623 1621 1607
f 1611 1610 1624 1625
f 1618 1604 1611 1625
f 1610 1612 1626 1624
f 1608 1622 1626 1612
f 1627 1613 1628 1629
f 1627 1629 1630 1631
f 1630 1629 1628 1632
f 1633 1614 1613 1627
f 1633 1627 1631 1634
f 1635 1616 1614 1633
f 1635 1633 1634 1636
f 1637 1638 1616 1635
f 1637 1635 1636 1639
f 1637 1639 1640 1638
f 1613 1615 1620 1628
f 1632 1628 1620 1641
f 1638 1623 1617 1616
f 1638 1640 1642 1623
f 1620 1619 1643 1644
f 1643 1619 1645 1646
f 1620 1644 1647 1641
f 1647 1644 1643 1646
f 1648 1649 1621 1623
f 1621 1649 1650 1651
f 1648 1623 1642 1652
f 1648 1652 1650 1649
f 1618 1625 1653 1619
f 1645 1619 1653 1654
f 1621 1655 1626 1622
f 1621 1651 1656 1655
f 1625 1657 1658 1653
f 1658 1657 1659 1660
f 1654 1653 1658 1660
f 1624 1661 1657 1625
f 1657 1661 1662 1659
f 1626 1663 1661 1624
f 1661 1663 1664 1662
f 1655 1665 1663 1626
f 1663 1665 1666 1664
f 1655 1656 1666 1665
f 1631 1630 1667 1668
f 1667 1630 1632 1669
f 1634 1631 1668 1670
f 1636 1634 1670 1671
f 1639 1636 1671 1672
f 1639 1672 1673 1640
f 1669 1632 1641 1674
f 1640 1673 1675 1642
f 1646 1645 1676 1677
f 1641 1647 1678 1674
f 1678 1647 1646 1677
f 1651 1650 1679 1680
f 1652 1642 1675 1681
f 1652 1681 1679 1650
f 1676 1645 1654 1682
f 1651 1680 1683 1656
f 1660 1659 1684 1685
f 1682 1654 1660 1685
f 1659 1662 1686 1684
f 1662 1664 1687 1686
f 1664 1666 1688 1687
f 1656 1683 1688 1666
f 1668 1667 1689 1690
f 1689 1667 1669 1691
f 1670 1668 1690 1692
f 1671 1670 1692 1693
f 1672 1671 1693 1694
f 1672 1694 1695 1673
f 1691 1669 1674 1696
f 1673 1695 1697 1675
f 1677 1676 1698 1699
f 1674 1678 1700 1696
f 1700 1678 1677 1699
f 1680 1679 1701 1702
f 1681 1675 1697 1703
f 1681 1703 1701 1679
f 1698 1676 1682 1704
f 1680 1702 1705 1683
f 1685 1684 1706 1707
f 1704 1682 1685 1707
f 1684 1686 1708 1706
f 1686 1687 1709 1708
f 1687 1688 1710 1709
f 1683 1705 1710 1688
f 1711 1690 1689 1712
f 1711 1712 1713 1714
f 1713 1712 1689 1715
f 1716 1692 1690 1711
f 1716 1711 1714 1717
f 1718 1693 1692 1716
f 1718 1716 1717 1719
f 1720 1694 1693 1718
f 1720 1718 1719 1721
f 1720 1721 1722 1694
f 1689 1691 1723 1724
f 1689 1724 1725 1715
f 1725 1724 1723 1726
f 1727 1728 1695 1694
f 1727 1694 1722 1729
f 1727 1729 1730 1728
f 1691 1696 1700 1723
f 1726 1723 1700 1731
f 1728 1703 1697 1695
f 1728 1730 1732 1703
f 1700 1699 1733 1734
f 1733 1699 1735 1736
f 1700 1734 1737 1731
f 1737 1734 1733 1736
f 1738 1739 1701 1703
f 1701 1739 1740 1741
f 1738 1703 1732 1742
f 1738 1742 1740 1739
f 1698 1704 1743 1699
f 1735 1699 1743 1744
f 1701 1745 1705 1702
f 1701 1741 1746 1745
f 1704 1707 1747 1743
f 1747 1707 1748 1749
f 1744 1743 1747 1749
f 1745 1750 1710 1705
f 1710 1750 1751 1752
f 1745 1746 1751 1750
f 1706 1753 1754 1707
f 1754 1753 1755 1756
f 1748 1707 1754 1756
f 1708 1757 1753 1706
f 1753 1757 1758 1755
f 1709 1759 1757 1708
f 1757 1759 1760 1758
f 1710 1761 1759 1709
f 1759 1761 1762 1760
f 1710 1752 1762 1761
f 1714 1713 1763 1764
f 1763 1713 1715 1765
f 1717 1714 1764 1766
f 1719 1717 1766 1767
f 1721 1719 1767 1768
f 1721 1768 1769 1722
f 1715 1725 1770 1765
f 1770 1725 1726 1771
f 1729 1722 1769 1772
f 1729 1772 1773 1730
f 1771 1726 1731 1774
f 1730 1773 1775 1732
f 1736 1735 1776 1777
f 1731 1737 1778 1774
f 1778 1737 1736 1777
f 1741 1740 1779 1780
f 1742 1732 1775 1781
f 1742 1781 1779 1740
f 1776 1735 1744 1782
f 1741 1780 1783 1746
f 1749 1748 1784 1785
f 1782 1744 1749 1785
f 1752 1751 1786 1787
f 1746 1783 1786 1751
f 1756 1755 1788 1789
f 1784 1748 1756 1789
f 1755 1758 1790 1788
f 1758 1760 1791 1790
f 1760 1762 1792 1791
f 1752 1787 1792 1762
f 1764 1763 1793 1794
f 1793 1763 1765 1795
f 1766 1764 1794 1796
f 1767 1766 1796 1797
f 1768 1767 1797 1798
f 1768 1798 1799 1769
f 1765 1770 1800 1795
f 1800 1770 1771 1801
f 1772 1769 1799 1802
f 1772 1802 1803 1773
f 1801 1771 1774 1804
f 1773 1803 1805 1775
f 1777 1776 1806 1807
f 1774 1778 1808 1804
f 1808 1778 1777 1807
f 1780 1779 1809 1810
f 1781 1775 1805 1811
f 1781 1811 1809 1779
f 1806 1776 1782 1812
f 1780 1810 1813 1783
f 1785 1784 1814 1815
f 1812 1782 1785 1815
f 1787 1786 1816 1817
f 1783 1813 1816 1786
f 1789 1788 1818 1819
f 1814 1784 1789 1819
f 1788 1790 1820 1818
f 1790 1791 1821 1820
f 1791 1792 1822 1821
f 1787 1817 1822 1792
f 1823 1794 1793 1824
f 1823 1824 1825 1826
f 1825 1824 1793 1827
f 1828 1796 1794 1823
f 1828 1823 1826 1829
f 1830 1797 1796 1828
f 1830 1828 1829 1831
f 1832 1798 1797 1830
f 1832 1830 1831 1833
f 1832 1833 1834 1798
f 1793 1795 1800 1835
f 1793 1835 1836 1827
f 1836 1835 1800 1837
f 1838 1802 1799 1798
f 1838 1798 1834 1839
f 1838 1839 1840 1802
f 1800 1801 1841 1842
f 1800 1842 1843 1837
f 1843 1842 1841 1844
f 1845 1846 1803 1802
f 1845 1802 1840 1847
f 1845 1847 1848 1846
f 1801 1804 1808 1841
f 1844 1841 1808 1849
f 1846 1811 1805 1803
f 1846 1848 1850 1811
f 1808 1807 1851 1852
f 1851 1807 1853 1854
f 1808 1852 1855 1849
f 1855 1852 1851 1854
f 1856 1857 1809 1811
f 1809 1857 1858 1859
f 1856 1811 1850 1860
f 1856 1860 1858 1857
f 1806 1812 1861 1807
f 1853 1807 1861 1862
f 1809 1863 1813 1810
f 1809 1859 1864 1863
f 1812 1815 1865 1861
f 1865 1815 1866 1867
f 1862 1861 1865 1867
f 1863 1868 1816 1813
f 1816 1868 1869 1870
f 1863 1864 1869 1868
f 1814 1819 1871 1815
f 1871 1819 1872 1873
f 1866 1815 1871 1873
f 1816 1874 1822 1817
f 1822 1874 1875 1876
f 1816 1870 1875 1874
f 1818 1877 1878 1819
f 1878 1877 1879 1880
f 1872 1819 1878 1880
f 1820 1881 1877 1818
f 1877 1881 1882 1879
f 1821 1883 1881 1820
f 1881 1883 1884 1882
f 1822 1885 1883 1821
f 1883 1885 1886 1884
f 1822 1876 1886 1885
f 1826 1825 1887 1888
f 1887 1825 1827 1889
f 1829 1826 1888 1890
f 1831 1829 1890 1891
f 1833 1831 1891 1892
f 1833 1892 1893 1834
f 1827 1836 1894 1889
f 1894 1836 1837 1895
f 1839 1834 1893 1896
f 1839 1896 1897 1840
f 1837 1843 1898 1895
f 1898 1843 1844 1899
f 1847 1840 1897 1900
f 1847 1900 1901 1848
f 1899 1844 1849 1902
f 1848 1901 1903 1850
f 1854 1853 1904 1905
f 1849 1855 1906 1902
f 1906 1855 1854 1905
f 1859 1858 1907 1908
f 1860 1850 1903 1909
f 1860 1909 1907 1858
f 1904 1853 1862 1910
f 1859 1908 1911 1864
f 1867 1866 1912 1913
f 1910 1862 1867 1913
f 1870 1869 1914 1915
f 1864 1911 1914 1869
f 1873 1872 1916 1917
f 1912 1866 1873 1917
f 1876 1875 1918 1919
f 1870 1915 1918 1875
f 1880 1879 1920 1921
f 1916 1872 1880 1921
f 1879 1882 1922 1920
f 1882 1884 1923 1922
f 1884 1886 1924 1923
f 1876 1919 1924 1886
f 1888 1887 1925 1926
f 1925 1887 1889 1927
f 1890 1888 1926 1928
f 1891 1890 1928 1929
f 1892 1891 1929 1930
f 1892 1930 1931 1893
f 1889 1894 1932 1927
f 1932 1894 1895 1933
f 1896 1893 1931 1934
f 1896 1934 1935 1897
f 1895 1898 1936 1933
f 1936 1898 1899 1937
f 1900 1897 1935 1938
f 1900 1938 1939 1901
f 1937 1899 1902 1940
f 1901 1939 1941 1903
f 1905 1904 1942 1943
f 1902 1906 1944 1940
f 1944 1906 1905 1943
f 1908 1907 1945 1946
f 1909 1903 1941 1947
f 1909 1947 1945 1907
f 1942 1904 1910 1948
f 1908 1946 1949 1911
f 1913 1912 1950 1951
f 1948 1910 1913 1951
f 1915 1914 1952 1953
f 1911 1949 1952 1914
f 1917 1916 1954 1955
f 1950 1912 1917 1955
f 1919 1918 1956 1957
f 1915 1953 1956 1918
f 1921 1920 1958 1959
f 1954 1916 1921 1959
f 1920 1922 1960 1958
f 1922 1923 1961 1960
f 1923 1924 1962 1961
f 1919 1957 1962 1924
f 1963 1926 1925 1964
f 1963 1964 1965 1966
f 1965 1964 1925 1967
f 1968 1928 1926 1963
f 1968 1963 1966 1969
f 1970 1929 1928 1968
f 1970 1968 1969 1971
f 1972 1930 1929 1970
f 1972 1970 1971 1973
f 1972 1973 1974 1930
f 1975 1932 1976 1977
f 1975 1977 1978 1979
f 1978 1977 1976 1980
f 1925 1927 1932 1975
f 1925 1975 1979 1967
f 1981 1934 1931 1930
f 1981 1930 1974 1982
f 1983 1984 1934 1981
f 1983 1981 1982 1985
f 1983 1985 1986 1984
f 1976 1936 1987 1988
f 1976 1988 1989 1980
f 1989 1988 1987 1990
f 1932 1933 1936 1976
f 1984 1938 1935 1934
f 1991 1992 1938 1984
f 1991 1984 1986 1993
f 1991 1993 1994 1992
f 1936 1937 1995 1987
f 1990 1987 1995 1996
f 1992 1997 1939 1938
f 1992 1994 1998 1997
f 1937 1940 1944 1995
f 1996 1995 1944 1999
f 1997 1947 1941 1939
f 1997 1998 2000 1947
f 1944 1943 2001 2002
f 2001 1943 2003 2004
f 1944 2002 2005 1999
f 2005 2002 2001 2004
f 2006 2007 1945 1947
f 1945 2007 2008 2009
f 2006 1947 2000 2010
f 2006 2010 2008 2007
f 1942 1948 2011 1943
f 2003 1943 2011 2012
f 1945 2013 1949 1946
f 1945 2009 2014 2013
f 1948 1951 2015 2011
f 2012 2011 2015 2016
f 2013 2017 1952 1949
f 2013 2014 2018 2017
f 1951 2019 2020 2015
f 2020 2019 2021 2022
f 2016 2015 2020 2022
f 1950 1955 2019 1951
f 1952 2023 1956 1953
f 2017 2024 2023 1952
f 2023 2024 2025 2026
f 2017 2018 2025 2024
f 1955 2027 2028 2019
f 2028 2027 2029 2030
f 2021 2019 2028 2030
f 1954 1959 2027 1955
f 2027 1959 2031 2029
f 1956 2032 1962 1957
f 1962 2032 2033 2034
f 2023 2035 2032 1956
f 2032 2035 2036 2033
f 2023 2026 2036 2035
f 1958 2037 2038 1959
f 2038 2037 2039 2040
f 2031 1959 2038 2040
f 1960 2041 2037 1958
f 2037 2041 2042 2039
f 1961 2043 2041 1960
f 2041 2043 2044 2042
f 1962 2045 2043 1961
f 2043 2045 2046 2044
f 1962 2034 2046 2045
f 1966 1965 2047 2048
f 2047 1965 1967 2049
f 1969 1966 2048 2050
f 1971 1969 2050 2051
f 1973 1971 2051 2052
f 1973 2052 2053 1974
f 1979 1978 2054 2055
f 2054 1978 1980 2056
f 1967 1979 2055 2049
f 1982 1974 2053 2057
f 1985 1982 2057 2058
f 1985 2058 2059 1986
f 1980 1989 2060 2056
f 2060 1989 1990 2061
f 1993 1986 2059 2062
f 1993 2062 2063 1994
f 2061 1990 1996 2064
f 1994 2063 2065 1998
f 2064 1996 1999 2066
f 1998 2065 2067 2000
f 2004 2003 2068 2069
f 1999 2005 2070 2066
f 2070 2005 2004 2069
f 2009 2008 2071 2072
f 2010 2000 2067 2073
f 2010 2073 2071 2008
f 2068 2003 2012 2074
f 2009 2072 2075 2014
f 2074 2012 2016 2076
f 2014 2075 2077 2018
f 2022 2021 2078 2079
f 2076 2016 2022 2079
f 2026 2025 2080 2081
f 2018 2077 2080 2025
f 2030 2029 2082 2083
f 2078 2021 2030 2083
f 2029 2031 2084 2082
f 2034 2033 2085 2086
f 2033 2036 2087 2085
f 2026 2081 2087 2036
f 2040 2039 2088 2089
f 2084 2031 2040 2089
f 2039 2042 2090 2088
f 2042 2044 2091 2090
f 2044 2046 2092 2091
f 2034 2086 2092 2046
f 2048 2047 2093 2094
f 2093 2047 2049 2095
f 2050 2048 2094 2096
f 2051 2050 2096 2097
f 2052 2051 2097 2098
f 2052 2098 2099 2053
f 2055 2054 2100 2101
f 2100 2054 2056 2102
f 2049 2055 2101 2095
f 2057 2053 2099 2103
f 2058 2057 2103 2104
f 2058 2104 2105 2059
f 2056 2060 2106 2102
f 2106 2060 2061 2107
f 2062 2059 2105 2108
f 2062 2108 2109 2063
f 2107 2061 2064 2110
f 2063 2109 2111 2065
f 2110 2064 2066 2112
f 2065 2111 2113 2067
f 2069 2068 2114 2115
f 2066 2070 2116 2112
f 2116 2070 2069 2115
f 2072 2071 2117 2118
f 2073 2067 2113 2119
f 2073 2119 2117 2071
f 2114 2068 2074 2120
f 2072 2118 2121 2075
f 2120 2074 2076 2122
f 2075 2121 2123 2077
f 2079 2078 2124 2125
f 2122 2076 2079 2125
f 2081 2080 2126 2127
f 2077 2123 2126 2080
f 2083 2082 2128 2129
f 2124 2078 2083 2129
f 2082 2084 2130 2128
f 2086 2085 2131 2132
f 2085 2087 2133 2131
f 2081 2127 2133 2087
f 2089 2088 2134 2135
f 2130 2084 2089 2135
f 2088 2090 2136 2134
f 2090 2091 2137 2136
f 2091 2092 2138 2137
f 2086 2132 2138 2092
f 2094 2093 2139 2140
f 2139 2093 2095 2141
f 2096 2094 2140 2142
f 2097 2096 2142 2143
f 2098 2097 2143 2144
f 2098 2144 2145 2099
f 2101 2100 2146 2147
f 2146 2100 2102 2148
f 2095 2101 2147 2141
f 2103 2099 2145 2149
f 2104 2103 2149 2150
f 2104 2150 2151 2105
f 2102 2106 2152 2148
f 2152 2106 2107 2153
f 2108 2105 2151 2154
f 2108 2154 2155 2109
f 2153 2107 2110 2156
f 2109 2155 2157 2111
f 2156 2110 2112 2158
f 2111 2157 2159 2113
f 2115 2114 2160 2161
f 2112 2116 2162 2158
f 2162 2116 2115 2161
f 2118 2117 2163 2164
f 2119 2113 2159 2165
f 2119 2165 2163 2117
f 2160 2114 2120 2166
f 2118 2164 2167 2121
f 2166 2120 2122 2168
f 2121 2167 2169 2123
f 2125 2124 2170 2171
f 2168 2122 2125 2171
f 2127 2126 2172 2173
f 2123 2169 2172 2126
f 2129 2128 2174 2175
f 2170 2124 2129 2175
f 2128 2130 2176 2174
f 2132 2131 2177 2178
f 2131 2133 2179 2177
f 2127 2173 2179 2133
f 2135 2134 2180 2181
f 2176 2130 2135 2181
f 2134 2136 2182 2180
f 2136 2137 2183 2182
f 2137 2138 2184 2183
f 2132 2178 2184 2138
f 2140 2139 2185 2186
f 2185 2139 2141 2187
f 2142 2140 2186 2188
f 2143 2142 2188 2189
f 2144 2143 2189 2190
f 2144 2190 2191 2145
f 2147 2146 2192 2193
f 2192 2146 2148 2194
f 2141 2147 2193 2187
f 2149 2145 2191 2195
f 2150 2149 2195 2196
f 2150 2196 2197 2151
f 2148 2152 2198 2194
f 2198 2152 2153 2199
f 2154 2151 2197 2200
f 2154 2200 2201 2155
f 2199 2153 2156 2202
f 2155 2201 2203 2157
f 2202 2156 2158 2204
f 2157 2203 2205 2159
f 2161 2160 2206 2207
f 2158 2162 2208 2204
f 2208 2162 2161 2207
f 2164 2163 2209 2210
f 2165 2159 2205 2211
f 2165 2211 2209 2163
f 2206 2160 2166 2212
f 2164 2210 2213 2167
f 2212 2166 2168 2214
f 2167 2213 2215 2169
f 2171 2170 2216 2217
f 2214 2168 2171 2217
f 2173 2172 2218 2219
f 2169 2215 2218 2172
f 2175 2174 2220 2221
f 2216 2170 2175 2221
f 2174 2176 2222 2220
f 2178 2177 2223 2224
f 2177 2179 2225 2223
f 2173 2219 2225 2179
f 2181 2180 2226 2227
f 2222 2176 2181 2227
f 2180 2182 2228 2226
f 2182 2183 2229 2228
f 2183 2184 2230 2229
f 2178 2224 2230 2184
f 2186 2185 2231 2232
f 2231 2185 2187 2233
f 2188 2186 2232 2234
f 2189 2188 2234 2235
f 2190 2189 2235 2236
f 2190 2236 2237 2191
f 2193 2192 2238 2239
f 2238 2192 2194 2240
f 2187 2193 2239 2233
f 2195 2191 2237 2241
f 2196 2195 2241 2242
f 2196 2242 2243 2197
f 2194 2198 2244 2240
f 2244 2198 2199 2245
f 2200 2197 2243 2246
f 2200 2246 2247 2201
f 2245 2199 2202 2248
f 2201 2247 2249 2203
f 2248 2202 2204 2250
f 2203 2249 2251 2205
f 2207 2206 2252 2253
f 2204 2208 2254 2250
f 2254 2208 2207 2253
f 2210 2209 2255 2256
f 2211 2205 2251 2257
f 2211 2257 2255 2209
f 2252 2206 2212 2258
f 2210 2256 2259 2213
f 2258 2212 2214 2260
f 2213 2259 2261 2215
f 2217 2216 2262 2263
f 2260 2214 2217 2263
f 2219 2218 2264 2265
f 2215 2261 2264 2218
f 2221 2220 2266 2267
f 2262 2216 2221 2267
f 2220 2222 2268 2266
f 2224 2223 2269 2270
f 2223 2225 2271 2269
f 2219 2265 2271 2225
f 2227 2226 2272 2273
f 2268 2222 2227 2273
f 2226 2228 2274 2272
f 2228 2229 2275 2274
f 2229 2230 2276 2275
f 2224 2270 2276 2230
f 2277 2278 2279 2280
f 2232 2231 2277 2280
f 2277 2231 2233 2278
f 2280 2279 2281 2282
f 2234 2232 2280 2282
f 2282 2281 2283 2284
f 2235 2234 2282 2284
f 2284 2283 2285 2286
f 2236 2235 2284 2286
f 2236 2286 2285 2237
f 2287 2288 2289 2290
f 2239 2238 2287 2290
f 2287 2238 2240 2288
f 2290 2289 2291 2278
f 2233 2239 2290 2278
f 2285 2292 2293 2294
f 2241 2237 2285 2294
f 2294 2293 2295 2296
f 2242 2241 2294 2296
f 2242 2296 2295 2243
f 2297 2298 2299 2288
f 2240 2244 2297 2288
f 2297 2244 2245 2298
f 2288 2299 2300 2289
f 2293 2301 2302 2295
f 2295 2302 2303 2304
f 2246 2243 2295 2304
f 2246 2304 2303 2247
f 2298 2305 2306 2299
f 2298 2245 2248 2305
f 2302 2307 2308 2303
f 2247 2303 2308 2249
f 2305 2309 2310 2306
f 2305 2248 2250 2309
f 2307 2311 2312 2308
f 2249 2308 2312 2251
f 2313 2314 2315 2309
f 2253 2252 2315 2314
f 2250 2254 2313 2309
f 2313 2254 2253 2314
f 2312 2316 2317 2318
f 2256 2255 2317 2316
f 2257 2251 2312 2318
f 2257 2318 2317 2255
f 2315 2319 2320 2321
f 2315 2252 2258 2319
f 2322 2323 2324 2316
f 2256 2316 2324 2259
f 2319 2325 2326 2320
f 2319 2258 2260 2325
f 2323 2327 2328 2324
f 2259 2324 2328 2261
f 2325 2329 2330 2326
f 2263 2262 2330 2329
f 2325 2260 2263 2329
f 2326 2330 2331 2332
f 2333 2334 2335 2327
f 2327 2335 2336 2328
f 2265 2264 2336 2335
f 2261 2328 2336 2264
f 2330 2337 2338 2331
f 2267 2266 2338 2337
f 2330 2262 2267 2337
f 2331 2338 2339 2340
f 2266 2268 2339 2338
f 2341 2342 2343 2334
f 2270 2269 2343 2342
f 2334 2343 2344 2335
f 2269 2271 2344 2343
f 2265 2335 2344 2271
f 2339 2345 2346 2347
f 2273 2272 2346 2345
f 2339 2268 2273 2345
f 2347 2346 2348 2349
f 2272 2274 2348 2346
f 2349 2348 2350 2351
f 2274 2275 2350 2348
f 2351 2350 2352 2342
f 2275 2276 2352 2350
f 2270 2342 2352 2276
f 2279 2278 2353 2354
f 2353 2278 2291 2355
f 2281 2279 2354 2356
f 2283 2281 2356 2357
f 2285 2283 2357 2358
f 2285 2358 2359 2292
f 2291 2289 2360 2355
f 2360 2289 2300 2361
f 2293 2292 2359 2362
f 2293 2362 2363 2301
f 2300 2299 2364 2361
f 2364 2299 2306 2365
f 2302 2301 2363 2366
f 2302 2366 2367 2307
f 2365 2306 2310 2368
f 2307 2367 2369 2311
f 2315 2321 2370 2371
f 2310 2309 2372 2368
f 2372 2309 2315 2371
f 2322 2316 2373 2374
f 2312 2311 2369 2375
f 2312 2375 2373 2316
f 2370 2321 2320 2376
f 2322 2374 2377 2323
f 2326 2332 2378 2379
f 2376 2320 2326 2379
f 2333 2327 2380 2381
f 2323 2377 2380 2327
f 2331 2340 2382 2383
f 2378 2332 2331 2383
f 2341 2334 2384 2385
f 2333 2381 2384 2334
f 2339 2347 2386 2387
f 2382 2340 2339 2387
f 2347 2349 2388 2386
f 2349 2351 2389 2388
f 2351 2342 2390 2389
f 2341 2385 2390 2342
f 2354 2353 2391 2392
f 2391 2353 2355 2393
f 2356 2354 2392 2394
f 2357 2356 2394 2395
f 2358 2357 2395 2396
f 2358 2396 2397 2359
f 2355 2360 2398 2393
f 2398 2360 2361 2399
f 2362 2359 2397 2400
f 2362 2400 2401 2363
f 2361 2364 2402 2399
f 2402 2364 2365 2403
f 2366 2363 2401 2404
f 2366 2404 2405 2367
f 2403 2365 2368 2406
f 2367 2405 2407 2369
f 2371 2370 2408 2409
f 2368 2372 2410 2406
f 2410 2372 2371 2409
f 2374 2373 2411 2412
f 2375 2369 2407 2413
f 2375 2413 2411 2373
f 2408 2370 2376 2414
f 2374 2412 2415 2377
f 2379 2378 2416 2417
f 2414 2376 2379 2417
f 2381 2380 2418 2419
f 2377 2415 2418 2380
f 2383 2382 2420 2421
f 2416 2378 2383 2421
f 2385 2384 2422 2423
f 2381 2419 2422 2384
f 2387 2386 2424 2425
f 2420 2382 2387 2425
f 2386 2388 2426 2424
f 2388 2389 2427 2426
f 2389 2390 2428 2427
f 2385 2423 2428 2390
f 2429 2430 2431 2432
f 2392 2391 2429 2432
f 2429 2391 2393 2430
f 2432 2431 2433 2434
f 2394 2392 2432 2434
f 2434 2433 2435 2436
f 2395 2394 2434 2436
f 2436 2435 2437 2438
f 2396 2395 2436 2438
f 2396 2438 2437 2397
f 2439 2440 2441 2430
f 2393 2398 2439 2430
f 2439 2398 2399 2440
f 2437 2442 2443 2444
f 2400 2397 2437 2444
f 2400 2444 2443 2401
f 2445 2446 2447 2440
f 2399 2402 2445 2440
f 2445 2402 2403 2446
f 2443 2448 2449 2450
f 2404 2401 2443 2450
f 2404 2450 2449 2405
f 2446 2451 2452 2447
f 2446 2403 2406 2451
f 2448 2453 2454 2449
f 2405 2449 2454 2407
f 2455 2456 2457 2451
f 2409 2408 2457 2456
f 2406 2410 2455 2451
f 2455 2410 2409 2456
f 2454 2458 2459 2460
f 2412 2411 2459 2458
f 2413 2407 2454 2460
f 2413 2460 2459 2411
f 2457 2461 2462 2463
f 2457 2408 2414 2461
f 2464 2465 2466 2458
f 2412 2458 2466 2415
f 2461 2467 2468 2462
f 2417 2416 2468 2467
f 2461 2414 2417 2467
f 2465 2469 2470 2466
f 2419 2418 2470 2469
f 2415 2466 2470 2418
f 2468 2471 2472 2473
f 2421 2420 2472 2471
f 2468 2416 2421 2471
f 2474 2475 2476 2469
f 2423 2422 2476 2475
f 2419 2469 2476 2422
f 2472 2477 2478 2479
f 2425 2424 2478 2477
f 2472 2420 2425 2477
f 2479 2478 2480 2481
f 2424 2426 2480 2478
f 2481 2480 2482 2483
f 2426 2427 2482 2480
f 2483 2482 2484 2475
f 2427 2428 2484 2482
f 2423 2475 2484 2428
f 2431 2430 2485 2486
f 2485 2430 2441 2487
f 2433 2431 2486 2488
f 2435 2433 2488 2489
f 2437 2435 2489 2490
f 2437 2490 2491 2442
f 2441 2440 2492 2487
f 2492 2440 2447 2493
f 2443 2442 2491 2494
f 2443 2494 2495 2448
f 2493 2447 2452 2496
f 2448 2495 2497 2453
f 2457 2463 2498 2499
f 2452 2451 2500 2496
f 2500 2451 2457 2499
f 2464 2458 2501 2502
f 2454 2453 2497 2503
f 2454 2503 2501 2458
f 2498 2463 2462 2504
f 2464 2502 2505 2465
f 2468 2473 2506 2507
f 2504 2462 2468 2507
f 2474 2469 2508 2509
f 2465 2505 2508 2469
f 2472 2479 2510 2511
f 2506 2473 2472 2511
f 2479 2481 2512 2510
f 2481 2483 2513 2512
f 2483 2475 2514 2513
f 2474 2509 2514 2475
f 2486 2485 2515 2516
f 2515 2485 2487 2517
f 2488 2486 2516 2518
f 2489 2488 2518 2519
f 2490 2489 2519 2520
f 2490 2520 2521 2491
f 2487 2492 2522 2517
f 2522 2492 2493 2523
f 2494 2491 2521 2524
f 2494 2524 2525 2495
f 2523 2493 2496 2526
f 2495 2525 2527 2497
f 2499 2498 2528 2529
f 2496 2500 2530 2526
f 2530 2500 2499 2529
f 2502 2501 2531 2532
f 2503 2497 2527 2533
f 2503 2533 2531 2501
f 2528 2498 2504 2534
f 2502 2532 2535 2505
f 2507 2506 2536 2537
f 2534 2504 2507 2537
f 2509 2508 2538 2539
f 2505 2535 2538 2508
f 2511 2510 2540 2541
f 2536 2506 2511 2541
f 2510 2512 2542 2540
f 2512 2513 2543 2542
f 2513 2514 2544 2543
f 2509 2539 2544 2514
f 2545 2546 2547 2548
f 2516 2515 2545 2548
f 2545 2515 2517 2546
f 2548 2547 2549 2550
f 2518 2516 2548 2550
f 2550 2549 2551 2552
f 2519 2518 2550 2552
f 2552 2551 2553 2554
f 2520 2519 2552 2554
f 2520 2554 2553 2521
f 2555 2556 2557 2546
f 2517 2522 2555 2546
f 2555 2522 2523 2556
f 2553 2558 2559 2560
f 2524 2521 2553 2560
f 2524 2560 2559 2525
f 2556 2561 2562 2557
f 2556 2523 2526 2561
f 2558 2563 2564 2559
f 2525 2559 2564 2527
f 2565 2566 2567 2561
f 2529 2528 2567 2566
f 2526 2530 2565 2561
f 2565 2530 2529 2566
f 2564 2568 2569 2570
f 2532 2531 2569 2568
f 2533 2527 2564 2570
f 2533 2570 2569 2531
f 2567 2571 2572 2573
f 2567 2528 2534 2571
f 2574 2575 2576 2568
f 2532 2568 2576 2535
f 2571 2577 2578 2572
f 2537 2536 2578 2577
f 2571 2534 2537 2577
f 2575 2579 2580 2576
f 2539 2538 2580 2579
f 2535 2576 2580 2538
f 2578 2581 2582 2583
f 2541 2540 2582 2581
f 2578 2536 2541 2581
f 2583 2582 2584 2585
f 2540 2542 2584 2582
f 2585 2584 2586 2587
f 2542 2543 2586 2584
f 2587 2586 2588 2579
f 2543 2544 2588 2586
f 2539 2579 2588 2544
f 2547 2546 2589 2590
f 2589 2546 2557 2591
f 2549 2547 2590 2592
f 2551 2549 2592 2593
f 2553 2551 2593 2594
f 2553 2594 2595 2558
f 2591 2557 2562 2596
f 2558 2595 2597 2563
f 2567 2573 2598 2599
f 2562 2561 2600 2596
f 2600 2561 2567 2599
f 2574 2568 2601 2602
f 2564 2563 2597 2603
f 2564 2603 2601 2568
f 2598 2573 2572 2604
f 2574 2602 2605 2575
f 2578 2583 2606 2607
f 2604 2572 2578 2607
f 2583 2585 2608 2606
f 2585 2587 2609 2608
f 2587 2579 2610 2609
f 2575 2605 2610 2579
f 2590 2589 2611 2612
f 2611 2589 2591 2613
f 2592 2590 2612 2614
f 2593 2592 2614 2615
f 2594 2593 2615 2616
f 2594 2616 2617 2595
f 2613 2591 2596 2618
f 2595 2617 2619 2597
f 2599 2598 2620 2621
f 2596 2600 2622 2618
f 2622 2600 2599 2621
f 2602 2601 2623 2624
f 2603 2597 2619 2625
f 2603 2625 2623 2601
f 2620 2598 2604 2626
f 2602 2624 2627 2605
f 2607 2606 2628 2629
f 2626 2604 2607 2629
f 2606 2608 2630 2628
f 2608 2609 2631 2630
f 2609 2610 2632 2631
f 2605 2627 2632 2610
f 2633 2634 2635 2636
f 2612 2611 2633 2636
f 2633 2611 2613 2634
f 2636 2635 2637 2638
f 2614 2612 2636 2638
f 2638 2637 2639 2640
f 2615 2614 2638 2640
f 2640 2639 2641 2642
f 2616 2615 2640 2642
f 2616 2642 2641 2617
f 2634 2643 2644 2635
f 2634 2613 2618 2643
f 2639 2645 2646 2641
f 2617 2641 2646 2619
f 2647 2648 2649 2643
f 2621 2620 2649 2648
f 2618 2622 2647 2643
f 2647 2622 2621 2648
f 2646 2650 2651 2652
f 2624 2623 2651 2650
f 2625 2619 2646 2652
f 2625 2652 2651 2623
f 2649 2653 2654 2655
f 2649 2620 2626 2653
f 2656 2657 2658 2650
f 2624 2650 2658 2627
f 2653 2659 2660 2654
f 2629 2628 2660 2659
f 2653 2626 2629 2659
f 2654 2660 2661 2662
f 2628 2630 2661 2660
f 2662 2661 2663 2657
f 2630 2631 2663 2661
f 2657 2663 2664 2658
f 2631 2632 2664 2663
f 2627 2658 2664 2632
f 2637 2635 2665 2666
f 2665 2635 2644 2667
f 2639 2637 2666 2668
f 2639 2668 2669 2645
f 2649 2655 2670 2671
f 2644 2643 2672 2667
f 2672 2643 2649 2671
f 2656 2650 2673 2674
f 2646 2645 2669 2675
f 2646 2675 2673 2650
f 2654 2662 2676 2677
f 2670 2655 2654 2677
f 2662 2657 2678 2676
f 2656 2674 2678 2657
f 2666 2665 2679 2680
f 2679 2665 2667 2681
f 2668 2666 2680 2682
f 2668 2682 2683 2669
f 2671 2670 2684 2685
f 2667 2672 2686 2681
f 2686 2672 2671 2685
f 2674 2673 2687 2688
f 2675 2669 2683 2689
f 2675 2689 2687 2673
f 2677 2676 2690 2691
f 2684 2670 2677 2691
f 2676 2678 2692 2690
f 2674 2688 2692 2678
f 2693 2694 2695 2696
f 2680 2679 2693 2696
f 2693 2679 2681 2694
f 2696 2695 2697 2698
f 2682 2680 2696 2698
f 2682 2698 2697 2683
f 2699 2700 2701 2694
f 2685 2684 2701 2700
f 2681 2686 2699 2694
f 2699 2686 2685 2700
f 2694 2701 2702 2695
f 2695 2702 2703 2697
f 2697 2703 2704 2705
f 2688 2687 2704 2703
f 2689 2683 2697 2705
f 2689 2705 2704 2687
f 2701 2706 2707 2702
f 2691 2690 2707 2706
f 2701 2684 2691 2706
f 2702 2707 2708 2703
f 2690 2692 2708 2707
f 2688 2703 2708 2692
