# G-fleur — lifted from a 2D silhouette by aide.lift
o G-fleur
v -22.500 -8.000 -1.500
v -22.500 -7.000 -1.500
v -22.500 -7.000 -2.500
v -22.500 -8.000 -2.500
v -21.500 -8.000 -2.500
v -21.500 -8.000 -1.500
v -21.500 -7.000 -2.500
v -22.500 -8.000 -0.500
v -22.500 -7.000 -0.500
v -21.500 -8.000 -0.500
v -22.500 -8.000 0.500
v -22.500 -7.000 0.500
v -21.500 -8.000 0.500
v -22.500 -8.000 1.500
v -22.500 -7.000 1.500
v -21.500 -8.000 1.500
v -22.500 -8.000 2.500
v -22.500 -7.000 2.500
v -21.500 -8.000 2.500
v -21.500 -7.000 2.500
v -22.500 -7.000 -3.500
v -22.500 -6.000 -3.500
v -22.500 -6.000 -4.500
v -22.500 -7.000 -4.500
v -21.500 -7.000 -4.500
v -21.500 -7.000 -3.500
v -21.500 -6.000 -4.500
v -22.500 -6.000 -2.500
v -22.500 -6.000 -1.500
v -22.500 -6.000 -0.500
v -22.500 -6.000 0.500
v -22.500 -6.000 1.500
v -22.500 -6.000 2.500
v -22.500 -7.000 3.500
v -22.500 -6.000 3.500
v -21.500 -7.000 3.500
v -22.500 -7.000 4.500
v -22.500 -6.000 4.500
v -21.500 -7.000 4.500
v -21.500 -6.000 4.500
v -22.500 -5.000 -4.500
v -22.500 -5.000 -5.500
v -22.500 -6.000 -5.500
v -21.500 -6.000 -5.500
v -21.500 -5.000 -5.500
v -22.500 -5.000 -3.500
v -22.500 -5.000 -2.500
v -22.500 -5.000 -1.500
v -22.500 -5.000 -0.500
v -22.500 -5.000 0.500
v -22.500 -5.000 1.500
v -22.500 -5.000 2.500
v -22.500 -5.000 3.500
v -22.500 -5.000 4.500
v -22.500 -6.000 5.500
v -22.500 -5.000 5.500
v -21.500 -6.000 5.500
v -21.500 -5.000 5.500
v -22.500 -4.000 -5.500
v -22.500 -4.000 -6.500
v -22.500 -5.000 -6.500
v -21.500 -5.000 -6.500
v -21.500 -4.000 -6.500
v -22.500 -4.000 -4.500
v -22.500 -4.000 -3.500
v -22.500 -4.000 -2.500
v -22.500 -4.000 -1.500
v -22.500 -4.000 -0.500
v -22.500 -4.000 0.500
v -22.500 -4.000 1.500
v -22.500 -4.000 2.500
v -22.500 -4.000 3.500
v -22.500 -4.000 4.500
v -22.500 -4.000 5.500
v -22.500 -5.000 6.500
v -22.500 -4.000 6.500
v -21.500 -5.000 6.500
v -21.500 -4.000 6.500
v -22.500 -3.000 -6.500
v -22.500 -3.000 -7.500
v -22.500 -4.000 -7.500
v -21.500 -4.000 -7.500
v -21.500 -3.000 -7.500
v -22.500 -3.000 -5.500
v -22.500 -3.000 -4.500
v -22.500 -3.000 -3.500
v -22.500 -3.000 -2.500
v -22.500 -3.000 -1.500
v -22.500 -3.000 -0.500
v -22.500 -3.000 0.500
v -22.500 -3.000 1.500
v -22.500 -3.000 2.500
v -22.500 -3.000 3.500
v -22.500 -3.000 4.500
v -22.500 -3.000 5.500
v -22.500 -3.000 6.500
v -22.500 -4.000 7.500
v -22.500 -3.000 7.500
v -21.500 -4.000 7.500
v -21.500 -3.000 7.500
v -22.500 -2.000 -6.500
v -22.500 -2.000 -7.500
v -21.500 -2.000 -7.500
v -22.500 -2.000 -5.500
v -22.500 -2.000 -4.500
v -22.500 -2.000 -3.500
v -22.500 -2.000 -2.500
v -22.500 -2.000 -1.500
v -22.500 -2.000 -0.500
v -22.500 -2.000 0.500
v -22.500 -2.000 1.500
v -22.500 -2.000 2.500
v -22.500 -2.000 3.500
v -22.500 -2.000 4.500
v -22.500 -2.000 5.500
v -22.500 -2.000 6.500
v -22.500 -2.000 7.500
v -21.500 -2.000 7.500
v -22.500 -1.000 -6.500
v -22.500 -1.000 -7.500
v -21.500 -1.000 -7.500
v -22.500 -1.000 -5.500
v -22.500 -1.000 -4.500
v -22.500 -1.000 -3.500
v -22.500 -1.000 -2.500
v -22.500 -1.000 -1.500
v -22.500 -1.000 -0.500
v -22.500 -1.000 0.500
v -22.500 -1.000 1.500
v -22.500 -1.000 2.500
v -22.500 -1.000 3.500
v -22.500 -1.000 4.500
v -22.500 -1.000 5.500
v -22.500 -1.000 6.500
v -22.500 -1.000 7.500
v -21.500 -1.000 7.500
v -22.500 0.000 -6.500
v -22.500 0.000 -7.500
v -21.500 0.000 -7.500
v -22.500 0.000 -5.500
v -22.500 0.000 -4.500
v -22.500 0.000 -3.500
v -22.500 0.000 -2.500
v -22.500 0.000 -1.500
v -22.500 0.000 -0.500
v -22.500 0.000 0.500
v -22.500 0.000 1.500
v -22.500 0.000 2.500
v -22.500 0.000 3.500
v -22.500 0.000 4.500
v -22.500 0.000 5.500
v -22.500 0.000 6.500
v -22.500 0.000 7.500
v -21.500 0.000 7.500
v -22.500 1.000 -6.500
v -22.500 1.000 -7.500
v -21.500 1.000 -7.500
v -22.500 1.000 -5.500
v -22.500 1.000 -4.500
v -22.500 1.000 -3.500
v -22.500 1.000 -2.500
v -22.500 1.000 -1.500
v -22.500 1.000 -0.500
v -22.500 1.000 0.500
v -22.500 1.000 1.500
v -22.500 1.000 2.500
v -22.500 1.000 3.500
v -22.500 1.000 4.500
v -22.500 1.000 5.500
v -22.500 1.000 6.500
v -22.500 1.000 7.500
v -21.500 1.000 7.500
v -22.500 2.000 -6.500
v -22.500 2.000 -7.500
v -21.500 2.000 -7.500
v -22.500 2.000 -5.500
v -22.500 2.000 -4.500
v -22.500 2.000 -3.500
v -22.500 2.000 -2.500
v -22.500 2.000 -1.500
v -22.500 2.000 -0.500
v -22.500 2.000 0.500
v -22.500 2.000 1.500
v -22.500 2.000 2.500
v -22.500 2.000 3.500
v -22.500 2.000 4.500
v -22.500 2.000 5.500
v -22.500 2.000 6.500
v -22.500 2.000 7.500
v -21.500 2.000 7.500
v -22.500 3.000 -6.500
v -22.500 3.000 -7.500
v -21.500 3.000 -7.500
v -22.500 3.000 -5.500
v -22.500 3.000 -4.500
v -22.500 3.000 -3.500
v -22.500 3.000 -2.500
v -22.500 3.000 -1.500
v -22.500 3.000 -0.500
v -22.500 3.000 0.500
v -22.500 3.000 1.500
v -22.500 3.000 2.500
v -22.500 3.000 3.500
v -22.500 3.000 4.500
v -22.500 3.000 5.500
v -22.500 3.000 6.500
v -22.500 3.000 7.500
v -21.500 3.000 7.500
v -22.500 4.000 -6.500
v -22.500 4.000 -7.500
v -21.500 4.000 -6.500
v -21.500 4.000 -7.500
v -22.500 4.000 -5.500
v -22.500 4.000 -4.500
v -22.500 4.000 -3.500
v -22.500 4.000 -2.500
v -22.500 4.000 -1.500
v -22.500 4.000 -0.500
v -22.500 4.000 0.500
v -22.500 4.000 1.500
v -22.500 4.000 2.500
v -22.500 4.000 3.500
v -22.500 4.000 4.500
v -22.500 4.000 5.500
v -22.500 4.000 6.500
v -22.500 4.000 7.500
v -21.500 4.000 7.500
v -21.500 4.000 6.500
v -22.500 5.000 -5.500
v -22.500 5.000 -6.500
v -21.500 5.000 -5.500
v -21.500 5.000 -6.500
v -22.500 5.000 -4.500
v -22.500 5.000 -3.500
v -22.500 5.000 -2.500
v -22.500 5.000 -1.500
v -22.500 5.000 -0.500
v -22.500 5.000 0.500
v -22.500 5.000 1.500
v -22.500 5.000 2.500
v -22.500 5.000 3.500
v -22.500 5.000 4.500
v -22.500 5.000 5.500
v -22.500 5.000 6.500
v -21.500 5.000 6.500
v -21.500 5.000 5.500
v -22.500 6.000 -4.500
v -22.500 6.000 -5.500
v -21.500 6.000 -4.500
v -21.500 6.000 -5.500
v -22.500 6.000 -3.500
v -22.500 6.000 -2.500
v -22.500 6.000 -1.500
v -22.500 6.000 -0.500
v -22.500 6.000 0.500
v -22.500 6.000 1.500
v -22.500 6.000 2.500
v -22.500 6.000 3.500
v -22.500 6.000 4.500
v -22.500 6.000 5.500
v -21.500 6.000 5.500
v -21.500 6.000 4.500
v -22.500 7.000 -3.500
v -22.500 7.000 -4.500
v -21.500 7.000 -3.500
v -21.500 7.000 -4.500
v -22.500 7.000 -2.500
v -21.500 7.000 -2.500
v -22.500 7.000 -1.500
v -22.500 7.000 -0.500
v -22.500 7.000 0.500
v -22.500 7.000 1.500
v -22.500 7.000 2.500
v -22.500 7.000 3.500
v -21.500 7.000 3.500
v -21.500 7.000 2.500
v -22.500 7.000 4.500
v -21.500 7.000 4.500
v -22.500 8.000 -1.500
v -22.500 8.000 -2.500
v -21.500 8.000 -1.500
v -21.500 8.000 -2.500
v -22.500 8.000 -0.500
v -21.500 8.000 -0.500
v -22.500 8.000 0.500
v -21.500 8.000 0.500
v -22.500 8.000 1.500
v -21.500 8.000 1.500
v -22.500 8.000 2.500
v -21.500 8.000 2.500
v -20.500 -9.000 -2.500
v -20.500 -8.000 -2.500
v -20.500 -8.000 -1.500
v -20.500 -9.000 -1.500
v -21.500 -9.000 -1.500
v -21.500 -9.000 -2.500
v -20.500 -8.000 -0.500
v -20.500 -9.000 -0.500
v -21.500 -9.000 -0.500
v -20.500 -8.000 0.500
v -20.500 -9.000 0.500
v -21.500 -9.000 0.500
v -20.500 -8.000 1.500
v -20.500 -9.000 1.500
v -21.500 -9.000 1.500
v -20.500 -8.000 2.500
v -20.500 -9.000 2.500
v -21.500 -9.000 2.500
v -20.500 -8.000 -4.500
v -20.500 -7.000 -4.500
v -20.500 -7.000 -3.500
v -20.500 -8.000 -3.500
v -21.500 -8.000 -3.500
v -21.500 -8.000 -4.500
v -20.500 -7.000 -2.500
v -20.500 -7.000 2.500
v -20.500 -7.000 3.500
v -20.500 -8.000 3.500
v -21.500 -8.000 3.500
v -20.500 -7.000 4.500
v -20.500 -8.000 4.500
v -21.500 -8.000 4.500
v -20.500 -7.000 -6.500
v -20.500 -6.000 -6.500
v -20.500 -6.000 -5.500
v -20.500 -7.000 -5.500
v -21.500 -7.000 -5.500
v -21.500 -6.000 -6.500
v -21.500 -7.000 -6.500
v -20.500 -6.000 -4.500
v -20.500 -6.000 4.500
v -20.500 -6.000 5.500
v -20.500 -7.000 5.500
v -21.500 -7.000 5.500
v -20.500 -6.000 6.500
v -20.500 -7.000 6.500
v -21.500 -7.000 6.500
v -21.500 -6.000 6.500
v -20.500 -6.000 -7.500
v -20.500 -5.000 -7.500
v -20.500 -5.000 -6.500
v -21.500 -5.000 -7.500
v -21.500 -6.000 -7.500
v -20.500 -5.000 -5.500
v -20.500 -5.000 5.500
v -20.500 -5.000 6.500
v -20.500 -5.000 7.500
v -20.500 -6.000 7.500
v -21.500 -6.000 7.500
v -21.500 -5.000 7.500
v -20.500 -4.000 -7.500
v -20.500 -4.000 -6.500
v -20.500 -4.000 6.500
v -20.500 -4.000 7.500
v -20.500 -4.000 -8.500
v -20.500 -3.000 -8.500
v -20.500 -3.000 -7.500
v -21.500 -3.000 -8.500
v -21.500 -4.000 -8.500
v -20.500 -3.000 7.500
v -20.500 -3.000 8.500
v -20.500 -4.000 8.500
v -21.500 -4.000 8.500
v -21.500 -3.000 8.500
v -20.500 -2.000 -8.500
v -20.500 -2.000 -7.500
v -21.500 -2.000 -8.500
v -20.500 -2.000 7.500
v -20.500 -2.000 8.500
v -21.500 -2.000 8.500
v -20.500 -1.000 -8.500
v -20.500 -1.000 -7.500
v -21.500 -1.000 -8.500
v -20.500 -1.000 7.500
v -20.500 -1.000 8.500
v -21.500 -1.000 8.500
v -20.500 0.000 -8.500
v -20.500 0.000 -7.500
v -21.500 0.000 -8.500
v -20.500 0.000 7.500
v -20.500 0.000 8.500
v -21.500 0.000 8.500
v -20.500 1.000 -8.500
v -20.500 1.000 -7.500
v -21.500 1.000 -8.500
v -20.500 1.000 7.500
v -20.500 1.000 8.500
v -21.500 1.000 8.500
v -20.500 2.000 -8.500
v -20.500 2.000 -7.500
v -21.500 2.000 -8.500
v -20.500 2.000 7.500
v -20.500 2.000 8.500
v -21.500 2.000 8.500
v -20.500 3.000 -8.500
v -20.500 3.000 -7.500
v -21.500 3.000 -8.500
v -20.500 3.000 7.500
v -20.500 3.000 8.500
v -21.500 3.000 8.500
v -20.500 4.000 -8.500
v -20.500 4.000 -7.500
v -21.500 4.000 -8.500
v -20.500 4.000 7.500
v -20.500 4.000 8.500
v -21.500 4.000 8.500
v -20.500 5.000 -7.500
v -20.500 5.000 -6.500
v -20.500 4.000 -6.500
v -21.500 5.000 -7.500
v -20.500 4.000 6.500
v -20.500 5.000 6.500
v -20.500 5.000 7.500
v -21.500 5.000 7.500
v -20.500 6.000 -7.500
v -20.500 6.000 -6.500
v -21.500 6.000 -6.500
v -21.500 6.000 -7.500
v -20.500 6.000 -5.500
v -20.500 5.000 -5.500
v -20.500 5.000 5.500
v -20.500 6.000 5.500
v -20.500 6.000 6.500
v -21.500 6.000 6.500
v -20.500 6.000 7.500
v -21.500 6.000 7.500
v -20.500 7.000 -6.500
v -20.500 7.000 -5.500
v -21.500 7.000 -5.500
v -21.500 7.000 -6.500
v -20.500 7.000 -4.500
v -20.500 6.000 -4.500
v -20.500 6.000 4.500
v -20.500 7.000 4.500
v -20.500 7.000 5.500
v -21.500 7.000 5.500
v -20.500 7.000 6.500
v -21.500 7.000 6.500
v -20.500 8.000 -4.500
v -20.500 8.000 -3.500
v -20.500 7.000 -3.500
v -21.500 8.000 -3.500
v -21.500 8.000 -4.500
v -20.500 8.000 -2.500
v -20.500 7.000 -2.500
v -20.500 7.000 2.500
v -20.500 8.000 2.500
v -20.500 8.000 3.500
v -20.500 7.000 3.500
v -21.500 8.000 3.500
v -20.500 8.000 4.500
v -21.500 8.000 4.500
v -20.500 9.000 -2.500
v -20.500 9.000 -1.500
v -20.500 8.000 -1.500
v -21.500 9.000 -1.500
v -21.500 9.000 -2.500
v -20.500 9.000 -0.500
v -20.500 8.000 -0.500
v -21.500 9.000 -0.500
v -20.500 9.000 0.500
v -20.500 8.000 0.500
v -21.500 9.000 0.500
v -20.500 9.000 1.500
v -20.500 8.000 1.500
v -21.500 9.000 1.500
v -20.500 9.000 2.500
v -21.500 9.000 2.500
v -19.500 -8.000 -2.500
v -19.500 -7.000 -2.500
v -19.500 -7.000 -1.500
v -19.500 -8.000 -1.500
v -19.500 -7.000 -0.500
v -19.500 -8.000 -0.500
v -19.500 -7.000 0.500
v -19.500 -8.000 0.500
v -19.500 -7.000 1.500
v -19.500 -8.000 1.500
v -19.500 -7.000 2.500
v -19.500 -8.000 2.500
v -19.500 -7.000 -4.500
v -19.500 -6.000 -4.500
v -19.500 -6.000 -3.500
v -19.500 -7.000 -3.500
v -19.500 -6.000 -2.500
v -19.500 -6.000 2.500
v -19.500 -6.000 3.500
v -19.500 -7.000 3.500
v -19.500 -6.000 4.500
v -19.500 -7.000 4.500
v -19.500 -6.000 -5.500
v -19.500 -5.000 -5.500
v -19.500 -5.000 -4.500
v -19.500 -5.000 4.500
v -19.500 -5.000 5.500
v -19.500 -6.000 5.500
v -19.500 -5.000 -6.500
v -19.500 -4.000 -6.500
v -19.500 -4.000 -5.500
v -19.500 -4.000 5.500
v -19.500 -4.000 6.500
v -19.500 -5.000 6.500
v -19.500 -4.000 -7.500
v -19.500 -3.000 -7.500
v -19.500 -3.000 -6.500
v -19.500 -3.000 6.500
v -19.500 -3.000 7.500
v -19.500 -4.000 7.500
v -19.500 -2.000 -7.500
v -19.500 -2.000 -6.500
v -19.500 -2.000 6.500
v -19.500 -2.000 7.500
v -19.500 -1.000 -7.500
v -19.500 -1.000 -6.500
v -19.500 -1.000 6.500
v -19.500 -1.000 7.500
v -19.500 0.000 -7.500
v -19.500 0.000 -6.500
v -19.500 0.000 6.500
v -19.500 0.000 7.500
v -19.500 1.000 -7.500
v -19.500 1.000 -6.500
v -19.500 1.000 6.500
v -19.500 1.000 7.500
v -19.500 2.000 -7.500
v -19.500 2.000 -6.500
v -19.500 2.000 6.500
v -19.500 2.000 7.500
v -19.500 3.000 -7.500
v -19.500 3.000 -6.500
v -19.500 3.000 6.500
v -19.500 3.000 7.500
v -19.500 4.000 -7.500
v -19.500 4.000 -6.500
v -19.500 4.000 6.500
v -19.500 4.000 7.500
v -19.500 5.000 -6.500
v -19.500 5.000 -5.500
v -19.500 4.000 -5.500
v -19.500 4.000 5.500
v -19.500 5.000 5.500
v -19.500 5.000 6.500
v -19.500 6.000 -5.500
v -19.500 6.000 -4.500
v -19.500 5.000 -4.500
v -19.500 5.000 4.500
v -19.500 6.000 4.500
v -19.500 6.000 5.500
v -19.500 7.000 -4.500
v -19.500 7.000 -3.500
v -19.500 6.000 -3.500
v -19.500 7.000 -2.500
v -19.500 6.000 -2.500
v -19.500 6.000 2.500
v -19.500 7.000 2.500
v -19.500 7.000 3.500
v -19.500 6.000 3.500
v -19.500 7.000 4.500
v -19.500 8.000 -2.500
v -19.500 8.000 -1.500
v -19.500 7.000 -1.500
v -19.500 8.000 -0.500
v -19.500 7.000 -0.500
v -19.500 8.000 0.500
v -19.500 7.000 0.500
v -19.500 8.000 1.500
v -19.500 7.000 1.500
v -19.500 8.000 2.500
v -18.500 -7.000 -2.500
v -18.500 -7.000 -1.500
v -18.500 -6.000 -2.500
v -18.500 -7.000 -0.500
v -18.500 -7.000 0.500
v -18.500 -7.000 1.500
v -18.500 -7.000 2.500
v -18.500 -6.000 2.500
v -18.500 -6.000 -4.500
v -18.500 -6.000 -3.500
v -18.500 -5.000 -4.500
v -18.500 -6.000 3.500
v -18.500 -6.000 4.500
v -18.500 -5.000 4.500
v -18.500 -5.000 -5.500
v -18.500 -4.000 -5.500
v -18.500 -5.000 5.500
v -18.500 -4.000 5.500
v -18.500 -4.000 -6.500
v -18.500 -3.000 -6.500
v -18.500 -4.000 6.500
v -18.500 -3.000 6.500
v -18.500 -2.000 -6.500
v -18.500 -2.000 6.500
v -18.500 -1.000 -6.500
v -18.500 -1.000 6.500
v -18.500 0.000 -6.500
v -18.500 0.000 6.500
v -18.500 1.000 -6.500
v -18.500 1.000 6.500
v -18.500 2.000 -6.500
v -18.500 2.000 6.500
v -18.500 3.000 -6.500
v -18.500 3.000 6.500
v -18.500 4.000 -5.500
v -18.500 4.000 -6.500
v -18.500 4.000 6.500
v -18.500 4.000 5.500
v -18.500 5.000 -4.500
v -18.500 5.000 -5.500
v -18.500 5.000 5.500
v -18.500 5.000 4.500
v -18.500 6.000 -3.500
v -18.500 6.000 -4.500
v -18.500 6.000 -2.500
v -18.500 6.000 3.500
v -18.500 6.000 2.500
v -18.500 6.000 4.500
v -18.500 7.000 -1.500
v -18.500 7.000 -2.500
v -18.500 7.000 -0.500
v -18.500 7.000 0.500
v -18.500 7.000 1.500
v -18.500 7.000 2.500
v -18.500 -8.000 -1.500
v -18.500 -8.000 -2.500
v -17.500 -8.000 -2.500
v -17.500 -8.000 -1.500
v -17.500 -7.000 -2.500
v -18.500 -8.000 -0.500
v -17.500 -8.000 -0.500
v -18.500 -8.000 0.500
v -17.500 -8.000 0.500
v -18.500 -8.000 1.500
v -17.500 -8.000 1.500
v -18.500 -8.000 2.500
v -17.500 -8.000 2.500
v -17.500 -7.000 2.500
v -18.500 -7.000 -3.500
v -18.500 -7.000 -4.500
v -17.500 -7.000 -4.500
v -17.500 -7.000 -3.500
v -17.500 -6.000 -4.500
v -18.500 -7.000 3.500
v -17.500 -7.000 3.500
v -18.500 -7.000 4.500
v -17.500 -7.000 4.500
v -17.500 -6.000 4.500
v -18.500 -6.000 -5.500
v -17.500 -6.000 -5.500
v -17.500 -5.000 -5.500
v -18.500 -6.000 5.500
v -17.500 -6.000 5.500
v -17.500 -5.000 5.500
v -18.500 -5.000 -6.500
v -17.500 -5.000 -6.500
v -17.500 -4.000 -6.500
v -18.500 -5.000 6.500
v -17.500 -5.000 6.500
v -17.500 -4.000 6.500
v -18.500 -3.000 -7.500
v -18.500 -4.000 -7.500
v -17.500 -4.000 -7.500
v -17.500 -3.000 -7.500
v -18.500 -4.000 7.500
v -18.500 -3.000 7.500
v -17.500 -4.000 7.500
v -17.500 -3.000 7.500
v -18.500 -2.000 -7.500
v -17.500 -2.000 -7.500
v -18.500 -2.000 7.500
v -17.500 -2.000 7.500
v -18.500 -1.000 -7.500
v -17.500 -1.000 -7.500
v -18.500 -1.000 7.500
v -17.500 -1.000 7.500
v -18.500 0.000 -7.500
v -17.500 0.000 -7.500
v -18.500 0.000 7.500
v -17.500 0.000 7.500
v -18.500 1.000 -7.500
v -17.500 1.000 -7.500
v -18.500 1.000 7.500
v -17.500 1.000 7.500
v -18.500 2.000 -7.500
v -17.500 2.000 -7.500
v -18.500 2.000 7.500
v -17.500 2.000 7.500
v -18.500 3.000 -7.500
v -17.500 3.000 -7.500
v -18.500 3.000 7.500
v -17.500 3.000 7.500
v -18.500 4.000 -7.500
v -17.500 4.000 -6.500
v -17.500 4.000 -7.500
v -18.500 4.000 7.500
v -17.500 4.000 7.500
v -17.500 4.000 6.500
v -18.500 5.000 -6.500
v -17.500 5.000 -5.500
v -17.500 5.000 -6.500
v -18.500 5.000 6.500
v -17.500 5.000 6.500
v -17.500 5.000 5.500
v -18.500 6.000 -5.500
v -17.500 6.000 -4.500
v -17.500 6.000 -5.500
v -18.500 6.000 5.500
v -17.500 6.000 5.500
v -17.500 6.000 4.500
v -18.500 7.000 -3.500
v -18.500 7.000 -4.500
v -17.500 7.000 -3.500
v -17.500 7.000 -4.500
v -17.500 7.000 -2.500
v -18.500 7.000 3.500
v -17.500 7.000 3.500
v -17.500 7.000 2.500
v -18.500 7.000 4.500
v -17.500 7.000 4.500
v -18.500 8.000 -1.500
v -18.500 8.000 -2.500
v -17.500 8.000 -1.500
v -17.500 8.000 -2.500
v -18.500 8.000 -0.500
v -17.500 8.000 -0.500
v -18.500 8.000 0.500
v -17.500 8.000 0.500
v -18.500 8.000 1.500
v -17.500 8.000 1.500
v -18.500 8.000 2.500
v -17.500 8.000 2.500
v -16.500 -8.000 -2.500
v -16.500 -8.000 -1.500
v -16.500 -7.000 -2.500
v -16.500 -8.000 -0.500
v -16.500 -8.000 0.500
v -16.500 -8.000 1.500
v -16.500 -8.000 2.500
v -16.500 -7.000 2.500
v -16.500 -7.000 -4.500
v -16.500 -7.000 -3.500
v -16.500 -6.000 -4.500
v -16.500 -7.000 3.500
v -16.500 -7.000 4.500
v -16.500 -6.000 4.500
v -16.500 -6.000 -5.500
v -16.500 -5.000 -5.500
v -16.500 -6.000 5.500
v -16.500 -5.000 5.500
v -16.500 -5.000 -6.500
v -16.500 -4.000 -6.500
v -16.500 -5.000 6.500
v -16.500 -4.000 6.500
v -16.500 -4.000 -7.500
v -16.500 -3.000 -7.500
v -16.500 -4.000 7.500
v -16.500 -3.000 7.500
v -16.500 -2.000 -7.500
v -16.500 -2.000 7.500
v -16.500 -1.000 -7.500
v -16.500 -1.000 7.500
v -16.500 0.000 -7.500
v -16.500 0.000 7.500
v -16.500 1.000 -7.500
v -16.500 1.000 7.500
v -16.500 2.000 -7.500
v -16.500 2.000 7.500
v -16.500 3.000 -7.500
v -16.500 3.000 7.500
v -16.500 4.000 -6.500
v -16.500 4.000 -7.500
v -16.500 4.000 7.500
v -16.500 4.000 6.500
v -16.500 5.000 -5.500
v -16.500 5.000 -6.500
v -16.500 5.000 6.500
v -16.500 5.000 5.500
v -16.500 6.000 -4.500
v -16.500 6.000 -5.500
v -16.500 6.000 5.500
v -16.500 6.000 4.500
v -16.500 7.000 -3.500
v -16.500 7.000 -4.500
v -16.500 7.000 -2.500
v -16.500 7.000 3.500
v -16.500 7.000 2.500
v -16.500 7.000 4.500
v -16.500 8.000 -1.500
v -16.500 8.000 -2.500
v -16.500 8.000 -0.500
v -16.500 8.000 0.500
v -16.500 8.000 1.500
v -16.500 8.000 2.500
v -15.500 -9.000 -2.500
v -15.500 -8.000 -2.500
v -15.500 -8.000 -1.500
v -15.500 -9.000 -1.500
v -16.500 -9.000 -1.500
v -16.500 -9.000 -2.500
v -15.500 -8.000 -0.500
v -15.500 -9.000 -0.500
v -16.500 -9.000 -0.500
v -15.500 -8.000 0.500
v -15.500 -9.000 0.500
v -16.500 -9.000 0.500
v -15.500 -8.000 1.500
v -15.500 -9.000 1.500
v -16.500 -9.000 1.500
v -15.500 -8.000 2.500
v -15.500 -9.000 2.500
v -16.500 -9.000 2.500
v -15.500 -8.000 -4.500
v -15.500 -7.000 -4.500
v -15.500 -7.000 -3.500
v -15.500 -8.000 -3.500
v -16.500 -8.000 -3.500
v -16.500 -8.000 -4.500
v -15.500 -7.000 -2.500
v -15.500 -7.000 2.500
v -15.500 -7.000 3.500
v -15.500 -8.000 3.500
v -16.500 -8.000 3.500
v -15.500 -7.000 4.500
v -15.500 -8.000 4.500
v -16.500 -8.000 4.500
v -15.500 -7.000 -6.500
v -15.500 -6.000 -6.500
v -15.500 -6.000 -5.500
v -15.500 -7.000 -5.500
v -16.500 -7.000 -5.500
v -16.500 -6.000 -6.500
v -16.500 -7.000 -6.500
v -15.500 -6.000 -4.500
v -15.500 -6.000 4.500
v -15.500 -6.000 5.500
v -15.500 -7.000 5.500
v -16.500 -7.000 5.500
v -15.500 -6.000 6.500
v -15.500 -7.000 6.500
v -16.500 -7.000 6.500
v -16.500 -6.000 6.500
v -15.500 -6.000 -7.500
v -15.500 -5.000 -7.500
v -15.500 -5.000 -6.500
v -16.500 -5.000 -7.500
v -16.500 -6.000 -7.500
v -15.500 -5.000 -5.500
v -15.500 -5.000 5.500
v -15.500 -5.000 6.500
v -15.500 -5.000 7.500
v -15.500 -6.000 7.500
v -16.500 -6.000 7.500
v -16.500 -5.000 7.500
v -15.500 -4.000 -7.500
v -15.500 -4.000 -6.500
v -15.500 -4.000 6.500
v -15.500 -4.000 7.500
v -15.500 -4.000 -8.500
v -15.500 -3.000 -8.500
v -15.500 -3.000 -7.500
v -16.500 -3.000 -8.500
v -16.500 -4.000 -8.500
v -15.500 -3.000 7.500
v -15.500 -3.000 8.500
v -15.500 -4.000 8.500
v -16.500 -4.000 8.500
v -16.500 -3.000 8.500
v -15.500 -2.000 -8.500
v -15.500 -2.000 -7.500
v -16.500 -2.000 -8.500
v -15.500 -2.000 7.500
v -15.500 -2.000 8.500
v -16.500 -2.000 8.500
v -15.500 -1.000 -8.500
v -15.500 -1.000 -7.500
v -16.500 -1.000 -8.500
v -15.500 -1.000 7.500
v -15.500 -1.000 8.500
v -16.500 -1.000 8.500
v -15.500 0.000 -8.500
v -15.500 0.000 -7.500
v -16.500 0.000 -8.500
v -15.500 0.000 7.500
v -15.500 0.000 8.500
v -16.500 0.000 8.500
v -15.500 1.000 -8.500
v -15.500 1.000 -7.500
v -16.500 1.000 -8.500
v -15.500 1.000 7.500
v -15.500 1.000 8.500
v -16.500 1.000 8.500
v -15.500 2.000 -8.500
v -15.500 2.000 -7.500
v -16.500 2.000 -8.500
v -15.500 2.000 7.500
v -15.500 2.000 8.500
v -16.500 2.000 8.500
v -15.500 3.000 -8.500
v -15.500 3.000 -7.500
v -16.500 3.000 -8.500
v -15.500 3.000 7.500
v -15.500 3.000 8.500
v -16.500 3.000 8.500
v -15.500 4.000 -8.500
v -15.500 4.000 -7.500
v -16.500 4.000 -8.500
v -15.500 4.000 7.500
v -15.500 4.000 8.500
v -16.500 4.000 8.500
v -15.500 5.000 -7.500
v -15.500 5.000 -6.500
v -15.500 4.000 -6.500
v -16.500 5.000 -7.500
v -15.500 4.000 6.500
v -15.500 5.000 6.500
v -15.500 5.000 7.500
v -16.500 5.000 7.500
v -15.500 6.000 -7.500
v -15.500 6.000 -6.500
v -16.500 6.000 -6.500
v -16.500 6.000 -7.500
v -15.500 6.000 -5.500
v -15.500 5.000 -5.500
v -15.500 5.000 5.500
v -15.500 6.000 5.500
v -15.500 6.000 6.500
v -16.500 6.000 6.500
v -15.500 6.000 7.500
v -16.500 6.000 7.500
v -15.500 7.000 -6.500
v -15.500 7.000 -5.500
v -16.500 7.000 -5.500
v -16.500 7.000 -6.500
v -15.500 7.000 -4.500
v -15.500 6.000 -4.500
v -15.500 6.000 4.500
v -15.500 7.000 4.500
v -15.500 7.000 5.500
v -16.500 7.000 5.500
v -15.500 7.000 6.500
v -16.500 7.000 6.500
v -15.500 8.000 -4.500
v -15.500 8.000 -3.500
v -15.500 7.000 -3.500
v -16.500 8.000 -3.500
v -16.500 8.000 -4.500
v -15.500 8.000 -2.500
v -15.500 7.000 -2.500
v -15.500 7.000 2.500
v -15.500 8.000 2.500
v -15.500 8.000 3.500
v -15.500 7.000 3.500
v -16.500 8.000 3.500
v -15.500 8.000 4.500
v -16.500 8.000 4.500
v -15.500 9.000 -2.500
v -15.500 9.000 -1.500
v -15.500 8.000 -1.500
v -16.500 9.000 -1.500
v -16.500 9.000 -2.500
v -15.500 9.000 -0.500
v -15.500 8.000 -0.500
v -16.500 9.000 -0.500
v -15.500 9.000 0.500
v -15.500 8.000 0.500
v -16.500 9.000 0.500
v -15.500 9.000 1.500
v -15.500 8.000 1.500
v -16.500 9.000 1.500
v -15.500 9.000 2.500
v -16.500 9.000 2.500
v -14.500 -8.000 -2.500
v -14.500 -8.000 -1.500
v -14.500 -7.000 -2.500
v -14.500 -8.000 -0.500
v -14.500 -8.000 0.500
v -14.500 -8.000 1.500
v -14.500 -8.000 2.500
v -14.500 -7.000 2.500
v -14.500 -7.000 -4.500
v -14.500 -7.000 -3.500
v -14.500 -6.000 -4.500
v -14.500 -7.000 3.500
v -14.500 -7.000 4.500
v -14.500 -6.000 4.500
v -14.500 -6.000 -5.500
v -14.500 -5.000 -5.500
v -14.500 -6.000 5.500
v -14.500 -5.000 5.500
v -14.500 -5.000 -6.500
v -14.500 -4.000 -6.500
v -14.500 -5.000 6.500
v -14.500 -4.000 6.500
v -14.500 -4.000 -7.500
v -14.500 -3.000 -7.500
v -14.500 -4.000 7.500
v -14.500 -3.000 7.500
v -14.500 -2.000 -7.500
v -14.500 -2.000 7.500
v -14.500 -1.000 -7.500
v -14.500 -1.000 7.500
v -14.500 0.000 -7.500
v -14.500 0.000 7.500
v -14.500 1.000 -7.500
v -14.500 1.000 7.500
v -14.500 2.000 -7.500
v -14.500 2.000 7.500
v -14.500 3.000 -7.500
v -14.500 3.000 7.500
v -14.500 4.000 -6.500
v -14.500 4.000 -7.500
v -14.500 4.000 7.500
v -14.500 4.000 6.500
v -14.500 5.000 -5.500
v -14.500 5.000 -6.500
v -14.500 5.000 6.500
v -14.500 5.000 5.500
v -14.500 6.000 -4.500
v -14.500 6.000 -5.500
v -14.500 6.000 5.500
v -14.500 6.000 4.500
v -14.500 7.000 -3.500
v -14.500 7.000 -4.500
v -14.500 7.000 -2.500
v -14.500 7.000 3.500
v -14.500 7.000 2.500
v -14.500 7.000 4.500
v -14.500 8.000 -1.500
v -14.500 8.000 -2.500
v -14.500 8.000 -0.500
v -14.500 8.000 0.500
v -14.500 8.000 1.500
v -14.500 8.000 2.500
v -13.500 -8.000 -2.500
v -13.500 -7.000 -2.500
v -13.500 -7.000 -1.500
v -13.500 -8.000 -1.500
v -13.500 -7.000 -0.500
v -13.500 -8.000 -0.500
v -13.500 -7.000 0.500
v -13.500 -8.000 0.500
v -13.500 -7.000 1.500
v -13.500 -8.000 1.500
v -13.500 -7.000 2.500
v -13.500 -8.000 2.500
v -13.500 -7.000 -4.500
v -13.500 -6.000 -4.500
v -13.500 -6.000 -3.500
v -13.500 -7.000 -3.500
v -13.500 -6.000 -2.500
v -13.500 -6.000 -1.500
v -13.500 -6.000 -0.500
v -13.500 -6.000 0.500
v -13.500 -6.000 1.500
v -13.500 -6.000 2.500
v -13.500 -6.000 3.500
v -13.500 -7.000 3.500
v -13.500 -6.000 4.500
v -13.500 -7.000 4.500
v -13.500 -6.000 -5.500
v -13.500 -5.000 -5.500
v -13.500 -5.000 -4.500
v -13.500 -5.000 -3.500
v -13.500 -5.000 -2.500
v -13.500 -5.000 -1.500
v -13.500 -5.000 -0.500
v -13.500 -5.000 0.500
v -13.500 -5.000 1.500
v -13.500 -5.000 2.500
v -13.500 -5.000 3.500
v -13.500 -5.000 4.500
v -13.500 -5.000 5.500
v -13.500 -6.000 5.500
v -13.500 -5.000 -6.500
v -13.500 -4.000 -6.500
v -13.500 -4.000 -5.500
v -13.500 -4.000 -4.500
v -13.500 -4.000 -3.500
v -13.500 -4.000 -2.500
v -13.500 -4.000 -1.500
v -13.500 -4.000 -0.500
v -13.500 -4.000 0.500
v -13.500 -4.000 1.500
v -13.500 -4.000 2.500
v -13.500 -4.000 3.500
v -13.500 -4.000 4.500
v -13.500 -4.000 5.500
v -13.500 -4.000 6.500
v -13.500 -5.000 6.500
v -13.500 -4.000 -7.500
v -13.500 -3.000 -7.500
v -13.500 -3.000 -6.500
v -13.500 -3.000 -5.500
v -13.500 -3.000 -4.500
v -13.500 -3.000 -3.500
v -13.500 -3.000 -2.500
v -13.500 -3.000 -1.500
v -13.500 -3.000 -0.500
v -13.500 -3.000 0.500
v -13.500 -3.000 1.500
v -13.500 -3.000 2.500
v -13.500 -3.000 3.500
v -13.500 -3.000 4.500
v -13.500 -3.000 5.500
v -13.500 -3.000 6.500
v -13.500 -3.000 7.500
v -13.500 -4.000 7.500
v -13.500 -2.000 -7.500
v -13.500 -2.000 -6.500
v -13.500 -2.000 -5.500
v -13.500 -2.000 -4.500
v -13.500 -2.000 -3.500
v -13.500 -2.000 -2.500
v -13.500 -2.000 -1.500
v -13.500 -2.000 -0.500
v -13.500 -2.000 0.500
v -13.500 -2.000 1.500
v -13.500 -2.000 2.500
v -13.500 -2.000 3.500
v -13.500 -2.000 4.500
v -13.500 -2.000 5.500
v -13.500 -2.000 6.500
v -13.500 -2.000 7.500
v -13.500 -1.000 -7.500
v -13.500 -1.000 -6.500
v -13.500 -1.000 -5.500
v -13.500 -1.000 -4.500
v -13.500 -1.000 -3.500
v -13.500 -1.000 -2.500
v -13.500 -1.000 -1.500
v -13.500 -1.000 1.500
v -13.500 -1.000 2.500
v -13.500 -1.000 3.500
v -13.500 -1.000 4.500
v -13.500 -1.000 5.500
v -13.500 -1.000 6.500
v -13.500 -1.000 7.500
v -13.500 0.000 -7.500
v -13.500 0.000 -6.500
v -13.500 0.000 -5.500
v -13.500 0.000 -4.500
v -13.500 0.000 -3.500
v -13.500 0.000 -2.500
v -13.500 0.000 -1.500
v -13.500 0.000 1.500
v -13.500 0.000 2.500
v -13.500 0.000 3.500
v -13.500 0.000 4.500
v -13.500 0.000 5.500
v -13.500 0.000 6.500
v -13.500 0.000 7.500
v -13.500 1.000 -7.500
v -13.500 1.000 -6.500
v -13.500 1.000 -5.500
v -13.500 1.000 -4.500
v -13.500 1.000 -3.500
v -13.500 1.000 -2.500
v -13.500 1.000 -1.500
v -13.500 1.000 1.500
v -13.500 1.000 2.500
v -13.500 1.000 3.500
v -13.500 1.000 4.500
v -13.500 1.000 5.500
v -13.500 1.000 6.500
v -13.500 1.000 7.500
v -13.500 2.000 -7.500
v -13.500 2.000 -6.500
v -13.500 2.000 -5.500
v -13.500 2.000 -4.500
v -13.500 2.000 -3.500
v -13.500 2.000 -2.500
v -13.500 2.000 -1.500
v -13.500 2.000 1.500
v -13.500 2.000 2.500
v -13.500 2.000 3.500
v -13.500 2.000 4.500
v -13.500 2.000 5.500
v -13.500 2.000 6.500
v -13.500 2.000 7.500
v -13.500 3.000 -7.500
v -13.500 3.000 -6.500
v -13.500 3.000 -5.500
v -13.500 3.000 -4.500
v -13.500 3.000 -3.500
v -13.500 3.000 -2.500
v -13.500 3.000 -1.500
v -13.500 3.000 -0.500
v -13.500 2.000 -0.500
v -13.500 3.000 0.500
v -13.500 2.000 0.500
v -13.500 3.000 1.500
v -13.500 3.000 2.500
v -13.500 3.000 3.500
v -13.500 3.000 4.500
v -13.500 3.000 5.500
v -13.500 3.000 6.500
v -13.500 3.000 7.500
v -13.500 4.000 -7.500
v -13.500 4.000 -6.500
v -13.500 4.000 -5.500
v -13.500 4.000 -4.500
v -13.500 4.000 -3.500
v -13.500 4.000 -2.500
v -13.500 4.000 -1.500
v -13.500 4.000 -0.500
v -13.500 4.000 0.500
v -13.500 4.000 1.500
v -13.500 4.000 2.500
v -13.500 4.000 3.500
v -13.500 4.000 4.500
v -13.500 4.000 5.500
v -13.500 4.000 6.500
v -13.500 4.000 7.500
v -13.500 5.000 -6.500
v -13.500 5.000 -5.500
v -13.500 5.000 -4.500
v -13.500 5.000 -3.500
v -13.500 5.000 -2.500
v -13.500 5.000 -1.500
v -13.500 5.000 -0.500
v -13.500 5.000 0.500
v -13.500 5.000 1.500
v -13.500 5.000 2.500
v -13.500 5.000 3.500
v -13.500 5.000 4.500
v -13.500 5.000 5.500
v -13.500 5.000 6.500
v -13.500 6.000 -5.500
v -13.500 6.000 -4.500
v -13.500 6.000 -3.500
v -13.500 6.000 -2.500
v -13.500 6.000 -1.500
v -13.500 6.000 -0.500
v -13.500 6.000 0.500
v -13.500 6.000 1.500
v -13.500 6.000 2.500
v -13.500 6.000 3.500
v -13.500 6.000 4.500
v -13.500 6.000 5.500
v -13.500 7.000 -4.500
v -13.500 7.000 -3.500
v -13.500 7.000 -2.500
v -13.500 7.000 -1.500
v -13.500 7.000 -0.500
v -13.500 7.000 0.500
v -13.500 7.000 1.500
v -13.500 7.000 2.500
v -13.500 7.000 3.500
v -13.500 7.000 4.500
v -13.500 8.000 -2.500
v -13.500 8.000 -1.500
v -13.500 8.000 -0.500
v -13.500 8.000 0.500
v -13.500 8.000 1.500
v -13.500 8.000 2.500
v -12.500 -2.000 -1.500
v -12.500 -2.000 -0.500
v -12.500 -1.000 -1.500
v -12.500 -2.000 0.500
v -12.500 -2.000 1.500
v -12.500 -1.000 1.500
v -12.500 0.000 -1.500
v -12.500 0.000 1.500
v -12.500 1.000 -1.500
v -12.500 1.000 1.500
v -12.500 2.000 -0.500
v -12.500 2.000 -1.500
v -12.500 2.000 0.500
v -12.500 2.000 1.500
v -11.500 -2.000 -1.500
v -11.500 -2.000 -0.500
v -11.500 -1.000 -1.500
v -11.500 -2.000 0.500
v -11.500 -2.000 1.500
v -11.500 -1.000 1.500
v -11.500 0.000 -1.500
v -11.500 0.000 1.500
v -11.500 1.000 -1.500
v -11.500 1.000 1.500
v -11.500 2.000 -0.500
v -11.500 2.000 -1.500
v -11.500 2.000 0.500
v -11.500 2.000 1.500
v -10.500 -2.000 -1.500
v -10.500 -2.000 -0.500
v -10.500 -1.000 -1.500
v -10.500 -2.000 0.500
v -10.500 -2.000 1.500
v -10.500 -1.000 1.500
v -10.500 0.000 -1.500
v -10.500 0.000 1.500
v -10.500 1.000 -1.500
v -10.500 1.000 1.500
v -10.500 2.000 -0.500
v -10.500 2.000 -1.500
v -10.500 2.000 0.500
v -10.500 2.000 1.500
v -9.500 -2.000 -1.500
v -9.500 -2.000 -0.500
v -9.500 -1.000 -1.500
v -9.500 -2.000 0.500
v -9.500 -2.000 1.500
v -9.500 -1.000 1.500
v -9.500 0.000 -1.500
v -9.500 0.000 1.500
v -9.500 1.000 -1.500
v -9.500 1.000 1.500
v -9.500 2.000 -0.500
v -9.500 2.000 -1.500
v -9.500 2.000 0.500
v -9.500 2.000 1.500
v -9.500 -4.000 -0.500
v -9.500 -3.000 -0.500
v -9.500 -3.000 -1.500
v -9.500 -4.000 -1.500
v -8.500 -4.000 -1.500
v -8.500 -4.000 -0.500
v -8.500 -3.000 -1.500
v -9.500 -4.000 0.500
v -9.500 -3.000 0.500
v -8.500 -4.000 0.500
v -9.500 -4.000 1.500
v -9.500 -3.000 1.500
v -8.500 -4.000 1.500
v -8.500 -3.000 1.500
v -9.500 -3.000 -2.500
v -9.500 -2.000 -2.500
v -9.500 -2.000 -3.500
v -9.500 -3.000 -3.500
v -8.500 -3.000 -3.500
v -8.500 -3.000 -2.500
v -8.500 -2.000 -3.500
v -9.500 -3.000 2.500
v -9.500 -2.000 2.500
v -8.500 -3.000 2.500
v -9.500 -3.000 3.500
v -9.500 -2.000 3.500
v -8.500 -3.000 3.500
v -8.500 -2.000 3.500
v -9.500 -1.000 -2.500
v -9.500 -1.000 -3.500
v -8.500 -1.000 -3.500
v -9.500 -1.000 2.500
v -9.500 -1.000 3.500
v -8.500 -1.000 3.500
v -9.500 0.000 -2.500
v -9.500 0.000 -3.500
v -8.500 0.000 -3.500
v -9.500 0.000 2.500
v -9.500 0.000 3.500
v -8.500 0.000 3.500
v -9.500 1.000 -2.500
v -9.500 1.000 -3.500
v -8.500 1.000 -3.500
v -9.500 1.000 2.500
v -9.500 1.000 3.500
v -8.500 1.000 3.500
v -9.500 2.000 -2.500
v -9.500 2.000 -3.500
v -8.500 2.000 -3.500
v -9.500 2.000 2.500
v -9.500 2.000 3.500
v -8.500 2.000 3.500
v -9.500 3.000 -2.500
v -9.500 3.000 -3.500
v -8.500 3.000 -2.500
v -8.500 3.000 -3.500
v -9.500 3.000 -1.500
v -8.500 3.000 -1.500
v -9.500 3.000 -0.500
v -9.500 3.000 0.500
v -9.500 3.000 1.500
v -9.500 3.000 2.500
v -8.500 3.000 2.500
v -8.500 3.000 1.500
v -9.500 3.000 3.500
v -8.500 3.000 3.500
v -9.500 4.000 -0.500
v -9.500 4.000 -1.500
v -8.500 4.000 -0.500
v -8.500 4.000 -1.500
v -9.500 4.000 0.500
v -8.500 4.000 0.500
v -9.500 4.000 1.500
v -8.500 4.000 1.500
v -7.500 -6.000 -2.500
v -7.500 -5.000 -2.500
v -7.500 -5.000 -1.500
v -7.500 -6.000 -1.500
v -8.500 -6.000 -1.500
v -8.500 -5.000 -1.500
v -8.500 -5.000 -2.500
v -8.500 -6.000 -2.500
v -8.500 -6.000 -0.500
v -8.500 -5.000 -0.500
v -7.500 -6.000 -0.500
v -8.500 -6.000 0.500
v -8.500 -5.000 0.500
v -7.500 -6.000 0.500
v -8.500 -6.000 1.500
v -8.500 -5.000 1.500
v -7.500 -6.000 1.500
v -7.500 -5.000 1.500
v -7.500 -5.000 2.500
v -7.500 -6.000 2.500
v -8.500 -6.000 2.500
v -8.500 -5.000 2.500
v -7.500 -5.000 -3.500
v -7.500 -4.000 -3.500
v -7.500 -4.000 -2.500
v -8.500 -4.000 -2.500
v -8.500 -4.000 -3.500
v -8.500 -5.000 -3.500
v -7.500 -4.000 -1.500
v -7.500 -4.000 1.500
v -7.500 -4.000 2.500
v -8.500 -4.000 2.500
v -7.500 -4.000 3.500
v -7.500 -5.000 3.500
v -8.500 -5.000 3.500
v -8.500 -4.000 3.500
v -7.500 -4.000 -4.500
v -7.500 -3.000 -4.500
v -7.500 -3.000 -3.500
v -8.500 -3.000 -4.500
v -8.500 -4.000 -4.500
v -7.500 -3.000 -2.500
v -7.500 -3.000 -1.500
v -7.500 -3.000 1.500
v -7.500 -3.000 2.500
v -7.500 -3.000 3.500
v -7.500 -3.000 4.500
v -7.500 -4.000 4.500
v -8.500 -4.000 4.500
v -8.500 -3.000 4.500
v -7.500 -3.000 -5.500
v -7.500 -2.000 -5.500
v -7.500 -2.000 -4.500
v -8.500 -2.000 -4.500
v -8.500 -2.000 -5.500
v -8.500 -3.000 -5.500
v -7.500 -2.000 -3.500
v -7.500 -2.000 -2.500
v -7.500 -2.000 -1.500
v -7.500 -2.000 1.500
v -7.500 -2.000 2.500
v -7.500 -2.000 3.500
v -7.500 -2.000 4.500
v -8.500 -2.000 4.500
v -7.500 -2.000 5.500
v -7.500 -3.000 5.500
v -8.500 -3.000 5.500
v -8.500 -2.000 5.500
v -7.500 -1.000 -5.500
v -7.500 -1.000 -4.500
v -8.500 -1.000 -4.500
v -8.500 -1.000 -5.500
v -7.500 -1.000 -3.500
v -7.500 -1.000 -2.500
v -7.500 -1.000 2.500
v -7.500 -1.000 3.500
v -7.500 -1.000 4.500
v -8.500 -1.000 4.500
v -7.500 -1.000 5.500
v -8.500 -1.000 5.500
v -7.500 0.000 -5.500
v -7.500 0.000 -4.500
v -8.500 0.000 -4.500
v -8.500 0.000 -5.500
v -7.500 0.000 -3.500
v -7.500 0.000 -2.500
v -7.500 0.000 2.500
v -7.500 0.000 3.500
v -7.500 0.000 4.500
v -8.500 0.000 4.500
v -7.500 0.000 5.500
v -8.500 0.000 5.500
v -7.500 1.000 -5.500
v -7.500 1.000 -4.500
v -8.500 1.000 -4.500
v -8.500 1.000 -5.500
v -7.500 1.000 -3.500
v -7.500 1.000 -2.500
v -7.500 1.000 2.500
v -7.500 1.000 3.500
v -7.500 1.000 4.500
v -8.500 1.000 4.500
v -7.500 1.000 5.500
v -8.500 1.000 5.500
v -7.500 2.000 -5.500
v -7.500 2.000 -4.500
v -8.500 2.000 -4.500
v -8.500 2.000 -5.500
v -7.500 2.000 -3.500
v -7.500 2.000 -2.500
v -7.500 2.000 2.500
v -7.500 2.000 3.500
v -7.500 2.000 4.500
v -8.500 2.000 4.500
v -7.500 2.000 5.500
v -8.500 2.000 5.500
v -7.500 3.000 -5.500
v -7.500 3.000 -4.500
v -8.500 3.000 -4.500
v -8.500 3.000 -5.500
v -7.500 3.000 -3.500
v -7.500 3.000 -2.500
v -7.500 3.000 -1.500
v -7.500 2.000 -1.500
v -7.500 2.000 1.500
v -7.500 3.000 1.500
v -7.500 3.000 2.500
v -7.500 3.000 3.500
v -7.500 3.000 4.500
v -8.500 3.000 4.500
v -7.500 3.000 5.500
v -8.500 3.000 5.500
v -7.500 4.000 -4.500
v -7.500 4.000 -3.500
v -8.500 4.000 -3.500
v -8.500 4.000 -4.500
v -7.500 4.000 -2.500
v -8.500 4.000 -2.500
v -7.500 4.000 -1.500
v -7.500 4.000 1.500
v -7.500 4.000 2.500
v -8.500 4.000 2.500
v -7.500 4.000 3.500
v -8.500 4.000 3.500
v -7.500 4.000 4.500
v -8.500 4.000 4.500
v -7.500 5.000 -3.500
v -7.500 5.000 -2.500
v -8.500 5.000 -2.500
v -8.500 5.000 -3.500
v -7.500 5.000 -1.500
v -8.500 5.000 -1.500
v -8.500 5.000 -0.500
v -8.500 5.000 0.500
v -8.500 5.000 1.500
v -7.500 5.000 1.500
v -7.500 5.000 2.500
v -8.500 5.000 2.500
v -7.500 5.000 3.500
v -8.500 5.000 3.500
v -7.500 6.000 -2.500
v -7.500 6.000 -1.500
v -8.500 6.000 -1.500
v -8.500 6.000 -2.500
v -8.500 6.000 -0.500
v -7.500 6.000 -0.500
v -8.500 6.000 0.500
v -7.500 6.000 0.500
v -8.500 6.000 1.500
v -7.500 6.000 1.500
v -7.500 6.000 2.500
v -8.500 6.000 2.500
v -6.500 -6.000 -1.500
v -6.500 -6.000 -0.500
v -6.500 -5.000 -1.500
v -6.500 -6.000 0.500
v -6.500 -6.000 1.500
v -6.500 -5.000 1.500
v -6.500 -4.000 -1.500
v -6.500 -4.000 1.500
v -6.500 -3.000 -1.500
v -6.500 -3.000 1.500
v -6.500 -2.000 -1.500
v -6.500 -2.000 1.500
v -6.500 -2.000 -2.500
v -6.500 -1.000 -2.500
v -6.500 -2.000 2.500
v -6.500 -1.000 2.500
v -6.500 0.000 -2.500
v -6.500 0.000 2.500
v -6.500 1.000 -2.500
v -6.500 1.000 2.500
v -6.500 2.000 -1.500
v -6.500 2.000 -2.500
v -6.500 2.000 2.500
v -6.500 2.000 1.500
v -6.500 3.000 -1.500
v -6.500 3.000 1.500
v -6.500 4.000 -1.500
v -6.500 4.000 1.500
v -6.500 5.000 -1.500
v -6.500 5.000 1.500
v -6.500 6.000 -0.500
v -6.500 6.000 -1.500
v -6.500 6.000 0.500
v -6.500 6.000 1.500
v -5.500 -6.000 -1.500
v -5.500 -6.000 -0.500
v -5.500 -5.000 -1.500
v -5.500 -6.000 0.500
v -5.500 -6.000 1.500
v -5.500 -5.000 1.500
v -5.500 -4.000 -1.500
v -5.500 -4.000 1.500
v -6.500 -3.000 -2.500
v -6.500 -4.000 -2.500
v -5.500 -4.000 -2.500
v -5.500 -3.000 -2.500
v -6.500 -4.000 2.500
v -6.500 -3.000 2.500
v -5.500 -4.000 2.500
v -5.500 -3.000 2.500
v -5.500 -2.000 -2.500
v -5.500 -2.000 2.500
v -5.500 -1.000 -2.500
v -5.500 -1.000 2.500
v -5.500 0.000 -2.500
v -5.500 0.000 2.500
v -5.500 1.000 -2.500
v -5.500 1.000 2.500
v -5.500 2.000 -2.500
v -5.500 2.000 2.500
v -6.500 3.000 -2.500
v -5.500 3.000 -2.500
v -6.500 3.000 2.500
v -5.500 3.000 2.500
v -6.500 4.000 -2.500
v -5.500 4.000 -1.500
v -5.500 4.000 -2.500
v -6.500 4.000 2.500
v -5.500 4.000 2.500
v -5.500 4.000 1.500
v -5.500 5.000 -1.500
v -5.500 5.000 1.500
v -5.500 6.000 -0.500
v -5.500 6.000 -1.500
v -5.500 6.000 0.500
v -5.500 6.000 1.500
v -5.500 -10.000 -0.500
v -5.500 -9.000 -0.500
v -5.500 -9.000 -1.500
v -5.500 -10.000 -1.500
v -4.500 -10.000 -1.500
v -4.500 -10.000 -0.500
v -4.500 -9.000 -1.500
v -5.500 -10.000 0.500
v -5.500 -9.000 0.500
v -4.500 -10.000 0.500
v -5.500 -10.000 1.500
v -5.500 -9.000 1.500
v -4.500 -10.000 1.500
v -4.500 -9.000 1.500
v -5.500 -8.000 -0.500
v -5.500 -8.000 -1.500
v -4.500 -8.000 -0.500
v -4.500 -8.000 -1.500
v -5.500 -8.000 0.500
v -4.500 -8.000 0.500
v -5.500 -8.000 1.500
v -4.500 -8.000 1.500
v -4.500 -6.000 -1.500
v -4.500 -6.000 -0.500
v -4.500 -5.000 -1.500
v -4.500 -6.000 0.500
v -4.500 -6.000 1.500
v -4.500 -5.000 1.500
v -4.500 -4.000 -1.500
v -4.500 -4.000 1.500
v -4.500 -4.000 -2.500
v -4.500 -3.000 -2.500
v -4.500 -4.000 2.500
v -4.500 -3.000 2.500
v -4.500 -2.000 -2.500
v -4.500 -2.000 2.500
v -4.500 -1.000 -2.500
v -4.500 -1.000 2.500
v -4.500 0.000 -2.500
v -4.500 0.000 2.500
v -4.500 1.000 -2.500
v -4.500 1.000 2.500
v -4.500 2.000 -2.500
v -4.500 2.000 2.500
v -4.500 3.000 -2.500
v -4.500 3.000 2.500
v -4.500 4.000 -1.500
v -4.500 4.000 -2.500
v -4.500 4.000 2.500
v -4.500 4.000 1.500
v -4.500 5.000 -1.500
v -4.500 5.000 1.500
v -4.500 6.000 -0.500
v -4.500 6.000 -1.500
v -4.500 6.000 0.500
v -4.500 6.000 1.500
v -5.500 8.000 -0.500
v -5.500 9.000 -0.500
v -5.500 9.000 -1.500
v -5.500 8.000 -1.500
v -4.500 8.000 -1.500
v -4.500 8.000 -0.500
v -4.500 9.000 -1.500
v -5.500 8.000 0.500
v -5.500 9.000 0.500
v -4.500 8.000 0.500
v -5.500 8.000 1.500
v -5.500 9.000 1.500
v -4.500 8.000 1.500
v -4.500 9.000 1.500
v -5.500 10.000 -0.500
v -5.500 10.000 -1.500
v -4.500 10.000 -0.500
v -4.500 10.000 -1.500
v -5.500 10.000 0.500
v -4.500 10.000 0.500
v -5.500 10.000 1.500
v -4.500 10.000 1.500
v -3.500 -10.000 -1.500
v -3.500 -9.000 -1.500
v -3.500 -9.000 -0.500
v -3.500 -10.000 -0.500
v -3.500 -9.000 0.500
v -3.500 -10.000 0.500
v -3.500 -9.000 1.500
v -3.500 -10.000 1.500
v -3.500 -8.000 -0.500
v -3.500 -8.000 -1.500
v -3.500 -8.000 0.500
v -3.500 -8.000 1.500
v -3.500 -6.000 -1.500
v -3.500 -6.000 -0.500
v -3.500 -5.000 -1.500
v -3.500 -6.000 0.500
v -3.500 -6.000 1.500
v -3.500 -5.000 1.500
v -3.500 -4.000 -1.500
v -3.500 -4.000 1.500
v -3.500 -4.000 -2.500
v -3.500 -3.000 -2.500
v -3.500 -4.000 2.500
v -3.500 -3.000 2.500
v -3.500 -2.000 -2.500
v -3.500 -2.000 2.500
v -4.500 -1.000 -3.500
v -4.500 -2.000 -3.500
v -3.500 -2.000 -3.500
v -3.500 -1.000 -3.500
v -4.500 -2.000 3.500
v -4.500 -1.000 3.500
v -3.500 -2.000 3.500
v -3.500 -1.000 3.500
v -4.500 0.000 -3.500
v -3.500 0.000 -3.500
v -4.500 0.000 3.500
v -3.500 0.000 3.500
v -4.500 1.000 -3.500
v -3.500 1.000 -3.500
v -4.500 1.000 3.500
v -3.500 1.000 3.500
v -4.500 2.000 -3.500
v -3.500 2.000 -2.500
v -3.500 2.000 -3.500
v -4.500 2.000 3.500
v -3.500 2.000 3.500
v -3.500 2.000 2.500
v -3.500 3.000 -2.500
v -3.500 3.000 2.500
v -3.500 4.000 -1.500
v -3.500 4.000 -2.500
v -3.500 4.000 2.500
v -3.500 4.000 1.500
v -3.500 5.000 -1.500
v -3.500 5.000 1.500
v -3.500 6.000 -0.500
v -3.500 6.000 -1.500
v -3.500 6.000 0.500
v -3.500 6.000 1.500
v -3.500 8.000 -1.500
v -3.500 8.000 -0.500
v -3.500 9.000 -1.500
v -3.500 8.000 0.500
v -3.500 8.000 1.500
v -3.500 9.000 1.500
v -3.500 10.000 -1.500
v -3.500 10.000 -0.500
v -3.500 9.000 -0.500
v -3.500 10.000 0.500
v -3.500 9.000 0.500
v -3.500 10.000 1.500
v -2.500 -9.000 -1.500
v -2.500 -8.000 -1.500
v -2.500 -8.000 -0.500
v -2.500 -9.000 -0.500
v -2.500 -8.000 0.500
v -2.500 -9.000 0.500
v -2.500 -8.000 1.500
v -2.500 -9.000 1.500
v -3.500 -7.000 -0.500
v -3.500 -7.000 -1.500
v -2.500 -7.000 -0.500
v -2.500 -7.000 -1.500
v -3.500 -7.000 0.500
v -2.500 -7.000 0.500
v -3.500 -7.000 1.500
v -2.500 -7.000 1.500
v -2.500 -6.000 -1.500
v -2.500 -6.000 -0.500
v -2.500 -5.000 -1.500
v -2.500 -6.000 0.500
v -2.500 -6.000 1.500
v -2.500 -5.000 1.500
v -2.500 -4.000 -1.500
v -2.500 -4.000 1.500
v -2.500 -4.000 -2.500
v -2.500 -3.000 -2.500
v -2.500 -4.000 2.500
v -2.500 -3.000 2.500
v -2.500 -2.000 -2.500
v -2.500 -2.000 2.500
v -2.500 -2.000 -3.500
v -2.500 -1.000 -3.500
v -2.500 -2.000 3.500
v -2.500 -1.000 3.500
v -3.500 0.000 -4.500
v -3.500 -1.000 -4.500
v -2.500 -1.000 -4.500
v -2.500 0.000 -4.500
v -3.500 -1.000 4.500
v -3.500 0.000 4.500
v -2.500 -1.000 4.500
v -2.500 0.000 4.500
v -3.500 1.000 -4.500
v -2.500 1.000 -3.500
v -2.500 1.000 -4.500
v -3.500 1.000 4.500
v -2.500 1.000 4.500
v -2.500 1.000 3.500
v -2.500 2.000 -2.500
v -2.500 2.000 -3.500
v -2.500 2.000 3.500
v -2.500 2.000 2.500
v -2.500 3.000 -2.500
v -2.500 3.000 2.500
v -2.500 4.000 -1.500
v -2.500 4.000 -2.500
v -2.500 4.000 2.500
v -2.500 4.000 1.500
v -2.500 5.000 -1.500
v -2.500 5.000 1.500
v -2.500 6.000 -0.500
v -2.500 6.000 -1.500
v -2.500 6.000 0.500
v -2.500 6.000 1.500
v -3.500 7.000 -0.500
v -3.500 7.000 -1.500
v -2.500 7.000 -1.500
v -2.500 7.000 -0.500
v -2.500 8.000 -1.500
v -3.500 7.000 0.500
v -2.500 7.000 0.500
v -3.500 7.000 1.500
v -2.500 7.000 1.500
v -2.500 8.000 1.500
v -2.500 9.000 -1.500
v -2.500 9.000 -0.500
v -2.500 8.000 -0.500
v -2.500 9.000 0.500
v -2.500 8.000 0.500
v -2.500 9.000 1.500
v -1.500 -8.000 -1.500
v -1.500 -7.000 -1.500
v -1.500 -7.000 -0.500
v -1.500 -8.000 -0.500
v -1.500 -7.000 0.500
v -1.500 -8.000 0.500
v -1.500 -7.000 1.500
v -1.500 -8.000 1.500
v -1.500 -6.000 -1.500
v -1.500 -6.000 -0.500
v -1.500 -6.000 0.500
v -1.500 -6.000 1.500
v -1.500 -5.000 -1.500
v -1.500 -5.000 1.500
v -1.500 -4.000 -1.500
v -1.500 -4.000 1.500
v -1.500 -4.000 -2.500
v -1.500 -3.000 -2.500
v -1.500 -4.000 2.500
v -1.500 -3.000 2.500
v -1.500 -2.000 -2.500
v -1.500 -2.000 2.500
v -1.500 -2.000 -3.500
v -1.500 -1.000 -3.500
v -1.500 -2.000 3.500
v -1.500 -1.000 3.500
v -1.500 -1.000 -4.500
v -1.500 0.000 -4.500
v -1.500 -1.000 4.500
v -1.500 0.000 4.500
v -1.500 1.000 -3.500
v -1.500 1.000 -4.500
v -1.500 1.000 4.500
v -1.500 1.000 3.500
v -1.500 2.000 -2.500
v -1.500 2.000 -3.500
v -1.500 2.000 3.500
v -1.500 2.000 2.500
v -1.500 3.000 -2.500
v -1.500 3.000 2.500
v -1.500 4.000 -1.500
v -1.500 4.000 -2.500
v -1.500 4.000 2.500
v -1.500 4.000 1.500
v -1.500 5.000 -1.500
v -1.500 5.000 1.500
v -1.500 6.000 -1.500
v -1.500 6.000 1.500
v -1.500 7.000 -1.500
v -1.500 7.000 -0.500
v -1.500 6.000 -0.500
v -1.500 7.000 0.500
v -1.500 6.000 0.500
v -1.500 7.000 1.500
v -1.500 8.000 -1.500
v -1.500 8.000 -0.500
v -1.500 8.000 0.500
v -1.500 8.000 1.500
v -0.500 -6.000 -1.500
v -0.500 -6.000 -0.500
v -0.500 -5.000 -1.500
v -0.500 -6.000 0.500
v -0.500 -6.000 1.500
v -0.500 -5.000 1.500
v -0.500 -4.000 -1.500
v -0.500 -4.000 1.500
v -0.500 -4.000 -2.500
v -0.500 -3.000 -2.500
v -0.500 -4.000 2.500
v -0.500 -3.000 2.500
v -0.500 -2.000 -2.500
v -0.500 -2.000 2.500
v -0.500 -2.000 -3.500
v -0.500 -1.000 -3.500
v -0.500 -2.000 3.500
v -0.500 -1.000 3.500
v -0.500 -1.000 -4.500
v -0.500 0.000 -4.500
v -0.500 -1.000 4.500
v -0.500 0.000 4.500
v -0.500 1.000 -3.500
v -0.500 1.000 -4.500
v -0.500 1.000 4.500
v -0.500 1.000 3.500
v -0.500 2.000 -2.500
v -0.500 2.000 -3.500
v -0.500 2.000 3.500
v -0.500 2.000 2.500
v -0.500 3.000 -2.500
v -0.500 3.000 2.500
v -0.500 4.000 -1.500
v -0.500 4.000 -2.500
v -0.500 4.000 2.500
v -0.500 4.000 1.500
v -0.500 5.000 -1.500
v -0.500 5.000 1.500
v -0.500 6.000 -0.500
v -0.500 6.000 -1.500
v -0.500 6.000 0.500
v -0.500 6.000 1.500
v 0.500 -6.000 -1.500
v 0.500 -6.000 -0.500
v 0.500 -5.000 -1.500
v 0.500 -6.000 0.500
v 0.500 -6.000 1.500
v 0.500 -5.000 1.500
v 0.500 -4.000 -1.500
v 0.500 -4.000 1.500
v 0.500 -4.000 -2.500
v 0.500 -3.000 -2.500
v 0.500 -4.000 2.500
v 0.500 -3.000 2.500
v 0.500 -2.000 -2.500
v 0.500 -2.000 2.500
v 0.500 -2.000 -3.500
v 0.500 -1.000 -3.500
v 0.500 -2.000 3.500
v 0.500 -1.000 3.500
v 0.500 -1.000 -4.500
v 0.500 0.000 -4.500
v 0.500 -1.000 4.500
v 0.500 0.000 4.500
v 0.500 1.000 -3.500
v 0.500 1.000 -4.500
v 0.500 1.000 4.500
v 0.500 1.000 3.500
v 0.500 2.000 -2.500
v 0.500 2.000 -3.500
v 0.500 2.000 3.500
v 0.500 2.000 2.500
v 0.500 3.000 -2.500
v 0.500 3.000 2.500
v 0.500 4.000 -1.500
v 0.500 4.000 -2.500
v 0.500 4.000 2.500
v 0.500 4.000 1.500
v 0.500 5.000 -1.500
v 0.500 5.000 1.500
v 0.500 6.000 -0.500
v 0.500 6.000 -1.500
v 0.500 6.000 0.500
v 0.500 6.000 1.500
v 1.500 -6.000 -1.500
v 1.500 -6.000 -0.500
v 1.500 -5.000 -1.500
v 1.500 -6.000 0.500
v 1.500 -6.000 1.500
v 1.500 -5.000 1.500
v 1.500 -4.000 -1.500
v 1.500 -4.000 1.500
v 1.500 -4.000 -2.500
v 1.500 -3.000 -2.500
v 1.500 -4.000 2.500
v 1.500 -3.000 2.500
v 1.500 -2.000 -2.500
v 1.500 -2.000 2.500
v 1.500 -2.000 -3.500
v 1.500 -1.000 -3.500
v 1.500 -2.000 3.500
v 1.500 -1.000 3.500
v 1.500 -1.000 -4.500
v 1.500 0.000 -4.500
v 1.500 -1.000 4.500
v 1.500 0.000 4.500
v 1.500 1.000 -3.500
v 1.500 1.000 -4.500
v 1.500 1.000 4.500
v 1.500 1.000 3.500
v 1.500 2.000 -2.500
v 1.500 2.000 -3.500
v 1.500 2.000 3.500
v 1.500 2.000 2.500
v 1.500 3.000 -2.500
v 1.500 3.000 2.500
v 1.500 4.000 -1.500
v 1.500 4.000 -2.500
v 1.500 4.000 2.500
v 1.500 4.000 1.500
v 1.500 5.000 -1.500
v 1.500 5.000 1.500
v 1.500 6.000 -0.500
v 1.500 6.000 -1.500
v 1.500 6.000 0.500
v 1.500 6.000 1.500
v 2.500 -6.000 -1.500
v 2.500 -6.000 -0.500
v 2.500 -5.000 -1.500
v 2.500 -6.000 0.500
v 2.500 -6.000 1.500
v 2.500 -5.000 1.500
v 2.500 -4.000 -1.500
v 2.500 -4.000 1.500
v 2.500 -4.000 -2.500
v 2.500 -3.000 -2.500
v 2.500 -4.000 2.500
v 2.500 -3.000 2.500
v 2.500 -2.000 -2.500
v 2.500 -2.000 2.500
v 2.500 -2.000 -3.500
v 2.500 -1.000 -3.500
v 2.500 -2.000 3.500
v 2.500 -1.000 3.500
v 2.500 -1.000 -4.500
v 2.500 0.000 -4.500
v 2.500 -1.000 4.500
v 2.500 0.000 4.500
v 2.500 1.000 -3.500
v 2.500 1.000 -4.500
v 2.500 1.000 4.500
v 2.500 1.000 3.500
v 2.500 2.000 -2.500
v 2.500 2.000 -3.500
v 2.500 2.000 3.500
v 2.500 2.000 2.500
v 2.500 3.000 -2.500
v 2.500 3.000 2.500
v 2.500 4.000 -1.500
v 2.500 4.000 -2.500
v 2.500 4.000 2.500
v 2.500 4.000 1.500
v 2.500 5.000 -1.500
v 2.500 5.000 1.500
v 2.500 6.000 -0.500
v 2.500 6.000 -1.500
v 2.500 6.000 0.500
v 2.500 6.000 1.500
v 3.500 -6.000 -1.500
v 3.500 -6.000 -0.500
v 3.500 -5.000 -1.500
v 3.500 -6.000 0.500
v 3.500 -6.000 1.500
v 3.500 -5.000 1.500
v 3.500 -4.000 -1.500
v 3.500 -4.000 1.500
v 3.500 -4.000 -2.500
v 3.500 -3.000 -2.500
v 3.500 -4.000 2.500
v 3.500 -3.000 2.500
v 3.500 -2.000 -2.500
v 3.500 -2.000 2.500
v 3.500 -2.000 -3.500
v 3.500 -1.000 -3.500
v 3.500 -2.000 3.500
v 3.500 -1.000 3.500
v 3.500 -1.000 -4.500
v 3.500 0.000 -4.500
v 3.500 -1.000 4.500
v 3.500 0.000 4.500
v 3.500 1.000 -3.500
v 3.500 1.000 -4.500
v 3.500 1.000 4.500
v 3.500 1.000 3.500
v 3.500 2.000 -2.500
v 3.500 2.000 -3.500
v 3.500 2.000 3.500
v 3.500 2.000 2.500
v 3.500 3.000 -2.500
v 3.500 3.000 2.500
v 3.500 4.000 -1.500
v 3.500 4.000 -2.500
v 3.500 4.000 2.500
v 3.500 4.000 1.500
v 3.500 5.000 -1.500
v 3.500 5.000 1.500
v 3.500 6.000 -0.500
v 3.500 6.000 -1.500
v 3.500 6.000 0.500
v 3.500 6.000 1.500
v 4.500 -6.000 -1.500
v 4.500 -6.000 -0.500
v 4.500 -5.000 -1.500
v 4.500 -6.000 0.500
v 4.500 -6.000 1.500
v 4.500 -5.000 1.500
v 4.500 -4.000 -1.500
v 4.500 -4.000 1.500
v 4.500 -4.000 -2.500
v 4.500 -3.000 -2.500
v 4.500 -4.000 2.500
v 4.500 -3.000 2.500
v 4.500 -2.000 -2.500
v 4.500 -2.000 2.500
v 4.500 -2.000 -3.500
v 4.500 -1.000 -3.500
v 4.500 -2.000 3.500
v 4.500 -1.000 3.500
v 4.500 -1.000 -4.500
v 4.500 0.000 -4.500
v 4.500 -1.000 4.500
v 4.500 0.000 4.500
v 4.500 1.000 -3.500
v 4.500 1.000 -4.500
v 4.500 1.000 4.500
v 4.500 1.000 3.500
v 4.500 2.000 -2.500
v 4.500 2.000 -3.500
v 4.500 2.000 3.500
v 4.500 2.000 2.500
v 4.500 3.000 -2.500
v 4.500 3.000 2.500
v 4.500 4.000 -1.500
v 4.500 4.000 -2.500
v 4.500 4.000 2.500
v 4.500 4.000 1.500
v 4.500 5.000 -1.500
v 4.500 5.000 1.500
v 4.500 6.000 -0.500
v 4.500 6.000 -1.500
v 4.500 6.000 0.500
v 4.500 6.000 1.500
v 5.500 -6.000 -1.500
v 5.500 -6.000 -0.500
v 5.500 -5.000 -1.500
v 5.500 -6.000 0.500
v 5.500 -6.000 1.500
v 5.500 -5.000 1.500
v 5.500 -4.000 -1.500
v 5.500 -4.000 1.500
v 5.500 -4.000 -2.500
v 5.500 -3.000 -2.500
v 5.500 -4.000 2.500
v 5.500 -3.000 2.500
v 5.500 -2.000 -2.500
v 5.500 -2.000 2.500
v 5.500 -2.000 -3.500
v 5.500 -1.000 -3.500
v 5.500 -2.000 3.500
v 5.500 -1.000 3.500
v 5.500 -1.000 -4.500
v 5.500 0.000 -4.500
v 5.500 -1.000 4.500
v 5.500 0.000 4.500
v 5.500 1.000 -3.500
v 5.500 1.000 -4.500
v 5.500 1.000 4.500
v 5.500 1.000 3.500
v 5.500 2.000 -2.500
v 5.500 2.000 -3.500
v 5.500 2.000 3.500
v 5.500 2.000 2.500
v 5.500 3.000 -2.500
v 5.500 3.000 2.500
v 5.500 4.000 -1.500
v 5.500 4.000 -2.500
v 5.500 4.000 2.500
v 5.500 4.000 1.500
v 5.500 5.000 -1.500
v 5.500 5.000 1.500
v 5.500 6.000 -0.500
v 5.500 6.000 -1.500
v 5.500 6.000 0.500
v 5.500 6.000 1.500
v 6.500 -6.000 -1.500
v 6.500 -6.000 -0.500
v 6.500 -5.000 -1.500
v 6.500 -6.000 0.500
v 6.500 -6.000 1.500
v 6.500 -5.000 1.500
v 6.500 -4.000 -1.500
v 6.500 -4.000 1.500
v 6.500 -4.000 -2.500
v 6.500 -3.000 -2.500
v 6.500 -4.000 2.500
v 6.500 -3.000 2.500
v 6.500 -2.000 -2.500
v 6.500 -2.000 2.500
v 6.500 -2.000 -3.500
v 6.500 -1.000 -3.500
v 6.500 -2.000 3.500
v 6.500 -1.000 3.500
v 6.500 -1.000 -4.500
v 6.500 0.000 -4.500
v 6.500 -1.000 4.500
v 6.500 0.000 4.500
v 6.500 1.000 -3.500
v 6.500 1.000 -4.500
v 6.500 1.000 4.500
v 6.500 1.000 3.500
v 6.500 2.000 -2.500
v 6.500 2.000 -3.500
v 6.500 2.000 3.500
v 6.500 2.000 2.500
v 6.500 3.000 -2.500
v 6.500 3.000 2.500
v 6.500 4.000 -1.500
v 6.500 4.000 -2.500
v 6.500 4.000 2.500
v 6.500 4.000 1.500
v 6.500 5.000 -1.500
v 6.500 5.000 1.500
v 6.500 6.000 -0.500
v 6.500 6.000 -1.500
v 6.500 6.000 0.500
v 6.500 6.000 1.500
v 7.500 -6.000 -1.500
v 7.500 -6.000 -0.500
v 7.500 -5.000 -1.500
v 7.500 -6.000 0.500
v 7.500 -6.000 1.500
v 7.500 -5.000 1.500
v 7.500 -4.000 -1.500
v 7.500 -4.000 1.500
v 7.500 -4.000 -2.500
v 7.500 -3.000 -2.500
v 7.500 -4.000 2.500
v 7.500 -3.000 2.500
v 7.500 -2.000 -2.500
v 7.500 -2.000 2.500
v 7.500 -2.000 -3.500
v 7.500 -1.000 -3.500
v 7.500 -2.000 3.500
v 7.500 -1.000 3.500
v 7.500 -1.000 -4.500
v 7.500 0.000 -4.500
v 7.500 0.000 -3.500
v 7.500 0.000 3.500
v 7.500 0.000 4.500
v 7.500 -1.000 4.500
v 7.500 1.000 -4.500
v 7.500 1.000 -3.500
v 7.500 1.000 3.500
v 7.500 1.000 4.500
v 7.500 2.000 -2.500
v 7.500 2.000 -3.500
v 7.500 2.000 3.500
v 7.500 2.000 2.500
v 7.500 3.000 -2.500
v 7.500 3.000 2.500
v 7.500 4.000 -1.500
v 7.500 4.000 -2.500
v 7.500 4.000 2.500
v 7.500 4.000 1.500
v 7.500 5.000 -1.500
v 7.500 5.000 1.500
v 7.500 6.000 -0.500
v 7.500 6.000 -1.500
v 7.500 6.000 0.500
v 7.500 6.000 1.500
v 8.500 -6.000 -1.500
v 8.500 -6.000 -0.500
v 8.500 -5.000 -1.500
v 8.500 -6.000 0.500
v 8.500 -6.000 1.500
v 8.500 -5.000 1.500
v 8.500 -4.000 -1.500
v 8.500 -4.000 1.500
v 8.500 -4.000 -2.500
v 8.500 -3.000 -2.500
v 8.500 -4.000 2.500
v 8.500 -3.000 2.500
v 8.500 -2.000 -2.500
v 8.500 -2.000 2.500
v 8.500 -2.000 -3.500
v 8.500 -1.000 -3.500
v 8.500 -1.000 -2.500
v 8.500 -1.000 2.500
v 8.500 -1.000 3.500
v 8.500 -2.000 3.500
v 8.500 0.000 -3.500
v 8.500 0.000 3.500
v 8.500 1.000 -3.500
v 8.500 1.000 3.500
v 8.500 2.000 -3.500
v 8.500 2.000 -2.500
v 8.500 1.000 -2.500
v 8.500 1.000 2.500
v 8.500 2.000 2.500
v 8.500 2.000 3.500
v 8.500 3.000 -2.500
v 8.500 3.000 2.500
v 8.500 4.000 -1.500
v 8.500 4.000 -2.500
v 8.500 4.000 2.500
v 8.500 4.000 1.500
v 8.500 5.000 -1.500
v 8.500 5.000 1.500
v 8.500 6.000 -0.500
v 8.500 6.000 -1.500
v 8.500 6.000 0.500
v 8.500 6.000 1.500
v 9.500 -6.000 -1.500
v 9.500 -6.000 -0.500
v 9.500 -5.000 -1.500
v 9.500 -6.000 0.500
v 9.500 -6.000 1.500
v 9.500 -5.000 1.500
v 9.500 -4.000 -1.500
v 9.500 -4.000 1.500
v 9.500 -4.000 -2.500
v 9.500 -3.000 -2.500
v 9.500 -4.000 2.500
v 9.500 -3.000 2.500
v 9.500 -2.000 -2.500
v 9.500 -2.000 2.500
v 9.500 -1.000 -2.500
v 9.500 -1.000 2.500
v 9.500 -1.000 -3.500
v 9.500 0.000 -3.500
v 9.500 -1.000 3.500
v 9.500 0.000 3.500
v 9.500 1.000 -2.500
v 9.500 1.000 -3.500
v 9.500 1.000 3.500
v 9.500 1.000 2.500
v 9.500 2.000 -2.500
v 9.500 2.000 2.500
v 9.500 3.000 -2.500
v 9.500 3.000 2.500
v 9.500 4.000 -1.500
v 9.500 4.000 -2.500
v 9.500 4.000 2.500
v 9.500 4.000 1.500
v 9.500 5.000 -1.500
v 9.500 5.000 1.500
v 9.500 6.000 -0.500
v 9.500 6.000 -1.500
v 9.500 6.000 0.500
v 9.500 6.000 1.500
v 10.500 -6.000 -1.500
v 10.500 -6.000 -0.500
v 10.500 -5.000 -1.500
v 10.500 -6.000 0.500
v 10.500 -6.000 1.500
v 10.500 -5.000 1.500
v 10.500 -4.000 -1.500
v 10.500 -4.000 1.500
v 10.500 -4.000 -2.500
v 10.500 -3.000 -2.500
v 10.500 -3.000 -1.500
v 10.500 -3.000 1.500
v 10.500 -3.000 2.500
v 10.500 -4.000 2.500
v 10.500 -2.000 -2.500
v 10.500 -2.000 2.500
v 10.500 -1.000 -2.500
v 10.500 -1.000 2.500
v 10.500 -1.000 -3.500
v 10.500 0.000 -3.500
v 10.500 0.000 -2.500
v 10.500 0.000 2.500
v 10.500 0.000 3.500
v 10.500 -1.000 3.500
v 10.500 1.000 -3.500
v 10.500 1.000 -2.500
v 10.500 1.000 2.500
v 10.500 1.000 3.500
v 10.500 2.000 -2.500
v 10.500 2.000 2.500
v 10.500 3.000 -2.500
v 10.500 3.000 2.500
v 10.500 4.000 -2.500
v 10.500 4.000 -1.500
v 10.500 3.000 -1.500
v 10.500 3.000 1.500
v 10.500 4.000 1.500
v 10.500 4.000 2.500
v 10.500 5.000 -1.500
v 10.500 5.000 1.500
v 10.500 6.000 -0.500
v 10.500 6.000 -1.500
v 10.500 6.000 0.500
v 10.500 6.000 1.500
v 11.500 -6.000 -1.500
v 11.500 -6.000 -0.500
v 11.500 -5.000 -1.500
v 11.500 -6.000 0.500
v 11.500 -6.000 1.500
v 11.500 -5.000 1.500
v 11.500 -4.000 -1.500
v 11.500 -4.000 1.500
v 11.500 -3.000 -1.500
v 11.500 -3.000 1.500
v 11.500 -3.000 -2.500
v 11.500 -2.000 -2.500
v 11.500 -3.000 2.500
v 11.500 -2.000 2.500
v 11.500 -1.000 -2.500
v 11.500 -1.000 2.500
v 11.500 0.000 -2.500
v 11.500 0.000 2.500
v 11.500 1.000 -2.500
v 11.500 1.000 2.500
v 11.500 2.000 -2.500
v 11.500 2.000 2.500
v 11.500 3.000 -1.500
v 11.500 3.000 -2.500
v 11.500 3.000 2.500
v 11.500 3.000 1.500
v 11.500 4.000 -1.500
v 11.500 4.000 1.500
v 11.500 5.000 -1.500
v 11.500 5.000 1.500
v 11.500 6.000 -0.500
v 11.500 6.000 -1.500
v 11.500 6.000 0.500
v 11.500 6.000 1.500
v 12.500 -6.000 -1.500
v 12.500 -5.000 -1.500
v 12.500 -5.000 -0.500
v 12.500 -6.000 -0.500
v 12.500 -5.000 0.500
v 12.500 -6.000 0.500
v 12.500 -5.000 1.500
v 12.500 -6.000 1.500
v 12.500 -4.000 -1.500
v 12.500 -4.000 1.500
v 12.500 -3.000 -1.500
v 12.500 -3.000 1.500
v 12.500 -3.000 -2.500
v 12.500 -2.000 -2.500
v 12.500 -2.000 -1.500
v 12.500 -2.000 1.500
v 12.500 -2.000 2.500
v 12.500 -3.000 2.500
v 12.500 -1.000 -2.500
v 12.500 -1.000 2.500
v 12.500 0.000 -2.500
v 12.500 0.000 2.500
v 12.500 1.000 -2.500
v 12.500 1.000 2.500
v 12.500 2.000 -2.500
v 12.500 2.000 2.500
v 12.500 3.000 -2.500
v 12.500 3.000 -1.500
v 12.500 2.000 -1.500
v 12.500 2.000 1.500
v 12.500 3.000 1.500
v 12.500 3.000 2.500
v 12.500 4.000 -1.500
v 12.500 4.000 1.500
v 12.500 5.000 -1.500
v 12.500 5.000 1.500
v 12.500 6.000 -1.500
v 12.500 6.000 -0.500
v 12.500 5.000 -0.500
v 12.500 6.000 0.500
v 12.500 5.000 0.500
v 12.500 6.000 1.500
v 13.500 -5.000 -1.500
v 13.500 -5.000 -0.500
v 13.500 -4.000 -1.500
v 13.500 -5.000 0.500
v 13.500 -5.000 1.500
v 13.500 -4.000 1.500
v 13.500 -3.000 -1.500
v 13.500 -3.000 1.500
v 13.500 -2.000 -1.500
v 13.500 -2.000 1.500
v 13.500 -2.000 -2.500
v 13.500 -1.000 -2.500
v 13.500 -2.000 2.500
v 13.500 -1.000 2.500
v 13.500 0.000 -2.500
v 13.500 0.000 2.500
v 13.500 1.000 -2.500
v 13.500 1.000 2.500
v 13.500 2.000 -1.500
v 13.500 2.000 -2.500
v 13.500 2.000 2.500
v 13.500 2.000 1.500
v 13.500 3.000 -1.500
v 13.500 3.000 1.500
v 13.500 4.000 -1.500
v 13.500 4.000 1.500
v 13.500 5.000 -0.500
v 13.500 5.000 -1.500
v 13.500 5.000 0.500
v 13.500 5.000 1.500
v 14.500 -5.000 -1.500
v 14.500 -4.000 -1.500
v 14.500 -4.000 -0.500
v 14.500 -5.000 -0.500
v 14.500 -4.000 0.500
v 14.500 -5.000 0.500
v 14.500 -4.000 1.500
v 14.500 -5.000 1.500
v 14.500 -3.000 -1.500
v 14.500 -3.000 1.500
v 14.500 -2.000 -1.500
v 14.500 -2.000 1.500
v 14.500 -2.000 -2.500
v 14.500 -1.000 -2.500
v 14.500 -1.000 -1.500
v 14.500 -1.000 1.500
v 14.500 -1.000 2.500
v 14.500 -2.000 2.500
v 14.500 0.000 -2.500
v 14.500 0.000 2.500
v 14.500 1.000 -2.500
v 14.500 1.000 2.500
v 14.500 2.000 -2.500
v 14.500 2.000 -1.500
v 14.500 1.000 -1.500
v 14.500 1.000 1.500
v 14.500 2.000 1.500
v 14.500 2.000 2.500
v 14.500 3.000 -1.500
v 14.500 3.000 1.500
v 14.500 4.000 -1.500
v 14.500 4.000 1.500
v 14.500 5.000 -1.500
v 14.500 5.000 -0.500
v 14.500 4.000 -0.500
v 14.500 5.000 0.500
v 14.500 4.000 0.500
v 14.500 5.000 1.500
v 15.500 -4.000 -1.500
v 15.500 -4.000 -0.500
v 15.500 -3.000 -1.500
v 15.500 -4.000 0.500
v 15.500 -4.000 1.500
v 15.500 -3.000 1.500
v 15.500 -2.000 -1.500
v 15.500 -2.000 1.500
v 15.500 -1.000 -1.500
v 15.500 -1.000 1.500
v 15.500 -1.000 -2.500
v 15.500 0.000 -2.500
v 15.500 -1.000 2.500
v 15.500 0.000 2.500
v 15.500 1.000 -1.500
v 15.500 1.000 -2.500
v 15.500 1.000 2.500
v 15.500 1.000 1.500
v 15.500 2.000 -1.500
v 15.500 2.000 1.500
v 15.500 3.000 -1.500
v 15.500 3.000 1.500
v 15.500 4.000 -0.500
v 15.500 4.000 -1.500
v 15.500 4.000 0.500
v 15.500 4.000 1.500
v 16.500 -4.000 -1.500
v 16.500 -3.000 -1.500
v 16.500 -3.000 -0.500
v 16.500 -4.000 -0.500
v 16.500 -3.000 0.500
v 16.500 -4.000 0.500
v 16.500 -3.000 1.500
v 16.500 -4.000 1.500
v 16.500 -2.000 -1.500
v 16.500 -2.000 1.500
v 16.500 -1.000 -1.500
v 16.500 -1.000 1.500
v 16.500 -1.000 -2.500
v 16.500 0.000 -2.500
v 16.500 0.000 -1.500
v 16.500 0.000 1.500
v 16.500 0.000 2.500
v 16.500 -1.000 2.500
v 16.500 1.000 -2.500
v 16.500 1.000 -1.500
v 16.500 1.000 1.500
v 16.500 1.000 2.500
v 16.500 2.000 -1.500
v 16.500 2.000 1.500
v 16.500 3.000 -1.500
v 16.500 3.000 1.500
v 16.500 4.000 -1.500
v 16.500 4.000 -0.500
v 16.500 3.000 -0.500
v 16.500 4.000 0.500
v 16.500 3.000 0.500
v 16.500 4.000 1.500
v 17.500 -3.000 -1.500
v 17.500 -3.000 -0.500
v 17.500 -2.000 -1.500
v 17.500 -3.000 0.500
v 17.500 -3.000 1.500
v 17.500 -2.000 1.500
v 17.500 -1.000 -1.500
v 17.500 -1.000 1.500
v 17.500 0.000 -1.500
v 17.500 0.000 1.500
v 17.500 1.000 -1.500
v 17.500 1.000 1.500
v 17.500 2.000 -1.500
v 17.500 2.000 1.500
v 17.500 3.000 -0.500
v 17.500 3.000 -1.500
v 17.500 3.000 0.500
v 17.500 3.000 1.500
v 18.500 -3.000 -1.500
v 18.500 -2.000 -1.500
v 18.500 -2.000 -0.500
v 18.500 -3.000 -0.500
v 18.500 -2.000 0.500
v 18.500 -3.000 0.500
v 18.500 -2.000 1.500
v 18.500 -3.000 1.500
v 18.500 -1.000 -1.500
v 18.500 -1.000 1.500
v 18.500 0.000 -1.500
v 18.500 0.000 1.500
v 18.500 1.000 -1.500
v 18.500 1.000 1.500
v 18.500 2.000 -1.500
v 18.500 2.000 1.500
v 18.500 3.000 -1.500
v 18.500 3.000 -0.500
v 18.500 2.000 -0.500
v 18.500 3.000 0.500
v 18.500 2.000 0.500
v 18.500 3.000 1.500
v 19.500 -2.000 -1.500
v 19.500 -2.000 -0.500
v 19.500 -1.000 -1.500
v 19.500 -2.000 0.500
v 19.500 -2.000 1.500
v 19.500 -1.000 1.500
v 19.500 0.000 -1.500
v 19.500 0.000 1.500
v 19.500 1.000 -1.500
v 19.500 1.000 1.500
v 19.500 2.000 -0.500
v 19.500 2.000 -1.500
v 19.500 2.000 0.500
v 19.500 2.000 1.500
v 20.500 -2.000 -1.500
v 20.500 -1.000 -1.500
v 20.500 -1.000 -0.500
v 20.500 -2.000 -0.500
v 20.500 -1.000 0.500
v 20.500 -2.000 0.500
v 20.500 -1.000 1.500
v 20.500 -2.000 1.500
v 20.500 0.000 -1.500
v 20.500 0.000 1.500
v 20.500 1.000 -1.500
v 20.500 1.000 1.500
v 20.500 2.000 -1.500
v 20.500 2.000 -0.500
v 20.500 1.000 -0.500
v 20.500 2.000 0.500
v 20.500 1.000 0.500
v 20.500 2.000 1.500
v 21.500 -1.000 -1.500
v 21.500 -1.000 -0.500
v 21.500 0.000 -1.500
v 21.500 -1.000 0.500
v 21.500 -1.000 1.500
v 21.500 0.000 1.500
v 21.500 1.000 -0.500
v 21.500 1.000 -1.500
v 21.500 1.000 0.500
v 21.500 1.000 1.500
v 22.500 -1.000 -1.500
v 22.500 0.000 -1.500
v 22.500 0.000 -0.500
v 22.500 -1.000 -0.500
v 22.500 0.000 0.500
v 22.500 -1.000 0.500
v 22.500 0.000 1.500
v 22.500 -1.000 1.500
v 22.500 1.000 -1.500
v 22.500 1.000 -0.500
v 22.500 1.000 0.500
v 22.500 1.000 1.500
f 1 2 3 4
f 1 4 5 6
f 5 4 3 7
f 8 9 2 1
f 8 1 6 10
f 11 12 9 8
f 11 8 10 13
f 14 15 12 11
f 14 11 13 16
f 17 18 15 14
f 17 14 16 19
f 17 19 20 18
f 21 22 23 24
f 21 24 25 26
f 25 24 23 27
f 3 28 22 21
f 3 21 26 7
f 2 29 28 3
f 9 30 29 2
f 12 31 30 9
f 15 32 31 12
f 18 33 32 15
f 34 35 33 18
f 34 18 20 36
f 37 38 35 34
f 37 34 36 39
f 37 39 40 38
f 23 41 42 43
f 23 43 44 27
f 44 43 42 45
f 22 46 41 23
f 28 47 46 22
f 29 48 47 28
f 30 49 48 29
f 31 50 49 30
f 32 51 50 31
f 33 52 51 32
f 35 53 52 33
f 38 54 53 35
f 55 56 54 38
f 55 38 40 57
f 55 57 58 56
f 42 59 60 61
f 42 61 62 45
f 62 61 60 63
f 41 64 59 42
f 46 65 64 41
f 47 66 65 46
f 48 67 66 47
f 49 68 67 48
f 50 69 68 49
f 51 70 69 50
f 52 71 70 51
f 53 72 71 52
f 54 73 72 53
f 56 74 73 54
f 75 76 74 56
f 75 56 58 77
f 75 77 78 76
f 60 79 80 81
f 60 81 82 63
f 82 81 80 83
f 59 84 79 60
f 64 85 84 59
f 65 86 85 64
f 66 87 86 65
f 67 88 87 66
f 68 89 88 67
f 69 90 89 68
f 70 91 90 69
f 71 92 91 70
f 72 93 92 71
f 73 94 93 72
f 74 95 94 73
f 76 96 95 74
f 97 98 96 76
f 97 76 78 99
f 97 99 100 98
f 79 101 102 80
f 83 80 102 103
f 84 104 101 79
f 85 105 104 84
f 86 106 105 85
f 87 107 106 86
f 88 108 107 87
f 89 109 108 88
f 90 110 109 89
f 91 111 110 90
f 92 112 111 91
f 93 113 112 92
f 94 114 113 93
f 95 115 114 94
f 96 116 115 95
f 98 117 116 96
f 98 100 118 117
f 101 119 120 102
f 103 102 120 121
f 104 122 119 101
f 105 123 122 104
f 106 124 123 105
f 107 125 124 106
f 108 126 125 107
f 109 127 126 108
f 110 128 127 109
f 111 129 128 110
f 112 130 129 111
f 113 131 130 112
f 114 132 131 113
f 115 133 132 114
f 116 134 133 115
f 117 135 134 116
f 117 118 136 135
f 119 137 138 120
f 121 120 138 139
f 122 140 137 119
f 123 141 140 122
f 124 142 141 123
f 125 143 142 124
f 126 144 143 125
f 127 145 144 126
f 128 146 145 127
f 129 147 146 128
f 130 148 147 129
f 131 149 148 130
f 132 150 149 131
f 133 151 150 132
f 134 152 151 133
f 135 153 152 134
f 135 136 154 153
f 137 155 156 138
f 139 138 156 157
f 140 158 155 137
f 141 159 158 140
f 142 160 159 141
f 143 161 160 142
f 144 162 161 143
f 145 163 162 144
f 146 164 163 145
f 147 165 164 146
f 148 166 165 147
f 149 167 166 148
f 150 168 167 149
f 151 169 168 150
f 152 170 169 151
f 153 171 170 152
f 153 154 172 171
f 155 173 174 156
f 157 156 174 175
f 158 176 173 155
f 159 177 176 158
f 160 178 177 159
f 161 179 178 160
f 162 180 179 161
f 163 181 180 162
f 164 182 181 163
f 165 183 182 164
f 166 184 183 165
f 167 185 184 166
f 168 186 185 167
f 169 187 186 168
f 170 188 187 169
f 171 189 188 170
f 171 172 190 189
f 173 191 192 174
f 175 174 192 193
f 176 194 191 173
f 177 195 194 176
f 178 196 195 177
f 179 197 196 178
f 180 198 197 179
f 181 199 198 180
f 182 200 199 181
f 183 201 200 182
f 184 202 201 183
f 185 203 202 184
f 186 204 203 185
f 187 205 204 186
f 188 206 205 187
f 189 207 206 188
f 189 190 208 207
f 191 209 210 192
f 210 209 211 212
f 193 192 210 212
f 194 213 209 191
f 195 214 213 194
f 196 215 214 195
f 197 216 215 196
f 198 217 216 197
f 199 218 217 198
f 200 219 218 199
f 201 220 219 200
f 202 221 220 201
f 203 222 221 202
f 204 223 222 203
f 205 224 223 204
f 206 225 224 205
f 207 226 225 206
f 225 226 227 228
f 207 208 227 226
f 213 229 230 209
f 230 229 231 232
f 211 209 230 232
f 214 233 229 213
f 215 234 233 214
f 216 235 234 215
f 217 236 235 216
f 218 237 236 217
f 219 238 237 218
f 220 239 238 219
f 221 240 239 220
f 222 241 240 221
f 223 242 241 222
f 224 243 242 223
f 225 244 243 224
f 243 244 245 246
f 225 228 245 244
f 233 247 248 229
f 248 247 249 250
f 231 229 248 250
f 234 251 247 233
f 235 252 251 234
f 236 253 252 235
f 237 254 253 236
f 238 255 254 237
f 239 256 255 238
f 240 257 256 239
f 241 258 257 240
f 242 259 258 241
f 243 260 259 242
f 259 260 261 262
f 243 246 261 260
f 251 263 264 247
f 264 263 265 266
f 249 247 264 266
f 252 267 263 251
f 263 267 268 265
f 253 269 267 252
f 254 270 269 253
f 255 271 270 254
f 256 272 271 255
f 257 273 272 256
f 258 274 273 257
f 273 274 275 276
f 259 277 274 258
f 274 277 278 275
f 259 262 278 277
f 269 279 280 267
f 280 279 281 282
f 268 267 280 282
f 270 283 279 269
f 279 283 284 281
f 271 285 283 270
f 283 285 286 284
f 272 287 285 271
f 285 287 288 286
f 273 289 287 272
f 287 289 290 288
f 273 276 290 289
f 291 292 293 294
f 295 6 5 296
f 295 296 291 294
f 291 296 5 292
f 294 293 297 298
f 299 10 6 295
f 299 295 294 298
f 298 297 300 301
f 302 13 10 299
f 302 299 298 301
f 301 300 303 304
f 305 16 13 302
f 305 302 301 304
f 304 303 306 307
f 308 19 16 305
f 308 305 304 307
f 308 307 306 19
f 309 310 311 312
f 313 26 25 314
f 313 314 309 312
f 309 314 25 310
f 312 311 315 292
f 5 7 26 313
f 5 313 312 292
f 306 316 317 318
f 319 36 20 19
f 319 19 306 318
f 318 317 320 321
f 322 39 36 319
f 322 319 318 321
f 322 321 320 39
f 323 324 325 326
f 327 44 328 329
f 327 329 323 326
f 323 329 328 324
f 326 325 330 310
f 25 27 44 327
f 25 327 326 310
f 320 331 332 333
f 334 57 40 39
f 334 39 320 333
f 333 332 335 336
f 337 338 57 334
f 337 334 333 336
f 337 336 335 338
f 339 340 341 324
f 328 62 342 343
f 328 343 339 324
f 339 343 342 340
f 324 341 344 325
f 44 45 62 328
f 332 345 346 335
f 338 77 58 57
f 335 346 347 348
f 349 350 77 338
f 349 338 335 348
f 349 348 347 350
f 340 351 352 341
f 62 63 82 342
f 340 342 82 351
f 346 353 354 347
f 350 99 78 77
f 350 347 354 99
f 355 356 357 351
f 82 83 358 359
f 82 359 355 351
f 355 359 358 356
f 354 360 361 362
f 363 364 100 99
f 363 99 354 362
f 363 362 361 364
f 356 365 366 357
f 83 103 367 358
f 356 358 367 365
f 360 368 369 361
f 364 370 118 100
f 364 361 369 370
f 365 371 372 366
f 103 121 373 367
f 365 367 373 371
f 368 374 375 369
f 370 376 136 118
f 370 369 375 376
f 371 377 378 372
f 121 139 379 373
f 371 373 379 377
f 374 380 381 375
f 376 382 154 136
f 376 375 381 382
f 377 383 384 378
f 139 157 385 379
f 377 379 385 383
f 380 386 387 381
f 382 388 172 154
f 382 381 387 388
f 383 389 390 384
f 157 175 391 385
f 383 385 391 389
f 386 392 393 387
f 388 394 190 172
f 388 387 393 394
f 389 395 396 390
f 175 193 397 391
f 389 391 397 395
f 392 398 399 393
f 394 400 208 190
f 394 393 399 400
f 395 401 402 396
f 193 212 403 397
f 403 212 402 401
f 395 397 403 401
f 398 404 405 399
f 400 406 227 208
f 227 406 405 404
f 400 399 405 406
f 402 407 408 409
f 211 232 410 212
f 402 212 410 407
f 411 412 413 404
f 227 414 245 228
f 227 404 413 414
f 407 415 416 408
f 232 417 418 410
f 418 417 416 415
f 407 410 418 415
f 408 416 419 420
f 231 250 417 232
f 421 422 423 412
f 245 424 261 246
f 412 423 425 413
f 414 426 424 245
f 424 426 425 423
f 414 413 425 426
f 416 427 428 419
f 250 429 430 417
f 430 429 428 427
f 416 417 430 427
f 419 428 431 432
f 249 266 429 250
f 429 266 431 428
f 433 434 435 422
f 261 436 278 262
f 278 436 435 434
f 422 435 437 423
f 424 438 436 261
f 436 438 437 435
f 424 423 437 438
f 431 439 440 441
f 265 442 443 266
f 443 442 440 439
f 431 266 443 439
f 441 440 444 445
f 268 282 442 265
f 442 282 444 440
f 446 447 448 449
f 275 450 290 276
f 290 450 448 447
f 449 448 451 434
f 278 452 450 275
f 450 452 451 448
f 278 434 451 452
f 444 453 454 455
f 281 456 457 282
f 457 456 454 453
f 444 282 457 453
f 455 454 458 459
f 284 460 456 281
f 456 460 458 454
f 459 458 461 462
f 286 463 460 284
f 460 463 461 458
f 462 461 464 465
f 288 466 463 286
f 463 466 464 461
f 465 464 467 447
f 290 468 466 288
f 466 468 467 464
f 290 447 467 468
f 469 470 471 472
f 293 292 469 472
f 469 292 315 470
f 472 471 473 474
f 297 293 472 474
f 474 473 475 476
f 300 297 474 476
f 476 475 477 478
f 303 300 476 478
f 478 477 479 480
f 306 303 478 480
f 306 480 479 316
f 481 482 483 484
f 311 310 481 484
f 481 310 330 482
f 484 483 485 470
f 315 311 484 470
f 479 486 487 488
f 317 316 479 488
f 488 487 489 490
f 320 317 488 490
f 320 490 489 331
f 491 492 493 482
f 330 325 491 482
f 491 325 344 492
f 489 494 495 496
f 332 331 489 496
f 332 496 495 345
f 497 498 499 492
f 344 341 497 492
f 497 341 352 498
f 495 500 501 502
f 346 345 495 502
f 346 502 501 353
f 503 504 505 498
f 352 351 503 498
f 503 351 357 504
f 501 506 507 508
f 354 353 501 508
f 354 508 507 360
f 504 509 510 505
f 504 357 366 509
f 506 511 512 507
f 360 507 512 368
f 509 513 514 510
f 509 366 372 513
f 511 515 516 512
f 368 512 516 374
f 513 517 518 514
f 513 372 378 517
f 515 519 520 516
f 374 516 520 380
f 517 521 522 518
f 517 378 384 521
f 519 523 524 520
f 380 520 524 386
f 521 525 526 522
f 521 384 390 525
f 523 527 528 524
f 386 524 528 392
f 525 529 530 526
f 525 390 396 529
f 527 531 532 528
f 392 528 532 398
f 529 533 534 530
f 402 409 534 533
f 529 396 402 533
f 531 535 536 532
f 411 404 536 535
f 398 532 536 404
f 534 537 538 539
f 408 420 538 537
f 534 409 408 537
f 540 541 542 535
f 421 412 542 541
f 411 535 542 412
f 538 543 544 545
f 419 432 544 543
f 538 420 419 543
f 546 547 548 541
f 433 422 548 547
f 421 541 548 422
f 544 549 550 551
f 431 441 550 549
f 544 432 431 549
f 551 550 552 553
f 441 445 552 550
f 554 555 556 557
f 446 449 556 555
f 557 556 558 547
f 449 434 558 556
f 433 547 558 434
f 552 559 560 561
f 444 455 560 559
f 552 445 444 559
f 561 560 562 563
f 455 459 562 560
f 563 562 564 565
f 459 462 564 562
f 565 564 566 567
f 462 465 566 564
f 567 566 568 555
f 465 447 568 566
f 446 555 568 447
f 471 470 569 570
f 569 470 485 571
f 473 471 570 572
f 475 473 572 573
f 477 475 573 574
f 479 477 574 575
f 479 575 576 486
f 483 482 577 578
f 577 482 493 579
f 485 483 578 571
f 487 486 576 580
f 489 487 580 581
f 489 581 582 494
f 493 492 583 579
f 583 492 499 584
f 495 494 582 585
f 495 585 586 500
f 499 498 587 584
f 587 498 505 588
f 501 500 586 589
f 501 589 590 506
f 588 505 510 591
f 506 590 592 511
f 591 510 514 593
f 511 592 594 515
f 593 514 518 595
f 515 594 596 519
f 595 518 522 597
f 519 596 598 523
f 597 522 526 599
f 523 598 600 527
f 599 526 530 601
f 527 600 602 531
f 534 539 603 604
f 601 530 534 604
f 540 535 605 606
f 531 602 605 535
f 538 545 607 608
f 603 539 538 608
f 546 541 609 610
f 540 606 609 541
f 544 551 611 612
f 607 545 544 612
f 551 553 613 611
f 554 557 614 615
f 557 547 616 614
f 546 610 616 547
f 552 561 617 618
f 613 553 552 618
f 561 563 619 617
f 563 565 620 619
f 565 567 621 620
f 567 555 622 621
f 554 615 622 555
f 623 570 569 624
f 623 624 625 626
f 625 624 569 627
f 628 572 570 623
f 628 623 626 629
f 630 573 572 628
f 630 628 629 631
f 632 574 573 630
f 632 630 631 633
f 634 575 574 632
f 634 632 633 635
f 634 635 636 575
f 637 578 577 638
f 637 638 639 640
f 639 638 577 641
f 569 571 578 637
f 569 637 640 627
f 642 580 576 575
f 642 575 636 643
f 644 581 580 642
f 644 642 643 645
f 644 645 646 581
f 577 579 583 647
f 577 647 648 641
f 648 647 583 649
f 650 585 582 581
f 650 581 646 651
f 650 651 652 585
f 583 584 587 653
f 583 653 654 649
f 654 653 587 655
f 656 589 586 585
f 656 585 652 657
f 656 657 658 589
f 587 588 659 660
f 587 660 661 655
f 661 660 659 662
f 663 664 590 589
f 663 589 658 665
f 663 665 666 664
f 588 591 667 659
f 662 659 667 668
f 664 669 592 590
f 664 666 670 669
f 591 593 671 667
f 668 667 671 672
f 669 673 594 592
f 669 670 674 673
f 593 595 675 671
f 672 671 675 676
f 673 677 596 594
f 673 674 678 677
f 595 597 679 675
f 676 675 679 680
f 677 681 598 596
f 677 678 682 681
f 597 599 683 679
f 680 679 683 684
f 681 685 600 598
f 681 682 686 685
f 599 601 687 683
f 684 683 687 688
f 685 689 602 600
f 685 686 690 689
f 601 604 691 687
f 691 604 692 693
f 688 687 691 693
f 689 694 605 602
f 605 694 695 696
f 689 690 695 694
f 603 608 697 604
f 697 608 698 699
f 692 604 697 699
f 605 700 609 606
f 609 700 701 702
f 605 696 701 700
f 607 612 703 608
f 703 612 704 705
f 698 608 703 705
f 609 706 616 610
f 616 706 707 708
f 609 702 707 706
f 611 709 710 612
f 710 709 711 712
f 704 612 710 712
f 613 618 709 611
f 709 618 713 711
f 614 714 622 615
f 622 714 715 716
f 616 717 714 614
f 714 717 718 715
f 616 708 718 717
f 617 719 720 618
f 720 719 721 722
f 713 618 720 722
f 619 723 719 617
f 719 723 724 721
f 620 725 723 619
f 723 725 726 724
f 621 727 725 620
f 725 727 728 726
f 622 729 727 621
f 727 729 730 728
f 622 716 730 729
f 626 625 731 732
f 731 625 627 733
f 629 626 732 734
f 631 629 734 735
f 633 631 735 736
f 635 633 736 737
f 635 737 738 636
f 640 639 739 740
f 739 639 641 741
f 627 640 740 733
f 643 636 738 742
f 645 643 742 743
f 645 743 744 646
f 641 648 745 741
f 745 648 649 746
f 651 646 744 747
f 651 747 748 652
f 649 654 749 746
f 749 654 655 750
f 657 652 748 751
f 657 751 752 658
f 655 661 753 750
f 753 661 662 754
f 665 658 752 755
f 665 755 756 666
f 754 662 668 757
f 666 756 758 670
f 757 668 672 759
f 670 758 760 674
f 759 672 676 761
f 674 760 762 678
f 761 676 680 763
f 678 762 764 682
f 763 680 684 765
f 682 764 766 686
f 765 684 688 767
f 686 766 768 690
f 693 692 769 770
f 767 688 693 770
f 696 695 771 772
f 690 768 771 695
f 699 698 773 774
f 769 692 699 774
f 702 701 775 776
f 696 772 775 701
f 705 704 777 778
f 773 698 705 778
f 708 707 779 780
f 702 776 779 707
f 712 711 781 782
f 777 704 712 782
f 711 713 783 781
f 716 715 784 785
f 715 718 786 784
f 708 780 786 718
f 722 721 787 788
f 783 713 722 788
f 721 724 789 787
f 724 726 790 789
f 726 728 791 790
f 728 730 792 791
f 716 785 792 730
f 793 794 795 796
f 797 732 731 798
f 797 798 793 796
f 793 798 731 794
f 796 795 799 800
f 801 734 732 797
f 801 797 796 800
f 800 799 802 803
f 804 735 734 801
f 804 801 800 803
f 803 802 805 806
f 807 736 735 804
f 807 804 803 806
f 806 805 808 809
f 810 737 736 807
f 810 807 806 809
f 810 809 808 737
f 811 812 813 814
f 815 740 739 816
f 815 816 811 814
f 811 816 739 812
f 814 813 817 794
f 731 733 740 815
f 731 815 814 794
f 808 818 819 820
f 821 742 738 737
f 821 737 808 820
f 820 819 822 823
f 824 743 742 821
f 824 821 820 823
f 824 823 822 743
f 825 826 827 828
f 829 745 830 831
f 829 831 825 828
f 825 831 830 826
f 828 827 832 812
f 739 741 745 829
f 739 829 828 812
f 822 833 834 835
f 836 747 744 743
f 836 743 822 835
f 835 834 837 838
f 839 840 747 836
f 839 836 835 838
f 839 838 837 840
f 841 842 843 826
f 830 749 844 845
f 830 845 841 826
f 841 845 844 842
f 826 843 846 827
f 745 746 749 830
f 834 847 848 837
f 840 751 748 747
f 837 848 849 850
f 851 852 751 840
f 851 840 837 850
f 851 850 849 852
f 842 853 854 843
f 749 750 753 844
f 842 844 753 853
f 848 855 856 849
f 852 755 752 751
f 852 849 856 755
f 857 858 859 853
f 753 754 860 861
f 753 861 857 853
f 857 861 860 858
f 856 862 863 864
f 865 866 756 755
f 865 755 856 864
f 865 864 863 866
f 858 867 868 859
f 754 757 869 860
f 858 860 869 867
f 862 870 871 863
f 866 872 758 756
f 866 863 871 872
f 867 873 874 868
f 757 759 875 869
f 867 869 875 873
f 870 876 877 871
f 872 878 760 758
f 872 871 877 878
f 873 879 880 874
f 759 761 881 875
f 873 875 881 879
f 876 882 883 877
f 878 884 762 760
f 878 877 883 884
f 879 885 886 880
f 761 763 887 881
f 879 881 887 885
f 882 888 889 883
f 884 890 764 762
f 884 883 889 890
f 885 891 892 886
f 763 765 893 887
f 885 887 893 891
f 888 894 895 889
f 890 896 766 764
f 890 889 895 896
f 891 897 898 892
f 765 767 899 893
f 891 893 899 897
f 894 900 901 895
f 896 902 768 766
f 896 895 901 902
f 897 903 904 898
f 767 770 905 899
f 905 770 904 903
f 897 899 905 903
f 900 906 907 901
f 902 908 771 768
f 771 908 907 906
f 902 901 907 908
f 904 909 910 911
f 769 774 912 770
f 904 770 912 909
f 913 914 915 906
f 771 916 775 772
f 771 906 915 916
f 909 917 918 910
f 774 919 920 912
f 920 919 918 917
f 909 912 920 917
f 910 918 921 922
f 773 778 919 774
f 923 924 925 914
f 775 926 779 776
f 914 925 927 915
f 916 928 926 775
f 926 928 927 925
f 916 915 927 928
f 918 929 930 921
f 778 931 932 919
f 932 931 930 929
f 918 919 932 929
f 921 930 933 934
f 777 782 931 778
f 931 782 933 930
f 935 936 937 924
f 779 938 786 780
f 786 938 937 936
f 924 937 939 925
f 926 940 938 779
f 938 940 939 937
f 926 925 939 940
f 933 941 942 943
f 781 944 945 782
f 945 944 942 941
f 933 782 945 941
f 943 942 946 947
f 783 788 944 781
f 944 788 946 942
f 948 949 950 951
f 784 952 792 785
f 792 952 950 949
f 951 950 953 936
f 786 954 952 784
f 952 954 953 950
f 786 936 953 954
f 946 955 956 957
f 787 958 959 788
f 959 958 956 955
f 946 788 959 955
f 957 956 960 961
f 789 962 958 787
f 958 962 960 956
f 961 960 963 964
f 790 965 962 789
f 962 965 963 960
f 964 963 966 967
f 791 968 965 790
f 965 968 966 963
f 967 966 969 949
f 792 970 968 791
f 968 970 969 966
f 792 949 969 970
f 795 794 971 972
f 971 794 817 973
f 799 795 972 974
f 802 799 974 975
f 805 802 975 976
f 808 805 976 977
f 808 977 978 818
f 813 812 979 980
f 979 812 832 981
f 817 813 980 973
f 819 818 978 982
f 822 819 982 983
f 822 983 984 833
f 832 827 985 981
f 985 827 846 986
f 834 833 984 987
f 834 987 988 847
f 846 843 989 986
f 989 843 854 990
f 848 847 988 991
f 848 991 992 855
f 854 853 993 990
f 993 853 859 994
f 856 855 992 995
f 856 995 996 862
f 994 859 868 997
f 862 996 998 870
f 997 868 874 999
f 870 998 1000 876
f 999 874 880 1001
f 876 1000 1002 882
f 1001 880 886 1003
f 882 1002 1004 888
f 1003 886 892 1005
f 888 1004 1006 894
f 1005 892 898 1007
f 894 1006 1008 900
f 904 911 1009 1010
f 1007 898 904 1010
f 913 906 1011 1012
f 900 1008 1011 906
f 910 922 1013 1014
f 1009 911 910 1014
f 923 914 1015 1016
f 913 1012 1015 914
f 921 934 1017 1018
f 1013 922 921 1018
f 935 924 1019 1020
f 923 1016 1019 924
f 933 943 1021 1022
f 1017 934 933 1022
f 943 947 1023 1021
f 948 951 1024 1025
f 951 936 1026 1024
f 935 1020 1026 936
f 946 957 1027 1028
f 1023 947 946 1028
f 957 961 1029 1027
f 961 964 1030 1029
f 964 967 1031 1030
f 967 949 1032 1031
f 948 1025 1032 949
f 1033 1034 1035 1036
f 972 971 1033 1036
f 1033 971 973 1034
f 1036 1035 1037 1038
f 974 972 1036 1038
f 1038 1037 1039 1040
f 975 974 1038 1040
f 1040 1039 1041 1042
f 976 975 1040 1042
f 1042 1041 1043 1044
f 977 976 1042 1044
f 977 1044 1043 978
f 1045 1046 1047 1048
f 980 979 1045 1048
f 1045 979 981 1046
f 1048 1047 1049 1034
f 973 980 1048 1034
f 1034 1049 1050 1035
f 1035 1050 1051 1037
f 1037 1051 1052 1039
f 1039 1052 1053 1041
f 1041 1053 1054 1043
f 1043 1054 1055 1056
f 982 978 1043 1056
f 1056 1055 1057 1058
f 983 982 1056 1058
f 983 1058 1057 984
f 1059 1060 1061 1046
f 981 985 1059 1046
f 1059 985 986 1060
f 1046 1061 1062 1047
f 1047 1062 1063 1049
f 1049 1063 1064 1050
f 1050 1064 1065 1051
f 1051 1065 1066 1052
f 1052 1066 1067 1053
f 1053 1067 1068 1054
f 1054 1068 1069 1055
f 1055 1069 1070 1057
f 1057 1070 1071 1072
f 987 984 1057 1072
f 987 1072 1071 988
f 1073 1074 1075 1060
f 986 989 1073 1060
f 1073 989 990 1074
f 1060 1075 1076 1061
f 1061 1076 1077 1062
f 1062 1077 1078 1063
f 1063 1078 1079 1064
f 1064 1079 1080 1065
f 1065 1080 1081 1066
f 1066 1081 1082 1067
f 1067 1082 1083 1068
f 1068 1083 1084 1069
f 1069 1084 1085 1070
f 1070 1085 1086 1071
f 1071 1086 1087 1088
f 991 988 1071 1088
f 991 1088 1087 992
f 1089 1090 1091 1074
f 990 993 1089 1074
f 1089 993 994 1090
f 1074 1091 1092 1075
f 1075 1092 1093 1076
f 1076 1093 1094 1077
f 1077 1094 1095 1078
f 1078 1095 1096 1079
f 1079 1096 1097 1080
f 1080 1097 1098 1081
f 1081 1098 1099 1082
f 1082 1099 1100 1083
f 1083 1100 1101 1084
f 1084 1101 1102 1085
f 1085 1102 1103 1086
f 1086 1103 1104 1087
f 1087 1104 1105 1106
f 995 992 1087 1106
f 995 1106 1105 996
f 1090 1107 1108 1091
f 1090 994 997 1107
f 1091 1108 1109 1092
f 1092 1109 1110 1093
f 1093 1110 1111 1094
f 1094 1111 1112 1095
f 1095 1112 1113 1096
f 1096 1113 1114 1097
f 1097 1114 1115 1098
f 1098 1115 1116 1099
f 1099 1116 1117 1100
f 1100 1117 1118 1101
f 1101 1118 1119 1102
f 1102 1119 1120 1103
f 1103 1120 1121 1104
f 1104 1121 1122 1105
f 996 1105 1122 998
f 1107 1123 1124 1108
f 1107 997 999 1123
f 1108 1124 1125 1109
f 1109 1125 1126 1110
f 1110 1126 1127 1111
f 1111 1127 1128 1112
f 1112 1128 1129 1113
f 1116 1130 1131 1117
f 1117 1131 1132 1118
f 1118 1132 1133 1119
f 1119 1133 1134 1120
f 1120 1134 1135 1121
f 1121 1135 1136 1122
f 998 1122 1136 1000
f 1123 1137 1138 1124
f 1123 999 1001 1137
f 1124 1138 1139 1125
f 1125 1139 1140 1126
f 1126 1140 1141 1127
f 1127 1141 1142 1128
f 1128 1142 1143 1129
f 1130 1144 1145 1131
f 1131 1145 1146 1132
f 1132 1146 1147 1133
f 1133 1147 1148 1134
f 1134 1148 1149 1135
f 1135 1149 1150 1136
f 1000 1136 1150 1002
f 1137 1151 1152 1138
f 1137 1001 1003 1151
f 1138 1152 1153 1139
f 1139 1153 1154 1140
f 1140 1154 1155 1141
f 1141 1155 1156 1142
f 1142 1156 1157 1143
f 1144 1158 1159 1145
f 1145 1159 1160 1146
f 1146 1160 1161 1147
f 1147 1161 1162 1148
f 1148 1162 1163 1149
f 1149 1163 1164 1150
f 1002 1150 1164 1004
f 1151 1165 1166 1152
f 1151 1003 1005 1165
f 1152 1166 1167 1153
f 1153 1167 1168 1154
f 1154 1168 1169 1155
f 1155 1169 1170 1156
f 1156 1170 1171 1157
f 1158 1172 1173 1159
f 1159 1173 1174 1160
f 1160 1174 1175 1161
f 1161 1175 1176 1162
f 1162 1176 1177 1163
f 1163 1177 1178 1164
f 1004 1164 1178 1006
f 1165 1179 1180 1166
f 1165 1005 1007 1179
f 1166 1180 1181 1167
f 1167 1181 1182 1168
f 1168 1182 1183 1169
f 1169 1183 1184 1170
f 1170 1184 1185 1171
f 1171 1185 1186 1187
f 1187 1186 1188 1189
f 1189 1188 1190 1172
f 1172 1190 1191 1173
f 1173 1191 1192 1174
f 1174 1192 1193 1175
f 1175 1193 1194 1176
f 1176 1194 1195 1177
f 1177 1195 1196 1178
f 1006 1178 1196 1008
f 1179 1197 1198 1180
f 1010 1009 1198 1197
f 1179 1007 1010 1197
f 1180 1198 1199 1181
f 1181 1199 1200 1182
f 1182 1200 1201 1183
f 1183 1201 1202 1184
f 1184 1202 1203 1185
f 1185 1203 1204 1186
f 1186 1204 1205 1188
f 1188 1205 1206 1190
f 1190 1206 1207 1191
f 1191 1207 1208 1192
f 1192 1208 1209 1193
f 1193 1209 1210 1194
f 1194 1210 1211 1195
f 1195 1211 1212 1196
f 1012 1011 1212 1211
f 1008 1196 1212 1011
f 1198 1213 1214 1199
f 1014 1013 1214 1213
f 1198 1009 1014 1213
f 1199 1214 1215 1200
f 1200 1215 1216 1201
f 1201 1216 1217 1202
f 1202 1217 1218 1203
f 1203 1218 1219 1204
f 1204 1219 1220 1205
f 1205 1220 1221 1206
f 1206 1221 1222 1207
f 1207 1222 1223 1208
f 1208 1223 1224 1209
f 1209 1224 1225 1210
f 1210 1225 1226 1211
f 1016 1015 1226 1225
f 1012 1211 1226 1015
f 1214 1227 1228 1215
f 1018 1017 1228 1227
f 1214 1013 1018 1227
f 1215 1228 1229 1216
f 1216 1229 1230 1217
f 1217 1230 1231 1218
f 1218 1231 1232 1219
f 1219 1232 1233 1220
f 1220 1233 1234 1221
f 1221 1234 1235 1222
f 1222 1235 1236 1223
f 1223 1236 1237 1224
f 1224 1237 1238 1225
f 1020 1019 1238 1237
f 1016 1225 1238 1019
f 1228 1239 1240 1229
f 1022 1021 1240 1239
f 1228 1017 1022 1239
f 1229 1240 1241 1230
f 1021 1023 1241 1240
f 1230 1241 1242 1231
f 1231 1242 1243 1232
f 1232 1243 1244 1233
f 1233 1244 1245 1234
f 1234 1245 1246 1235
f 1235 1246 1247 1236
f 1025 1024 1247 1246
f 1236 1247 1248 1237
f 1024 1026 1248 1247
f 1020 1237 1248 1026
f 1241 1249 1250 1242
f 1028 1027 1250 1249
f 1241 1023 1028 1249
f 1242 1250 1251 1243
f 1027 1029 1251 1250
f 1243 1251 1252 1244
f 1029 1030 1252 1251
f 1244 1252 1253 1245
f 1030 1031 1253 1252
f 1245 1253 1254 1246
f 1031 1032 1254 1253
f 1025 1246 1254 1032
f 1114 1113 1255 1256
f 1255 1113 1129 1257
f 1115 1114 1256 1258
f 1116 1115 1258 1259
f 1116 1259 1260 1130
f 1257 1129 1143 1261
f 1130 1260 1262 1144
f 1261 1143 1157 1263
f 1144 1262 1264 1158
f 1171 1187 1265 1266
f 1263 1157 1171 1266
f 1187 1189 1267 1265
f 1189 1172 1268 1267
f 1158 1264 1268 1172
f 1256 1255 1269 1270
f 1269 1255 1257 1271
f 1258 1256 1270 1272
f 1259 1258 1272 1273
f 1259 1273 1274 1260
f 1271 1257 1261 1275
f 1260 1274 1276 1262
f 1275 1261 1263 1277
f 1262 1276 1278 1264
f 1266 1265 1279 1280
f 1277 1263 1266 1280
f 1265 1267 1281 1279
f 1267 1268 1282 1281
f 1264 1278 1282 1268
f 1270 1269 1283 1284
f 1283 1269 1271 1285
f 1272 1270 1284 1286
f 1273 1272 1286 1287
f 1273 1287 1288 1274
f 1285 1271 1275 1289
f 1274 1288 1290 1276
f 1289 1275 1277 1291
f 1276 1290 1292 1278
f 1280 1279 1293 1294
f 1291 1277 1280 1294
f 1279 1281 1295 1293
f 1281 1282 1296 1295
f 1278 1292 1296 1282
f 1284 1283 1297 1298
f 1297 1283 1285 1299
f 1286 1284 1298 1300
f 1287 1286 1300 1301
f 1287 1301 1302 1288
f 1299 1285 1289 1303
f 1288 1302 1304 1290
f 1303 1289 1291 1305
f 1290 1304 1306 1292
f 1294 1293 1307 1308
f 1305 1291 1294 1308
f 1293 1295 1309 1307
f 1295 1296 1310 1309
f 1292 1306 1310 1296
f 1311 1312 1313 1314
f 1311 1314 1315 1316
f 1315 1314 1313 1317
f 1318 1319 1312 1311
f 1318 1311 1316 1320
f 1321 1322 1319 1318
f 1321 1318 1320 1323
f 1321 1323 1324 1322
f 1325 1326 1327 1328
f 1325 1328 1329 1330
f 1329 1328 1327 1331
f 1313 1297 1326 1325
f 1313 1325 1330 1317
f 1312 1298 1297 1313
f 1319 1300 1298 1312
f 1322 1301 1300 1319
f 1332 1333 1301 1322
f 1332 1322 1324 1334
f 1335 1336 1333 1332
f 1335 1332 1334 1337
f 1335 1337 1338 1336
f 1326 1339 1340 1327
f 1331 1327 1340 1341
f 1297 1299 1339 1326
f 1333 1342 1302 1301
f 1336 1343 1342 1333
f 1336 1338 1344 1343
f 1339 1345 1346 1340
f 1341 1340 1346 1347
f 1299 1303 1345 1339
f 1342 1348 1304 1302
f 1343 1349 1348 1342
f 1343 1344 1350 1349
f 1345 1351 1352 1346
f 1347 1346 1352 1353
f 1303 1305 1351 1345
f 1348 1354 1306 1304
f 1349 1355 1354 1348
f 1349 1350 1356 1355
f 1351 1357 1358 1352
f 1353 1352 1358 1359
f 1305 1308 1357 1351
f 1354 1360 1310 1306
f 1355 1361 1360 1354
f 1355 1356 1362 1361
f 1357 1363 1364 1358
f 1364 1363 1365 1366
f 1359 1358 1364 1366
f 1308 1367 1363 1357
f 1363 1367 1368 1365
f 1307 1369 1367 1308
f 1309 1370 1369 1307
f 1310 1371 1370 1309
f 1360 1372 1371 1310
f 1371 1372 1373 1374
f 1361 1375 1372 1360
f 1372 1375 1376 1373
f 1361 1362 1376 1375
f 1369 1377 1378 1367
f 1378 1377 1379 1380
f 1368 1367 1378 1380
f 1370 1381 1377 1369
f 1377 1381 1382 1379
f 1371 1383 1381 1370
f 1381 1383 1384 1382
f 1371 1374 1384 1383
f 1385 1386 1387 1388
f 1389 1390 1391 1392
f 1389 1392 1385 1388
f 1385 1392 1391 1386
f 1393 1394 1390 1389
f 1393 1389 1388 1395
f 1396 1397 1394 1393
f 1396 1393 1395 1398
f 1399 1400 1397 1396
f 1399 1396 1398 1401
f 1401 1402 1403 1404
f 1405 1406 1400 1399
f 1405 1399 1401 1404
f 1405 1404 1403 1406
f 1407 1408 1409 1386
f 1391 1410 1411 1412
f 1391 1412 1407 1386
f 1407 1412 1411 1408
f 1386 1409 1413 1387
f 1390 1315 1410 1391
f 1394 1316 1315 1390
f 1397 1320 1316 1394
f 1400 1323 1320 1397
f 1402 1414 1415 1403
f 1406 1416 1323 1400
f 1403 1415 1417 1418
f 1419 1420 1416 1406
f 1419 1406 1403 1418
f 1419 1418 1417 1420
f 1421 1422 1423 1408
f 1411 1329 1424 1425
f 1411 1425 1421 1408
f 1421 1425 1424 1422
f 1408 1423 1426 1409
f 1410 1330 1329 1411
f 1409 1426 1427 1413
f 1315 1317 1330 1410
f 1414 1428 1429 1415
f 1416 1334 1324 1323
f 1415 1429 1430 1417
f 1420 1337 1334 1416
f 1417 1430 1431 1432
f 1433 1434 1337 1420
f 1433 1420 1417 1432
f 1433 1432 1431 1434
f 1435 1436 1437 1422
f 1424 1438 1439 1440
f 1424 1440 1435 1422
f 1435 1440 1439 1436
f 1422 1437 1441 1423
f 1329 1331 1438 1424
f 1423 1441 1442 1426
f 1426 1442 1443 1427
f 1428 1444 1445 1429
f 1429 1445 1446 1430
f 1430 1446 1447 1431
f 1434 1448 1338 1337
f 1431 1447 1449 1450
f 1451 1452 1448 1434
f 1451 1434 1431 1450
f 1451 1450 1449 1452
f 1436 1453 1454 1437
f 1438 1455 1456 1439
f 1436 1439 1456 1453
f 1437 1454 1457 1441
f 1331 1341 1455 1438
f 1441 1457 1458 1442
f 1445 1459 1460 1446
f 1446 1460 1461 1447
f 1448 1462 1344 1338
f 1447 1461 1463 1449
f 1452 1464 1462 1448
f 1452 1449 1463 1464
f 1453 1465 1466 1454
f 1455 1467 1468 1456
f 1453 1456 1468 1465
f 1454 1466 1469 1457
f 1341 1347 1467 1455
f 1457 1469 1470 1458
f 1459 1471 1472 1460
f 1460 1472 1473 1461
f 1462 1474 1350 1344
f 1461 1473 1475 1463
f 1464 1476 1474 1462
f 1464 1463 1475 1476
f 1465 1477 1478 1466
f 1467 1479 1480 1468
f 1465 1468 1480 1477
f 1466 1478 1481 1469
f 1347 1353 1479 1467
f 1469 1481 1482 1470
f 1471 1483 1484 1472
f 1472 1484 1485 1473
f 1474 1486 1356 1350
f 1473 1485 1487 1475
f 1476 1488 1486 1474
f 1476 1475 1487 1488
f 1477 1489 1490 1478
f 1479 1491 1492 1480
f 1477 1480 1492 1489
f 1478 1490 1493 1481
f 1353 1359 1491 1479
f 1481 1493 1494 1482
f 1483 1495 1496 1484
f 1484 1496 1497 1485
f 1486 1498 1362 1356
f 1485 1497 1499 1487
f 1488 1500 1498 1486
f 1488 1487 1499 1500
f 1489 1501 1502 1490
f 1491 1503 1504 1492
f 1504 1503 1502 1501
f 1489 1492 1504 1501
f 1490 1502 1505 1493
f 1359 1366 1503 1491
f 1493 1505 1506 1494
f 1494 1506 1507 1508
f 1509 1510 1511 1495
f 1495 1511 1512 1496
f 1496 1512 1513 1497
f 1498 1514 1376 1362
f 1497 1513 1515 1499
f 1500 1516 1514 1498
f 1514 1516 1515 1513
f 1500 1499 1515 1516
f 1502 1517 1518 1505
f 1366 1519 1520 1503
f 1520 1519 1518 1517
f 1502 1503 1520 1517
f 1505 1518 1521 1506
f 1365 1522 1519 1366
f 1506 1521 1523 1507
f 1368 1380 1522 1365
f 1510 1524 1525 1511
f 1373 1526 1384 1374
f 1511 1525 1527 1512
f 1376 1528 1526 1373
f 1512 1527 1529 1513
f 1514 1530 1528 1376
f 1528 1530 1529 1527
f 1514 1513 1529 1530
f 1518 1531 1532 1521
f 1522 1533 1534 1519
f 1534 1533 1532 1531
f 1518 1519 1534 1531
f 1521 1532 1535 1523
f 1380 1536 1533 1522
f 1379 1537 1536 1380
f 1382 1538 1537 1379
f 1384 1539 1538 1382
f 1524 1540 1541 1525
f 1526 1542 1539 1384
f 1525 1541 1543 1527
f 1528 1544 1542 1526
f 1542 1544 1543 1541
f 1528 1527 1543 1544
f 1532 1545 1546 1535
f 1536 1547 1548 1533
f 1548 1547 1546 1545
f 1532 1533 1548 1545
f 1537 1549 1547 1536
f 1547 1549 1550 1546
f 1538 1551 1549 1537
f 1549 1551 1552 1550
f 1539 1553 1551 1538
f 1551 1553 1554 1552
f 1540 1554 1555 1541
f 1542 1556 1553 1539
f 1553 1556 1555 1554
f 1542 1541 1555 1556
f 1395 1388 1557 1558
f 1557 1388 1387 1559
f 1398 1395 1558 1560
f 1401 1398 1560 1561
f 1401 1561 1562 1402
f 1559 1387 1413 1563
f 1402 1562 1564 1414
f 1563 1413 1427 1565
f 1414 1564 1566 1428
f 1565 1427 1443 1567
f 1428 1566 1568 1444
f 1443 1442 1569 1567
f 1569 1442 1458 1570
f 1445 1444 1568 1571
f 1445 1571 1572 1459
f 1570 1458 1470 1573
f 1459 1572 1574 1471
f 1573 1470 1482 1575
f 1471 1574 1576 1483
f 1494 1508 1577 1578
f 1575 1482 1494 1578
f 1509 1495 1579 1580
f 1483 1576 1579 1495
f 1577 1508 1507 1581
f 1509 1580 1582 1510
f 1581 1507 1523 1583
f 1510 1582 1584 1524
f 1583 1523 1535 1585
f 1524 1584 1586 1540
f 1546 1550 1587 1588
f 1585 1535 1546 1588
f 1550 1552 1589 1587
f 1552 1554 1590 1589
f 1540 1586 1590 1554
f 1558 1557 1591 1592
f 1591 1557 1559 1593
f 1560 1558 1592 1594
f 1561 1560 1594 1595
f 1561 1595 1596 1562
f 1593 1559 1563 1597
f 1562 1596 1598 1564
f 1563 1565 1599 1600
f 1563 1600 1601 1597
f 1601 1600 1599 1602
f 1603 1604 1566 1564
f 1603 1564 1598 1605
f 1603 1605 1606 1604
f 1565 1567 1569 1599
f 1602 1599 1569 1607
f 1604 1571 1568 1566
f 1604 1606 1608 1571
f 1607 1569 1570 1609
f 1571 1608 1610 1572
f 1609 1570 1573 1611
f 1572 1610 1612 1574
f 1611 1573 1575 1613
f 1574 1612 1614 1576
f 1613 1575 1578 1615
f 1576 1614 1616 1579
f 1577 1581 1617 1578
f 1615 1578 1617 1618
f 1579 1619 1582 1580
f 1579 1616 1620 1619
f 1581 1583 1621 1617
f 1621 1583 1622 1623
f 1618 1617 1621 1623
f 1619 1624 1584 1582
f 1584 1624 1625 1626
f 1619 1620 1625 1624
f 1622 1583 1585 1627
f 1584 1626 1628 1586
f 1588 1587 1629 1630
f 1627 1585 1588 1630
f 1587 1589 1631 1629
f 1589 1590 1632 1631
f 1586 1628 1632 1590
f 1633 1634 1635 1636
f 1633 1636 1637 1638
f 1637 1636 1635 1639
f 1640 1641 1634 1633
f 1640 1633 1638 1642
f 1643 1644 1641 1640
f 1643 1640 1642 1645
f 1643 1645 1646 1644
f 1634 1647 1648 1635
f 1648 1647 1649 1650
f 1639 1635 1648 1650
f 1641 1651 1647 1634
f 1647 1651 1652 1649
f 1644 1653 1651 1641
f 1651 1653 1654 1652
f 1644 1646 1654 1653
f 1592 1591 1655 1656
f 1655 1591 1593 1657
f 1594 1592 1656 1658
f 1595 1594 1658 1659
f 1595 1659 1660 1596
f 1657 1593 1597 1661
f 1596 1660 1662 1598
f 1597 1601 1663 1661
f 1663 1601 1602 1664
f 1605 1598 1662 1665
f 1605 1665 1666 1606
f 1664 1602 1607 1667
f 1606 1666 1668 1608
f 1667 1607 1609 1669
f 1608 1668 1670 1610
f 1669 1609 1611 1671
f 1610 1670 1672 1612
f 1671 1611 1613 1673
f 1612 1672 1674 1614
f 1673 1613 1615 1675
f 1614 1674 1676 1616
f 1675 1615 1618 1677
f 1616 1676 1678 1620
f 1623 1622 1679 1680
f 1677 1618 1623 1680
f 1626 1625 1681 1682
f 1620 1678 1681 1625
f 1679 1622 1627 1683
f 1626 1682 1684 1628
f 1630 1629 1685 1686
f 1683 1627 1630 1686
f 1629 1631 1687 1685
f 1631 1632 1688 1687
f 1628 1684 1688 1632
f 1689 1690 1691 1692
f 1689 1692 1693 1694
f 1693 1692 1691 1695
f 1696 1697 1690 1689
f 1696 1689 1694 1698
f 1699 1700 1697 1696
f 1699 1696 1698 1701
f 1699 1701 1702 1700
f 1690 1703 1704 1691
f 1704 1703 1705 1706
f 1695 1691 1704 1706
f 1697 1707 1703 1690
f 1703 1707 1708 1705
f 1700 1709 1707 1697
f 1707 1709 1710 1708
f 1700 1702 1710 1709
f 1711 1712 1713 1714
f 1638 1637 1711 1714
f 1711 1637 1639 1712
f 1714 1713 1715 1716
f 1642 1638 1714 1716
f 1716 1715 1717 1718
f 1645 1642 1716 1718
f 1645 1718 1717 1646
f 1650 1649 1719 1720
f 1712 1639 1650 1720
f 1649 1652 1721 1719
f 1652 1654 1722 1721
f 1646 1717 1722 1654
f 1656 1655 1723 1724
f 1723 1655 1657 1725
f 1658 1656 1724 1726
f 1659 1658 1726 1727
f 1659 1727 1728 1660
f 1725 1657 1661 1729
f 1660 1728 1730 1662
f 1661 1663 1731 1729
f 1731 1663 1664 1732
f 1665 1662 1730 1733
f 1665 1733 1734 1666
f 1732 1664 1667 1735
f 1666 1734 1736 1668
f 1667 1669 1737 1738
f 1667 1738 1739 1735
f 1739 1738 1737 1740
f 1741 1742 1670 1668
f 1741 1668 1736 1743
f 1741 1743 1744 1742
f 1669 1671 1745 1737
f 1740 1737 1745 1746
f 1742 1747 1672 1670
f 1742 1744 1748 1747
f 1671 1673 1749 1745
f 1746 1745 1749 1750
f 1747 1751 1674 1672
f 1747 1748 1752 1751
f 1673 1675 1753 1749
f 1753 1675 1754 1755
f 1750 1749 1753 1755
f 1751 1756 1676 1674
f 1676 1756 1757 1758
f 1751 1752 1757 1756
f 1754 1675 1677 1759
f 1676 1758 1760 1678
f 1680 1679 1761 1762
f 1759 1677 1680 1762
f 1682 1681 1763 1764
f 1678 1760 1763 1681
f 1761 1679 1683 1765
f 1682 1764 1766 1684
f 1686 1685 1767 1768
f 1765 1683 1686 1768
f 1685 1687 1769 1767
f 1687 1688 1770 1769
f 1684 1766 1770 1688
f 1694 1693 1771 1772
f 1771 1693 1695 1773
f 1698 1694 1772 1774
f 1701 1698 1774 1775
f 1701 1775 1776 1702
f 1773 1777 1778 1779
f 1706 1705 1778 1777
f 1773 1695 1706 1777
f 1779 1778 1780 1781
f 1705 1708 1780 1778
f 1781 1780 1782 1776
f 1708 1710 1782 1780
f 1702 1776 1782 1710
f 1783 1784 1785 1786
f 1713 1712 1783 1786
f 1783 1712 1720 1784
f 1786 1785 1787 1788
f 1715 1713 1786 1788
f 1788 1787 1789 1790
f 1717 1715 1788 1790
f 1717 1790 1789 1722
f 1719 1791 1792 1720
f 1792 1791 1793 1794
f 1784 1720 1792 1794
f 1721 1795 1791 1719
f 1791 1795 1796 1793
f 1722 1797 1795 1721
f 1795 1797 1798 1796
f 1722 1789 1798 1797
f 1724 1723 1799 1800
f 1799 1723 1725 1801
f 1726 1724 1800 1802
f 1727 1726 1802 1803
f 1727 1803 1804 1728
f 1801 1725 1729 1805
f 1728 1804 1806 1730
f 1729 1731 1807 1805
f 1807 1731 1732 1808
f 1733 1730 1806 1809
f 1733 1809 1810 1734
f 1808 1732 1735 1811
f 1734 1810 1812 1736
f 1735 1739 1813 1811
f 1813 1739 1740 1814
f 1743 1736 1812 1815
f 1743 1815 1816 1744
f 1740 1746 1817 1818
f 1740 1818 1819 1814
f 1819 1818 1817 1820
f 1821 1822 1748 1744
f 1821 1744 1816 1823
f 1821 1823 1824 1822
f 1746 1750 1825 1817
f 1825 1750 1826 1827
f 1820 1817 1825 1827
f 1822 1828 1752 1748
f 1752 1828 1829 1830
f 1822 1824 1829 1828
f 1755 1754 1831 1832
f 1826 1750 1755 1832
f 1758 1757 1833 1834
f 1752 1830 1833 1757
f 1831 1754 1759 1835
f 1758 1834 1836 1760
f 1762 1761 1837 1838
f 1835 1759 1762 1838
f 1764 1763 1839 1840
f 1760 1836 1839 1763
f 1837 1761 1765 1841
f 1764 1840 1842 1766
f 1768 1767 1843 1844
f 1841 1765 1768 1844
f 1767 1769 1845 1843
f 1769 1770 1846 1845
f 1766 1842 1846 1770
f 1847 1772 1771 1848
f 1847 1848 1849 1850
f 1849 1848 1771 1851
f 1852 1774 1772 1847
f 1852 1847 1850 1853
f 1854 1775 1774 1852
f 1854 1852 1853 1855
f 1854 1855 1856 1775
f 1851 1857 1858 1859
f 1773 1779 1858 1857
f 1851 1771 1773 1857
f 1859 1858 1860 1861
f 1779 1781 1860 1858
f 1861 1860 1862 1856
f 1781 1776 1862 1860
f 1775 1856 1862 1776
f 1863 1864 1865 1866
f 1785 1784 1863 1866
f 1863 1784 1794 1864
f 1866 1865 1867 1868
f 1787 1785 1866 1868
f 1868 1867 1869 1870
f 1789 1787 1868 1870
f 1789 1870 1869 1798
f 1864 1871 1872 1865
f 1793 1800 1799 1794
f 1864 1794 1799 1871
f 1865 1872 1873 1867
f 1796 1802 1800 1793
f 1867 1873 1874 1869
f 1798 1803 1802 1796
f 1798 1869 1874 1803
f 1871 1799 1801 1875
f 1803 1874 1876 1804
f 1875 1801 1805 1877
f 1804 1876 1878 1806
f 1805 1807 1879 1877
f 1879 1807 1808 1880
f 1809 1806 1878 1881
f 1809 1881 1882 1810
f 1880 1808 1811 1883
f 1810 1882 1884 1812
f 1811 1813 1885 1883
f 1885 1813 1814 1886
f 1815 1812 1884 1887
f 1815 1887 1888 1816
f 1814 1819 1889 1886
f 1889 1819 1820 1890
f 1823 1816 1888 1891
f 1823 1891 1892 1824
f 1827 1826 1893 1894
f 1890 1820 1827 1894
f 1830 1829 1895 1896
f 1824 1892 1895 1829
f 1832 1831 1897 1898
f 1893 1826 1832 1898
f 1834 1833 1899 1900
f 1830 1896 1899 1833
f 1897 1831 1835 1901
f 1834 1900 1902 1836
f 1838 1837 1903 1904
f 1901 1835 1838 1904
f 1840 1839 1905 1906
f 1836 1902 1905 1839
f 1903 1837 1841 1907
f 1840 1906 1908 1842
f 1907 1841 1844 1909
f 1842 1908 1910 1846
f 1909 1911 1912 1913
f 1843 1850 1849 1844
f 1909 1844 1849 1911
f 1913 1912 1914 1915
f 1845 1853 1850 1843
f 1915 1914 1916 1910
f 1846 1855 1853 1845
f 1846 1910 1916 1855
f 1911 1917 1918 1912
f 1851 1859 1918 1917
f 1911 1849 1851 1917
f 1912 1918 1919 1914
f 1859 1861 1919 1918
f 1914 1919 1920 1916
f 1861 1856 1920 1919
f 1855 1916 1920 1856
f 1872 1871 1921 1922
f 1921 1871 1875 1923
f 1873 1872 1922 1924
f 1874 1873 1924 1925
f 1874 1925 1926 1876
f 1923 1875 1877 1927
f 1876 1926 1928 1878
f 1877 1879 1929 1927
f 1929 1879 1880 1930
f 1881 1878 1928 1931
f 1881 1931 1932 1882
f 1930 1880 1883 1933
f 1882 1932 1934 1884
f 1883 1885 1935 1933
f 1935 1885 1886 1936
f 1887 1884 1934 1937
f 1887 1937 1938 1888
f 1886 1889 1939 1936
f 1939 1889 1890 1940
f 1891 1888 1938 1941
f 1891 1941 1942 1892
f 1894 1893 1943 1944
f 1940 1890 1894 1944
f 1896 1895 1945 1946
f 1892 1942 1945 1895
f 1898 1897 1947 1948
f 1943 1893 1898 1948
f 1900 1899 1949 1950
f 1896 1946 1949 1899
f 1947 1897 1901 1951
f 1900 1950 1952 1902
f 1904 1903 1953 1954
f 1951 1901 1904 1954
f 1906 1905 1955 1956
f 1902 1952 1955 1905
f 1953 1903 1907 1957
f 1906 1956 1958 1908
f 1909 1913 1959 1960
f 1957 1907 1909 1960
f 1913 1915 1961 1959
f 1915 1910 1962 1961
f 1908 1958 1962 1910
f 1922 1921 1963 1964
f 1963 1921 1923 1965
f 1924 1922 1964 1966
f 1925 1924 1966 1967
f 1925 1967 1968 1926
f 1965 1923 1927 1969
f 1926 1968 1970 1928
f 1927 1929 1971 1969
f 1971 1929 1930 1972
f 1931 1928 1970 1973
f 1931 1973 1974 1932
f 1972 1930 1933 1975
f 1932 1974 1976 1934
f 1933 1935 1977 1975
f 1977 1935 1936 1978
f 1937 1934 1976 1979
f 1937 1979 1980 1938
f 1936 1939 1981 1978
f 1981 1939 1940 1982
f 1941 1938 1980 1983
f 1941 1983 1984 1942
f 1944 1943 1985 1986
f 1982 1940 1944 1986
f 1946 1945 1987 1988
f 1942 1984 1987 1945
f 1948 1947 1989 1990
f 1985 1943 1948 1990
f 1950 1949 1991 1992
f 1946 1988 1991 1949
f 1989 1947 1951 1993
f 1950 1992 1994 1952
f 1954 1953 1995 1996
f 1993 1951 1954 1996
f 1956 1955 1997 1998
f 1952 1994 1997 1955
f 1995 1953 1957 1999
f 1956 1998 2000 1958
f 1960 1959 2001 2002
f 1999 1957 1960 2002
f 1959 1961 2003 2001
f 1961 1962 2004 2003
f 1958 2000 2004 1962
f 1964 1963 2005 2006
f 2005 1963 1965 2007
f 1966 1964 2006 2008
f 1967 1966 2008 2009
f 1967 2009 2010 1968
f 2007 1965 1969 2011
f 1968 2010 2012 1970
f 1969 1971 2013 2011
f 2013 1971 1972 2014
f 1973 1970 2012 2015
f 1973 2015 2016 1974
f 2014 1972 1975 2017
f 1974 2016 2018 1976
f 1975 1977 2019 2017
f 2019 1977 1978 2020
f 1979 1976 2018 2021
f 1979 2021 2022 1980
f 1978 1981 2023 2020
f 2023 1981 1982 2024
f 1983 1980 2022 2025
f 1983 2025 2026 1984
f 1986 1985 2027 2028
f 2024 1982 1986 2028
f 1988 1987 2029 2030
f 1984 2026 2029 1987
f 1990 1989 2031 2032
f 2027 1985 1990 2032
f 1992 1991 2033 2034
f 1988 2030 2033 1991
f 2031 1989 1993 2035
f 1992 2034 2036 1994
f 1996 1995 2037 2038
f 2035 1993 1996 2038
f 1998 1997 2039 2040
f 1994 2036 2039 1997
f 2037 1995 1999 2041
f 1998 2040 2042 2000
f 2002 2001 2043 2044
f 2041 1999 2002 2044
f 2001 2003 2045 2043
f 2003 2004 2046 2045
f 2000 2042 2046 2004
f 2006 2005 2047 2048
f 2047 2005 2007 2049
f 2008 2006 2048 2050
f 2009 2008 2050 2051
f 2009 2051 2052 2010
f 2049 2007 2011 2053
f 2010 2052 2054 2012
f 2011 2013 2055 2053
f 2055 2013 2014 2056
f 2015 2012 2054 2057
f 2015 2057 2058 2016
f 2056 2014 2017 2059
f 2016 2058 2060 2018
f 2017 2019 2061 2059
f 2061 2019 2020 2062
f 2021 2018 2060 2063
f 2021 2063 2064 2022
f 2020 2023 2065 2062
f 2065 2023 2024 2066
f 2025 2022 2064 2067
f 2025 2067 2068 2026
f 2028 2027 2069 2070
f 2066 2024 2028 2070
f 2030 2029 2071 2072
f 2026 2068 2071 2029
f 2032 2031 2073 2074
f 2069 2027 2032 2074
f 2034 2033 2075 2076
f 2030 2072 2075 2033
f 2073 2031 2035 2077
f 2034 2076 2078 2036
f 2038 2037 2079 2080
f 2077 2035 2038 2080
f 2040 2039 2081 2082
f 2036 2078 2081 2039
f 2079 2037 2041 2083
f 2040 2082 2084 2042
f 2044 2043 2085 2086
f 2083 2041 2044 2086
f 2043 2045 2087 2085
f 2045 2046 2088 2087
f 2042 2084 2088 2046
f 2048 2047 2089 2090
f 2089 2047 2049 2091
f 2050 2048 2090 2092
f 2051 2050 2092 2093
f 2051 2093 2094 2052
f 2091 2049 2053 2095
f 2052 2094 2096 2054
f 2053 2055 2097 2095
f 2097 2055 2056 2098
f 2057 2054 2096 2099
f 2057 2099 2100 2058
f 2098 2056 2059 2101
f 2058 2100 2102 2060
f 2059 2061 2103 2101
f 2103 2061 2062 2104
f 2063 2060 2102 2105
f 2063 2105 2106 2064
f 2062 2065 2107 2104
f 2107 2065 2066 2108
f 2067 2064 2106 2109
f 2067 2109 2110 2068
f 2070 2069 2111 2112
f 2108 2066 2070 2112
f 2072 2071 2113 2114
f 2068 2110 2113 2071
f 2074 2073 2115 2116
f 2111 2069 2074 2116
f 2076 2075 2117 2118
f 2072 2114 2117 2075
f 2115 2073 2077 2119
f 2076 2118 2120 2078
f 2080 2079 2121 2122
f 2119 2077 2080 2122
f 2082 2081 2123 2124
f 2078 2120 2123 2081
f 2121 2079 2083 2125
f 2082 2124 2126 2084
f 2086 2085 2127 2128
f 2125 2083 2086 2128
f 2085 2087 2129 2127
f 2087 2088 2130 2129
f 2084 2126 2130 2088
f 2090 2089 2131 2132
f 2131 2089 2091 2133
f 2092 2090 2132 2134
f 2093 2092 2134 2135
f 2093 2135 2136 2094
f 2133 2091 2095 2137
f 2094 2136 2138 2096
f 2095 2097 2139 2137
f 2139 2097 2098 2140
f 2099 2096 2138 2141
f 2099 2141 2142 2100
f 2140 2098 2101 2143
f 2100 2142 2144 2102
f 2101 2103 2145 2143
f 2145 2103 2104 2146
f 2105 2102 2144 2147
f 2105 2147 2148 2106
f 2104 2107 2149 2146
f 2149 2107 2108 2150
f 2109 2106 2148 2151
f 2109 2151 2152 2110
f 2112 2111 2153 2154
f 2150 2108 2112 2154
f 2114 2113 2155 2156
f 2110 2152 2155 2113
f 2116 2115 2157 2158
f 2153 2111 2116 2158
f 2118 2117 2159 2160
f 2114 2156 2159 2117
f 2157 2115 2119 2161
f 2118 2160 2162 2120
f 2122 2121 2163 2164
f 2161 2119 2122 2164
f 2124 2123 2165 2166
f 2120 2162 2165 2123
f 2163 2121 2125 2167
f 2124 2166 2168 2126
f 2128 2127 2169 2170
f 2167 2125 2128 2170
f 2127 2129 2171 2169
f 2129 2130 2172 2171
f 2126 2168 2172 2130
f 2132 2131 2173 2174
f 2173 2131 2133 2175
f 2134 2132 2174 2176
f 2135 2134 2176 2177
f 2135 2177 2178 2136
f 2175 2133 2137 2179
f 2136 2178 2180 2138
f 2137 2139 2181 2179
f 2181 2139 2140 2182
f 2141 2138 2180 2183
f 2141 2183 2184 2142
f 2182 2140 2143 2185
f 2142 2184 2186 2144
f 2143 2145 2187 2185
f 2187 2145 2146 2188
f 2147 2144 2186 2189
f 2147 2189 2190 2148
f 2146 2149 2191 2188
f 2191 2149 2150 2192
f 2151 2148 2190 2193
f 2151 2193 2194 2152
f 2154 2153 2195 2196
f 2192 2150 2154 2196
f 2156 2155 2197 2198
f 2152 2194 2197 2155
f 2158 2157 2199 2200
f 2195 2153 2158 2200
f 2160 2159 2201 2202
f 2156 2198 2201 2159
f 2199 2157 2161 2203
f 2160 2202 2204 2162
f 2164 2163 2205 2206
f 2203 2161 2164 2206
f 2166 2165 2207 2208
f 2162 2204 2207 2165
f 2205 2163 2167 2209
f 2166 2208 2210 2168
f 2170 2169 2211 2212
f 2209 2167 2170 2212
f 2169 2171 2213 2211
f 2171 2172 2214 2213
f 2168 2210 2214 2172
f 2174 2173 2215 2216
f 2215 2173 2175 2217
f 2176 2174 2216 2218
f 2177 2176 2218 2219
f 2177 2219 2220 2178
f 2217 2175 2179 2221
f 2178 2220 2222 2180
f 2179 2181 2223 2221
f 2223 2181 2182 2224
f 2183 2180 2222 2225
f 2183 2225 2226 2184
f 2224 2182 2185 2227
f 2184 2226 2228 2186
f 2185 2187 2229 2227
f 2229 2187 2188 2230
f 2189 2186 2228 2231
f 2189 2231 2232 2190
f 2188 2191 2233 2230
f 2233 2191 2192 2234
f 2193 2190 2232 2235
f 2193 2235 2236 2194
f 2196 2195 2237 2238
f 2234 2192 2196 2238
f 2198 2197 2239 2240
f 2194 2236 2239 2197
f 2200 2199 2241 2242
f 2237 2195 2200 2242
f 2202 2201 2243 2244
f 2198 2240 2243 2201
f 2241 2199 2203 2245
f 2202 2244 2246 2204
f 2206 2205 2247 2248
f 2245 2203 2206 2248
f 2208 2207 2249 2250
f 2204 2246 2249 2207
f 2247 2205 2209 2251
f 2208 2250 2252 2210
f 2212 2211 2253 2254
f 2251 2209 2212 2254
f 2211 2213 2255 2253
f 2213 2214 2256 2255
f 2210 2252 2256 2214
f 2216 2215 2257 2258
f 2257 2215 2217 2259
f 2218 2216 2258 2260
f 2219 2218 2260 2261
f 2219 2261 2262 2220
f 2259 2217 2221 2263
f 2220 2262 2264 2222
f 2221 2223 2265 2263
f 2265 2223 2224 2266
f 2225 2222 2264 2267
f 2225 2267 2268 2226
f 2266 2224 2227 2269
f 2226 2268 2270 2228
f 2227 2229 2271 2269
f 2271 2229 2230 2272
f 2231 2228 2270 2273
f 2231 2273 2274 2232
f 2275 2276 2277 2272
f 2230 2233 2275 2272
f 2275 2233 2234 2276
f 2274 2278 2279 2280
f 2235 2232 2274 2280
f 2235 2280 2279 2236
f 2276 2281 2282 2277
f 2238 2237 2282 2281
f 2276 2234 2238 2281
f 2278 2283 2284 2279
f 2240 2239 2284 2283
f 2236 2279 2284 2239
f 2242 2241 2285 2286
f 2282 2237 2242 2286
f 2244 2243 2287 2288
f 2240 2283 2287 2243
f 2285 2241 2245 2289
f 2244 2288 2290 2246
f 2248 2247 2291 2292
f 2289 2245 2248 2292
f 2250 2249 2293 2294
f 2246 2290 2293 2249
f 2291 2247 2251 2295
f 2250 2294 2296 2252
f 2254 2253 2297 2298
f 2295 2251 2254 2298
f 2253 2255 2299 2297
f 2255 2256 2300 2299
f 2252 2296 2300 2256
f 2258 2257 2301 2302
f 2301 2257 2259 2303
f 2260 2258 2302 2304
f 2261 2260 2304 2305
f 2261 2305 2306 2262
f 2303 2259 2263 2307
f 2262 2306 2308 2264
f 2263 2265 2309 2307
f 2309 2265 2266 2310
f 2267 2264 2308 2311
f 2267 2311 2312 2268
f 2310 2266 2269 2313
f 2268 2312 2314 2270
f 2315 2316 2317 2313
f 2269 2271 2315 2313
f 2315 2271 2272 2316
f 2314 2318 2319 2320
f 2273 2270 2314 2320
f 2273 2320 2319 2274
f 2316 2272 2277 2321
f 2274 2319 2322 2278
f 2321 2277 2282 2323
f 2278 2322 2324 2283
f 2323 2325 2326 2327
f 2286 2285 2326 2325
f 2323 2282 2286 2325
f 2328 2329 2330 2324
f 2288 2287 2330 2329
f 2283 2324 2330 2287
f 2326 2285 2289 2331
f 2288 2329 2332 2290
f 2292 2291 2333 2334
f 2331 2289 2292 2334
f 2294 2293 2335 2336
f 2290 2332 2335 2293
f 2333 2291 2295 2337
f 2294 2336 2338 2296
f 2298 2297 2339 2340
f 2337 2295 2298 2340
f 2297 2299 2341 2339
f 2299 2300 2342 2341
f 2296 2338 2342 2300
f 2302 2301 2343 2344
f 2343 2301 2303 2345
f 2304 2302 2344 2346
f 2305 2304 2346 2347
f 2305 2347 2348 2306
f 2345 2303 2307 2349
f 2306 2348 2350 2308
f 2307 2309 2351 2349
f 2351 2309 2310 2352
f 2311 2308 2350 2353
f 2311 2353 2354 2312
f 2352 2310 2313 2355
f 2312 2354 2356 2314
f 2355 2313 2317 2357
f 2314 2356 2358 2318
f 2317 2316 2359 2357
f 2359 2316 2321 2360
f 2319 2318 2358 2361
f 2319 2361 2362 2322
f 2323 2327 2363 2364
f 2360 2321 2323 2364
f 2328 2324 2365 2366
f 2322 2362 2365 2324
f 2363 2327 2326 2367
f 2328 2366 2368 2329
f 2367 2326 2331 2369
f 2329 2368 2370 2332
f 2334 2333 2371 2372
f 2369 2331 2334 2372
f 2336 2335 2373 2374
f 2332 2370 2373 2335
f 2371 2333 2337 2375
f 2336 2374 2376 2338
f 2340 2339 2377 2378
f 2375 2337 2340 2378
f 2339 2341 2379 2377
f 2341 2342 2380 2379
f 2338 2376 2380 2342
f 2344 2343 2381 2382
f 2381 2343 2345 2383
f 2346 2344 2382 2384
f 2347 2346 2384 2385
f 2347 2385 2386 2348
f 2383 2345 2349 2387
f 2348 2386 2388 2350
f 2389 2390 2391 2387
f 2349 2351 2389 2387
f 2389 2351 2352 2390
f 2388 2392 2393 2394
f 2353 2350 2388 2394
f 2353 2394 2393 2354
f 2390 2352 2355 2395
f 2354 2393 2396 2356
f 2395 2355 2357 2397
f 2356 2396 2398 2358
f 2399 2400 2401 2397
f 2357 2359 2399 2397
f 2399 2359 2360 2400
f 2398 2402 2403 2404
f 2361 2358 2398 2404
f 2361 2404 2403 2362
f 2400 2405 2406 2401
f 2364 2363 2406 2405
f 2400 2360 2364 2405
f 2402 2407 2408 2403
f 2366 2365 2408 2407
f 2362 2403 2408 2365
f 2406 2363 2367 2409
f 2366 2407 2410 2368
f 2409 2367 2369 2411
f 2368 2410 2412 2370
f 2411 2413 2414 2415
f 2372 2371 2414 2413
f 2411 2369 2372 2413
f 2416 2417 2418 2412
f 2374 2373 2418 2417
f 2370 2412 2418 2373
f 2414 2371 2375 2419
f 2374 2417 2420 2376
f 2378 2377 2421 2422
f 2419 2375 2378 2422
f 2377 2379 2423 2421
f 2379 2380 2424 2423
f 2376 2420 2424 2380
f 2382 2381 2425 2426
f 2425 2381 2383 2427
f 2384 2382 2426 2428
f 2385 2384 2428 2429
f 2385 2429 2430 2386
f 2427 2383 2387 2431
f 2386 2430 2432 2388
f 2431 2387 2391 2433
f 2388 2432 2434 2392
f 2391 2390 2435 2433
f 2435 2390 2395 2436
f 2393 2392 2434 2437
f 2393 2437 2438 2396
f 2436 2395 2397 2439
f 2396 2438 2440 2398
f 2439 2397 2401 2441
f 2398 2440 2442 2402
f 2441 2401 2406 2443
f 2402 2442 2444 2407
f 2443 2406 2409 2445
f 2407 2444 2446 2410
f 2411 2415 2447 2448
f 2445 2409 2411 2448
f 2416 2412 2449 2450
f 2410 2446 2449 2412
f 2447 2415 2414 2451
f 2416 2450 2452 2417
f 2451 2414 2419 2453
f 2417 2452 2454 2420
f 2422 2421 2455 2456
f 2453 2419 2422 2456
f 2421 2423 2457 2455
f 2423 2424 2458 2457
f 2420 2454 2458 2424
f 2459 2460 2461 2462
f 2426 2425 2459 2462
f 2459 2425 2427 2460
f 2462 2461 2463 2464
f 2428 2426 2462 2464
f 2464 2463 2465 2466
f 2429 2428 2464 2466
f 2429 2466 2465 2430
f 2460 2427 2431 2467
f 2430 2465 2468 2432
f 2467 2431 2433 2469
f 2432 2468 2470 2434
f 2471 2472 2473 2469
f 2433 2435 2471 2469
f 2471 2435 2436 2472
f 2470 2474 2475 2476
f 2437 2434 2470 2476
f 2437 2476 2475 2438
f 2472 2436 2439 2477
f 2438 2475 2478 2440
f 2477 2439 2441 2479
f 2440 2478 2480 2442
f 2479 2441 2443 2481
f 2442 2480 2482 2444
f 2481 2443 2445 2483
f 2444 2482 2484 2446
f 2483 2485 2486 2487
f 2448 2447 2486 2485
f 2483 2445 2448 2485
f 2488 2489 2490 2484
f 2450 2449 2490 2489
f 2446 2484 2490 2449
f 2486 2447 2451 2491
f 2450 2489 2492 2452
f 2491 2451 2453 2493
f 2452 2492 2494 2454
f 2493 2495 2496 2497
f 2456 2455 2496 2495
f 2493 2453 2456 2495
f 2497 2496 2498 2499
f 2455 2457 2498 2496
f 2499 2498 2500 2494
f 2457 2458 2500 2498
f 2454 2494 2500 2458
f 2461 2460 2501 2502
f 2501 2460 2467 2503
f 2463 2461 2502 2504
f 2465 2463 2504 2505
f 2465 2505 2506 2468
f 2503 2467 2469 2507
f 2468 2506 2508 2470
f 2507 2469 2473 2509
f 2470 2508 2510 2474
f 2473 2472 2511 2509
f 2511 2472 2477 2512
f 2475 2474 2510 2513
f 2475 2513 2514 2478
f 2512 2477 2479 2515
f 2478 2514 2516 2480
f 2515 2479 2481 2517
f 2480 2516 2518 2482
f 2483 2487 2519 2520
f 2517 2481 2483 2520
f 2488 2484 2521 2522
f 2482 2518 2521 2484
f 2519 2487 2486 2523
f 2488 2522 2524 2489
f 2523 2486 2491 2525
f 2489 2524 2526 2492
f 2493 2497 2527 2528
f 2525 2491 2493 2528
f 2497 2499 2529 2527
f 2499 2494 2530 2529
f 2492 2526 2530 2494
f 2531 2532 2533 2534
f 2502 2501 2531 2534
f 2531 2501 2503 2532
f 2534 2533 2535 2536
f 2504 2502 2534 2536
f 2536 2535 2537 2538
f 2505 2504 2536 2538
f 2505 2538 2537 2506
f 2532 2503 2507 2539
f 2506 2537 2540 2508
f 2539 2507 2509 2541
f 2508 2540 2542 2510
f 2543 2544 2545 2541
f 2509 2511 2543 2541
f 2543 2511 2512 2544
f 2542 2546 2547 2548
f 2513 2510 2542 2548
f 2513 2548 2547 2514
f 2544 2512 2515 2549
f 2514 2547 2550 2516
f 2549 2515 2517 2551
f 2516 2550 2552 2518
f 2551 2553 2554 2555
f 2520 2519 2554 2553
f 2551 2517 2520 2553
f 2556 2557 2558 2552
f 2522 2521 2558 2557
f 2518 2552 2558 2521
f 2554 2519 2523 2559
f 2522 2557 2560 2524
f 2559 2523 2525 2561
f 2524 2560 2562 2526
f 2561 2563 2564 2565
f 2528 2527 2564 2563
f 2561 2525 2528 2563
f 2565 2564 2566 2567
f 2527 2529 2566 2564
f 2567 2566 2568 2562
f 2529 2530 2568 2566
f 2526 2562 2568 2530
f 2533 2532 2569 2570
f 2569 2532 2539 2571
f 2535 2533 2570 2572
f 2537 2535 2572 2573
f 2537 2573 2574 2540
f 2571 2539 2541 2575
f 2540 2574 2576 2542
f 2575 2541 2545 2577
f 2542 2576 2578 2546
f 2545 2544 2579 2577
f 2579 2544 2549 2580
f 2547 2546 2578 2581
f 2547 2581 2582 2550
f 2551 2555 2583 2584
f 2580 2549 2551 2584
f 2556 2552 2585 2586
f 2550 2582 2585 2552
f 2583 2555 2554 2587
f 2556 2586 2588 2557
f 2587 2554 2559 2589
f 2557 2588 2590 2560
f 2561 2565 2591 2592
f 2589 2559 2561 2592
f 2565 2567 2593 2591
f 2567 2562 2594 2593
f 2560 2590 2594 2562
f 2595 2596 2597 2598
f 2570 2569 2595 2598
f 2595 2569 2571 2596
f 2598 2597 2599 2600
f 2572 2570 2598 2600
f 2600 2599 2601 2602
f 2573 2572 2600 2602
f 2573 2602 2601 2574
f 2596 2571 2575 2603
f 2574 2601 2604 2576
f 2603 2575 2577 2605
f 2576 2604 2606 2578
f 2607 2608 2609 2605
f 2577 2579 2607 2605
f 2607 2579 2580 2608
f 2606 2610 2611 2612
f 2581 2578 2606 2612
f 2581 2612 2611 2582
f 2608 2613 2614 2609
f 2584 2583 2614 2613
f 2608 2580 2584 2613
f 2610 2615 2616 2611
f 2586 2585 2616 2615
f 2582 2611 2616 2585
f 2614 2583 2587 2617
f 2586 2615 2618 2588
f 2617 2587 2589 2619
f 2588 2618 2620 2590
f 2619 2621 2622 2623
f 2592 2591 2622 2621
f 2619 2589 2592 2621
f 2623 2622 2624 2625
f 2591 2593 2624 2622
f 2625 2624 2626 2620
f 2593 2594 2626 2624
f 2590 2620 2626 2594
f 2597 2596 2627 2628
f 2627 2596 2603 2629
f 2599 2597 2628 2630
f 2601 2599 2630 2631
f 2601 2631 2632 2604
f 2629 2603 2605 2633
f 2604 2632 2634 2606
f 2633 2605 2609 2635
f 2606 2634 2636 2610
f 2635 2609 2614 2637
f 2610 2636 2638 2615
f 2637 2614 2617 2639
f 2615 2638 2640 2618
f 2619 2623 2641 2642
f 2639 2617 2619 2642
f 2623 2625 2643 2641
f 2625 2620 2644 2643
f 2618 2640 2644 2620
f 2645 2646 2647 2648
f 2628 2627 2645 2648
f 2645 2627 2629 2646
f 2648 2647 2649 2650
f 2630 2628 2648 2650
f 2650 2649 2651 2652
f 2631 2630 2650 2652
f 2631 2652 2651 2632
f 2646 2629 2633 2653
f 2632 2651 2654 2634
f 2653 2633 2635 2655
f 2634 2654 2656 2636
f 2655 2635 2637 2657
f 2636 2656 2658 2638
f 2657 2637 2639 2659
f 2638 2658 2660 2640
f 2659 2661 2662 2663
f 2642 2641 2662 2661
f 2659 2639 2642 2661
f 2663 2662 2664 2665
f 2641 2643 2664 2662
f 2665 2664 2666 2660
f 2643 2644 2666 2664
f 2640 2660 2666 2644
f 2647 2646 2667 2668
f 2667 2646 2653 2669
f 2649 2647 2668 2670
f 2651 2649 2670 2671
f 2651 2671 2672 2654
f 2669 2653 2655 2673
f 2654 2672 2674 2656
f 2673 2655 2657 2675
f 2656 2674 2676 2658
f 2659 2663 2677 2678
f 2675 2657 2659 2678
f 2663 2665 2679 2677
f 2665 2660 2680 2679
f 2658 2676 2680 2660
f 2681 2682 2683 2684
f 2668 2667 2681 2684
f 2681 2667 2669 2682
f 2684 2683 2685 2686
f 2670 2668 2684 2686
f 2686 2685 2687 2688
f 2671 2670 2686 2688
f 2671 2688 2687 2672
f 2682 2669 2673 2689
f 2672 2687 2690 2674
f 2689 2673 2675 2691
f 2674 2690 2692 2676
f 2691 2693 2694 2695
f 2678 2677 2694 2693
f 2691 2675 2678 2693
f 2695 2694 2696 2697
f 2677 2679 2696 2694
f 2697 2696 2698 2692
f 2679 2680 2698 2696
f 2676 2692 2698 2680
f 2683 2682 2699 2700
f 2699 2682 2689 2701
f 2685 2683 2700 2702
f 2687 2685 2702 2703
f 2687 2703 2704 2690
f 2691 2695 2705 2706
f 2701 2689 2691 2706
f 2695 2697 2707 2705
f 2697 2692 2708 2707
f 2690 2704 2708 2692
f 2709 2710 2711 2712
f 2700 2699 2709 2712
f 2709 2699 2701 2710
f 2712 2711 2713 2714
f 2702 2700 2712 2714
f 2714 2713 2715 2716
f 2703 2702 2714 2716
f 2703 2716 2715 2704
f 2710 2717 2718 2711
f 2706 2705 2718 2717
f 2710 2701 2706 2717
f 2711 2718 2719 2713
f 2705 2707 2719 2718
f 2713 2719 2720 2715
f 2707 2708 2720 2719
f 2704 2715 2720 2708
