# A-spearhead — lifted from a 2D silhouette by aide.lift
o A-spearhead
v -22.500 -8.000 -2.500
v -22.500 -7.000 -2.500
v -22.500 -7.000 -3.500
v -22.500 -8.000 -3.500
v -21.500 -8.000 -3.500
v -21.500 -8.000 -2.500
v -21.500 -7.000 -3.500
v -22.500 -8.000 -1.500
v -22.500 -7.000 -1.500
v -21.500 -8.000 -1.500
v -22.500 -8.000 -0.500
v -22.500 -7.000 -0.500
v -21.500 -8.000 -0.500
v -22.500 -8.000 0.500
v -22.500 -7.000 0.500
v -21.500 -8.000 0.500
v -22.500 -8.000 1.500
v -22.500 -7.000 1.500
v -21.500 -8.000 1.500
v -22.500 -8.000 2.500
v -22.500 -7.000 2.500
v -21.500 -8.000 2.500
v -22.500 -8.000 3.500
v -22.500 -7.000 3.500
v -21.500 -8.000 3.500
v -21.500 -7.000 3.500
v -22.500 -7.000 -4.500
v -22.500 -6.000 -4.500
v -22.500 -6.000 -5.500
v -22.500 -7.000 -5.500
v -21.500 -7.000 -5.500
v -21.500 -7.000 -4.500
v -21.500 -6.000 -5.500
v -22.500 -6.000 -3.500
v -22.500 -6.000 -2.500
v -22.500 -6.000 -1.500
v -22.500 -6.000 -0.500
v -22.500 -6.000 0.500
v -22.500 -6.000 1.500
v -22.500 -6.000 2.500
v -22.500 -6.000 3.500
v -22.500 -7.000 4.500
v -22.500 -6.000 4.500
v -21.500 -7.000 4.500
v -22.500 -7.000 5.500
v -22.500 -6.000 5.500
v -21.500 -7.000 5.500
v -21.500 -6.000 5.500
v -22.500 -5.000 -5.500
v -22.500 -5.000 -6.500
v -22.500 -6.000 -6.500
v -21.500 -6.000 -6.500
v -21.500 -5.000 -6.500
v -22.500 -5.000 -4.500
v -22.500 -5.000 -3.500
v -22.500 -5.000 -2.500
v -22.500 -5.000 -1.500
v -22.500 -5.000 -0.500
v -22.500 -5.000 0.500
v -22.500 -5.000 1.500
v -22.500 -5.000 2.500
v -22.500 -5.000 3.500
v -22.500 -5.000 4.500
v -22.500 -5.000 5.500
v -22.500 -6.000 6.500
v -22.500 -5.000 6.500
v -21.500 -6.000 6.500
v -21.500 -5.000 6.500
v -22.500 -4.000 -6.500
v -22.500 -4.000 -7.500
v -22.500 -5.000 -7.500
v -21.500 -5.000 -7.500
v -21.500 -4.000 -7.500
v -22.500 -4.000 -5.500
v -22.500 -4.000 -4.500
v -22.500 -4.000 -3.500
v -22.500 -4.000 -2.500
v -22.500 -4.000 -1.500
v -22.500 -4.000 -0.500
v -22.500 -4.000 0.500
v -22.500 -4.000 1.500
v -22.500 -4.000 2.500
v -22.500 -4.000 3.500
v -22.500 -4.000 4.500
v -22.500 -4.000 5.500
v -22.500 -4.000 6.500
v -22.500 -5.000 7.500
v -22.500 -4.000 7.500
v -21.500 -5.000 7.500
v -21.500 -4.000 7.500
v -22.500 -3.000 -6.500
v -22.500 -3.000 -7.500
v -21.500 -3.000 -7.500
v -22.500 -3.000 -5.500
v -22.500 -3.000 -4.500
v -22.500 -3.000 -3.500
v -22.500 -3.000 -2.500
v -22.500 -3.000 -1.500
v -22.500 -3.000 -0.500
v -22.500 -3.000 0.500
v -22.500 -3.000 1.500
v -22.500 -3.000 2.500
v -22.500 -3.000 3.500
v -22.500 -3.000 4.500
v -22.500 -3.000 5.500
v -22.500 -3.000 6.500
v -22.500 -3.000 7.500
v -21.500 -3.000 7.500
v -22.500 -2.000 -7.500
v -22.500 -2.000 -8.500
v -22.500 -3.000 -8.500
v -21.500 -3.000 -8.500
v -21.500 -2.000 -8.500
v -22.500 -2.000 -6.500
v -22.500 -2.000 -5.500
v -22.500 -2.000 -4.500
v -22.500 -2.000 -3.500
v -22.500 -2.000 -2.500
v -22.500 -2.000 -1.500
v -22.500 -2.000 -0.500
v -22.500 -2.000 0.500
v -22.500 -2.000 1.500
v -22.500 -2.000 2.500
v -22.500 -2.000 3.500
v -22.500 -2.000 4.500
v -22.500 -2.000 5.500
v -22.500 -2.000 6.500
v -22.500 -2.000 7.500
v -22.500 -3.000 8.500
v -22.500 -2.000 8.500
v -21.500 -3.000 8.500
v -21.500 -2.000 8.500
v -22.500 -1.000 -7.500
v -22.500 -1.000 -8.500
v -21.500 -1.000 -8.500
v -22.500 -1.000 -6.500
v -22.500 -1.000 -5.500
v -22.500 -1.000 -4.500
v -22.500 -1.000 -3.500
v -22.500 -1.000 -2.500
v -22.500 -1.000 -1.500
v -22.500 -1.000 -0.500
v -22.500 -1.000 0.500
v -22.500 -1.000 1.500
v -22.500 -1.000 2.500
v -22.500 -1.000 3.500
v -22.500 -1.000 4.500
v -22.500 -1.000 5.500
v -22.500 -1.000 6.500
v -22.500 -1.000 7.500
v -22.500 -1.000 8.500
v -21.500 -1.000 8.500
v -22.500 0.000 -7.500
v -22.500 0.000 -8.500
v -21.500 0.000 -8.500
v -22.500 0.000 -6.500
v -22.500 0.000 -5.500
v -22.500 0.000 -4.500
v -22.500 0.000 -3.500
v -22.500 0.000 -2.500
v -22.500 0.000 -1.500
v -22.500 0.000 -0.500
v -22.500 0.000 0.500
v -22.500 0.000 1.500
v -22.500 0.000 2.500
v -22.500 0.000 3.500
v -22.500 0.000 4.500
v -22.500 0.000 5.500
v -22.500 0.000 6.500
v -22.500 0.000 7.500
v -22.500 0.000 8.500
v -21.500 0.000 8.500
v -22.500 1.000 -7.500
v -22.500 1.000 -8.500
v -21.500 1.000 -8.500
v -22.500 1.000 -6.500
v -22.500 1.000 -5.500
v -22.500 1.000 -4.500
v -22.500 1.000 -3.500
v -22.500 1.000 -2.500
v -22.500 1.000 -1.500
v -22.500 1.000 -0.500
v -22.500 1.000 0.500
v -22.500 1.000 1.500
v -22.500 1.000 2.500
v -22.500 1.000 3.500
v -22.500 1.000 4.500
v -22.500 1.000 5.500
v -22.500 1.000 6.500
v -22.500 1.000 7.500
v -22.500 1.000 8.500
v -21.500 1.000 8.500
v -22.500 2.000 -7.500
v -22.500 2.000 -8.500
v -21.500 2.000 -8.500
v -22.500 2.000 -6.500
v -22.500 2.000 -5.500
v -22.500 2.000 -4.500
v -22.500 2.000 -3.500
v -22.500 2.000 -2.500
v -22.500 2.000 -1.500
v -22.500 2.000 -0.500
v -22.500 2.000 0.500
v -22.500 2.000 1.500
v -22.500 2.000 2.500
v -22.500 2.000 3.500
v -22.500 2.000 4.500
v -22.500 2.000 5.500
v -22.500 2.000 6.500
v -22.500 2.000 7.500
v -22.500 2.000 8.500
v -21.500 2.000 8.500
v -22.500 3.000 -7.500
v -22.500 3.000 -8.500
v -21.500 3.000 -7.500
v -21.500 3.000 -8.500
v -22.500 3.000 -6.500
v -22.500 3.000 -5.500
v -22.500 3.000 -4.500
v -22.500 3.000 -3.500
v -22.500 3.000 -2.500
v -22.500 3.000 -1.500
v -22.500 3.000 -0.500
v -22.500 3.000 0.500
v -22.500 3.000 1.500
v -22.500 3.000 2.500
v -22.500 3.000 3.500
v -22.500 3.000 4.500
v -22.500 3.000 5.500
v -22.500 3.000 6.500
v -22.500 3.000 7.500
v -22.500 3.000 8.500
v -21.500 3.000 8.500
v -21.500 3.000 7.500
v -22.500 4.000 -6.500
v -22.500 4.000 -7.500
v -21.500 4.000 -7.500
v -22.500 4.000 -5.500
v -22.500 4.000 -4.500
v -22.500 4.000 -3.500
v -22.500 4.000 -2.500
v -22.500 4.000 -1.500
v -22.500 4.000 -0.500
v -22.500 4.000 0.500
v -22.500 4.000 1.500
v -22.500 4.000 2.500
v -22.500 4.000 3.500
v -22.500 4.000 4.500
v -22.500 4.000 5.500
v -22.500 4.000 6.500
v -22.500 4.000 7.500
v -21.500 4.000 7.500
v -22.500 5.000 -6.500
v -22.500 5.000 -7.500
v -21.500 5.000 -6.500
v -21.500 5.000 -7.500
v -22.500 5.000 -5.500
v -22.500 5.000 -4.500
v -22.500 5.000 -3.500
v -22.500 5.000 -2.500
v -22.500 5.000 -1.500
v -22.500 5.000 -0.500
v -22.500 5.000 0.500
v -22.500 5.000 1.500
v -22.500 5.000 2.500
v -22.500 5.000 3.500
v -22.500 5.000 4.500
v -22.500 5.000 5.500
v -22.500 5.000 6.500
v -22.500 5.000 7.500
v -21.500 5.000 7.500
v -21.500 5.000 6.500
v -22.500 6.000 -5.500
v -22.500 6.000 -6.500
v -21.500 6.000 -5.500
v -21.500 6.000 -6.500
v -22.500 6.000 -4.500
v -22.500 6.000 -3.500
v -22.500 6.000 -2.500
v -22.500 6.000 -1.500
v -22.500 6.000 -0.500
v -22.500 6.000 0.500
v -22.500 6.000 1.500
v -22.500 6.000 2.500
v -22.500 6.000 3.500
v -22.500 6.000 4.500
v -22.500 6.000 5.500
v -22.500 6.000 6.500
v -21.500 6.000 6.500
v -21.500 6.000 5.500
v -22.500 7.000 -4.500
v -22.500 7.000 -5.500
v -21.500 7.000 -4.500
v -21.500 7.000 -5.500
v -22.500 7.000 -3.500
v -21.500 7.000 -3.500
v -22.500 7.000 -2.500
v -22.500 7.000 -1.500
v -22.500 7.000 -0.500
v -22.500 7.000 0.500
v -22.500 7.000 1.500
v -22.500 7.000 2.500
v -22.500 7.000 3.500
v -22.500 7.000 4.500
v -21.500 7.000 4.500
v -21.500 7.000 3.500
v -22.500 7.000 5.500
v -21.500 7.000 5.500
v -22.500 8.000 -2.500
v -22.500 8.000 -3.500
v -21.500 8.000 -2.500
v -21.500 8.000 -3.500
v -22.500 8.000 -1.500
v -21.500 8.000 -1.500
v -22.500 8.000 -0.500
v -21.500 8.000 -0.500
v -22.500 8.000 0.500
v -21.500 8.000 0.500
v -22.500 8.000 1.500
v -21.500 8.000 1.500
v -22.500 8.000 2.500
v -21.500 8.000 2.500
v -22.500 8.000 3.500
v -21.500 8.000 3.500
v -20.500 -9.000 -3.500
v -20.500 -8.000 -3.500
v -20.500 -8.000 -2.500
v -20.500 -9.000 -2.500
v -21.500 -9.000 -2.500
v -21.500 -9.000 -3.500
v -20.500 -8.000 -1.500
v -20.500 -9.000 -1.500
v -21.500 -9.000 -1.500
v -20.500 -8.000 -0.500
v -20.500 -9.000 -0.500
v -21.500 -9.000 -0.500
v -20.500 -8.000 0.500
v -20.500 -9.000 0.500
v -21.500 -9.000 0.500
v -20.500 -8.000 1.500
v -20.500 -9.000 1.500
v -21.500 -9.000 1.500
v -20.500 -8.000 2.500
v -20.500 -9.000 2.500
v -21.500 -9.000 2.500
v -20.500 -8.000 3.500
v -20.500 -9.000 3.500
v -21.500 -9.000 3.500
v -20.500 -8.000 -5.500
v -20.500 -7.000 -5.500
v -20.500 -7.000 -4.500
v -20.500 -8.000 -4.500
v -21.500 -8.000 -4.500
v -21.500 -8.000 -5.500
v -20.500 -7.000 -3.500
v -20.500 -7.000 3.500
v -20.500 -7.000 4.500
v -20.500 -8.000 4.500
v -21.500 -8.000 4.500
v -20.500 -7.000 5.500
v -20.500 -8.000 5.500
v -21.500 -8.000 5.500
v -20.500 -7.000 -6.500
v -20.500 -6.000 -6.500
v -20.500 -6.000 -5.500
v -21.500 -7.000 -6.500
v -20.500 -6.000 5.500
v -20.500 -6.000 6.500
v -20.500 -7.000 6.500
v -21.500 -7.000 6.500
v -20.500 -6.000 -7.500
v -20.500 -5.000 -7.500
v -20.500 -5.000 -6.500
v -21.500 -6.000 -7.500
v -20.500 -5.000 6.500
v -20.500 -5.000 7.500
v -20.500 -6.000 7.500
v -21.500 -6.000 7.500
v -20.500 -5.000 -8.500
v -20.500 -4.000 -8.500
v -20.500 -4.000 -7.500
v -21.500 -4.000 -8.500
v -21.500 -5.000 -8.500
v -20.500 -4.000 7.500
v -20.500 -4.000 8.500
v -20.500 -5.000 8.500
v -21.500 -5.000 8.500
v -21.500 -4.000 8.500
v -20.500 -3.000 -8.500
v -20.500 -3.000 -7.500
v -20.500 -3.000 7.500
v -20.500 -3.000 8.500
v -20.500 -3.000 -9.500
v -20.500 -2.000 -9.500
v -20.500 -2.000 -8.500
v -21.500 -2.000 -9.500
v -21.500 -3.000 -9.500
v -20.500 -2.000 8.500
v -20.500 -2.000 9.500
v -20.500 -3.000 9.500
v -21.500 -3.000 9.500
v -21.500 -2.000 9.500
v -20.500 -1.000 -9.500
v -20.500 -1.000 -8.500
v -21.500 -1.000 -9.500
v -20.500 -1.000 8.500
v -20.500 -1.000 9.500
v -21.500 -1.000 9.500
v -20.500 0.000 -9.500
v -20.500 0.000 -8.500
v -21.500 0.000 -9.500
v -20.500 0.000 8.500
v -20.500 0.000 9.500
v -21.500 0.000 9.500
v -20.500 1.000 -9.500
v -20.500 1.000 -8.500
v -21.500 1.000 -9.500
v -20.500 1.000 8.500
v -20.500 1.000 9.500
v -21.500 1.000 9.500
v -20.500 2.000 -9.500
v -20.500 2.000 -8.500
v -21.500 2.000 -9.500
v -20.500 2.000 8.500
v -20.500 2.000 9.500
v -21.500 2.000 9.500
v -20.500 3.000 -9.500
v -20.500 3.000 -8.500
v -21.500 3.000 -9.500
v -20.500 3.000 8.500
v -20.500 3.000 9.500
v -21.500 3.000 9.500
v -20.500 4.000 -8.500
v -20.500 4.000 -7.500
v -20.500 3.000 -7.500
v -21.500 4.000 -8.500
v -20.500 3.000 7.500
v -20.500 4.000 7.500
v -20.500 4.000 8.500
v -21.500 4.000 8.500
v -20.500 5.000 -8.500
v -20.500 5.000 -7.500
v -21.500 5.000 -8.500
v -20.500 5.000 7.500
v -20.500 5.000 8.500
v -21.500 5.000 8.500
v -20.500 6.000 -7.500
v -20.500 6.000 -6.500
v -20.500 5.000 -6.500
v -21.500 6.000 -7.500
v -20.500 5.000 6.500
v -20.500 6.000 6.500
v -20.500 6.000 7.500
v -21.500 6.000 7.500
v -20.500 7.000 -6.500
v -20.500 7.000 -5.500
v -20.500 6.000 -5.500
v -21.500 7.000 -6.500
v -20.500 6.000 5.500
v -20.500 7.000 5.500
v -20.500 7.000 6.500
v -21.500 7.000 6.500
v -20.500 8.000 -5.500
v -20.500 8.000 -4.500
v -20.500 7.000 -4.500
v -21.500 8.000 -4.500
v -21.500 8.000 -5.500
v -20.500 8.000 -3.500
v -20.500 7.000 -3.500
v -20.500 7.000 3.500
v -20.500 8.000 3.500
v -20.500 8.000 4.500
v -20.500 7.000 4.500
v -21.500 8.000 4.500
v -20.500 8.000 5.500
v -21.500 8.000 5.500
v -20.500 9.000 -3.500
v -20.500 9.000 -2.500
v -20.500 8.000 -2.500
v -21.500 9.000 -2.500
v -21.500 9.000 -3.500
v -20.500 9.000 -1.500
v -20.500 8.000 -1.500
v -21.500 9.000 -1.500
v -20.500 9.000 -0.500
v -20.500 8.000 -0.500
v -21.500 9.000 -0.500
v -20.500 9.000 0.500
v -20.500 8.000 0.500
v -21.500 9.000 0.500
v -20.500 9.000 1.500
v -20.500 8.000 1.500
v -21.500 9.000 1.500
v -20.500 9.000 2.500
v -20.500 8.000 2.500
v -21.500 9.000 2.500
v -20.500 9.000 3.500
v -21.500 9.000 3.500
v -19.500 -8.000 -3.500
v -19.500 -7.000 -3.500
v -19.500 -7.000 -2.500
v -19.500 -8.000 -2.500
v -19.500 -7.000 -1.500
v -19.500 -8.000 -1.500
v -19.500 -7.000 -0.500
v -19.500 -8.000 -0.500
v -19.500 -7.000 0.500
v -19.500 -8.000 0.500
v -19.500 -7.000 1.500
v -19.500 -8.000 1.500
v -19.500 -7.000 2.500
v -19.500 -8.000 2.500
v -19.500 -7.000 3.500
v -19.500 -8.000 3.500
v -19.500 -7.000 -5.500
v -19.500 -6.000 -5.500
v -19.500 -6.000 -4.500
v -19.500 -7.000 -4.500
v -19.500 -6.000 -3.500
v -19.500 -6.000 3.500
v -19.500 -6.000 4.500
v -19.500 -7.000 4.500
v -19.500 -6.000 5.500
v -19.500 -7.000 5.500
v -19.500 -6.000 -6.500
v -19.500 -5.000 -6.500
v -19.500 -5.000 -5.500
v -19.500 -5.000 -4.500
v -19.500 -5.000 4.500
v -19.500 -5.000 5.500
v -19.500 -5.000 6.500
v -19.500 -6.000 6.500
v -19.500 -5.000 -7.500
v -19.500 -4.000 -7.500
v -19.500 -4.000 -6.500
v -19.500 -4.000 -5.500
v -19.500 -4.000 5.500
v -19.500 -4.000 6.500
v -19.500 -4.000 7.500
v -19.500 -5.000 7.500
v -19.500 -3.000 -7.500
v -19.500 -3.000 -6.500
v -19.500 -3.000 6.500
v -19.500 -3.000 7.500
v -19.500 -3.000 -8.500
v -19.500 -2.000 -8.500
v -19.500 -2.000 -7.500
v -19.500 -2.000 7.500
v -19.500 -2.000 8.500
v -19.500 -3.000 8.500
v -19.500 -1.000 -8.500
v -19.500 -1.000 -7.500
v -19.500 -1.000 7.500
v -19.500 -1.000 8.500
v -19.500 0.000 -8.500
v -19.500 0.000 -7.500
v -19.500 0.000 7.500
v -19.500 0.000 8.500
v -19.500 1.000 -8.500
v -19.500 1.000 -7.500
v -19.500 1.000 7.500
v -19.500 1.000 8.500
v -19.500 2.000 -8.500
v -19.500 2.000 -7.500
v -19.500 2.000 7.500
v -19.500 2.000 8.500
v -19.500 3.000 -8.500
v -19.500 3.000 -7.500
v -19.500 3.000 7.500
v -19.500 3.000 8.500
v -19.500 4.000 -7.500
v -19.500 4.000 -6.500
v -19.500 3.000 -6.500
v -19.500 3.000 6.500
v -19.500 4.000 6.500
v -19.500 4.000 7.500
v -19.500 5.000 -7.500
v -19.500 5.000 -6.500
v -19.500 5.000 -5.500
v -19.500 4.000 -5.500
v -19.500 4.000 5.500
v -19.500 5.000 5.500
v -19.500 5.000 6.500
v -19.500 5.000 7.500
v -19.500 6.000 -6.500
v -19.500 6.000 -5.500
v -19.500 6.000 -4.500
v -19.500 5.000 -4.500
v -19.500 5.000 4.500
v -19.500 6.000 4.500
v -19.500 6.000 5.500
v -19.500 6.000 6.500
v -19.500 7.000 -5.500
v -19.500 7.000 -4.500
v -19.500 7.000 -3.500
v -19.500 6.000 -3.500
v -19.500 6.000 3.500
v -19.500 7.000 3.500
v -19.500 7.000 4.500
v -19.500 7.000 5.500
v -19.500 8.000 -3.500
v -19.500 8.000 -2.500
v -19.500 7.000 -2.500
v -19.500 8.000 -1.500
v -19.500 7.000 -1.500
v -19.500 8.000 -0.500
v -19.500 7.000 -0.500
v -19.500 8.000 0.500
v -19.500 7.000 0.500
v -19.500 8.000 1.500
v -19.500 7.000 1.500
v -19.500 8.000 2.500
v -19.500 7.000 2.500
v -19.500 8.000 3.500
v -18.500 -7.000 -3.500
v -18.500 -7.000 -2.500
v -18.500 -6.000 -3.500
v -18.500 -7.000 -1.500
v -18.500 -7.000 -0.500
v -18.500 -7.000 0.500
v -18.500 -7.000 1.500
v -18.500 -7.000 2.500
v -18.500 -7.000 3.500
v -18.500 -6.000 3.500
v -18.500 -6.000 -4.500
v -18.500 -5.000 -4.500
v -18.500 -6.000 4.500
v -18.500 -5.000 4.500
v -18.500 -5.000 -5.500
v -18.500 -4.000 -5.500
v -18.500 -5.000 5.500
v -18.500 -4.000 5.500
v -18.500 -4.000 -6.500
v -18.500 -3.000 -6.500
v -18.500 -4.000 6.500
v -18.500 -3.000 6.500
v -18.500 -3.000 -7.500
v -18.500 -2.000 -7.500
v -18.500 -3.000 7.500
v -18.500 -2.000 7.500
v -18.500 -1.000 -7.500
v -18.500 -1.000 7.500
v -18.500 0.000 -7.500
v -18.500 0.000 7.500
v -18.500 1.000 -7.500
v -18.500 1.000 7.500
v -18.500 2.000 -7.500
v -18.500 2.000 7.500
v -18.500 3.000 -6.500
v -18.500 3.000 -7.500
v -18.500 3.000 7.500
v -18.500 3.000 6.500
v -18.500 4.000 -5.500
v -18.500 4.000 -6.500
v -18.500 4.000 6.500
v -18.500 4.000 5.500
v -18.500 5.000 -4.500
v -18.500 5.000 -5.500
v -18.500 5.000 5.500
v -18.500 5.000 4.500
v -18.500 6.000 -3.500
v -18.500 6.000 -4.500
v -18.500 6.000 4.500
v -18.500 6.000 3.500
v -18.500 7.000 -2.500
v -18.500 7.000 -3.500
v -18.500 7.000 -1.500
v -18.500 7.000 -0.500
v -18.500 7.000 0.500
v -18.500 7.000 1.500
v -18.500 7.000 2.500
v -18.500 7.000 3.500
v -18.500 -8.000 -2.500
v -18.500 -8.000 -3.500
v -17.500 -8.000 -3.500
v -17.500 -8.000 -2.500
v -17.500 -7.000 -3.500
v -18.500 -8.000 -1.500
v -17.500 -8.000 -1.500
v -18.500 -8.000 -0.500
v -17.500 -8.000 -0.500
v -18.500 -8.000 0.500
v -17.500 -8.000 0.500
v -18.500 -8.000 1.500
v -17.500 -8.000 1.500
v -18.500 -8.000 2.500
v -17.500 -8.000 2.500
v -18.500 -8.000 3.500
v -17.500 -8.000 3.500
v -17.500 -7.000 3.500
v -18.500 -7.000 -4.500
v -18.500 -6.000 -5.500
v -18.500 -7.000 -5.500
v -17.500 -7.000 -5.500
v -17.500 -7.000 -4.500
v -17.500 -6.000 -5.500
v -18.500 -7.000 4.500
v -17.500 -7.000 4.500
v -18.500 -7.000 5.500
v -18.500 -6.000 5.500
v -17.500 -7.000 5.500
v -17.500 -6.000 5.500
v -18.500 -5.000 -6.500
v -18.500 -6.000 -6.500
v -17.500 -6.000 -6.500
v -17.500 -5.000 -6.500
v -18.500 -6.000 6.500
v -18.500 -5.000 6.500
v -17.500 -6.000 6.500
v -17.500 -5.000 6.500
v -18.500 -4.000 -7.500
v -18.500 -5.000 -7.500
v -17.500 -5.000 -7.500
v -17.500 -4.000 -7.500
v -18.500 -5.000 7.500
v -18.500 -4.000 7.500
v -17.500 -5.000 7.500
v -17.500 -4.000 7.500
v -17.500 -3.000 -7.500
v -17.500 -3.000 7.500
v -18.500 -2.000 -8.500
v -18.500 -3.000 -8.500
v -17.500 -3.000 -8.500
v -17.500 -2.000 -8.500
v -18.500 -3.000 8.500
v -18.500 -2.000 8.500
v -17.500 -3.000 8.500
v -17.500 -2.000 8.500
v -18.500 -1.000 -8.500
v -17.500 -1.000 -8.500
v -18.500 -1.000 8.500
v -17.500 -1.000 8.500
v -18.500 0.000 -8.500
v -17.500 0.000 -8.500
v -18.500 0.000 8.500
v -17.500 0.000 8.500
v -18.500 1.000 -8.500
v -17.500 1.000 -8.500
v -18.500 1.000 8.500
v -17.500 1.000 8.500
v -18.500 2.000 -8.500
v -17.500 2.000 -8.500
v -18.500 2.000 8.500
v -17.500 2.000 8.500
v -18.500 3.000 -8.500
v -17.500 3.000 -7.500
v -17.500 3.000 -8.500
v -18.500 3.000 8.500
v -17.500 3.000 8.500
v -17.500 3.000 7.500
v -18.500 4.000 -7.500
v -17.500 4.000 -7.500
v -18.500 4.000 7.500
v -17.500 4.000 7.500
v -18.500 5.000 -6.500
v -18.500 5.000 -7.500
v -17.500 5.000 -6.500
v -17.500 5.000 -7.500
v -18.500 5.000 6.500
v -18.500 5.000 7.500
v -17.500 5.000 7.500
v -17.500 5.000 6.500
v -18.500 6.000 -5.500
v -18.500 6.000 -6.500
v -17.500 6.000 -5.500
v -17.500 6.000 -6.500
v -18.500 6.000 5.500
v -18.500 6.000 6.500
v -17.500 6.000 6.500
v -17.500 6.000 5.500
v -18.500 7.000 -4.500
v -18.500 7.000 -5.500
v -17.500 7.000 -4.500
v -17.500 7.000 -5.500
v -17.500 7.000 -3.500
v -18.500 7.000 4.500
v -17.500 7.000 4.500
v -17.500 7.000 3.500
v -18.500 7.000 5.500
v -17.500 7.000 5.500
v -18.500 8.000 -2.500
v -18.500 8.000 -3.500
v -17.500 8.000 -2.500
v -17.500 8.000 -3.500
v -18.500 8.000 -1.500
v -17.500 8.000 -1.500
v -18.500 8.000 -0.500
v -17.500 8.000 -0.500
v -18.500 8.000 0.500
v -17.500 8.000 0.500
v -18.500 8.000 1.500
v -17.500 8.000 1.500
v -18.500 8.000 2.500
v -17.500 8.000 2.500
v -18.500 8.000 3.500
v -17.500 8.000 3.500
v -16.500 -8.000 -3.500
v -16.500 -8.000 -2.500
v -16.500 -7.000 -3.500
v -16.500 -8.000 -1.500
v -16.500 -8.000 -0.500
v -16.500 -8.000 0.500
v -16.500 -8.000 1.500
v -16.500 -8.000 2.500
v -16.500 -8.000 3.500
v -16.500 -7.000 3.500
v -16.500 -7.000 -5.500
v -16.500 -7.000 -4.500
v -16.500 -6.000 -5.500
v -16.500 -7.000 4.500
v -16.500 -7.000 5.500
v -16.500 -6.000 5.500
v -16.500 -6.000 -6.500
v -16.500 -5.000 -6.500
v -16.500 -6.000 6.500
v -16.500 -5.000 6.500
v -16.500 -5.000 -7.500
v -16.500 -4.000 -7.500
v -16.500 -5.000 7.500
v -16.500 -4.000 7.500
v -16.500 -3.000 -7.500
v -16.500 -3.000 7.500
v -16.500 -3.000 -8.500
v -16.500 -2.000 -8.500
v -16.500 -3.000 8.500
v -16.500 -2.000 8.500
v -16.500 -1.000 -8.500
v -16.500 -1.000 8.500
v -16.500 0.000 -8.500
v -16.500 0.000 8.500
v -16.500 1.000 -8.500
v -16.500 1.000 8.500
v -16.500 2.000 -8.500
v -16.500 2.000 8.500
v -16.500 3.000 -7.500
v -16.500 3.000 -8.500
v -16.500 3.000 8.500
v -16.500 3.000 7.500
v -16.500 4.000 -7.500
v -16.500 4.000 7.500
v -16.500 5.000 -6.500
v -16.500 5.000 -7.500
v -16.500 5.000 7.500
v -16.500 5.000 6.500
v -16.500 6.000 -5.500
v -16.500 6.000 -6.500
v -16.500 6.000 6.500
v -16.500 6.000 5.500
v -16.500 7.000 -4.500
v -16.500 7.000 -5.500
v -16.500 7.000 -3.500
v -16.500 7.000 4.500
v -16.500 7.000 3.500
v -16.500 7.000 5.500
v -16.500 8.000 -2.500
v -16.500 8.000 -3.500
v -16.500 8.000 -1.500
v -16.500 8.000 -0.500
v -16.500 8.000 0.500
v -16.500 8.000 1.500
v -16.500 8.000 2.500
v -16.500 8.000 3.500
v -15.500 -9.000 -3.500
v -15.500 -8.000 -3.500
v -15.500 -8.000 -2.500
v -15.500 -9.000 -2.500
v -16.500 -9.000 -2.500
v -16.500 -9.000 -3.500
v -15.500 -8.000 -1.500
v -15.500 -9.000 -1.500
v -16.500 -9.000 -1.500
v -15.500 -8.000 -0.500
v -15.500 -9.000 -0.500
v -16.500 -9.000 -0.500
v -15.500 -8.000 0.500
v -15.500 -9.000 0.500
v -16.500 -9.000 0.500
v -15.500 -8.000 1.500
v -15.500 -9.000 1.500
v -16.500 -9.000 1.500
v -15.500 -8.000 2.500
v -15.500 -9.000 2.500
v -16.500 -9.000 2.500
v -15.500 -8.000 3.500
v -15.500 -9.000 3.500
v -16.500 -9.000 3.500
v -15.500 -8.000 -5.500
v -15.500 -7.000 -5.500
v -15.500 -7.000 -4.500
v -15.500 -8.000 -4.500
v -16.500 -8.000 -4.500
v -16.500 -8.000 -5.500
v -15.500 -7.000 -3.500
v -15.500 -7.000 3.500
v -15.500 -7.000 4.500
v -15.500 -8.000 4.500
v -16.500 -8.000 4.500
v -15.500 -7.000 5.500
v -15.500 -8.000 5.500
v -16.500 -8.000 5.500
v -15.500 -7.000 -6.500
v -15.500 -6.000 -6.500
v -15.500 -6.000 -5.500
v -16.500 -7.000 -6.500
v -15.500 -6.000 5.500
v -15.500 -6.000 6.500
v -15.500 -7.000 6.500
v -16.500 -7.000 6.500
v -15.500 -6.000 -7.500
v -15.500 -5.000 -7.500
v -15.500 -5.000 -6.500
v -16.500 -6.000 -7.500
v -15.500 -5.000 6.500
v -15.500 -5.000 7.500
v -15.500 -6.000 7.500
v -16.500 -6.000 7.500
v -15.500 -5.000 -8.500
v -15.500 -4.000 -8.500
v -15.500 -4.000 -7.500
v -16.500 -4.000 -8.500
v -16.500 -5.000 -8.500
v -15.500 -4.000 7.500
v -15.500 -4.000 8.500
v -15.500 -5.000 8.500
v -16.500 -5.000 8.500
v -16.500 -4.000 8.500
v -15.500 -3.000 -8.500
v -15.500 -3.000 -7.500
v -15.500 -3.000 7.500
v -15.500 -3.000 8.500
v -15.500 -3.000 -9.500
v -15.500 -2.000 -9.500
v -15.500 -2.000 -8.500
v -16.500 -2.000 -9.500
v -16.500 -3.000 -9.500
v -15.500 -2.000 8.500
v -15.500 -2.000 9.500
v -15.500 -3.000 9.500
v -16.500 -3.000 9.500
v -16.500 -2.000 9.500
v -15.500 -1.000 -9.500
v -15.500 -1.000 -8.500
v -16.500 -1.000 -9.500
v -15.500 -1.000 8.500
v -15.500 -1.000 9.500
v -16.500 -1.000 9.500
v -15.500 0.000 -9.500
v -15.500 0.000 -8.500
v -16.500 0.000 -9.500
v -15.500 0.000 8.500
v -15.500 0.000 9.500
v -16.500 0.000 9.500
v -15.500 1.000 -9.500
v -15.500 1.000 -8.500
v -16.500 1.000 -9.500
v -15.500 1.000 8.500
v -15.500 1.000 9.500
v -16.500 1.000 9.500
v -15.500 2.000 -9.500
v -15.500 2.000 -8.500
v -16.500 2.000 -9.500
v -15.500 2.000 8.500
v -15.500 2.000 9.500
v -16.500 2.000 9.500
v -15.500 3.000 -9.500
v -15.500 3.000 -8.500
v -16.500 3.000 -9.500
v -15.500 3.000 8.500
v -15.500 3.000 9.500
v -16.500 3.000 9.500
v -15.500 4.000 -8.500
v -15.500 4.000 -7.500
v -15.500 3.000 -7.500
v -16.500 4.000 -8.500
v -15.500 3.000 7.500
v -15.500 4.000 7.500
v -15.500 4.000 8.500
v -16.500 4.000 8.500
v -15.500 5.000 -8.500
v -15.500 5.000 -7.500
v -16.500 5.000 -8.500
v -15.500 5.000 7.500
v -15.500 5.000 8.500
v -16.500 5.000 8.500
v -15.500 6.000 -7.500
v -15.500 6.000 -6.500
v -15.500 5.000 -6.500
v -16.500 6.000 -7.500
v -15.500 5.000 6.500
v -15.500 6.000 6.500
v -15.500 6.000 7.500
v -16.500 6.000 7.500
v -15.500 7.000 -6.500
v -15.500 7.000 -5.500
v -15.500 6.000 -5.500
v -16.500 7.000 -6.500
v -15.500 6.000 5.500
v -15.500 7.000 5.500
v -15.500 7.000 6.500
v -16.500 7.000 6.500
v -15.500 8.000 -5.500
v -15.500 8.000 -4.500
v -15.500 7.000 -4.500
v -16.500 8.000 -4.500
v -16.500 8.000 -5.500
v -15.500 8.000 -3.500
v -15.500 7.000 -3.500
v -15.500 7.000 3.500
v -15.500 8.000 3.500
v -15.500 8.000 4.500
v -15.500 7.000 4.500
v -16.500 8.000 4.500
v -15.500 8.000 5.500
v -16.500 8.000 5.500
v -15.500 9.000 -3.500
v -15.500 9.000 -2.500
v -15.500 8.000 -2.500
v -16.500 9.000 -2.500
v -16.500 9.000 -3.500
v -15.500 9.000 -1.500
v -15.500 8.000 -1.500
v -16.500 9.000 -1.500
v -15.500 9.000 -0.500
v -15.500 8.000 -0.500
v -16.500 9.000 -0.500
v -15.500 9.000 0.500
v -15.500 8.000 0.500
v -16.500 9.000 0.500
v -15.500 9.000 1.500
v -15.500 8.000 1.500
v -16.500 9.000 1.500
v -15.500 9.000 2.500
v -15.500 8.000 2.500
v -16.500 9.000 2.500
v -15.500 9.000 3.500
v -16.500 9.000 3.500
v -14.500 -8.000 -3.500
v -14.500 -8.000 -2.500
v -14.500 -7.000 -3.500
v -14.500 -8.000 -1.500
v -14.500 -8.000 -0.500
v -14.500 -8.000 0.500
v -14.500 -8.000 1.500
v -14.500 -8.000 2.500
v -14.500 -8.000 3.500
v -14.500 -7.000 3.500
v -14.500 -7.000 -5.500
v -14.500 -7.000 -4.500
v -14.500 -6.000 -5.500
v -14.500 -7.000 4.500
v -14.500 -7.000 5.500
v -14.500 -6.000 5.500
v -14.500 -6.000 -6.500
v -14.500 -5.000 -6.500
v -14.500 -6.000 6.500
v -14.500 -5.000 6.500
v -14.500 -5.000 -7.500
v -14.500 -4.000 -7.500
v -14.500 -5.000 7.500
v -14.500 -4.000 7.500
v -14.500 -3.000 -7.500
v -14.500 -3.000 7.500
v -14.500 -3.000 -8.500
v -14.500 -2.000 -8.500
v -14.500 -3.000 8.500
v -14.500 -2.000 8.500
v -14.500 -1.000 -8.500
v -14.500 -1.000 8.500
v -14.500 0.000 -8.500
v -14.500 0.000 8.500
v -14.500 1.000 -8.500
v -14.500 1.000 8.500
v -14.500 2.000 -8.500
v -14.500 2.000 8.500
v -14.500 3.000 -7.500
v -14.500 3.000 -8.500
v -14.500 3.000 8.500
v -14.500 3.000 7.500
v -14.500 4.000 -7.500
v -14.500 4.000 7.500
v -14.500 5.000 -6.500
v -14.500 5.000 -7.500
v -14.500 5.000 7.500
v -14.500 5.000 6.500
v -14.500 6.000 -5.500
v -14.500 6.000 -6.500
v -14.500 6.000 6.500
v -14.500 6.000 5.500
v -14.500 7.000 -4.500
v -14.500 7.000 -5.500
v -14.500 7.000 -3.500
v -14.500 7.000 4.500
v -14.500 7.000 3.500
v -14.500 7.000 5.500
v -14.500 8.000 -2.500
v -14.500 8.000 -3.500
v -14.500 8.000 -1.500
v -14.500 8.000 -0.500
v -14.500 8.000 0.500
v -14.500 8.000 1.500
v -14.500 8.000 2.500
v -14.500 8.000 3.500
v -13.500 -8.000 -3.500
v -13.500 -7.000 -3.500
v -13.500 -7.000 -2.500
v -13.500 -8.000 -2.500
v -13.500 -7.000 -1.500
v -13.500 -8.000 -1.500
v -13.500 -7.000 -0.500
v -13.500 -8.000 -0.500
v -13.500 -7.000 0.500
v -13.500 -8.000 0.500
v -13.500 -7.000 1.500
v -13.500 -8.000 1.500
v -13.500 -7.000 2.500
v -13.500 -8.000 2.500
v -13.500 -7.000 3.500
v -13.500 -8.000 3.500
v -13.500 -7.000 -5.500
v -13.500 -6.000 -5.500
v -13.500 -6.000 -4.500
v -13.500 -7.000 -4.500
v -13.500 -6.000 -3.500
v -13.500 -6.000 -2.500
v -13.500 -6.000 -1.500
v -13.500 -6.000 -0.500
v -13.500 -6.000 0.500
v -13.500 -6.000 1.500
v -13.500 -6.000 2.500
v -13.500 -6.000 3.500
v -13.500 -6.000 4.500
v -13.500 -7.000 4.500
v -13.500 -6.000 5.500
v -13.500 -7.000 5.500
v -13.500 -6.000 -6.500
v -13.500 -5.000 -6.500
v -13.500 -5.000 -5.500
v -13.500 -5.000 -4.500
v -13.500 -5.000 -3.500
v -13.500 -5.000 -2.500
v -13.500 -5.000 -1.500
v -13.500 -5.000 -0.500
v -13.500 -5.000 0.500
v -13.500 -5.000 1.500
v -13.500 -5.000 2.500
v -13.500 -5.000 3.500
v -13.500 -5.000 4.500
v -13.500 -5.000 5.500
v -13.500 -5.000 6.500
v -13.500 -6.000 6.500
v -13.500 -5.000 -7.500
v -13.500 -4.000 -7.500
v -13.500 -4.000 -6.500
v -13.500 -4.000 -5.500
v -13.500 -4.000 -4.500
v -13.500 -4.000 -3.500
v -13.500 -4.000 -2.500
v -13.500 -4.000 -1.500
v -13.500 -4.000 -0.500
v -13.500 -4.000 0.500
v -13.500 -4.000 1.500
v -13.500 -4.000 2.500
v -13.500 -4.000 3.500
v -13.500 -4.000 4.500
v -13.500 -4.000 5.500
v -13.500 -4.000 6.500
v -13.500 -4.000 7.500
v -13.500 -5.000 7.500
v -13.500 -3.000 -7.500
v -13.500 -3.000 -6.500
v -13.500 -3.000 -5.500
v -13.500 -3.000 -4.500
v -13.500 -3.000 -3.500
v -13.500 -3.000 -2.500
v -13.500 -3.000 -1.500
v -13.500 -3.000 -0.500
v -13.500 -3.000 0.500
v -13.500 -3.000 1.500
v -13.500 -3.000 2.500
v -13.500 -3.000 3.500
v -13.500 -3.000 4.500
v -13.500 -3.000 5.500
v -13.500 -3.000 6.500
v -13.500 -3.000 7.500
v -13.500 -3.000 -8.500
v -13.500 -2.000 -8.500
v -13.500 -2.000 -7.500
v -13.500 -2.000 -6.500
v -13.500 -2.000 -5.500
v -13.500 -2.000 -4.500
v -13.500 -2.000 -3.500
v -13.500 -2.000 -2.500
v -13.500 -2.000 -1.500
v -13.500 -2.000 -0.500
v -13.500 -2.000 0.500
v -13.500 -2.000 1.500
v -13.500 -2.000 2.500
v -13.500 -2.000 3.500
v -13.500 -2.000 4.500
v -13.500 -2.000 5.500
v -13.500 -2.000 6.500
v -13.500 -2.000 7.500
v -13.500 -2.000 8.500
v -13.500 -3.000 8.500
v -13.500 -1.000 -8.500
v -13.500 -1.000 -7.500
v -13.500 -1.000 -6.500
v -13.500 -1.000 -5.500
v -13.500 -1.000 -4.500
v -13.500 -1.000 -3.500
v -13.500 -1.000 -2.500
v -13.500 -1.000 -1.500
v -13.500 -1.000 1.500
v -13.500 -1.000 2.500
v -13.500 -1.000 3.500
v -13.500 -1.000 4.500
v -13.500 -1.000 5.500
v -13.500 -1.000 6.500
v -13.500 -1.000 7.500
v -13.500 -1.000 8.500
v -13.500 0.000 -8.500
v -13.500 0.000 -7.500
v -13.500 0.000 -6.500
v -13.500 0.000 -5.500
v -13.500 0.000 -4.500
v -13.500 0.000 -3.500
v -13.500 0.000 -2.500
v -13.500 0.000 2.500
v -13.500 0.000 3.500
v -13.500 0.000 4.500
v -13.500 0.000 5.500
v -13.500 0.000 6.500
v -13.500 0.000 7.500
v -13.500 0.000 8.500
v -13.500 1.000 -8.500
v -13.500 1.000 -7.500
v -13.500 1.000 -6.500
v -13.500 1.000 -5.500
v -13.500 1.000 -4.500
v -13.500 1.000 -3.500
v -13.500 1.000 -2.500
v -13.500 1.000 2.500
v -13.500 1.000 3.500
v -13.500 1.000 4.500
v -13.500 1.000 5.500
v -13.500 1.000 6.500
v -13.500 1.000 7.500
v -13.500 1.000 8.500
v -13.500 2.000 -8.500
v -13.500 2.000 -7.500
v -13.500 2.000 -6.500
v -13.500 2.000 -5.500
v -13.500 2.000 -4.500
v -13.500 2.000 -3.500
v -13.500 2.000 -2.500
v -13.500 2.000 -1.500
v -13.500 1.000 -1.500
v -13.500 1.000 1.500
v -13.500 2.000 1.500
v -13.500 2.000 2.500
v -13.500 2.000 3.500
v -13.500 2.000 4.500
v -13.500 2.000 5.500
v -13.500 2.000 6.500
v -13.500 2.000 7.500
v -13.500 2.000 8.500
v -13.500 3.000 -8.500
v -13.500 3.000 -7.500
v -13.500 3.000 -6.500
v -13.500 3.000 -5.500
v -13.500 3.000 -4.500
v -13.500 3.000 -3.500
v -13.500 3.000 -2.500
v -13.500 3.000 -1.500
v -13.500 3.000 -0.500
v -13.500 2.000 -0.500
v -13.500 3.000 0.500
v -13.500 2.000 0.500
v -13.500 3.000 1.500
v -13.500 3.000 2.500
v -13.500 3.000 3.500
v -13.500 3.000 4.500
v -13.500 3.000 5.500
v -13.500 3.000 6.500
v -13.500 3.000 7.500
v -13.500 3.000 8.500
v -13.500 4.000 -7.500
v -13.500 4.000 -6.500
v -13.500 4.000 -5.500
v -13.500 4.000 -4.500
v -13.500 4.000 -3.500
v -13.500 4.000 -2.500
v -13.500 4.000 -1.500
v -13.500 4.000 -0.500
v -13.500 4.000 0.500
v -13.500 4.000 1.500
v -13.500 4.000 2.500
v -13.500 4.000 3.500
v -13.500 4.000 4.500
v -13.500 4.000 5.500
v -13.500 4.000 6.500
v -13.500 4.000 7.500
v -13.500 5.000 -7.500
v -13.500 5.000 -6.500
v -13.500 5.000 -5.500
v -13.500 5.000 -4.500
v -13.500 5.000 -3.500
v -13.500 5.000 -2.500
v -13.500 5.000 -1.500
v -13.500 5.000 -0.500
v -13.500 5.000 0.500
v -13.500 5.000 1.500
v -13.500 5.000 2.500
v -13.500 5.000 3.500
v -13.500 5.000 4.500
v -13.500 5.000 5.500
v -13.500 5.000 6.500
v -13.500 5.000 7.500
v -13.500 6.000 -6.500
v -13.500 6.000 -5.500
v -13.500 6.000 -4.500
v -13.500 6.000 -3.500
v -13.500 6.000 -2.500
v -13.500 6.000 -1.500
v -13.500 6.000 -0.500
v -13.500 6.000 0.500
v -13.500 6.000 1.500
v -13.500 6.000 2.500
v -13.500 6.000 3.500
v -13.500 6.000 4.500
v -13.500 6.000 5.500
v -13.500 6.000 6.500
v -13.500 7.000 -5.500
v -13.500 7.000 -4.500
v -13.500 7.000 -3.500
v -13.500 7.000 -2.500
v -13.500 7.000 -1.500
v -13.500 7.000 -0.500
v -13.500 7.000 0.500
v -13.500 7.000 1.500
v -13.500 7.000 2.500
v -13.500 7.000 3.500
v -13.500 7.000 4.500
v -13.500 7.000 5.500
v -13.500 8.000 -3.500
v -13.500 8.000 -2.500
v -13.500 8.000 -1.500
v -13.500 8.000 -0.500
v -13.500 8.000 0.500
v -13.500 8.000 1.500
v -13.500 8.000 2.500
v -13.500 8.000 3.500
v -12.500 -2.000 -1.500
v -12.500 -2.000 -0.500
v -12.500 -1.000 -1.500
v -12.500 -2.000 0.500
v -12.500 -2.000 1.500
v -12.500 -1.000 1.500
v -12.500 -1.000 -2.500
v -12.500 0.000 -2.500
v -12.500 -1.000 2.500
v -12.500 0.000 2.500
v -12.500 1.000 -1.500
v -12.500 1.000 -2.500
v -12.500 1.000 2.500
v -12.500 1.000 1.500
v -12.500 2.000 -0.500
v -12.500 2.000 -1.500
v -12.500 2.000 0.500
v -12.500 2.000 1.500
v -11.500 -2.000 -1.500
v -11.500 -2.000 -0.500
v -11.500 -1.000 -1.500
v -11.500 -2.000 0.500
v -11.500 -2.000 1.500
v -11.500 -1.000 1.500
v -11.500 -1.000 -2.500
v -11.500 0.000 -2.500
v -11.500 -1.000 2.500
v -11.500 0.000 2.500
v -11.500 1.000 -1.500
v -11.500 1.000 -2.500
v -11.500 1.000 2.500
v -11.500 1.000 1.500
v -11.500 2.000 -0.500
v -11.500 2.000 -1.500
v -11.500 2.000 0.500
v -11.500 2.000 1.500
v -10.500 -2.000 -1.500
v -10.500 -2.000 -0.500
v -10.500 -1.000 -1.500
v -10.500 -2.000 0.500
v -10.500 -2.000 1.500
v -10.500 -1.000 1.500
v -10.500 -1.000 -2.500
v -10.500 0.000 -2.500
v -10.500 -1.000 2.500
v -10.500 0.000 2.500
v -10.500 1.000 -1.500
v -10.500 1.000 -2.500
v -10.500 1.000 2.500
v -10.500 1.000 1.500
v -10.500 2.000 -0.500
v -10.500 2.000 -1.500
v -10.500 2.000 0.500
v -10.500 2.000 1.500
v -9.500 -2.000 -1.500
v -9.500 -2.000 -0.500
v -9.500 -1.000 -1.500
v -9.500 -2.000 0.500
v -9.500 -2.000 1.500
v -9.500 -1.000 1.500
v -9.500 -1.000 -2.500
v -9.500 0.000 -2.500
v -9.500 -1.000 2.500
v -9.500 0.000 2.500
v -9.500 1.000 -1.500
v -9.500 1.000 -2.500
v -9.500 1.000 2.500
v -9.500 1.000 1.500
v -9.500 2.000 -0.500
v -9.500 2.000 -1.500
v -9.500 2.000 0.500
v -9.500 2.000 1.500
v -8.500 -2.000 -1.500
v -8.500 -2.000 -0.500
v -8.500 -1.000 -1.500
v -8.500 -2.000 0.500
v -8.500 -2.000 1.500
v -8.500 -1.000 1.500
v -8.500 -1.000 -2.500
v -8.500 0.000 -2.500
v -8.500 -1.000 2.500
v -8.500 0.000 2.500
v -8.500 1.000 -1.500
v -8.500 1.000 -2.500
v -8.500 1.000 2.500
v -8.500 1.000 1.500
v -8.500 2.000 -0.500
v -8.500 2.000 -1.500
v -8.500 2.000 0.500
v -8.500 2.000 1.500
v -8.500 -4.000 -1.500
v -8.500 -3.000 -1.500
v -8.500 -3.000 -2.500
v -8.500 -4.000 -2.500
v -7.500 -4.000 -2.500
v -7.500 -4.000 -1.500
v -7.500 -3.000 -2.500
v -8.500 -4.000 -0.500
v -8.500 -3.000 -0.500
v -7.500 -4.000 -0.500
v -8.500 -4.000 0.500
v -8.500 -3.000 0.500
v -7.500 -4.000 0.500
v -8.500 -4.000 1.500
v -8.500 -3.000 1.500
v -7.500 -4.000 1.500
v -8.500 -4.000 2.500
v -8.500 -3.000 2.500
v -7.500 -4.000 2.500
v -7.500 -3.000 2.500
v -8.500 -2.000 -2.500
v -8.500 -2.000 -3.500
v -8.500 -3.000 -3.500
v -7.500 -3.000 -3.500
v -7.500 -2.000 -3.500
v -8.500 -2.000 2.500
v -8.500 -3.000 3.500
v -8.500 -2.000 3.500
v -7.500 -3.000 3.500
v -7.500 -2.000 3.500
v -8.500 -1.000 -3.500
v -8.500 -1.000 -4.500
v -8.500 -2.000 -4.500
v -7.500 -2.000 -4.500
v -7.500 -1.000 -4.500
v -8.500 -1.000 3.500
v -8.500 -2.000 4.500
v -8.500 -1.000 4.500
v -7.500 -2.000 4.500
v -7.500 -1.000 4.500
v -8.500 0.000 -3.500
v -8.500 0.000 -4.500
v -7.500 0.000 -4.500
v -8.500 0.000 3.500
v -8.500 0.000 4.500
v -7.500 0.000 4.500
v -8.500 1.000 -3.500
v -8.500 1.000 -4.500
v -7.500 1.000 -4.500
v -8.500 1.000 3.500
v -8.500 1.000 4.500
v -7.500 1.000 4.500
v -8.500 2.000 -3.500
v -8.500 2.000 -4.500
v -7.500 2.000 -3.500
v -7.500 2.000 -4.500
v -8.500 2.000 -2.500
v -8.500 2.000 2.500
v -8.500 2.000 3.500
v -8.500 2.000 4.500
v -7.500 2.000 4.500
v -7.500 2.000 3.500
v -8.500 3.000 -2.500
v -8.500 3.000 -3.500
v -7.500 3.000 -2.500
v -7.500 3.000 -3.500
v -8.500 3.000 -1.500
v -8.500 3.000 -0.500
v -8.500 3.000 0.500
v -8.500 3.000 1.500
v -8.500 3.000 2.500
v -8.500 3.000 3.500
v -7.500 3.000 3.500
v -7.500 3.000 2.500
v -8.500 4.000 -1.500
v -8.500 4.000 -2.500
v -7.500 4.000 -1.500
v -7.500 4.000 -2.500
v -8.500 4.000 -0.500
v -7.500 4.000 -0.500
v -8.500 4.000 0.500
v -7.500 4.000 0.500
v -8.500 4.000 1.500
v -7.500 4.000 1.500
v -8.500 4.000 2.500
v -7.500 4.000 2.500
v -7.500 -6.000 -1.500
v -7.500 -5.000 -1.500
v -7.500 -5.000 -2.500
v -7.500 -6.000 -2.500
v -6.500 -6.000 -2.500
v -6.500 -6.000 -1.500
v -6.500 -5.000 -2.500
v -7.500 -6.000 -0.500
v -7.500 -5.000 -0.500
v -6.500 -6.000 -0.500
v -7.500 -6.000 0.500
v -7.500 -5.000 0.500
v -6.500 -6.000 0.500
v -7.500 -6.000 1.500
v -7.500 -5.000 1.500
v -6.500 -6.000 1.500
v -7.500 -6.000 2.500
v -7.500 -5.000 2.500
v -6.500 -6.000 2.500
v -6.500 -5.000 2.500
v -7.500 -5.000 -3.500
v -7.500 -4.000 -3.500
v -7.500 -4.000 -4.500
v -7.500 -5.000 -4.500
v -6.500 -5.000 -4.500
v -6.500 -5.000 -3.500
v -6.500 -4.000 -4.500
v -7.500 -5.000 3.500
v -7.500 -4.000 3.500
v -6.500 -5.000 3.500
v -7.500 -5.000 4.500
v -7.500 -4.000 4.500
v -6.500 -5.000 4.500
v -6.500 -4.000 4.500
v -7.500 -3.000 -4.500
v -7.500 -3.000 -5.500
v -7.500 -4.000 -5.500
v -6.500 -4.000 -5.500
v -6.500 -3.000 -5.500
v -7.500 -3.000 4.500
v -7.500 -4.000 5.500
v -7.500 -3.000 5.500
v -6.500 -4.000 5.500
v -6.500 -3.000 5.500
v -7.500 -2.000 -5.500
v -6.500 -2.000 -5.500
v -7.500 -2.000 5.500
v -6.500 -2.000 5.500
v -7.500 -1.000 -5.500
v -7.500 -1.000 -6.500
v -7.500 -2.000 -6.500
v -6.500 -2.000 -6.500
v -6.500 -1.000 -6.500
v -7.500 -1.000 5.500
v -7.500 -2.000 6.500
v -7.500 -1.000 6.500
v -6.500 -2.000 6.500
v -6.500 -1.000 6.500
v -7.500 0.000 -5.500
v -7.500 0.000 -6.500
v -6.500 0.000 -6.500
v -7.500 0.000 5.500
v -7.500 0.000 6.500
v -6.500 0.000 6.500
v -7.500 1.000 -5.500
v -7.500 1.000 -6.500
v -6.500 1.000 -6.500
v -7.500 1.000 5.500
v -7.500 1.000 6.500
v -6.500 1.000 6.500
v -7.500 2.000 -5.500
v -7.500 2.000 -6.500
v -6.500 2.000 -5.500
v -6.500 2.000 -6.500
v -7.500 2.000 5.500
v -7.500 2.000 6.500
v -6.500 2.000 6.500
v -6.500 2.000 5.500
v -7.500 3.000 -4.500
v -7.500 3.000 -5.500
v -6.500 3.000 -5.500
v -7.500 3.000 4.500
v -7.500 3.000 5.500
v -6.500 3.000 5.500
v -7.500 4.000 -4.500
v -7.500 4.000 -5.500
v -6.500 4.000 -4.500
v -6.500 4.000 -5.500
v -7.500 4.000 -3.500
v -7.500 4.000 3.500
v -7.500 4.000 4.500
v -7.500 4.000 5.500
v -6.500 4.000 5.500
v -6.500 4.000 4.500
v -7.500 5.000 -3.500
v -7.500 5.000 -4.500
v -6.500 5.000 -3.500
v -6.500 5.000 -4.500
v -7.500 5.000 -2.500
v -6.500 5.000 -2.500
v -7.500 5.000 -1.500
v -7.500 5.000 -0.500
v -7.500 5.000 0.500
v -7.500 5.000 1.500
v -7.500 5.000 2.500
v -7.500 5.000 3.500
v -6.500 5.000 3.500
v -6.500 5.000 2.500
v -7.500 5.000 4.500
v -6.500 5.000 4.500
v -7.500 6.000 -1.500
v -7.500 6.000 -2.500
v -6.500 6.000 -1.500
v -6.500 6.000 -2.500
v -7.500 6.000 -0.500
v -6.500 6.000 -0.500
v -7.500 6.000 0.500
v -6.500 6.000 0.500
v -7.500 6.000 1.500
v -6.500 6.000 1.500
v -7.500 6.000 2.500
v -6.500 6.000 2.500
v -6.500 -7.000 -2.500
v -6.500 -6.000 -3.500
v -6.500 -7.000 -3.500
v -5.500 -7.000 -3.500
v -5.500 -7.000 -2.500
v -5.500 -6.000 -3.500
v -6.500 -7.000 -1.500
v -5.500 -7.000 -1.500
v -6.500 -7.000 -0.500
v -5.500 -7.000 -0.500
v -6.500 -7.000 0.500
v -5.500 -7.000 0.500
v -6.500 -7.000 1.500
v -5.500 -7.000 1.500
v -6.500 -7.000 2.500
v -5.500 -7.000 2.500
v -6.500 -7.000 3.500
v -6.500 -6.000 3.500
v -5.500 -7.000 3.500
v -5.500 -6.000 3.500
v -6.500 -6.000 -4.500
v -5.500 -6.000 -4.500
v -5.500 -5.000 -4.500
v -6.500 -6.000 4.500
v -5.500 -6.000 4.500
v -5.500 -5.000 4.500
v -6.500 -5.000 -5.500
v -5.500 -5.000 -5.500
v -5.500 -4.000 -5.500
v -6.500 -5.000 5.500
v -5.500 -5.000 5.500
v -5.500 -4.000 5.500
v -6.500 -3.000 -6.500
v -6.500 -4.000 -6.500
v -5.500 -4.000 -6.500
v -5.500 -3.000 -6.500
v -6.500 -4.000 6.500
v -6.500 -3.000 6.500
v -5.500 -4.000 6.500
v -5.500 -3.000 6.500
v -6.500 -2.000 -7.500
v -6.500 -3.000 -7.500
v -5.500 -3.000 -7.500
v -5.500 -2.000 -7.500
v -6.500 -3.000 7.500
v -6.500 -2.000 7.500
v -5.500 -3.000 7.500
v -5.500 -2.000 7.500
v -6.500 -1.000 -7.500
v -5.500 -1.000 -7.500
v -6.500 -1.000 7.500
v -5.500 -1.000 7.500
v -6.500 0.000 -7.500
v -5.500 0.000 -7.500
v -6.500 0.000 7.500
v -5.500 0.000 7.500
v -6.500 1.000 -7.500
v -5.500 1.000 -7.500
v -6.500 1.000 7.500
v -5.500 1.000 7.500
v -6.500 2.000 -7.500
v -5.500 2.000 -7.500
v -6.500 2.000 7.500
v -5.500 2.000 7.500
v -6.500 3.000 -6.500
v -6.500 3.000 -7.500
v -5.500 3.000 -6.500
v -5.500 3.000 -7.500
v -6.500 3.000 6.500
v -6.500 3.000 7.500
v -5.500 3.000 7.500
v -5.500 3.000 6.500
v -6.500 4.000 -6.500
v -5.500 4.000 -5.500
v -5.500 4.000 -6.500
v -6.500 4.000 6.500
v -5.500 4.000 6.500
v -5.500 4.000 5.500
v -6.500 5.000 -5.500
v -5.500 5.000 -4.500
v -5.500 5.000 -5.500
v -6.500 5.000 5.500
v -5.500 5.000 5.500
v -5.500 5.000 4.500
v -6.500 6.000 -3.500
v -6.500 6.000 -4.500
v -5.500 6.000 -3.500
v -5.500 6.000 -4.500
v -6.500 6.000 3.500
v -6.500 6.000 4.500
v -5.500 6.000 4.500
v -5.500 6.000 3.500
v -6.500 7.000 -2.500
v -6.500 7.000 -3.500
v -5.500 7.000 -2.500
v -5.500 7.000 -3.500
v -6.500 7.000 -1.500
v -5.500 7.000 -1.500
v -6.500 7.000 -0.500
v -5.500 7.000 -0.500
v -6.500 7.000 0.500
v -5.500 7.000 0.500
v -6.500 7.000 1.500
v -5.500 7.000 1.500
v -6.500 7.000 2.500
v -5.500 7.000 2.500
v -6.500 7.000 3.500
v -5.500 7.000 3.500
v -5.500 -8.000 -2.500
v -5.500 -8.000 -3.500
v -4.500 -8.000 -3.500
v -4.500 -8.000 -2.500
v -4.500 -7.000 -3.500
v -5.500 -8.000 -1.500
v -4.500 -8.000 -1.500
v -5.500 -8.000 -0.500
v -4.500 -8.000 -0.500
v -5.500 -8.000 0.500
v -4.500 -8.000 0.500
v -5.500 -8.000 1.500
v -4.500 -8.000 1.500
v -5.500 -8.000 2.500
v -4.500 -8.000 2.500
v -5.500 -8.000 3.500
v -4.500 -8.000 3.500
v -4.500 -7.000 3.500
v -5.500 -7.000 -4.500
v -5.500 -6.000 -5.500
v -5.500 -7.000 -5.500
v -4.500 -7.000 -5.500
v -4.500 -7.000 -4.500
v -4.500 -6.000 -5.500
v -5.500 -7.000 4.500
v -4.500 -7.000 4.500
v -5.500 -7.000 5.500
v -5.500 -6.000 5.500
v -4.500 -7.000 5.500
v -4.500 -6.000 5.500
v -5.500 -5.000 -6.500
v -5.500 -6.000 -6.500
v -4.500 -6.000 -6.500
v -4.500 -5.000 -6.500
v -5.500 -6.000 6.500
v -5.500 -5.000 6.500
v -4.500 -6.000 6.500
v -4.500 -5.000 6.500
v -5.500 -4.000 -7.500
v -5.500 -5.000 -7.500
v -4.500 -5.000 -7.500
v -4.500 -4.000 -7.500
v -5.500 -5.000 7.500
v -5.500 -4.000 7.500
v -4.500 -5.000 7.500
v -4.500 -4.000 7.500
v -4.500 -3.000 -7.500
v -4.500 -3.000 7.500
v -5.500 -2.000 -8.500
v -5.500 -3.000 -8.500
v -4.500 -3.000 -8.500
v -4.500 -2.000 -8.500
v -5.500 -3.000 8.500
v -5.500 -2.000 8.500
v -4.500 -3.000 8.500
v -4.500 -2.000 8.500
v -5.500 -1.000 -8.500
v -4.500 -1.000 -8.500
v -5.500 -1.000 8.500
v -4.500 -1.000 8.500
v -5.500 0.000 -8.500
v -4.500 0.000 -8.500
v -5.500 0.000 8.500
v -4.500 0.000 8.500
v -5.500 1.000 -8.500
v -4.500 1.000 -8.500
v -5.500 1.000 8.500
v -4.500 1.000 8.500
v -5.500 2.000 -8.500
v -4.500 2.000 -8.500
v -5.500 2.000 8.500
v -4.500 2.000 8.500
v -5.500 3.000 -8.500
v -4.500 3.000 -7.500
v -4.500 3.000 -8.500
v -5.500 3.000 8.500
v -4.500 3.000 8.500
v -4.500 3.000 7.500
v -5.500 4.000 -7.500
v -4.500 4.000 -7.500
v -5.500 4.000 7.500
v -4.500 4.000 7.500
v -5.500 5.000 -6.500
v -5.500 5.000 -7.500
v -4.500 5.000 -6.500
v -4.500 5.000 -7.500
v -5.500 5.000 6.500
v -5.500 5.000 7.500
v -4.500 5.000 7.500
v -4.500 5.000 6.500
v -5.500 6.000 -5.500
v -5.500 6.000 -6.500
v -4.500 6.000 -5.500
v -4.500 6.000 -6.500
v -5.500 6.000 5.500
v -5.500 6.000 6.500
v -4.500 6.000 6.500
v -4.500 6.000 5.500
v -5.500 7.000 -4.500
v -5.500 7.000 -5.500
v -4.500 7.000 -4.500
v -4.500 7.000 -5.500
v -4.500 7.000 -3.500
v -5.500 7.000 4.500
v -4.500 7.000 4.500
v -4.500 7.000 3.500
v -5.500 7.000 5.500
v -4.500 7.000 5.500
v -5.500 8.000 -2.500
v -5.500 8.000 -3.500
v -4.500 8.000 -2.500
v -4.500 8.000 -3.500
v -5.500 8.000 -1.500
v -4.500 8.000 -1.500
v -5.500 8.000 -0.500
v -4.500 8.000 -0.500
v -5.500 8.000 0.500
v -4.500 8.000 0.500
v -5.500 8.000 1.500
v -4.500 8.000 1.500
v -5.500 8.000 2.500
v -4.500 8.000 2.500
v -5.500 8.000 3.500
v -4.500 8.000 3.500
v -3.500 -8.000 -3.500
v -3.500 -8.000 -2.500
v -3.500 -7.000 -3.500
v -3.500 -8.000 -1.500
v -3.500 -8.000 -0.500
v -3.500 -8.000 0.500
v -3.500 -8.000 1.500
v -3.500 -8.000 2.500
v -3.500 -8.000 3.500
v -3.500 -7.000 3.500
v -3.500 -7.000 -5.500
v -3.500 -7.000 -4.500
v -3.500 -6.000 -5.500
v -3.500 -7.000 4.500
v -3.500 -7.000 5.500
v -3.500 -6.000 5.500
v -3.500 -6.000 -6.500
v -3.500 -5.000 -6.500
v -3.500 -6.000 6.500
v -3.500 -5.000 6.500
v -3.500 -5.000 -7.500
v -3.500 -4.000 -7.500
v -3.500 -5.000 7.500
v -3.500 -4.000 7.500
v -3.500 -3.000 -7.500
v -3.500 -3.000 7.500
v -3.500 -3.000 -8.500
v -3.500 -2.000 -8.500
v -3.500 -3.000 8.500
v -3.500 -2.000 8.500
v -3.500 -1.000 -8.500
v -3.500 -1.000 8.500
v -3.500 0.000 -8.500
v -3.500 0.000 8.500
v -3.500 1.000 -8.500
v -3.500 1.000 8.500
v -3.500 2.000 -8.500
v -3.500 2.000 8.500
v -3.500 3.000 -7.500
v -3.500 3.000 -8.500
v -3.500 3.000 8.500
v -3.500 3.000 7.500
v -3.500 4.000 -7.500
v -3.500 4.000 7.500
v -3.500 5.000 -6.500
v -3.500 5.000 -7.500
v -3.500 5.000 7.500
v -3.500 5.000 6.500
v -3.500 6.000 -5.500
v -3.500 6.000 -6.500
v -3.500 6.000 6.500
v -3.500 6.000 5.500
v -3.500 7.000 -4.500
v -3.500 7.000 -5.500
v -3.500 7.000 -3.500
v -3.500 7.000 4.500
v -3.500 7.000 3.500
v -3.500 7.000 5.500
v -3.500 8.000 -2.500
v -3.500 8.000 -3.500
v -3.500 8.000 -1.500
v -3.500 8.000 -0.500
v -3.500 8.000 0.500
v -3.500 8.000 1.500
v -3.500 8.000 2.500
v -3.500 8.000 3.500
v -2.500 -8.000 -3.500
v -2.500 -8.000 -2.500
v -2.500 -7.000 -3.500
v -2.500 -8.000 -1.500
v -2.500 -8.000 -0.500
v -2.500 -8.000 0.500
v -2.500 -8.000 1.500
v -2.500 -8.000 2.500
v -2.500 -8.000 3.500
v -2.500 -7.000 3.500
v -2.500 -7.000 -5.500
v -2.500 -7.000 -4.500
v -2.500 -6.000 -5.500
v -2.500 -7.000 4.500
v -2.500 -7.000 5.500
v -2.500 -6.000 5.500
v -2.500 -6.000 -6.500
v -2.500 -5.000 -6.500
v -2.500 -6.000 6.500
v -2.500 -5.000 6.500
v -2.500 -5.000 -7.500
v -2.500 -4.000 -7.500
v -2.500 -5.000 7.500
v -2.500 -4.000 7.500
v -2.500 -3.000 -7.500
v -2.500 -3.000 7.500
v -2.500 -3.000 -8.500
v -2.500 -2.000 -8.500
v -2.500 -3.000 8.500
v -2.500 -2.000 8.500
v -2.500 -1.000 -8.500
v -2.500 -1.000 8.500
v -2.500 0.000 -8.500
v -2.500 0.000 8.500
v -2.500 1.000 -8.500
v -2.500 1.000 8.500
v -2.500 2.000 -8.500
v -2.500 2.000 8.500
v -2.500 3.000 -7.500
v -2.500 3.000 -8.500
v -2.500 3.000 8.500
v -2.500 3.000 7.500
v -2.500 4.000 -7.500
v -2.500 4.000 7.500
v -2.500 5.000 -6.500
v -2.500 5.000 -7.500
v -2.500 5.000 7.500
v -2.500 5.000 6.500
v -2.500 6.000 -5.500
v -2.500 6.000 -6.500
v -2.500 6.000 6.500
v -2.500 6.000 5.500
v -2.500 7.000 -4.500
v -2.500 7.000 -5.500
v -2.500 7.000 -3.500
v -2.500 7.000 4.500
v -2.500 7.000 3.500
v -2.500 7.000 5.500
v -2.500 8.000 -2.500
v -2.500 8.000 -3.500
v -2.500 8.000 -1.500
v -2.500 8.000 -0.500
v -2.500 8.000 0.500
v -2.500 8.000 1.500
v -2.500 8.000 2.500
v -2.500 8.000 3.500
v -2.500 -9.000 -2.500
v -2.500 -9.000 -3.500
v -1.500 -9.000 -3.500
v -1.500 -9.000 -2.500
v -1.500 -8.000 -3.500
v -2.500 -9.000 -1.500
v -1.500 -9.000 -1.500
v -2.500 -9.000 -0.500
v -1.500 -9.000 -0.500
v -2.500 -9.000 0.500
v -1.500 -9.000 0.500
v -2.500 -9.000 1.500
v -1.500 -9.000 1.500
v -2.500 -9.000 2.500
v -1.500 -9.000 2.500
v -2.500 -9.000 3.500
v -1.500 -9.000 3.500
v -1.500 -8.000 3.500
v -2.500 -8.000 -4.500
v -2.500 -8.000 -5.500
v -1.500 -8.000 -5.500
v -1.500 -8.000 -4.500
v -1.500 -7.000 -5.500
v -2.500 -8.000 4.500
v -1.500 -8.000 4.500
v -2.500 -8.000 5.500
v -1.500 -8.000 5.500
v -1.500 -7.000 5.500
v -2.500 -7.000 -6.500
v -1.500 -7.000 -6.500
v -1.500 -6.000 -6.500
v -2.500 -7.000 6.500
v -1.500 -7.000 6.500
v -1.500 -6.000 6.500
v -2.500 -6.000 -7.500
v -1.500 -6.000 -7.500
v -1.500 -5.000 -7.500
v -2.500 -6.000 7.500
v -1.500 -6.000 7.500
v -1.500 -5.000 7.500
v -2.500 -4.000 -8.500
v -2.500 -5.000 -8.500
v -1.500 -5.000 -8.500
v -1.500 -4.000 -8.500
v -2.500 -5.000 8.500
v -2.500 -4.000 8.500
v -1.500 -5.000 8.500
v -1.500 -4.000 8.500
v -1.500 -3.000 -8.500
v -1.500 -3.000 8.500
v -2.500 -2.000 -9.500
v -2.500 -3.000 -9.500
v -1.500 -3.000 -9.500
v -1.500 -2.000 -9.500
v -2.500 -3.000 9.500
v -2.500 -2.000 9.500
v -1.500 -3.000 9.500
v -1.500 -2.000 9.500
v -2.500 -1.000 -9.500
v -1.500 -1.000 -9.500
v -2.500 -1.000 9.500
v -1.500 -1.000 9.500
v -2.500 0.000 -9.500
v -1.500 0.000 -9.500
v -2.500 0.000 9.500
v -1.500 0.000 9.500
v -2.500 1.000 -9.500
v -1.500 1.000 -9.500
v -2.500 1.000 9.500
v -1.500 1.000 9.500
v -2.500 2.000 -9.500
v -1.500 2.000 -9.500
v -2.500 2.000 9.500
v -1.500 2.000 9.500
v -2.500 3.000 -9.500
v -1.500 3.000 -8.500
v -1.500 3.000 -9.500
v -2.500 3.000 9.500
v -1.500 3.000 9.500
v -1.500 3.000 8.500
v -2.500 4.000 -8.500
v -1.500 4.000 -8.500
v -2.500 4.000 8.500
v -1.500 4.000 8.500
v -2.500 5.000 -8.500
v -1.500 5.000 -7.500
v -1.500 5.000 -8.500
v -2.500 5.000 8.500
v -1.500 5.000 8.500
v -1.500 5.000 7.500
v -2.500 6.000 -7.500
v -1.500 6.000 -6.500
v -1.500 6.000 -7.500
v -2.500 6.000 7.500
v -1.500 6.000 7.500
v -1.500 6.000 6.500
v -2.500 7.000 -6.500
v -1.500 7.000 -5.500
v -1.500 7.000 -6.500
v -2.500 7.000 6.500
v -1.500 7.000 6.500
v -1.500 7.000 5.500
v -2.500 8.000 -4.500
v -2.500 8.000 -5.500
v -1.500 8.000 -4.500
v -1.500 8.000 -5.500
v -1.500 8.000 -3.500
v -2.500 8.000 4.500
v -1.500 8.000 4.500
v -1.500 8.000 3.500
v -2.500 8.000 5.500
v -1.500 8.000 5.500
v -2.500 9.000 -2.500
v -2.500 9.000 -3.500
v -1.500 9.000 -2.500
v -1.500 9.000 -3.500
v -2.500 9.000 -1.500
v -1.500 9.000 -1.500
v -2.500 9.000 -0.500
v -1.500 9.000 -0.500
v -2.500 9.000 0.500
v -1.500 9.000 0.500
v -2.500 9.000 1.500
v -1.500 9.000 1.500
v -2.500 9.000 2.500
v -1.500 9.000 2.500
v -2.500 9.000 3.500
v -1.500 9.000 3.500
v -0.500 -9.000 -3.500
v -0.500 -9.000 -2.500
v -0.500 -8.000 -3.500
v -0.500 -9.000 -1.500
v -0.500 -9.000 -0.500
v -0.500 -9.000 0.500
v -0.500 -9.000 1.500
v -0.500 -9.000 2.500
v -0.500 -9.000 3.500
v -0.500 -8.000 3.500
v -0.500 -8.000 -5.500
v -0.500 -8.000 -4.500
v -0.500 -7.000 -5.500
v -0.500 -8.000 4.500
v -0.500 -8.000 5.500
v -0.500 -7.000 5.500
v -0.500 -7.000 -6.500
v -0.500 -6.000 -6.500
v -0.500 -7.000 6.500
v -0.500 -6.000 6.500
v -0.500 -6.000 -7.500
v -0.500 -5.000 -7.500
v -0.500 -6.000 7.500
v -0.500 -5.000 7.500
v -0.500 -5.000 -8.500
v -0.500 -4.000 -8.500
v -0.500 -5.000 8.500
v -0.500 -4.000 8.500
v -0.500 -3.000 -8.500
v -0.500 -3.000 8.500
v -0.500 -3.000 -9.500
v -0.500 -2.000 -9.500
v -0.500 -3.000 9.500
v -0.500 -2.000 9.500
v -0.500 -1.000 -9.500
v -0.500 -1.000 9.500
v -0.500 0.000 -9.500
v -0.500 0.000 9.500
v -0.500 1.000 -9.500
v -0.500 1.000 9.500
v -0.500 2.000 -9.500
v -0.500 2.000 9.500
v -0.500 3.000 -8.500
v -0.500 3.000 -9.500
v -0.500 3.000 9.500
v -0.500 3.000 8.500
v -0.500 4.000 -8.500
v -0.500 4.000 8.500
v -0.500 5.000 -7.500
v -0.500 5.000 -8.500
v -0.500 5.000 8.500
v -0.500 5.000 7.500
v -0.500 6.000 -6.500
v -0.500 6.000 -7.500
v -0.500 6.000 7.500
v -0.500 6.000 6.500
v -0.500 7.000 -5.500
v -0.500 7.000 -6.500
v -0.500 7.000 6.500
v -0.500 7.000 5.500
v -0.500 8.000 -4.500
v -0.500 8.000 -5.500
v -0.500 8.000 -3.500
v -0.500 8.000 4.500
v -0.500 8.000 3.500
v -0.500 8.000 5.500
v -0.500 9.000 -2.500
v -0.500 9.000 -3.500
v -0.500 9.000 -1.500
v -0.500 9.000 -0.500
v -0.500 9.000 0.500
v -0.500 9.000 1.500
v -0.500 9.000 2.500
v -0.500 9.000 3.500
v 0.500 -9.000 -3.500
v 0.500 -9.000 -2.500
v 0.500 -8.000 -3.500
v 0.500 -9.000 -1.500
v 0.500 -9.000 -0.500
v 0.500 -9.000 0.500
v 0.500 -9.000 1.500
v 0.500 -9.000 2.500
v 0.500 -9.000 3.500
v 0.500 -8.000 3.500
v 0.500 -8.000 -5.500
v 0.500 -8.000 -4.500
v 0.500 -7.000 -5.500
v 0.500 -8.000 4.500
v 0.500 -8.000 5.500
v 0.500 -7.000 5.500
v 0.500 -7.000 -6.500
v 0.500 -6.000 -6.500
v 0.500 -7.000 6.500
v 0.500 -6.000 6.500
v 0.500 -6.000 -7.500
v 0.500 -5.000 -7.500
v 0.500 -6.000 7.500
v 0.500 -5.000 7.500
v 0.500 -5.000 -8.500
v 0.500 -4.000 -8.500
v 0.500 -5.000 8.500
v 0.500 -4.000 8.500
v 0.500 -3.000 -8.500
v 0.500 -3.000 8.500
v 0.500 -3.000 -9.500
v 0.500 -2.000 -9.500
v 0.500 -3.000 9.500
v 0.500 -2.000 9.500
v 0.500 -1.000 -9.500
v 0.500 -1.000 9.500
v 0.500 0.000 -9.500
v 0.500 0.000 9.500
v 0.500 1.000 -9.500
v 0.500 1.000 9.500
v 0.500 2.000 -9.500
v 0.500 2.000 9.500
v 0.500 3.000 -8.500
v 0.500 3.000 -9.500
v 0.500 3.000 9.500
v 0.500 3.000 8.500
v 0.500 4.000 -8.500
v 0.500 4.000 8.500
v 0.500 5.000 -7.500
v 0.500 5.000 -8.500
v 0.500 5.000 8.500
v 0.500 5.000 7.500
v 0.500 6.000 -6.500
v 0.500 6.000 -7.500
v 0.500 6.000 7.500
v 0.500 6.000 6.500
v 0.500 7.000 -5.500
v 0.500 7.000 -6.500
v 0.500 7.000 6.500
v 0.500 7.000 5.500
v 0.500 8.000 -4.500
v 0.500 8.000 -5.500
v 0.500 8.000 -3.500
v 0.500 8.000 4.500
v 0.500 8.000 3.500
v 0.500 8.000 5.500
v 0.500 9.000 -2.500
v 0.500 9.000 -3.500
v 0.500 9.000 -1.500
v 0.500 9.000 -0.500
v 0.500 9.000 0.500
v 0.500 9.000 1.500
v 0.500 9.000 2.500
v 0.500 9.000 3.500
v 1.500 -9.000 -3.500
v 1.500 -9.000 -2.500
v 1.500 -8.000 -3.500
v 1.500 -9.000 -1.500
v 1.500 -9.000 -0.500
v 1.500 -9.000 0.500
v 1.500 -9.000 1.500
v 1.500 -9.000 2.500
v 1.500 -9.000 3.500
v 1.500 -8.000 3.500
v 1.500 -8.000 -5.500
v 1.500 -8.000 -4.500
v 1.500 -7.000 -5.500
v 1.500 -8.000 4.500
v 1.500 -8.000 5.500
v 1.500 -7.000 5.500
v 1.500 -7.000 -6.500
v 1.500 -6.000 -6.500
v 1.500 -7.000 6.500
v 1.500 -6.000 6.500
v 1.500 -6.000 -7.500
v 1.500 -5.000 -7.500
v 1.500 -6.000 7.500
v 1.500 -5.000 7.500
v 1.500 -5.000 -8.500
v 1.500 -4.000 -8.500
v 1.500 -5.000 8.500
v 1.500 -4.000 8.500
v 1.500 -3.000 -8.500
v 1.500 -3.000 8.500
v 1.500 -3.000 -9.500
v 1.500 -2.000 -9.500
v 1.500 -3.000 9.500
v 1.500 -2.000 9.500
v 1.500 -1.000 -9.500
v 1.500 -1.000 9.500
v 1.500 0.000 -9.500
v 1.500 0.000 9.500
v 1.500 1.000 -9.500
v 1.500 1.000 9.500
v 1.500 2.000 -9.500
v 1.500 2.000 9.500
v 1.500 3.000 -8.500
v 1.500 3.000 -9.500
v 1.500 3.000 9.500
v 1.500 3.000 8.500
v 1.500 4.000 -8.500
v 1.500 4.000 8.500
v 1.500 5.000 -7.500
v 1.500 5.000 -8.500
v 1.500 5.000 8.500
v 1.500 5.000 7.500
v 1.500 6.000 -6.500
v 1.500 6.000 -7.500
v 1.500 6.000 7.500
v 1.500 6.000 6.500
v 1.500 7.000 -5.500
v 1.500 7.000 -6.500
v 1.500 7.000 6.500
v 1.500 7.000 5.500
v 1.500 8.000 -4.500
v 1.500 8.000 -5.500
v 1.500 8.000 -3.500
v 1.500 8.000 4.500
v 1.500 8.000 3.500
v 1.500 8.000 5.500
v 1.500 9.000 -2.500
v 1.500 9.000 -3.500
v 1.500 9.000 -1.500
v 1.500 9.000 -0.500
v 1.500 9.000 0.500
v 1.500 9.000 1.500
v 1.500 9.000 2.500
v 1.500 9.000 3.500
v 2.500 -9.000 -3.500
v 2.500 -9.000 -2.500
v 2.500 -8.000 -3.500
v 2.500 -9.000 -1.500
v 2.500 -9.000 -0.500
v 2.500 -9.000 0.500
v 2.500 -9.000 1.500
v 2.500 -9.000 2.500
v 2.500 -9.000 3.500
v 2.500 -8.000 3.500
v 2.500 -8.000 -5.500
v 2.500 -8.000 -4.500
v 2.500 -7.000 -5.500
v 2.500 -8.000 4.500
v 2.500 -8.000 5.500
v 2.500 -7.000 5.500
v 2.500 -7.000 -6.500
v 2.500 -6.000 -6.500
v 2.500 -7.000 6.500
v 2.500 -6.000 6.500
v 2.500 -6.000 -7.500
v 2.500 -5.000 -7.500
v 2.500 -6.000 7.500
v 2.500 -5.000 7.500
v 2.500 -5.000 -8.500
v 2.500 -4.000 -8.500
v 2.500 -5.000 8.500
v 2.500 -4.000 8.500
v 2.500 -3.000 -8.500
v 2.500 -3.000 8.500
v 2.500 -3.000 -9.500
v 2.500 -2.000 -9.500
v 2.500 -3.000 9.500
v 2.500 -2.000 9.500
v 2.500 -1.000 -9.500
v 2.500 -1.000 9.500
v 2.500 0.000 -9.500
v 2.500 0.000 9.500
v 2.500 1.000 -9.500
v 2.500 1.000 9.500
v 2.500 2.000 -9.500
v 2.500 2.000 9.500
v 2.500 3.000 -8.500
v 2.500 3.000 -9.500
v 2.500 3.000 9.500
v 2.500 3.000 8.500
v 2.500 4.000 -8.500
v 2.500 4.000 8.500
v 2.500 5.000 -7.500
v 2.500 5.000 -8.500
v 2.500 5.000 8.500
v 2.500 5.000 7.500
v 2.500 6.000 -6.500
v 2.500 6.000 -7.500
v 2.500 6.000 7.500
v 2.500 6.000 6.500
v 2.500 7.000 -5.500
v 2.500 7.000 -6.500
v 2.500 7.000 6.500
v 2.500 7.000 5.500
v 2.500 8.000 -4.500
v 2.500 8.000 -5.500
v 2.500 8.000 -3.500
v 2.500 8.000 4.500
v 2.500 8.000 3.500
v 2.500 8.000 5.500
v 2.500 9.000 -2.500
v 2.500 9.000 -3.500
v 2.500 9.000 -1.500
v 2.500 9.000 -0.500
v 2.500 9.000 0.500
v 2.500 9.000 1.500
v 2.500 9.000 2.500
v 2.500 9.000 3.500
v 3.500 -9.000 -3.500
v 3.500 -9.000 -2.500
v 3.500 -8.000 -3.500
v 3.500 -9.000 -1.500
v 3.500 -9.000 -0.500
v 3.500 -9.000 0.500
v 3.500 -9.000 1.500
v 3.500 -9.000 2.500
v 3.500 -9.000 3.500
v 3.500 -8.000 3.500
v 3.500 -8.000 -5.500
v 3.500 -8.000 -4.500
v 3.500 -7.000 -5.500
v 3.500 -8.000 4.500
v 3.500 -8.000 5.500
v 3.500 -7.000 5.500
v 3.500 -7.000 -6.500
v 3.500 -6.000 -6.500
v 3.500 -7.000 6.500
v 3.500 -6.000 6.500
v 3.500 -6.000 -7.500
v 3.500 -5.000 -7.500
v 3.500 -6.000 7.500
v 3.500 -5.000 7.500
v 3.500 -5.000 -8.500
v 3.500 -4.000 -8.500
v 3.500 -5.000 8.500
v 3.500 -4.000 8.500
v 3.500 -3.000 -8.500
v 3.500 -3.000 8.500
v 3.500 -3.000 -9.500
v 3.500 -2.000 -9.500
v 3.500 -3.000 9.500
v 3.500 -2.000 9.500
v 3.500 -1.000 -9.500
v 3.500 -1.000 9.500
v 3.500 0.000 -9.500
v 3.500 0.000 9.500
v 3.500 1.000 -9.500
v 3.500 1.000 9.500
v 3.500 2.000 -9.500
v 3.500 2.000 9.500
v 3.500 3.000 -8.500
v 3.500 3.000 -9.500
v 3.500 3.000 9.500
v 3.500 3.000 8.500
v 3.500 4.000 -8.500
v 3.500 4.000 8.500
v 3.500 5.000 -7.500
v 3.500 5.000 -8.500
v 3.500 5.000 8.500
v 3.500 5.000 7.500
v 3.500 6.000 -6.500
v 3.500 6.000 -7.500
v 3.500 6.000 7.500
v 3.500 6.000 6.500
v 3.500 7.000 -5.500
v 3.500 7.000 -6.500
v 3.500 7.000 6.500
v 3.500 7.000 5.500
v 3.500 8.000 -4.500
v 3.500 8.000 -5.500
v 3.500 8.000 -3.500
v 3.500 8.000 4.500
v 3.500 8.000 3.500
v 3.500 8.000 5.500
v 3.500 9.000 -2.500
v 3.500 9.000 -3.500
v 3.500 9.000 -1.500
v 3.500 9.000 -0.500
v 3.500 9.000 0.500
v 3.500 9.000 1.500
v 3.500 9.000 2.500
v 3.500 9.000 3.500
v 4.500 -9.000 -3.500
v 4.500 -9.000 -2.500
v 4.500 -8.000 -3.500
v 4.500 -9.000 -1.500
v 4.500 -9.000 -0.500
v 4.500 -9.000 0.500
v 4.500 -9.000 1.500
v 4.500 -9.000 2.500
v 4.500 -9.000 3.500
v 4.500 -8.000 3.500
v 4.500 -8.000 -5.500
v 4.500 -8.000 -4.500
v 4.500 -7.000 -5.500
v 4.500 -8.000 4.500
v 4.500 -8.000 5.500
v 4.500 -7.000 5.500
v 4.500 -7.000 -6.500
v 4.500 -6.000 -6.500
v 4.500 -7.000 6.500
v 4.500 -6.000 6.500
v 4.500 -6.000 -7.500
v 4.500 -5.000 -7.500
v 4.500 -6.000 7.500
v 4.500 -5.000 7.500
v 4.500 -5.000 -8.500
v 4.500 -4.000 -8.500
v 4.500 -5.000 8.500
v 4.500 -4.000 8.500
v 4.500 -3.000 -8.500
v 4.500 -3.000 8.500
v 4.500 -3.000 -9.500
v 4.500 -2.000 -9.500
v 4.500 -3.000 9.500
v 4.500 -2.000 9.500
v 4.500 -1.000 -9.500
v 4.500 -1.000 9.500
v 4.500 0.000 -9.500
v 4.500 0.000 9.500
v 4.500 1.000 -9.500
v 4.500 1.000 9.500
v 4.500 2.000 -9.500
v 4.500 2.000 9.500
v 4.500 3.000 -8.500
v 4.500 3.000 -9.500
v 4.500 3.000 9.500
v 4.500 3.000 8.500
v 4.500 4.000 -8.500
v 4.500 4.000 8.500
v 4.500 5.000 -7.500
v 4.500 5.000 -8.500
v 4.500 5.000 8.500
v 4.500 5.000 7.500
v 4.500 6.000 -6.500
v 4.500 6.000 -7.500
v 4.500 6.000 7.500
v 4.500 6.000 6.500
v 4.500 7.000 -5.500
v 4.500 7.000 -6.500
v 4.500 7.000 6.500
v 4.500 7.000 5.500
v 4.500 8.000 -4.500
v 4.500 8.000 -5.500
v 4.500 8.000 -3.500
v 4.500 8.000 4.500
v 4.500 8.000 3.500
v 4.500 8.000 5.500
v 4.500 9.000 -2.500
v 4.500 9.000 -3.500
v 4.500 9.000 -1.500
v 4.500 9.000 -0.500
v 4.500 9.000 0.500
v 4.500 9.000 1.500
v 4.500 9.000 2.500
v 4.500 9.000 3.500
v 5.500 -9.000 -3.500
v 5.500 -8.000 -3.500
v 5.500 -8.000 -2.500
v 5.500 -9.000 -2.500
v 5.500 -8.000 -1.500
v 5.500 -9.000 -1.500
v 5.500 -8.000 -0.500
v 5.500 -9.000 -0.500
v 5.500 -8.000 0.500
v 5.500 -9.000 0.500
v 5.500 -8.000 1.500
v 5.500 -9.000 1.500
v 5.500 -8.000 2.500
v 5.500 -9.000 2.500
v 5.500 -8.000 3.500
v 5.500 -9.000 3.500
v 5.500 -8.000 -5.500
v 5.500 -7.000 -5.500
v 5.500 -7.000 -4.500
v 5.500 -8.000 -4.500
v 5.500 -7.000 -3.500
v 5.500 -7.000 3.500
v 5.500 -7.000 4.500
v 5.500 -8.000 4.500
v 5.500 -7.000 5.500
v 5.500 -8.000 5.500
v 5.500 -7.000 -6.500
v 5.500 -6.000 -6.500
v 5.500 -6.000 -5.500
v 5.500 -6.000 5.500
v 5.500 -6.000 6.500
v 5.500 -7.000 6.500
v 5.500 -6.000 -7.500
v 5.500 -5.000 -7.500
v 5.500 -5.000 -6.500
v 5.500 -5.000 6.500
v 5.500 -5.000 7.500
v 5.500 -6.000 7.500
v 5.500 -5.000 -8.500
v 5.500 -4.000 -8.500
v 5.500 -4.000 -7.500
v 5.500 -4.000 7.500
v 5.500 -4.000 8.500
v 5.500 -5.000 8.500
v 5.500 -3.000 -8.500
v 5.500 -3.000 -7.500
v 5.500 -3.000 7.500
v 5.500 -3.000 8.500
v 5.500 -3.000 -9.500
v 5.500 -2.000 -9.500
v 5.500 -2.000 -8.500
v 5.500 -2.000 8.500
v 5.500 -2.000 9.500
v 5.500 -3.000 9.500
v 5.500 -1.000 -9.500
v 5.500 -1.000 -8.500
v 5.500 -1.000 8.500
v 5.500 -1.000 9.500
v 5.500 0.000 -9.500
v 5.500 0.000 -8.500
v 5.500 0.000 8.500
v 5.500 0.000 9.500
v 5.500 1.000 -9.500
v 5.500 1.000 -8.500
v 5.500 1.000 8.500
v 5.500 1.000 9.500
v 5.500 2.000 -9.500
v 5.500 2.000 -8.500
v 5.500 2.000 8.500
v 5.500 2.000 9.500
v 5.500 3.000 -9.500
v 5.500 3.000 -8.500
v 5.500 3.000 8.500
v 5.500 3.000 9.500
v 5.500 4.000 -8.500
v 5.500 4.000 -7.500
v 5.500 3.000 -7.500
v 5.500 3.000 7.500
v 5.500 4.000 7.500
v 5.500 4.000 8.500
v 5.500 5.000 -8.500
v 5.500 5.000 -7.500
v 5.500 5.000 7.500
v 5.500 5.000 8.500
v 5.500 6.000 -7.500
v 5.500 6.000 -6.500
v 5.500 5.000 -6.500
v 5.500 5.000 6.500
v 5.500 6.000 6.500
v 5.500 6.000 7.500
v 5.500 7.000 -6.500
v 5.500 7.000 -5.500
v 5.500 6.000 -5.500
v 5.500 6.000 5.500
v 5.500 7.000 5.500
v 5.500 7.000 6.500
v 5.500 8.000 -5.500
v 5.500 8.000 -4.500
v 5.500 7.000 -4.500
v 5.500 8.000 -3.500
v 5.500 7.000 -3.500
v 5.500 7.000 3.500
v 5.500 8.000 3.500
v 5.500 8.000 4.500
v 5.500 7.000 4.500
v 5.500 8.000 5.500
v 5.500 9.000 -3.500
v 5.500 9.000 -2.500
v 5.500 8.000 -2.500
v 5.500 9.000 -1.500
v 5.500 8.000 -1.500
v 5.500 9.000 -0.500
v 5.500 8.000 -0.500
v 5.500 9.000 0.500
v 5.500 8.000 0.500
v 5.500 9.000 1.500
v 5.500 8.000 1.500
v 5.500 9.000 2.500
v 5.500 8.000 2.500
v 5.500 9.000 3.500
v 6.500 -8.000 -3.500
v 6.500 -8.000 -2.500
v 6.500 -7.000 -3.500
v 6.500 -8.000 -1.500
v 6.500 -8.000 -0.500
v 6.500 -8.000 0.500
v 6.500 -8.000 1.500
v 6.500 -8.000 2.500
v 6.500 -8.000 3.500
v 6.500 -7.000 3.500
v 6.500 -7.000 -5.500
v 6.500 -7.000 -4.500
v 6.500 -6.000 -5.500
v 6.500 -7.000 4.500
v 6.500 -7.000 5.500
v 6.500 -6.000 5.500
v 6.500 -6.000 -6.500
v 6.500 -5.000 -6.500
v 6.500 -6.000 6.500
v 6.500 -5.000 6.500
v 6.500 -5.000 -7.500
v 6.500 -4.000 -7.500
v 6.500 -5.000 7.500
v 6.500 -4.000 7.500
v 6.500 -3.000 -7.500
v 6.500 -3.000 7.500
v 6.500 -3.000 -8.500
v 6.500 -2.000 -8.500
v 6.500 -3.000 8.500
v 6.500 -2.000 8.500
v 6.500 -1.000 -8.500
v 6.500 -1.000 8.500
v 6.500 0.000 -8.500
v 6.500 0.000 8.500
v 6.500 1.000 -8.500
v 6.500 1.000 8.500
v 6.500 2.000 -8.500
v 6.500 2.000 8.500
v 6.500 3.000 -7.500
v 6.500 3.000 -8.500
v 6.500 3.000 8.500
v 6.500 3.000 7.500
v 6.500 4.000 -7.500
v 6.500 4.000 7.500
v 6.500 5.000 -6.500
v 6.500 5.000 -7.500
v 6.500 5.000 7.500
v 6.500 5.000 6.500
v 6.500 6.000 -5.500
v 6.500 6.000 -6.500
v 6.500 6.000 6.500
v 6.500 6.000 5.500
v 6.500 7.000 -4.500
v 6.500 7.000 -5.500
v 6.500 7.000 -3.500
v 6.500 7.000 4.500
v 6.500 7.000 3.500
v 6.500 7.000 5.500
v 6.500 8.000 -2.500
v 6.500 8.000 -3.500
v 6.500 8.000 -1.500
v 6.500 8.000 -0.500
v 6.500 8.000 0.500
v 6.500 8.000 1.500
v 6.500 8.000 2.500
v 6.500 8.000 3.500
v 7.500 -8.000 -3.500
v 7.500 -8.000 -2.500
v 7.500 -7.000 -3.500
v 7.500 -8.000 -1.500
v 7.500 -8.000 -0.500
v 7.500 -8.000 0.500
v 7.500 -8.000 1.500
v 7.500 -8.000 2.500
v 7.500 -8.000 3.500
v 7.500 -7.000 3.500
v 7.500 -7.000 -5.500
v 7.500 -7.000 -4.500
v 7.500 -6.000 -5.500
v 7.500 -7.000 4.500
v 7.500 -7.000 5.500
v 7.500 -6.000 5.500
v 7.500 -6.000 -6.500
v 7.500 -5.000 -6.500
v 7.500 -6.000 6.500
v 7.500 -5.000 6.500
v 7.500 -5.000 -7.500
v 7.500 -4.000 -7.500
v 7.500 -5.000 7.500
v 7.500 -4.000 7.500
v 7.500 -3.000 -7.500
v 7.500 -3.000 7.500
v 7.500 -3.000 -8.500
v 7.500 -2.000 -8.500
v 7.500 -3.000 8.500
v 7.500 -2.000 8.500
v 7.500 -1.000 -8.500
v 7.500 -1.000 8.500
v 7.500 0.000 -8.500
v 7.500 0.000 8.500
v 7.500 1.000 -8.500
v 7.500 1.000 8.500
v 7.500 2.000 -8.500
v 7.500 2.000 8.500
v 7.500 3.000 -7.500
v 7.500 3.000 -8.500
v 7.500 3.000 8.500
v 7.500 3.000 7.500
v 7.500 4.000 -7.500
v 7.500 4.000 7.500
v 7.500 5.000 -6.500
v 7.500 5.000 -7.500
v 7.500 5.000 7.500
v 7.500 5.000 6.500
v 7.500 6.000 -5.500
v 7.500 6.000 -6.500
v 7.500 6.000 6.500
v 7.500 6.000 5.500
v 7.500 7.000 -4.500
v 7.500 7.000 -5.500
v 7.500 7.000 -3.500
v 7.500 7.000 4.500
v 7.500 7.000 3.500
v 7.500 7.000 5.500
v 7.500 8.000 -2.500
v 7.500 8.000 -3.500
v 7.500 8.000 -1.500
v 7.500 8.000 -0.500
v 7.500 8.000 0.500
v 7.500 8.000 1.500
v 7.500 8.000 2.500
v 7.500 8.000 3.500
v 8.500 -8.000 -3.500
v 8.500 -7.000 -3.500
v 8.500 -7.000 -2.500
v 8.500 -8.000 -2.500
v 8.500 -7.000 -1.500
v 8.500 -8.000 -1.500
v 8.500 -7.000 -0.500
v 8.500 -8.000 -0.500
v 8.500 -7.000 0.500
v 8.500 -8.000 0.500
v 8.500 -7.000 1.500
v 8.500 -8.000 1.500
v 8.500 -7.000 2.500
v 8.500 -8.000 2.500
v 8.500 -7.000 3.500
v 8.500 -8.000 3.500
v 8.500 -7.000 -5.500
v 8.500 -6.000 -5.500
v 8.500 -6.000 -4.500
v 8.500 -7.000 -4.500
v 8.500 -6.000 -3.500
v 8.500 -6.000 3.500
v 8.500 -6.000 4.500
v 8.500 -7.000 4.500
v 8.500 -6.000 5.500
v 8.500 -7.000 5.500
v 8.500 -6.000 -6.500
v 8.500 -5.000 -6.500
v 8.500 -5.000 -5.500
v 8.500 -5.000 -4.500
v 8.500 -5.000 4.500
v 8.500 -5.000 5.500
v 8.500 -5.000 6.500
v 8.500 -6.000 6.500
v 8.500 -5.000 -7.500
v 8.500 -4.000 -7.500
v 8.500 -4.000 -6.500
v 8.500 -4.000 -5.500
v 8.500 -4.000 5.500
v 8.500 -4.000 6.500
v 8.500 -4.000 7.500
v 8.500 -5.000 7.500
v 8.500 -3.000 -7.500
v 8.500 -3.000 -6.500
v 8.500 -3.000 6.500
v 8.500 -3.000 7.500
v 8.500 -3.000 -8.500
v 8.500 -2.000 -8.500
v 8.500 -2.000 -7.500
v 8.500 -2.000 7.500
v 8.500 -2.000 8.500
v 8.500 -3.000 8.500
v 8.500 -1.000 -8.500
v 8.500 -1.000 -7.500
v 8.500 -1.000 7.500
v 8.500 -1.000 8.500
v 8.500 0.000 -8.500
v 8.500 0.000 -7.500
v 8.500 0.000 7.500
v 8.500 0.000 8.500
v 8.500 1.000 -8.500
v 8.500 1.000 -7.500
v 8.500 1.000 7.500
v 8.500 1.000 8.500
v 8.500 2.000 -8.500
v 8.500 2.000 -7.500
v 8.500 2.000 7.500
v 8.500 2.000 8.500
v 8.500 3.000 -8.500
v 8.500 3.000 -7.500
v 8.500 3.000 7.500
v 8.500 3.000 8.500
v 8.500 4.000 -7.500
v 8.500 4.000 -6.500
v 8.500 3.000 -6.500
v 8.500 3.000 6.500
v 8.500 4.000 6.500
v 8.500 4.000 7.500
v 8.500 5.000 -7.500
v 8.500 5.000 -6.500
v 8.500 5.000 -5.500
v 8.500 4.000 -5.500
v 8.500 4.000 5.500
v 8.500 5.000 5.500
v 8.500 5.000 6.500
v 8.500 5.000 7.500
v 8.500 6.000 -6.500
v 8.500 6.000 -5.500
v 8.500 6.000 -4.500
v 8.500 5.000 -4.500
v 8.500 5.000 4.500
v 8.500 6.000 4.500
v 8.500 6.000 5.500
v 8.500 6.000 6.500
v 8.500 7.000 -5.500
v 8.500 7.000 -4.500
v 8.500 7.000 -3.500
v 8.500 6.000 -3.500
v 8.500 6.000 3.500
v 8.500 7.000 3.500
v 8.500 7.000 4.500
v 8.500 7.000 5.500
v 8.500 8.000 -3.500
v 8.500 8.000 -2.500
v 8.500 7.000 -2.500
v 8.500 8.000 -1.500
v 8.500 7.000 -1.500
v 8.500 8.000 -0.500
v 8.500 7.000 -0.500
v 8.500 8.000 0.500
v 8.500 7.000 0.500
v 8.500 8.000 1.500
v 8.500 7.000 1.500
v 8.500 8.000 2.500
v 8.500 7.000 2.500
v 8.500 8.000 3.500
v 9.500 -7.000 -3.500
v 9.500 -7.000 -2.500
v 9.500 -6.000 -3.500
v 9.500 -7.000 -1.500
v 9.500 -7.000 -0.500
v 9.500 -7.000 0.500
v 9.500 -7.000 1.500
v 9.500 -7.000 2.500
v 9.500 -7.000 3.500
v 9.500 -6.000 3.500
v 9.500 -6.000 -4.500
v 9.500 -5.000 -4.500
v 9.500 -6.000 4.500
v 9.500 -5.000 4.500
v 9.500 -5.000 -5.500
v 9.500 -4.000 -5.500
v 9.500 -5.000 5.500
v 9.500 -4.000 5.500
v 9.500 -4.000 -6.500
v 9.500 -3.000 -6.500
v 9.500 -4.000 6.500
v 9.500 -3.000 6.500
v 9.500 -3.000 -7.500
v 9.500 -2.000 -7.500
v 9.500 -3.000 7.500
v 9.500 -2.000 7.500
v 9.500 -1.000 -7.500
v 9.500 -1.000 7.500
v 9.500 0.000 -7.500
v 9.500 0.000 7.500
v 9.500 1.000 -7.500
v 9.500 1.000 7.500
v 9.500 2.000 -7.500
v 9.500 2.000 7.500
v 9.500 3.000 -6.500
v 9.500 3.000 -7.500
v 9.500 3.000 7.500
v 9.500 3.000 6.500
v 9.500 4.000 -5.500
v 9.500 4.000 -6.500
v 9.500 4.000 6.500
v 9.500 4.000 5.500
v 9.500 5.000 -4.500
v 9.500 5.000 -5.500
v 9.500 5.000 5.500
v 9.500 5.000 4.500
v 9.500 6.000 -3.500
v 9.500 6.000 -4.500
v 9.500 6.000 4.500
v 9.500 6.000 3.500
v 9.500 7.000 -2.500
v 9.500 7.000 -3.500
v 9.500 7.000 -1.500
v 9.500 7.000 -0.500
v 9.500 7.000 0.500
v 9.500 7.000 1.500
v 9.500 7.000 2.500
v 9.500 7.000 3.500
v 10.500 -7.000 -3.500
v 10.500 -7.000 -2.500
v 10.500 -6.000 -3.500
v 10.500 -7.000 -1.500
v 10.500 -7.000 -0.500
v 10.500 -7.000 0.500
v 10.500 -7.000 1.500
v 10.500 -7.000 2.500
v 10.500 -7.000 3.500
v 10.500 -6.000 3.500
v 10.500 -6.000 -4.500
v 10.500 -5.000 -4.500
v 10.500 -6.000 4.500
v 10.500 -5.000 4.500
v 10.500 -5.000 -5.500
v 10.500 -4.000 -5.500
v 10.500 -5.000 5.500
v 10.500 -4.000 5.500
v 10.500 -4.000 -6.500
v 10.500 -3.000 -6.500
v 10.500 -4.000 6.500
v 10.500 -3.000 6.500
v 10.500 -3.000 -7.500
v 10.500 -2.000 -7.500
v 10.500 -3.000 7.500
v 10.500 -2.000 7.500
v 10.500 -1.000 -7.500
v 10.500 -1.000 7.500
v 10.500 0.000 -7.500
v 10.500 0.000 7.500
v 10.500 1.000 -7.500
v 10.500 1.000 7.500
v 10.500 2.000 -7.500
v 10.500 2.000 7.500
v 10.500 3.000 -6.500
v 10.500 3.000 -7.500
v 10.500 3.000 7.500
v 10.500 3.000 6.500
v 10.500 4.000 -5.500
v 10.500 4.000 -6.500
v 10.500 4.000 6.500
v 10.500 4.000 5.500
v 10.500 5.000 -4.500
v 10.500 5.000 -5.500
v 10.500 5.000 5.500
v 10.500 5.000 4.500
v 10.500 6.000 -3.500
v 10.500 6.000 -4.500
v 10.500 6.000 4.500
v 10.500 6.000 3.500
v 10.500 7.000 -2.500
v 10.500 7.000 -3.500
v 10.500 7.000 -1.500
v 10.500 7.000 -0.500
v 10.500 7.000 0.500
v 10.500 7.000 1.500
v 10.500 7.000 2.500
v 10.500 7.000 3.500
v 11.500 -7.000 -3.500
v 11.500 -6.000 -3.500
v 11.500 -6.000 -2.500
v 11.500 -7.000 -2.500
v 11.500 -6.000 -1.500
v 11.500 -7.000 -1.500
v 11.500 -6.000 -0.500
v 11.500 -7.000 -0.500
v 11.500 -6.000 0.500
v 11.500 -7.000 0.500
v 11.500 -6.000 1.500
v 11.500 -7.000 1.500
v 11.500 -6.000 2.500
v 11.500 -7.000 2.500
v 11.500 -6.000 3.500
v 11.500 -7.000 3.500
v 11.500 -6.000 -4.500
v 11.500 -5.000 -4.500
v 11.500 -5.000 -3.500
v 11.500 -5.000 -2.500
v 11.500 -5.000 2.500
v 11.500 -5.000 3.500
v 11.500 -5.000 4.500
v 11.500 -6.000 4.500
v 11.500 -5.000 -5.500
v 11.500 -4.000 -5.500
v 11.500 -4.000 -4.500
v 11.500 -4.000 4.500
v 11.500 -4.000 5.500
v 11.500 -5.000 5.500
v 11.500 -4.000 -6.500
v 11.500 -3.000 -6.500
v 11.500 -3.000 -5.500
v 11.500 -3.000 5.500
v 11.500 -3.000 6.500
v 11.500 -4.000 6.500
v 11.500 -3.000 -7.500
v 11.500 -2.000 -7.500
v 11.500 -2.000 -6.500
v 11.500 -2.000 -5.500
v 11.500 -2.000 5.500
v 11.500 -2.000 6.500
v 11.500 -2.000 7.500
v 11.500 -3.000 7.500
v 11.500 -1.000 -7.500
v 11.500 -1.000 -6.500
v 11.500 -1.000 6.500
v 11.500 -1.000 7.500
v 11.500 0.000 -7.500
v 11.500 0.000 -6.500
v 11.500 0.000 6.500
v 11.500 0.000 7.500
v 11.500 1.000 -7.500
v 11.500 1.000 -6.500
v 11.500 1.000 6.500
v 11.500 1.000 7.500
v 11.500 2.000 -7.500
v 11.500 2.000 -6.500
v 11.500 2.000 6.500
v 11.500 2.000 7.500
v 11.500 3.000 -7.500
v 11.500 3.000 -6.500
v 11.500 3.000 -5.500
v 11.500 2.000 -5.500
v 11.500 2.000 5.500
v 11.500 3.000 5.500
v 11.500 3.000 6.500
v 11.500 3.000 7.500
v 11.500 4.000 -6.500
v 11.500 4.000 -5.500
v 11.500 4.000 5.500
v 11.500 4.000 6.500
v 11.500 5.000 -5.500
v 11.500 5.000 -4.500
v 11.500 4.000 -4.500
v 11.500 4.000 4.500
v 11.500 5.000 4.500
v 11.500 5.000 5.500
v 11.500 6.000 -4.500
v 11.500 6.000 -3.500
v 11.500 5.000 -3.500
v 11.500 6.000 -2.500
v 11.500 5.000 -2.500
v 11.500 5.000 2.500
v 11.500 6.000 2.500
v 11.500 6.000 3.500
v 11.500 5.000 3.500
v 11.500 6.000 4.500
v 11.500 7.000 -3.500
v 11.500 7.000 -2.500
v 11.500 7.000 -1.500
v 11.500 6.000 -1.500
v 11.500 7.000 -0.500
v 11.500 6.000 -0.500
v 11.500 7.000 0.500
v 11.500 6.000 0.500
v 11.500 7.000 1.500
v 11.500 6.000 1.500
v 11.500 7.000 2.500
v 11.500 7.000 3.500
v 12.500 -6.000 -2.500
v 12.500 -6.000 -1.500
v 12.500 -5.000 -2.500
v 12.500 -6.000 -0.500
v 12.500 -6.000 0.500
v 12.500 -6.000 1.500
v 12.500 -6.000 2.500
v 12.500 -5.000 2.500
v 12.500 -5.000 -4.500
v 12.500 -5.000 -3.500
v 12.500 -4.000 -4.500
v 12.500 -5.000 3.500
v 12.500 -5.000 4.500
v 12.500 -4.000 4.500
v 12.500 -4.000 -5.500
v 12.500 -3.000 -5.500
v 12.500 -4.000 5.500
v 12.500 -3.000 5.500
v 12.500 -2.000 -5.500
v 12.500 -2.000 5.500
v 12.500 -2.000 -6.500
v 12.500 -1.000 -6.500
v 12.500 -2.000 6.500
v 12.500 -1.000 6.500
v 12.500 0.000 -6.500
v 12.500 0.000 6.500
v 12.500 1.000 -6.500
v 12.500 1.000 6.500
v 12.500 2.000 -5.500
v 12.500 2.000 -6.500
v 12.500 2.000 6.500
v 12.500 2.000 5.500
v 12.500 3.000 -5.500
v 12.500 3.000 5.500
v 12.500 4.000 -4.500
v 12.500 4.000 -5.500
v 12.500 4.000 5.500
v 12.500 4.000 4.500
v 12.500 5.000 -3.500
v 12.500 5.000 -4.500
v 12.500 5.000 -2.500
v 12.500 5.000 3.500
v 12.500 5.000 2.500
v 12.500 5.000 4.500
v 12.500 6.000 -1.500
v 12.500 6.000 -2.500
v 12.500 6.000 -0.500
v 12.500 6.000 0.500
v 12.500 6.000 1.500
v 12.500 6.000 2.500
v 13.500 -6.000 -2.500
v 13.500 -5.000 -2.500
v 13.500 -5.000 -1.500
v 13.500 -6.000 -1.500
v 13.500 -5.000 -0.500
v 13.500 -6.000 -0.500
v 13.500 -5.000 0.500
v 13.500 -6.000 0.500
v 13.500 -5.000 1.500
v 13.500 -6.000 1.500
v 13.500 -5.000 2.500
v 13.500 -6.000 2.500
v 13.500 -5.000 -4.500
v 13.500 -4.000 -4.500
v 13.500 -4.000 -3.500
v 13.500 -5.000 -3.500
v 13.500 -4.000 -2.500
v 13.500 -4.000 2.500
v 13.500 -4.000 3.500
v 13.500 -5.000 3.500
v 13.500 -4.000 4.500
v 13.500 -5.000 4.500
v 13.500 -4.000 -5.500
v 13.500 -3.000 -5.500
v 13.500 -3.000 -4.500
v 13.500 -3.000 4.500
v 13.500 -3.000 5.500
v 13.500 -4.000 5.500
v 13.500 -2.000 -5.500
v 13.500 -2.000 -4.500
v 13.500 -2.000 4.500
v 13.500 -2.000 5.500
v 13.500 -2.000 -6.500
v 13.500 -1.000 -6.500
v 13.500 -1.000 -5.500
v 13.500 -1.000 5.500
v 13.500 -1.000 6.500
v 13.500 -2.000 6.500
v 13.500 0.000 -6.500
v 13.500 0.000 -5.500
v 13.500 0.000 5.500
v 13.500 0.000 6.500
v 13.500 1.000 -6.500
v 13.500 1.000 -5.500
v 13.500 1.000 5.500
v 13.500 1.000 6.500
v 13.500 2.000 -6.500
v 13.500 2.000 -5.500
v 13.500 2.000 5.500
v 13.500 2.000 6.500
v 13.500 3.000 -5.500
v 13.500 3.000 -4.500
v 13.500 2.000 -4.500
v 13.500 2.000 4.500
v 13.500 3.000 4.500
v 13.500 3.000 5.500
v 13.500 4.000 -5.500
v 13.500 4.000 -4.500
v 13.500 4.000 4.500
v 13.500 4.000 5.500
v 13.500 5.000 -4.500
v 13.500 5.000 -3.500
v 13.500 4.000 -3.500
v 13.500 5.000 -2.500
v 13.500 4.000 -2.500
v 13.500 4.000 2.500
v 13.500 5.000 2.500
v 13.500 5.000 3.500
v 13.500 4.000 3.500
v 13.500 5.000 4.500
v 13.500 6.000 -2.500
v 13.500 6.000 -1.500
v 13.500 5.000 -1.500
v 13.500 6.000 -0.500
v 13.500 5.000 -0.500
v 13.500 6.000 0.500
v 13.500 5.000 0.500
v 13.500 6.000 1.500
v 13.500 5.000 1.500
v 13.500 6.000 2.500
v 14.500 -5.000 -2.500
v 14.500 -5.000 -1.500
v 14.500 -4.000 -2.500
v 14.500 -5.000 -0.500
v 14.500 -5.000 0.500
v 14.500 -5.000 1.500
v 14.500 -5.000 2.500
v 14.500 -4.000 2.500
v 14.500 -4.000 -4.500
v 14.500 -4.000 -3.500
v 14.500 -3.000 -4.500
v 14.500 -4.000 3.500
v 14.500 -4.000 4.500
v 14.500 -3.000 4.500
v 14.500 -2.000 -4.500
v 14.500 -2.000 4.500
v 14.500 -2.000 -5.500
v 14.500 -1.000 -5.500
v 14.500 -2.000 5.500
v 14.500 -1.000 5.500
v 14.500 0.000 -5.500
v 14.500 0.000 5.500
v 14.500 1.000 -5.500
v 14.500 1.000 5.500
v 14.500 2.000 -4.500
v 14.500 2.000 -5.500
v 14.500 2.000 5.500
v 14.500 2.000 4.500
v 14.500 3.000 -4.500
v 14.500 3.000 4.500
v 14.500 4.000 -3.500
v 14.500 4.000 -4.500
v 14.500 4.000 -2.500
v 14.500 4.000 3.500
v 14.500 4.000 2.500
v 14.500 4.000 4.500
v 14.500 5.000 -1.500
v 14.500 5.000 -2.500
v 14.500 5.000 -0.500
v 14.500 5.000 0.500
v 14.500 5.000 1.500
v 14.500 5.000 2.500
v 15.500 -5.000 -2.500
v 15.500 -4.000 -2.500
v 15.500 -4.000 -1.500
v 15.500 -5.000 -1.500
v 15.500 -4.000 -0.500
v 15.500 -5.000 -0.500
v 15.500 -4.000 0.500
v 15.500 -5.000 0.500
v 15.500 -4.000 1.500
v 15.500 -5.000 1.500
v 15.500 -4.000 2.500
v 15.500 -5.000 2.500
v 15.500 -4.000 -4.500
v 15.500 -3.000 -4.500
v 15.500 -3.000 -3.500
v 15.500 -4.000 -3.500
v 15.500 -3.000 -2.500
v 15.500 -3.000 2.500
v 15.500 -3.000 3.500
v 15.500 -4.000 3.500
v 15.500 -3.000 4.500
v 15.500 -4.000 4.500
v 15.500 -2.000 -4.500
v 15.500 -2.000 -3.500
v 15.500 -2.000 3.500
v 15.500 -2.000 4.500
v 15.500 -2.000 -5.500
v 15.500 -1.000 -5.500
v 15.500 -1.000 -4.500
v 15.500 -1.000 4.500
v 15.500 -1.000 5.500
v 15.500 -2.000 5.500
v 15.500 0.000 -5.500
v 15.500 0.000 -4.500
v 15.500 0.000 4.500
v 15.500 0.000 5.500
v 15.500 1.000 -5.500
v 15.500 1.000 -4.500
v 15.500 1.000 4.500
v 15.500 1.000 5.500
v 15.500 2.000 -5.500
v 15.500 2.000 -4.500
v 15.500 2.000 4.500
v 15.500 2.000 5.500
v 15.500 3.000 -4.500
v 15.500 3.000 -3.500
v 15.500 2.000 -3.500
v 15.500 2.000 3.500
v 15.500 3.000 3.500
v 15.500 3.000 4.500
v 15.500 4.000 -4.500
v 15.500 4.000 -3.500
v 15.500 4.000 -2.500
v 15.500 3.000 -2.500
v 15.500 3.000 2.500
v 15.500 4.000 2.500
v 15.500 4.000 3.500
v 15.500 4.000 4.500
v 15.500 5.000 -2.500
v 15.500 5.000 -1.500
v 15.500 4.000 -1.500
v 15.500 5.000 -0.500
v 15.500 4.000 -0.500
v 15.500 5.000 0.500
v 15.500 4.000 0.500
v 15.500 5.000 1.500
v 15.500 4.000 1.500
v 15.500 5.000 2.500
v 16.500 -4.000 -2.500
v 16.500 -4.000 -1.500
v 16.500 -3.000 -2.500
v 16.500 -4.000 -0.500
v 16.500 -4.000 0.500
v 16.500 -4.000 1.500
v 16.500 -4.000 2.500
v 16.500 -3.000 2.500
v 16.500 -3.000 -3.500
v 16.500 -2.000 -3.500
v 16.500 -3.000 3.500
v 16.500 -2.000 3.500
v 16.500 -2.000 -4.500
v 16.500 -1.000 -4.500
v 16.500 -2.000 4.500
v 16.500 -1.000 4.500
v 16.500 0.000 -4.500
v 16.500 0.000 4.500
v 16.500 1.000 -4.500
v 16.500 1.000 4.500
v 16.500 2.000 -3.500
v 16.500 2.000 -4.500
v 16.500 2.000 4.500
v 16.500 2.000 3.500
v 16.500 3.000 -2.500
v 16.500 3.000 -3.500
v 16.500 3.000 3.500
v 16.500 3.000 2.500
v 16.500 4.000 -1.500
v 16.500 4.000 -2.500
v 16.500 4.000 -0.500
v 16.500 4.000 0.500
v 16.500 4.000 1.500
v 16.500 4.000 2.500
v 17.500 -4.000 -2.500
v 17.500 -3.000 -2.500
v 17.500 -3.000 -1.500
v 17.500 -4.000 -1.500
v 17.500 -3.000 -0.500
v 17.500 -4.000 -0.500
v 17.500 -3.000 0.500
v 17.500 -4.000 0.500
v 17.500 -3.000 1.500
v 17.500 -4.000 1.500
v 17.500 -3.000 2.500
v 17.500 -4.000 2.500
v 17.500 -3.000 -3.500
v 17.500 -2.000 -3.500
v 17.500 -2.000 -2.500
v 17.500 -2.000 2.500
v 17.500 -2.000 3.500
v 17.500 -3.000 3.500
v 17.500 -2.000 -4.500
v 17.500 -1.000 -4.500
v 17.500 -1.000 -3.500
v 17.500 -1.000 3.500
v 17.500 -1.000 4.500
v 17.500 -2.000 4.500
v 17.500 0.000 -4.500
v 17.500 0.000 -3.500
v 17.500 0.000 3.500
v 17.500 0.000 4.500
v 17.500 1.000 -4.500
v 17.500 1.000 -3.500
v 17.500 1.000 3.500
v 17.500 1.000 4.500
v 17.500 2.000 -4.500
v 17.500 2.000 -3.500
v 17.500 2.000 3.500
v 17.500 2.000 4.500
v 17.500 3.000 -3.500
v 17.500 3.000 -2.500
v 17.500 2.000 -2.500
v 17.500 2.000 2.500
v 17.500 3.000 2.500
v 17.500 3.000 3.500
v 17.500 4.000 -2.500
v 17.500 4.000 -1.500
v 17.500 3.000 -1.500
v 17.500 4.000 -0.500
v 17.500 3.000 -0.500
v 17.500 4.000 0.500
v 17.500 3.000 0.500
v 17.500 4.000 1.500
v 17.500 3.000 1.500
v 17.500 4.000 2.500
v 18.500 -3.000 -2.500
v 18.500 -3.000 -1.500
v 18.500 -2.000 -2.500
v 18.500 -3.000 -0.500
v 18.500 -3.000 0.500
v 18.500 -3.000 1.500
v 18.500 -3.000 2.500
v 18.500 -2.000 2.500
v 18.500 -2.000 -3.500
v 18.500 -1.000 -3.500
v 18.500 -2.000 3.500
v 18.500 -1.000 3.500
v 18.500 0.000 -3.500
v 18.500 0.000 3.500
v 18.500 1.000 -3.500
v 18.500 1.000 3.500
v 18.500 2.000 -2.500
v 18.500 2.000 -3.500
v 18.500 2.000 3.500
v 18.500 2.000 2.500
v 18.500 3.000 -1.500
v 18.500 3.000 -2.500
v 18.500 3.000 -0.500
v 18.500 3.000 0.500
v 18.500 3.000 1.500
v 18.500 3.000 2.500
v 19.500 -3.000 -2.500
v 19.500 -2.000 -2.500
v 19.500 -2.000 -1.500
v 19.500 -3.000 -1.500
v 19.500 -2.000 -0.500
v 19.500 -3.000 -0.500
v 19.500 -2.000 0.500
v 19.500 -3.000 0.500
v 19.500 -2.000 1.500
v 19.500 -3.000 1.500
v 19.500 -2.000 2.500
v 19.500 -3.000 2.500
v 19.500 -2.000 -3.500
v 19.500 -1.000 -3.500
v 19.500 -1.000 -2.500
v 19.500 -1.000 -1.500
v 19.500 -1.000 1.500
v 19.500 -1.000 2.500
v 19.500 -1.000 3.500
v 19.500 -2.000 3.500
v 19.500 0.000 -3.500
v 19.500 0.000 -2.500
v 19.500 0.000 2.500
v 19.500 0.000 3.500
v 19.500 1.000 -3.500
v 19.500 1.000 -2.500
v 19.500 1.000 2.500
v 19.500 1.000 3.500
v 19.500 2.000 -3.500
v 19.500 2.000 -2.500
v 19.500 2.000 -1.500
v 19.500 1.000 -1.500
v 19.500 1.000 1.500
v 19.500 2.000 1.500
v 19.500 2.000 2.500
v 19.500 2.000 3.500
v 19.500 3.000 -2.500
v 19.500 3.000 -1.500
v 19.500 3.000 -0.500
v 19.500 2.000 -0.500
v 19.500 3.000 0.500
v 19.500 2.000 0.500
v 19.500 3.000 1.500
v 19.500 3.000 2.500
v 20.500 -2.000 -1.500
v 20.500 -1.000 -1.500
v 20.500 -1.000 -0.500
v 20.500 -2.000 -0.500
v 20.500 -1.000 0.500
v 20.500 -2.000 0.500
v 20.500 -1.000 1.500
v 20.500 -2.000 1.500
v 20.500 -1.000 -2.500
v 20.500 0.000 -2.500
v 20.500 0.000 -1.500
v 20.500 0.000 1.500
v 20.500 0.000 2.500
v 20.500 -1.000 2.500
v 20.500 1.000 -2.500
v 20.500 1.000 -1.500
v 20.500 1.000 1.500
v 20.500 1.000 2.500
v 20.500 2.000 -1.500
v 20.500 2.000 -0.500
v 20.500 1.000 -0.500
v 20.500 2.000 0.500
v 20.500 1.000 0.500
v 20.500 2.000 1.500
v 21.500 -1.000 -1.500
v 21.500 -1.000 -0.500
v 21.500 0.000 -1.500
v 21.500 -1.000 0.500
v 21.500 -1.000 1.500
v 21.500 0.000 1.500
v 21.500 1.000 -0.500
v 21.500 1.000 -1.500
v 21.500 1.000 0.500
v 21.500 1.000 1.500
v 22.500 -1.000 -1.500
v 22.500 0.000 -1.500
v 22.500 0.000 -0.500
v 22.500 -1.000 -0.500
v 22.500 0.000 0.500
v 22.500 -1.000 0.500
v 22.500 0.000 1.500
v 22.500 -1.000 1.500
v 22.500 1.000 -1.500
v 22.500 1.000 -0.500
v 22.500 1.000 0.500
v 22.500 1.000 1.500
f 1 2 3 4
f 1 4 5 6
f 5 4 3 7
f 8 9 2 1
f 8 1 6 10
f 11 12 9 8
f 11 8 10 13
f 14 15 12 11
f 14 11 13 16
f 17 18 15 14
f 17 14 16 19
f 20 21 18 17
f 20 17 19 22
f 23 24 21 20
f 23 20 22 25
f 23 25 26 24
f 27 28 29 30
f 27 30 31 32
f 31 30 29 33
f 3 34 28 27
f 3 27 32 7
f 2 35 34 3
f 9 36 35 2
f 12 37 36 9
f 15 38 37 12
f 18 39 38 15
f 21 40 39 18
f 24 41 40 21
f 42 43 41 24
f 42 24 26 44
f 45 46 43 42
f 45 42 44 47
f 45 47 48 46
f 29 49 50 51
f 29 51 52 33
f 52 51 50 53
f 28 54 49 29
f 34 55 54 28
f 35 56 55 34
f 36 57 56 35
f 37 58 57 36
f 38 59 58 37
f 39 60 59 38
f 40 61 60 39
f 41 62 61 40
f 43 63 62 41
f 46 64 63 43
f 65 66 64 46
f 65 46 48 67
f 65 67 68 66
f 50 69 70 71
f 50 71 72 53
f 72 71 70 73
f 49 74 69 50
f 54 75 74 49
f 55 76 75 54
f 56 77 76 55
f 57 78 77 56
f 58 79 78 57
f 59 80 79 58
f 60 81 80 59
f 61 82 81 60
f 62 83 82 61
f 63 84 83 62
f 64 85 84 63
f 66 86 85 64
f 87 88 86 66
f 87 66 68 89
f 87 89 90 88
f 69 91 92 70
f 73 70 92 93
f 74 94 91 69
f 75 95 94 74
f 76 96 95 75
f 77 97 96 76
f 78 98 97 77
f 79 99 98 78
f 80 100 99 79
f 81 101 100 80
f 82 102 101 81
f 83 103 102 82
f 84 104 103 83
f 85 105 104 84
f 86 106 105 85
f 88 107 106 86
f 88 90 108 107
f 92 109 110 111
f 92 111 112 93
f 112 111 110 113
f 91 114 109 92
f 94 115 114 91
f 95 116 115 94
f 96 117 116 95
f 97 118 117 96
f 98 119 118 97
f 99 120 119 98
f 100 121 120 99
f 101 122 121 100
f 102 123 122 101
f 103 124 123 102
f 104 125 124 103
f 105 126 125 104
f 106 127 126 105
f 107 128 127 106
f 129 130 128 107
f 129 107 108 131
f 129 131 132 130
f 109 133 134 110
f 113 110 134 135
f 114 136 133 109
f 115 137 136 114
f 116 138 137 115
f 117 139 138 116
f 118 140 139 117
f 119 141 140 118
f 120 142 141 119
f 121 143 142 120
f 122 144 143 121
f 123 145 144 122
f 124 146 145 123
f 125 147 146 124
f 126 148 147 125
f 127 149 148 126
f 128 150 149 127
f 130 151 150 128
f 130 132 152 151
f 133 153 154 134
f 135 134 154 155
f 136 156 153 133
f 137 157 156 136
f 138 158 157 137
f 139 159 158 138
f 140 160 159 139
f 141 161 160 140
f 142 162 161 141
f 143 163 162 142
f 144 164 163 143
f 145 165 164 144
f 146 166 165 145
f 147 167 166 146
f 148 168 167 147
f 149 169 168 148
f 150 170 169 149
f 151 171 170 150
f 151 152 172 171
f 153 173 174 154
f 155 154 174 175
f 156 176 173 153
f 157 177 176 156
f 158 178 177 157
f 159 179 178 158
f 160 180 179 159
f 161 181 180 160
f 162 182 181 161
f 163 183 182 162
f 164 184 183 163
f 165 185 184 164
f 166 186 185 165
f 167 187 186 166
f 168 188 187 167
f 169 189 188 168
f 170 190 189 169
f 171 191 190 170
f 171 172 192 191
f 173 193 194 174
f 175 174 194 195
f 176 196 193 173
f 177 197 196 176
f 178 198 197 177
f 179 199 198 178
f 180 200 199 179
f 181 201 200 180
f 182 202 201 181
f 183 203 202 182
f 184 204 203 183
f 185 205 204 184
f 186 206 205 185
f 187 207 206 186
f 188 208 207 187
f 189 209 208 188
f 190 210 209 189
f 191 211 210 190
f 191 192 212 211
f 193 213 214 194
f 214 213 215 216
f 195 194 214 216
f 196 217 213 193
f 197 218 217 196
f 198 219 218 197
f 199 220 219 198
f 200 221 220 199
f 201 222 221 200
f 202 223 222 201
f 203 224 223 202
f 204 225 224 203
f 205 226 225 204
f 206 227 226 205
f 207 228 227 206
f 208 229 228 207
f 209 230 229 208
f 210 231 230 209
f 211 232 231 210
f 231 232 233 234
f 211 212 233 232
f 217 235 236 213
f 215 213 236 237
f 218 238 235 217
f 219 239 238 218
f 220 240 239 219
f 221 241 240 220
f 222 242 241 221
f 223 243 242 222
f 224 244 243 223
f 225 245 244 224
f 226 246 245 225
f 227 247 246 226
f 228 248 247 227
f 229 249 248 228
f 230 250 249 229
f 231 251 250 230
f 231 234 252 251
f 235 253 254 236
f 254 253 255 256
f 237 236 254 256
f 238 257 253 235
f 239 258 257 238
f 240 259 258 239
f 241 260 259 240
f 242 261 260 241
f 243 262 261 242
f 244 263 262 243
f 245 264 263 244
f 246 265 264 245
f 247 266 265 246
f 248 267 266 247
f 249 268 267 248
f 250 269 268 249
f 251 270 269 250
f 269 270 271 272
f 251 252 271 270
f 257 273 274 253
f 274 273 275 276
f 255 253 274 276
f 258 277 273 257
f 259 278 277 258
f 260 279 278 259
f 261 280 279 260
f 262 281 280 261
f 263 282 281 262
f 264 283 282 263
f 265 284 283 264
f 266 285 284 265
f 267 286 285 266
f 268 287 286 267
f 269 288 287 268
f 287 288 289 290
f 269 272 289 288
f 277 291 292 273
f 292 291 293 294
f 275 273 292 294
f 278 295 291 277
f 291 295 296 293
f 279 297 295 278
f 280 298 297 279
f 281 299 298 280
f 282 300 299 281
f 283 301 300 282
f 284 302 301 283
f 285 303 302 284
f 286 304 303 285
f 303 304 305 306
f 287 307 304 286
f 304 307 308 305
f 287 290 308 307
f 297 309 310 295
f 310 309 311 312
f 296 295 310 312
f 298 313 309 297
f 309 313 314 311
f 299 315 313 298
f 313 315 316 314
f 300 317 315 299
f 315 317 318 316
f 301 319 317 300
f 317 319 320 318
f 302 321 319 301
f 319 321 322 320
f 303 323 321 302
f 321 323 324 322
f 303 306 324 323
f 325 326 327 328
f 329 6 5 330
f 329 330 325 328
f 325 330 5 326
f 328 327 331 332
f 333 10 6 329
f 333 329 328 332
f 332 331 334 335
f 336 13 10 333
f 336 333 332 335
f 335 334 337 338
f 339 16 13 336
f 339 336 335 338
f 338 337 340 341
f 342 19 16 339
f 342 339 338 341
f 341 340 343 344
f 345 22 19 342
f 345 342 341 344
f 344 343 346 347
f 348 25 22 345
f 348 345 344 347
f 348 347 346 25
f 349 350 351 352
f 353 32 31 354
f 353 354 349 352
f 349 354 31 350
f 352 351 355 326
f 5 7 32 353
f 5 353 352 326
f 346 356 357 358
f 359 44 26 25
f 359 25 346 358
f 358 357 360 361
f 362 47 44 359
f 362 359 358 361
f 362 361 360 47
f 363 364 365 350
f 31 33 52 366
f 31 366 363 350
f 363 366 52 364
f 360 367 368 369
f 370 67 48 47
f 370 47 360 369
f 370 369 368 67
f 371 372 373 364
f 52 53 72 374
f 52 374 371 364
f 371 374 72 372
f 368 375 376 377
f 378 89 68 67
f 378 67 368 377
f 378 377 376 89
f 379 380 381 372
f 72 73 382 383
f 72 383 379 372
f 379 383 382 380
f 376 384 385 386
f 387 388 90 89
f 387 89 376 386
f 387 386 385 388
f 380 389 390 381
f 73 93 112 382
f 380 382 112 389
f 384 391 392 385
f 388 131 108 90
f 388 385 392 131
f 393 394 395 389
f 112 113 396 397
f 112 397 393 389
f 393 397 396 394
f 392 398 399 400
f 401 402 132 131
f 401 131 392 400
f 401 400 399 402
f 394 403 404 395
f 113 135 405 396
f 394 396 405 403
f 398 406 407 399
f 402 408 152 132
f 402 399 407 408
f 403 409 410 404
f 135 155 411 405
f 403 405 411 409
f 406 412 413 407
f 408 414 172 152
f 408 407 413 414
f 409 415 416 410
f 155 175 417 411
f 409 411 417 415
f 412 418 419 413
f 414 420 192 172
f 414 413 419 420
f 415 421 422 416
f 175 195 423 417
f 415 417 423 421
f 418 424 425 419
f 420 426 212 192
f 420 419 425 426
f 421 427 428 422
f 195 216 429 423
f 429 216 428 427
f 421 423 429 427
f 424 430 431 425
f 426 432 233 212
f 233 432 431 430
f 426 425 431 432
f 428 433 434 435
f 215 237 436 216
f 428 216 436 433
f 437 438 439 430
f 233 440 252 234
f 233 430 439 440
f 433 441 442 434
f 237 256 443 436
f 443 256 442 441
f 433 436 443 441
f 438 444 445 439
f 440 446 271 252
f 271 446 445 444
f 440 439 445 446
f 442 447 448 449
f 255 276 450 256
f 450 276 448 447
f 442 256 450 447
f 451 452 453 444
f 271 454 289 272
f 289 454 453 452
f 271 444 453 454
f 448 455 456 457
f 275 294 458 276
f 458 294 456 455
f 448 276 458 455
f 459 460 461 452
f 289 462 308 290
f 308 462 461 460
f 289 452 461 462
f 456 463 464 465
f 293 466 467 294
f 467 466 464 463
f 456 294 467 463
f 465 464 468 469
f 296 312 466 293
f 466 312 468 464
f 470 471 472 473
f 305 474 324 306
f 324 474 472 471
f 473 472 475 460
f 308 476 474 305
f 474 476 475 472
f 308 460 475 476
f 468 477 478 479
f 311 480 481 312
f 481 480 478 477
f 468 312 481 477
f 479 478 482 483
f 314 484 480 311
f 480 484 482 478
f 483 482 485 486
f 316 487 484 314
f 484 487 485 482
f 486 485 488 489
f 318 490 487 316
f 487 490 488 485
f 489 488 491 492
f 320 493 490 318
f 490 493 491 488
f 492 491 494 495
f 322 496 493 320
f 493 496 494 491
f 495 494 497 471
f 324 498 496 322
f 496 498 497 494
f 324 471 497 498
f 499 500 501 502
f 327 326 499 502
f 499 326 355 500
f 502 501 503 504
f 331 327 502 504
f 504 503 505 506
f 334 331 504 506
f 506 505 507 508
f 337 334 506 508
f 508 507 509 510
f 340 337 508 510
f 510 509 511 512
f 343 340 510 512
f 512 511 513 514
f 346 343 512 514
f 346 514 513 356
f 515 516 517 518
f 351 350 515 518
f 515 350 365 516
f 518 517 519 500
f 355 351 518 500
f 513 520 521 522
f 357 356 513 522
f 522 521 523 524
f 360 357 522 524
f 360 524 523 367
f 525 526 527 516
f 365 364 525 516
f 525 364 373 526
f 516 527 528 517
f 521 529 530 523
f 523 530 531 532
f 368 367 523 532
f 368 532 531 375
f 533 534 535 526
f 373 372 533 526
f 533 372 381 534
f 526 535 536 527
f 530 537 538 531
f 531 538 539 540
f 376 375 531 540
f 376 540 539 384
f 534 541 542 535
f 534 381 390 541
f 538 543 544 539
f 384 539 544 391
f 545 546 547 541
f 390 389 545 541
f 545 389 395 546
f 544 548 549 550
f 392 391 544 550
f 392 550 549 398
f 546 551 552 547
f 546 395 404 551
f 548 553 554 549
f 398 549 554 406
f 551 555 556 552
f 551 404 410 555
f 553 557 558 554
f 406 554 558 412
f 555 559 560 556
f 555 410 416 559
f 557 561 562 558
f 412 558 562 418
f 559 563 564 560
f 559 416 422 563
f 561 565 566 562
f 418 562 566 424
f 563 567 568 564
f 428 435 568 567
f 563 422 428 567
f 565 569 570 566
f 437 430 570 569
f 424 566 570 430
f 568 571 572 573
f 568 435 434 571
f 574 575 576 569
f 437 569 576 438
f 571 577 578 572
f 442 449 578 577
f 571 434 442 577
f 572 578 579 580
f 581 582 583 575
f 575 583 584 576
f 451 444 584 583
f 438 576 584 444
f 578 585 586 579
f 448 457 586 585
f 578 449 448 585
f 579 586 587 588
f 589 590 591 582
f 582 591 592 583
f 459 452 592 591
f 451 583 592 452
f 586 593 594 587
f 456 465 594 593
f 586 457 456 593
f 587 594 595 596
f 465 469 595 594
f 597 598 599 590
f 470 473 599 598
f 590 599 600 591
f 473 460 600 599
f 459 591 600 460
f 595 601 602 603
f 468 479 602 601
f 595 469 468 601
f 603 602 604 605
f 479 483 604 602
f 605 604 606 607
f 483 486 606 604
f 607 606 608 609
f 486 489 608 606
f 609 608 610 611
f 489 492 610 608
f 611 610 612 613
f 492 495 612 610
f 613 612 614 598
f 495 471 614 612
f 470 598 614 471
f 501 500 615 616
f 615 500 519 617
f 503 501 616 618
f 505 503 618 619
f 507 505 619 620
f 509 507 620 621
f 511 509 621 622
f 513 511 622 623
f 513 623 624 520
f 519 517 625 617
f 625 517 528 626
f 521 520 624 627
f 521 627 628 529
f 528 527 629 626
f 629 527 536 630
f 530 529 628 631
f 530 631 632 537
f 536 535 633 630
f 633 535 542 634
f 538 537 632 635
f 538 635 636 543
f 542 541 637 634
f 637 541 547 638
f 544 543 636 639
f 544 639 640 548
f 638 547 552 641
f 548 640 642 553
f 641 552 556 643
f 553 642 644 557
f 643 556 560 645
f 557 644 646 561
f 645 560 564 647
f 561 646 648 565
f 568 573 649 650
f 647 564 568 650
f 574 569 651 652
f 565 648 651 569
f 572 580 653 654
f 649 573 572 654
f 581 575 655 656
f 574 652 655 575
f 579 588 657 658
f 653 580 579 658
f 589 582 659 660
f 581 656 659 582
f 587 596 661 662
f 657 588 587 662
f 597 590 663 664
f 589 660 663 590
f 595 603 665 666
f 661 596 595 666
f 603 605 667 665
f 605 607 668 667
f 607 609 669 668
f 609 611 670 669
f 611 613 671 670
f 613 598 672 671
f 597 664 672 598
f 673 616 615 674
f 673 674 675 676
f 675 674 615 677
f 678 618 616 673
f 678 673 676 679
f 680 619 618 678
f 680 678 679 681
f 682 620 619 680
f 682 680 681 683
f 684 621 620 682
f 684 682 683 685
f 686 622 621 684
f 686 684 685 687
f 688 623 622 686
f 688 686 687 689
f 688 689 690 623
f 691 625 692 693
f 691 693 694 695
f 694 693 692 696
f 615 617 625 691
f 615 691 695 677
f 697 627 624 623
f 697 623 690 698
f 699 700 627 697
f 699 697 698 701
f 699 701 702 700
f 692 629 703 704
f 692 704 705 696
f 705 704 703 706
f 625 626 629 692
f 700 631 628 627
f 707 708 631 700
f 707 700 702 709
f 707 709 710 708
f 703 633 711 712
f 703 712 713 706
f 713 712 711 714
f 629 630 633 703
f 708 635 632 631
f 715 716 635 708
f 715 708 710 717
f 715 717 718 716
f 633 634 637 711
f 714 711 637 719
f 716 639 636 635
f 716 718 720 639
f 637 638 721 722
f 637 722 723 719
f 723 722 721 724
f 725 726 640 639
f 725 639 720 727
f 725 727 728 726
f 638 641 729 721
f 724 721 729 730
f 726 731 642 640
f 726 728 732 731
f 641 643 733 729
f 730 729 733 734
f 731 735 644 642
f 731 732 736 735
f 643 645 737 733
f 734 733 737 738
f 735 739 646 644
f 735 736 740 739
f 645 647 741 737
f 738 737 741 742
f 739 743 648 646
f 739 740 744 743
f 647 650 745 741
f 745 650 746 747
f 742 741 745 747
f 743 748 651 648
f 651 748 749 750
f 743 744 749 748
f 649 654 751 650
f 746 650 751 752
f 651 753 655 652
f 651 750 754 753
f 654 755 756 751
f 756 755 757 758
f 752 751 756 758
f 653 658 755 654
f 655 759 659 656
f 753 760 759 655
f 759 760 761 762
f 753 754 761 760
f 658 763 764 755
f 764 763 765 766
f 757 755 764 766
f 657 662 763 658
f 659 767 663 660
f 759 768 767 659
f 767 768 769 770
f 759 762 769 768
f 662 771 772 763
f 772 771 773 774
f 765 763 772 774
f 661 666 771 662
f 771 666 775 773
f 663 776 672 664
f 672 776 777 778
f 767 779 776 663
f 776 779 780 777
f 767 770 780 779
f 665 781 782 666
f 782 781 783 784
f 775 666 782 784
f 667 785 781 665
f 781 785 786 783
f 668 787 785 667
f 785 787 788 786
f 669 789 787 668
f 787 789 790 788
f 670 791 789 669
f 789 791 792 790
f 671 793 791 670
f 791 793 794 792
f 672 795 793 671
f 793 795 796 794
f 672 778 796 795
f 676 675 797 798
f 797 675 677 799
f 679 676 798 800
f 681 679 800 801
f 683 681 801 802
f 685 683 802 803
f 687 685 803 804
f 689 687 804 805
f 689 805 806 690
f 695 694 807 808
f 807 694 696 809
f 677 695 808 799
f 698 690 806 810
f 701 698 810 811
f 701 811 812 702
f 696 705 813 809
f 813 705 706 814
f 709 702 812 815
f 709 815 816 710
f 706 713 817 814
f 817 713 714 818
f 717 710 816 819
f 717 819 820 718
f 818 714 719 821
f 718 820 822 720
f 719 723 823 821
f 823 723 724 824
f 727 720 822 825
f 727 825 826 728
f 824 724 730 827
f 728 826 828 732
f 827 730 734 829
f 732 828 830 736
f 829 734 738 831
f 736 830 832 740
f 831 738 742 833
f 740 832 834 744
f 747 746 835 836
f 833 742 747 836
f 750 749 837 838
f 744 834 837 749
f 835 746 752 839
f 750 838 840 754
f 758 757 841 842
f 839 752 758 842
f 762 761 843 844
f 754 840 843 761
f 766 765 845 846
f 841 757 766 846
f 770 769 847 848
f 762 844 847 769
f 774 773 849 850
f 845 765 774 850
f 773 775 851 849
f 778 777 852 853
f 777 780 854 852
f 770 848 854 780
f 784 783 855 856
f 851 775 784 856
f 783 786 857 855
f 786 788 858 857
f 788 790 859 858
f 790 792 860 859
f 792 794 861 860
f 794 796 862 861
f 778 853 862 796
f 863 864 865 866
f 867 798 797 868
f 867 868 863 866
f 863 868 797 864
f 866 865 869 870
f 871 800 798 867
f 871 867 866 870
f 870 869 872 873
f 874 801 800 871
f 874 871 870 873
f 873 872 875 876
f 877 802 801 874
f 877 874 873 876
f 876 875 878 879
f 880 803 802 877
f 880 877 876 879
f 879 878 881 882
f 883 804 803 880
f 883 880 879 882
f 882 881 884 885
f 886 805 804 883
f 886 883 882 885
f 886 885 884 805
f 887 888 889 890
f 891 808 807 892
f 891 892 887 890
f 887 892 807 888
f 890 889 893 864
f 797 799 808 891
f 797 891 890 864
f 884 894 895 896
f 897 810 806 805
f 897 805 884 896
f 896 895 898 899
f 900 811 810 897
f 900 897 896 899
f 900 899 898 811
f 901 902 903 888
f 807 809 813 904
f 807 904 901 888
f 901 904 813 902
f 898 905 906 907
f 908 815 812 811
f 908 811 898 907
f 908 907 906 815
f 909 910 911 902
f 813 814 817 912
f 813 912 909 902
f 909 912 817 910
f 906 913 914 915
f 916 819 816 815
f 916 815 906 915
f 916 915 914 819
f 917 918 919 910
f 817 818 920 921
f 817 921 917 910
f 917 921 920 918
f 914 922 923 924
f 925 926 820 819
f 925 819 914 924
f 925 924 923 926
f 918 927 928 919
f 818 821 823 920
f 918 920 823 927
f 922 929 930 923
f 926 825 822 820
f 926 923 930 825
f 931 932 933 927
f 823 824 934 935
f 823 935 931 927
f 931 935 934 932
f 930 936 937 938
f 939 940 826 825
f 939 825 930 938
f 939 938 937 940
f 932 941 942 933
f 824 827 943 934
f 932 934 943 941
f 936 944 945 937
f 940 946 828 826
f 940 937 945 946
f 941 947 948 942
f 827 829 949 943
f 941 943 949 947
f 944 950 951 945
f 946 952 830 828
f 946 945 951 952
f 947 953 954 948
f 829 831 955 949
f 947 949 955 953
f 950 956 957 951
f 952 958 832 830
f 952 951 957 958
f 953 959 960 954
f 831 833 961 955
f 953 955 961 959
f 956 962 963 957
f 958 964 834 832
f 958 957 963 964
f 959 965 966 960
f 833 836 967 961
f 967 836 966 965
f 959 961 967 965
f 962 968 969 963
f 964 970 837 834
f 837 970 969 968
f 964 963 969 970
f 966 971 972 973
f 835 839 974 836
f 966 836 974 971
f 975 976 977 968
f 837 978 840 838
f 837 968 977 978
f 971 979 980 972
f 839 842 981 974
f 981 842 980 979
f 971 974 981 979
f 976 982 983 977
f 978 984 843 840
f 843 984 983 982
f 978 977 983 984
f 980 985 986 987
f 841 846 988 842
f 988 846 986 985
f 980 842 988 985
f 989 990 991 982
f 843 992 847 844
f 847 992 991 990
f 843 982 991 992
f 986 993 994 995
f 845 850 996 846
f 996 850 994 993
f 986 846 996 993
f 997 998 999 990
f 847 1000 854 848
f 854 1000 999 998
f 847 990 999 1000
f 994 1001 1002 1003
f 849 1004 1005 850
f 1005 1004 1002 1001
f 994 850 1005 1001
f 1003 1002 1006 1007
f 851 856 1004 849
f 1004 856 1006 1002
f 1008 1009 1010 1011
f 852 1012 862 853
f 862 1012 1010 1009
f 1011 1010 1013 998
f 854 1014 1012 852
f 1012 1014 1013 1010
f 854 998 1013 1014
f 1006 1015 1016 1017
f 855 1018 1019 856
f 1019 1018 1016 1015
f 1006 856 1019 1015
f 1017 1016 1020 1021
f 857 1022 1018 855
f 1018 1022 1020 1016
f 1021 1020 1023 1024
f 858 1025 1022 857
f 1022 1025 1023 1020
f 1024 1023 1026 1027
f 859 1028 1025 858
f 1025 1028 1026 1023
f 1027 1026 1029 1030
f 860 1031 1028 859
f 1028 1031 1029 1026
f 1030 1029 1032 1033
f 861 1034 1031 860
f 1031 1034 1032 1029
f 1033 1032 1035 1009
f 862 1036 1034 861
f 1034 1036 1035 1032
f 862 1009 1035 1036
f 865 864 1037 1038
f 1037 864 893 1039
f 869 865 1038 1040
f 872 869 1040 1041
f 875 872 1041 1042
f 878 875 1042 1043
f 881 878 1043 1044
f 884 881 1044 1045
f 884 1045 1046 894
f 889 888 1047 1048
f 1047 888 903 1049
f 893 889 1048 1039
f 895 894 1046 1050
f 898 895 1050 1051
f 898 1051 1052 905
f 903 902 1053 1049
f 1053 902 911 1054
f 906 905 1052 1055
f 906 1055 1056 913
f 911 910 1057 1054
f 1057 910 919 1058
f 914 913 1056 1059
f 914 1059 1060 922
f 1058 919 928 1061
f 922 1060 1062 929
f 928 927 1063 1061
f 1063 927 933 1064
f 930 929 1062 1065
f 930 1065 1066 936
f 1064 933 942 1067
f 936 1066 1068 944
f 1067 942 948 1069
f 944 1068 1070 950
f 1069 948 954 1071
f 950 1070 1072 956
f 1071 954 960 1073
f 956 1072 1074 962
f 966 973 1075 1076
f 1073 960 966 1076
f 975 968 1077 1078
f 962 1074 1077 968
f 1075 973 972 1079
f 975 1078 1080 976
f 980 987 1081 1082
f 1079 972 980 1082
f 989 982 1083 1084
f 976 1080 1083 982
f 986 995 1085 1086
f 1081 987 986 1086
f 997 990 1087 1088
f 989 1084 1087 990
f 994 1003 1089 1090
f 1085 995 994 1090
f 1003 1007 1091 1089
f 1008 1011 1092 1093
f 1011 998 1094 1092
f 997 1088 1094 998
f 1006 1017 1095 1096
f 1091 1007 1006 1096
f 1017 1021 1097 1095
f 1021 1024 1098 1097
f 1024 1027 1099 1098
f 1027 1030 1100 1099
f 1030 1033 1101 1100
f 1033 1009 1102 1101
f 1008 1093 1102 1009
f 1103 1104 1105 1106
f 1038 1037 1103 1106
f 1103 1037 1039 1104
f 1106 1105 1107 1108
f 1040 1038 1106 1108
f 1108 1107 1109 1110
f 1041 1040 1108 1110
f 1110 1109 1111 1112
f 1042 1041 1110 1112
f 1112 1111 1113 1114
f 1043 1042 1112 1114
f 1114 1113 1115 1116
f 1044 1043 1114 1116
f 1116 1115 1117 1118
f 1045 1044 1116 1118
f 1045 1118 1117 1046
f 1119 1120 1121 1122
f 1048 1047 1119 1122
f 1119 1047 1049 1120
f 1122 1121 1123 1104
f 1039 1048 1122 1104
f 1104 1123 1124 1105
f 1105 1124 1125 1107
f 1107 1125 1126 1109
f 1109 1126 1127 1111
f 1111 1127 1128 1113
f 1113 1128 1129 1115
f 1115 1129 1130 1117
f 1117 1130 1131 1132
f 1050 1046 1117 1132
f 1132 1131 1133 1134
f 1051 1050 1132 1134
f 1051 1134 1133 1052
f 1135 1136 1137 1120
f 1049 1053 1135 1120
f 1135 1053 1054 1136
f 1120 1137 1138 1121
f 1121 1138 1139 1123
f 1123 1139 1140 1124
f 1124 1140 1141 1125
f 1125 1141 1142 1126
f 1126 1142 1143 1127
f 1127 1143 1144 1128
f 1128 1144 1145 1129
f 1129 1145 1146 1130
f 1130 1146 1147 1131
f 1131 1147 1148 1133
f 1133 1148 1149 1150
f 1055 1052 1133 1150
f 1055 1150 1149 1056
f 1151 1152 1153 1136
f 1054 1057 1151 1136
f 1151 1057 1058 1152
f 1136 1153 1154 1137
f 1137 1154 1155 1138
f 1138 1155 1156 1139
f 1139 1156 1157 1140
f 1140 1157 1158 1141
f 1141 1158 1159 1142
f 1142 1159 1160 1143
f 1143 1160 1161 1144
f 1144 1161 1162 1145
f 1145 1162 1163 1146
f 1146 1163 1164 1147
f 1147 1164 1165 1148
f 1148 1165 1166 1149
f 1149 1166 1167 1168
f 1059 1056 1149 1168
f 1059 1168 1167 1060
f 1152 1169 1170 1153
f 1152 1058 1061 1169
f 1153 1170 1171 1154
f 1154 1171 1172 1155
f 1155 1172 1173 1156
f 1156 1173 1174 1157
f 1157 1174 1175 1158
f 1158 1175 1176 1159
f 1159 1176 1177 1160
f 1160 1177 1178 1161
f 1161 1178 1179 1162
f 1162 1179 1180 1163
f 1163 1180 1181 1164
f 1164 1181 1182 1165
f 1165 1182 1183 1166
f 1166 1183 1184 1167
f 1060 1167 1184 1062
f 1185 1186 1187 1169
f 1061 1063 1185 1169
f 1185 1063 1064 1186
f 1169 1187 1188 1170
f 1170 1188 1189 1171
f 1171 1189 1190 1172
f 1172 1190 1191 1173
f 1173 1191 1192 1174
f 1174 1192 1193 1175
f 1175 1193 1194 1176
f 1176 1194 1195 1177
f 1177 1195 1196 1178
f 1178 1196 1197 1179
f 1179 1197 1198 1180
f 1180 1198 1199 1181
f 1181 1199 1200 1182
f 1182 1200 1201 1183
f 1183 1201 1202 1184
f 1184 1202 1203 1204
f 1065 1062 1184 1204
f 1065 1204 1203 1066
f 1186 1205 1206 1187
f 1186 1064 1067 1205
f 1187 1206 1207 1188
f 1188 1207 1208 1189
f 1189 1208 1209 1190
f 1190 1209 1210 1191
f 1191 1210 1211 1192
f 1192 1211 1212 1193
f 1196 1213 1214 1197
f 1197 1214 1215 1198
f 1198 1215 1216 1199
f 1199 1216 1217 1200
f 1200 1217 1218 1201
f 1201 1218 1219 1202
f 1202 1219 1220 1203
f 1066 1203 1220 1068
f 1205 1221 1222 1206
f 1205 1067 1069 1221
f 1206 1222 1223 1207
f 1207 1223 1224 1208
f 1208 1224 1225 1209
f 1209 1225 1226 1210
f 1210 1226 1227 1211
f 1214 1228 1229 1215
f 1215 1229 1230 1216
f 1216 1230 1231 1217
f 1217 1231 1232 1218
f 1218 1232 1233 1219
f 1219 1233 1234 1220
f 1068 1220 1234 1070
f 1221 1235 1236 1222
f 1221 1069 1071 1235
f 1222 1236 1237 1223
f 1223 1237 1238 1224
f 1224 1238 1239 1225
f 1225 1239 1240 1226
f 1226 1240 1241 1227
f 1228 1242 1243 1229
f 1229 1243 1244 1230
f 1230 1244 1245 1231
f 1231 1245 1246 1232
f 1232 1246 1247 1233
f 1233 1247 1248 1234
f 1070 1234 1248 1072
f 1235 1249 1250 1236
f 1235 1071 1073 1249
f 1236 1250 1251 1237
f 1237 1251 1252 1238
f 1238 1252 1253 1239
f 1239 1253 1254 1240
f 1240 1254 1255 1241
f 1241 1255 1256 1257
f 1258 1259 1260 1242
f 1242 1260 1261 1243
f 1243 1261 1262 1244
f 1244 1262 1263 1245
f 1245 1263 1264 1246
f 1246 1264 1265 1247
f 1247 1265 1266 1248
f 1072 1248 1266 1074
f 1249 1267 1268 1250
f 1076 1075 1268 1267
f 1249 1073 1076 1267
f 1250 1268 1269 1251
f 1251 1269 1270 1252
f 1252 1270 1271 1253
f 1253 1271 1272 1254
f 1254 1272 1273 1255
f 1255 1273 1274 1256
f 1256 1274 1275 1276
f 1276 1275 1277 1278
f 1278 1277 1279 1259
f 1259 1279 1280 1260
f 1260 1280 1281 1261
f 1261 1281 1282 1262
f 1262 1282 1283 1263
f 1263 1283 1284 1264
f 1264 1284 1285 1265
f 1265 1285 1286 1266
f 1078 1077 1286 1285
f 1074 1266 1286 1077
f 1268 1287 1288 1269
f 1268 1075 1079 1287
f 1269 1288 1289 1270
f 1270 1289 1290 1271
f 1271 1290 1291 1272
f 1272 1291 1292 1273
f 1273 1292 1293 1274
f 1274 1293 1294 1275
f 1275 1294 1295 1277
f 1277 1295 1296 1279
f 1279 1296 1297 1280
f 1280 1297 1298 1281
f 1281 1298 1299 1282
f 1282 1299 1300 1283
f 1283 1300 1301 1284
f 1284 1301 1302 1285
f 1078 1285 1302 1080
f 1287 1303 1304 1288
f 1082 1081 1304 1303
f 1287 1079 1082 1303
f 1288 1304 1305 1289
f 1289 1305 1306 1290
f 1290 1306 1307 1291
f 1291 1307 1308 1292
f 1292 1308 1309 1293
f 1293 1309 1310 1294
f 1294 1310 1311 1295
f 1295 1311 1312 1296
f 1296 1312 1313 1297
f 1297 1313 1314 1298
f 1298 1314 1315 1299
f 1299 1315 1316 1300
f 1300 1316 1317 1301
f 1301 1317 1318 1302
f 1084 1083 1318 1317
f 1080 1302 1318 1083
f 1304 1319 1320 1305
f 1086 1085 1320 1319
f 1304 1081 1086 1319
f 1305 1320 1321 1306
f 1306 1321 1322 1307
f 1307 1322 1323 1308
f 1308 1323 1324 1309
f 1309 1324 1325 1310
f 1310 1325 1326 1311
f 1311 1326 1327 1312
f 1312 1327 1328 1313
f 1313 1328 1329 1314
f 1314 1329 1330 1315
f 1315 1330 1331 1316
f 1316 1331 1332 1317
f 1088 1087 1332 1331
f 1084 1317 1332 1087
f 1320 1333 1334 1321
f 1090 1089 1334 1333
f 1320 1085 1090 1333
f 1321 1334 1335 1322
f 1089 1091 1335 1334
f 1322 1335 1336 1323
f 1323 1336 1337 1324
f 1324 1337 1338 1325
f 1325 1338 1339 1326
f 1326 1339 1340 1327
f 1327 1340 1341 1328
f 1328 1341 1342 1329
f 1329 1342 1343 1330
f 1093 1092 1343 1342
f 1330 1343 1344 1331
f 1092 1094 1344 1343
f 1088 1331 1344 1094
f 1335 1345 1346 1336
f 1096 1095 1346 1345
f 1335 1091 1096 1345
f 1336 1346 1347 1337
f 1095 1097 1347 1346
f 1337 1347 1348 1338
f 1097 1098 1348 1347
f 1338 1348 1349 1339
f 1098 1099 1349 1348
f 1339 1349 1350 1340
f 1099 1100 1350 1349
f 1340 1350 1351 1341
f 1100 1101 1351 1350
f 1341 1351 1352 1342
f 1101 1102 1352 1351
f 1093 1342 1352 1102
f 1194 1193 1353 1354
f 1353 1193 1212 1355
f 1195 1194 1354 1356
f 1196 1195 1356 1357
f 1196 1357 1358 1213
f 1212 1211 1359 1355
f 1359 1211 1227 1360
f 1214 1213 1358 1361
f 1214 1361 1362 1228
f 1241 1257 1363 1364
f 1360 1227 1241 1364
f 1258 1242 1365 1366
f 1228 1362 1365 1242
f 1256 1276 1367 1368
f 1363 1257 1256 1368
f 1276 1278 1369 1367
f 1278 1259 1370 1369
f 1258 1366 1370 1259
f 1354 1353 1371 1372
f 1371 1353 1355 1373
f 1356 1354 1372 1374
f 1357 1356 1374 1375
f 1357 1375 1376 1358
f 1355 1359 1377 1373
f 1377 1359 1360 1378
f 1361 1358 1376 1379
f 1361 1379 1380 1362
f 1364 1363 1381 1382
f 1378 1360 1364 1382
f 1366 1365 1383 1384
f 1362 1380 1383 1365
f 1368 1367 1385 1386
f 1381 1363 1368 1386
f 1367 1369 1387 1385
f 1369 1370 1388 1387
f 1366 1384 1388 1370
f 1372 1371 1389 1390
f 1389 1371 1373 1391
f 1374 1372 1390 1392
f 1375 1374 1392 1393
f 1375 1393 1394 1376
f 1373 1377 1395 1391
f 1395 1377 1378 1396
f 1379 1376 1394 1397
f 1379 1397 1398 1380
f 1382 1381 1399 1400
f 1396 1378 1382 1400
f 1384 1383 1401 1402
f 1380 1398 1401 1383
f 1386 1385 1403 1404
f 1399 1381 1386 1404
f 1385 1387 1405 1403
f 1387 1388 1406 1405
f 1384 1402 1406 1388
f 1390 1389 1407 1408
f 1407 1389 1391 1409
f 1392 1390 1408 1410
f 1393 1392 1410 1411
f 1393 1411 1412 1394
f 1391 1395 1413 1409
f 1413 1395 1396 1414
f 1397 1394 1412 1415
f 1397 1415 1416 1398
f 1400 1399 1417 1418
f 1414 1396 1400 1418
f 1402 1401 1419 1420
f 1398 1416 1419 1401
f 1404 1403 1421 1422
f 1417 1399 1404 1422
f 1403 1405 1423 1421
f 1405 1406 1424 1423
f 1402 1420 1424 1406
f 1408 1407 1425 1426
f 1425 1407 1409 1427
f 1410 1408 1426 1428
f 1411 1410 1428 1429
f 1411 1429 1430 1412
f 1409 1413 1431 1427
f 1431 1413 1414 1432
f 1415 1412 1430 1433
f 1415 1433 1434 1416
f 1418 1417 1435 1436
f 1432 1414 1418 1436
f 1420 1419 1437 1438
f 1416 1434 1437 1419
f 1422 1421 1439 1440
f 1435 1417 1422 1440
f 1421 1423 1441 1439
f 1423 1424 1442 1441
f 1420 1438 1442 1424
f 1443 1444 1445 1446
f 1443 1446 1447 1448
f 1447 1446 1445 1449
f 1450 1451 1444 1443
f 1450 1443 1448 1452
f 1453 1454 1451 1450
f 1453 1450 1452 1455
f 1456 1457 1454 1453
f 1456 1453 1455 1458
f 1459 1460 1457 1456
f 1459 1456 1458 1461
f 1459 1461 1462 1460
f 1445 1463 1464 1465
f 1445 1465 1466 1449
f 1466 1465 1464 1467
f 1444 1425 1463 1445
f 1451 1426 1425 1444
f 1454 1428 1426 1451
f 1457 1429 1428 1454
f 1460 1468 1429 1457
f 1469 1470 1468 1460
f 1469 1460 1462 1471
f 1469 1471 1472 1470
f 1464 1473 1474 1475
f 1464 1475 1476 1467
f 1476 1475 1474 1477
f 1463 1431 1473 1464
f 1425 1427 1431 1463
f 1468 1433 1430 1429
f 1470 1478 1433 1468
f 1479 1480 1478 1470
f 1479 1470 1472 1481
f 1479 1481 1482 1480
f 1473 1483 1484 1474
f 1477 1474 1484 1485
f 1431 1432 1483 1473
f 1478 1486 1434 1433
f 1480 1487 1486 1478
f 1480 1482 1488 1487
f 1483 1489 1490 1484
f 1485 1484 1490 1491
f 1432 1436 1489 1483
f 1486 1492 1437 1434
f 1487 1493 1492 1486
f 1487 1488 1494 1493
f 1489 1495 1496 1490
f 1496 1495 1497 1498
f 1491 1490 1496 1498
f 1436 1499 1495 1489
f 1435 1440 1499 1436
f 1437 1500 1442 1438
f 1492 1501 1500 1437
f 1493 1502 1501 1492
f 1501 1502 1503 1504
f 1493 1494 1503 1502
f 1499 1505 1506 1495
f 1506 1505 1507 1508
f 1497 1495 1506 1508
f 1440 1509 1505 1499
f 1439 1510 1509 1440
f 1441 1511 1510 1439
f 1442 1512 1511 1441
f 1500 1513 1512 1442
f 1501 1514 1513 1500
f 1513 1514 1515 1516
f 1501 1504 1515 1514
f 1509 1517 1518 1505
f 1518 1517 1519 1520
f 1507 1505 1518 1520
f 1510 1521 1517 1509
f 1517 1521 1522 1519
f 1511 1523 1521 1510
f 1521 1523 1524 1522
f 1512 1525 1523 1511
f 1523 1525 1526 1524
f 1513 1527 1525 1512
f 1525 1527 1528 1526
f 1513 1516 1528 1527
f 1529 1530 1531 1532
f 1529 1532 1533 1534
f 1533 1532 1531 1535
f 1536 1537 1530 1529
f 1536 1529 1534 1538
f 1539 1540 1537 1536
f 1539 1536 1538 1541
f 1542 1543 1540 1539
f 1542 1539 1541 1544
f 1545 1546 1543 1542
f 1545 1542 1544 1547
f 1545 1547 1548 1546
f 1549 1550 1551 1552
f 1549 1552 1553 1554
f 1553 1552 1551 1555
f 1531 1447 1550 1549
f 1531 1549 1554 1535
f 1530 1448 1447 1531
f 1537 1452 1448 1530
f 1540 1455 1452 1537
f 1543 1458 1455 1540
f 1546 1461 1458 1543
f 1556 1557 1461 1546
f 1556 1546 1548 1558
f 1559 1560 1557 1556
f 1559 1556 1558 1561
f 1559 1561 1562 1560
f 1551 1563 1564 1565
f 1551 1565 1566 1555
f 1566 1565 1564 1567
f 1550 1466 1563 1551
f 1447 1449 1466 1550
f 1557 1471 1462 1461
f 1560 1568 1471 1557
f 1569 1570 1568 1560
f 1569 1560 1562 1571
f 1569 1571 1572 1570
f 1563 1476 1573 1564
f 1567 1564 1573 1574
f 1466 1467 1476 1563
f 1568 1481 1472 1471
f 1570 1575 1481 1568
f 1570 1572 1576 1575
f 1573 1577 1578 1579
f 1573 1579 1580 1574
f 1580 1579 1578 1581
f 1476 1477 1577 1573
f 1575 1582 1482 1481
f 1583 1584 1582 1575
f 1583 1575 1576 1585
f 1583 1585 1586 1584
f 1577 1587 1588 1578
f 1581 1578 1588 1589
f 1477 1485 1587 1577
f 1582 1590 1488 1482
f 1584 1591 1590 1582
f 1584 1586 1592 1591
f 1587 1593 1594 1588
f 1589 1588 1594 1595
f 1485 1491 1593 1587
f 1590 1596 1494 1488
f 1591 1597 1596 1590
f 1591 1592 1598 1597
f 1593 1599 1600 1594
f 1600 1599 1601 1602
f 1595 1594 1600 1602
f 1491 1498 1599 1593
f 1596 1603 1503 1494
f 1597 1604 1603 1596
f 1603 1604 1605 1606
f 1597 1598 1605 1604
f 1498 1607 1608 1599
f 1601 1599 1608 1609
f 1497 1508 1607 1498
f 1503 1610 1515 1504
f 1603 1611 1610 1503
f 1603 1606 1612 1611
f 1607 1613 1614 1608
f 1614 1613 1615 1616
f 1609 1608 1614 1616
f 1508 1617 1613 1607
f 1507 1520 1617 1508
f 1515 1618 1528 1516
f 1610 1619 1618 1515
f 1611 1620 1619 1610
f 1619 1620 1621 1622
f 1611 1612 1621 1620
f 1617 1623 1624 1613
f 1624 1623 1625 1626
f 1615 1613 1624 1626
f 1520 1627 1623 1617
f 1623 1627 1628 1625
f 1519 1629 1627 1520
f 1522 1630 1629 1519
f 1524 1631 1630 1522
f 1526 1632 1631 1524
f 1528 1633 1632 1526
f 1618 1634 1633 1528
f 1633 1634 1635 1636
f 1619 1637 1634 1618
f 1634 1637 1638 1635
f 1619 1622 1638 1637
f 1629 1639 1640 1627
f 1640 1639 1641 1642
f 1628 1627 1640 1642
f 1630 1643 1639 1629
f 1639 1643 1644 1641
f 1631 1645 1643 1630
f 1643 1645 1646 1644
f 1632 1647 1645 1631
f 1645 1647 1648 1646
f 1633 1649 1647 1632
f 1647 1649 1650 1648
f 1633 1636 1650 1649
f 1651 1533 1652 1653
f 1651 1653 1654 1655
f 1654 1653 1652 1656
f 1657 1534 1533 1651
f 1657 1651 1655 1658
f 1659 1538 1534 1657
f 1659 1657 1658 1660
f 1661 1541 1538 1659
f 1661 1659 1660 1662
f 1663 1544 1541 1661
f 1663 1661 1662 1664
f 1665 1547 1544 1663
f 1665 1663 1664 1666
f 1667 1668 1547 1665
f 1667 1665 1666 1669
f 1667 1669 1670 1668
f 1652 1554 1553 1671
f 1652 1671 1672 1656
f 1672 1671 1553 1673
f 1533 1535 1554 1652
f 1668 1558 1548 1547
f 1674 1561 1558 1668
f 1674 1668 1670 1675
f 1674 1675 1676 1561
f 1553 1555 1566 1677
f 1553 1677 1678 1673
f 1678 1677 1566 1679
f 1680 1571 1562 1561
f 1680 1561 1676 1681
f 1680 1681 1682 1571
f 1566 1567 1683 1684
f 1566 1684 1685 1679
f 1685 1684 1683 1686
f 1687 1688 1572 1571
f 1687 1571 1682 1689
f 1687 1689 1690 1688
f 1683 1580 1691 1692
f 1683 1692 1693 1686
f 1693 1692 1691 1694
f 1567 1574 1580 1683
f 1688 1585 1576 1572
f 1695 1696 1585 1688
f 1695 1688 1690 1697
f 1695 1697 1698 1696
f 1580 1581 1699 1691
f 1694 1691 1699 1700
f 1696 1701 1586 1585
f 1696 1698 1702 1701
f 1581 1589 1703 1699
f 1700 1699 1703 1704
f 1701 1705 1592 1586
f 1701 1702 1706 1705
f 1589 1595 1707 1703
f 1704 1703 1707 1708
f 1705 1709 1598 1592
f 1705 1706 1710 1709
f 1595 1602 1711 1707
f 1708 1707 1711 1712
f 1709 1713 1605 1598
f 1709 1710 1714 1713
f 1602 1715 1716 1711
f 1716 1715 1717 1718
f 1712 1711 1716 1718
f 1601 1609 1715 1602
f 1605 1719 1612 1606
f 1713 1720 1719 1605
f 1719 1720 1721 1722
f 1713 1714 1721 1720
f 1609 1616 1723 1715
f 1723 1616 1724 1725
f 1717 1715 1723 1725
f 1719 1726 1621 1612
f 1621 1726 1727 1728
f 1719 1722 1727 1726
f 1615 1626 1729 1616
f 1729 1626 1730 1731
f 1724 1616 1729 1731
f 1621 1732 1638 1622
f 1638 1732 1733 1734
f 1621 1728 1733 1732
f 1625 1735 1736 1626
f 1736 1735 1737 1738
f 1730 1626 1736 1738
f 1628 1642 1735 1625
f 1635 1739 1650 1636
f 1638 1740 1739 1635
f 1739 1740 1741 1742
f 1638 1734 1741 1740
f 1642 1743 1744 1735
f 1744 1743 1745 1746
f 1737 1735 1744 1746
f 1641 1747 1743 1642
f 1743 1747 1748 1745
f 1644 1749 1747 1641
f 1747 1749 1750 1748
f 1646 1751 1749 1644
f 1749 1751 1752 1750
f 1648 1753 1751 1646
f 1751 1753 1754 1752
f 1650 1755 1753 1648
f 1753 1755 1756 1754
f 1739 1757 1755 1650
f 1755 1757 1758 1756
f 1739 1742 1758 1757
f 1759 1655 1654 1760
f 1759 1760 1761 1762
f 1761 1760 1654 1763
f 1764 1658 1655 1759
f 1764 1759 1762 1765
f 1766 1660 1658 1764
f 1766 1764 1765 1767
f 1768 1662 1660 1766
f 1768 1766 1767 1769
f 1770 1664 1662 1768
f 1770 1768 1769 1771
f 1772 1666 1664 1770
f 1772 1770 1771 1773
f 1774 1669 1666 1772
f 1774 1772 1773 1775
f 1774 1775 1776 1669
f 1777 1672 1778 1779
f 1777 1779 1780 1781
f 1780 1779 1778 1782
f 1654 1656 1672 1777
f 1654 1777 1781 1763
f 1783 1675 1670 1669
f 1783 1669 1776 1784
f 1785 1786 1675 1783
f 1785 1783 1784 1787
f 1785 1787 1788 1786
f 1778 1678 1789 1790
f 1778 1790 1791 1782
f 1791 1790 1789 1792
f 1672 1673 1678 1778
f 1786 1681 1676 1675
f 1793 1794 1681 1786
f 1793 1786 1788 1795
f 1793 1795 1796 1794
f 1789 1685 1797 1798
f 1789 1798 1799 1792
f 1799 1798 1797 1800
f 1678 1679 1685 1789
f 1794 1689 1682 1681
f 1801 1802 1689 1794
f 1801 1794 1796 1803
f 1801 1803 1804 1802
f 1685 1686 1693 1797
f 1800 1797 1693 1805
f 1802 1697 1690 1689
f 1802 1804 1806 1697
f 1693 1694 1807 1808
f 1693 1808 1809 1805
f 1809 1808 1807 1810
f 1811 1812 1698 1697
f 1811 1697 1806 1813
f 1811 1813 1814 1812
f 1694 1700 1815 1807
f 1810 1807 1815 1816
f 1812 1817 1702 1698
f 1812 1814 1818 1817
f 1700 1704 1819 1815
f 1816 1815 1819 1820
f 1817 1821 1706 1702
f 1817 1818 1822 1821
f 1704 1708 1823 1819
f 1820 1819 1823 1824
f 1821 1825 1710 1706
f 1821 1822 1826 1825
f 1708 1712 1827 1823
f 1824 1823 1827 1828
f 1825 1829 1714 1710
f 1825 1826 1830 1829
f 1712 1718 1831 1827
f 1831 1718 1832 1833
f 1828 1827 1831 1833
f 1829 1834 1721 1714
f 1721 1834 1835 1836
f 1829 1830 1835 1834
f 1717 1725 1837 1718
f 1832 1718 1837 1838
f 1721 1839 1727 1722
f 1721 1836 1840 1839
f 1725 1841 1842 1837
f 1842 1841 1843 1844
f 1838 1837 1842 1844
f 1724 1731 1841 1725
f 1727 1845 1733 1728
f 1839 1846 1845 1727
f 1845 1846 1847 1848
f 1839 1840 1847 1846
f 1731 1849 1850 1841
f 1850 1849 1851 1852
f 1843 1841 1850 1852
f 1730 1738 1849 1731
f 1733 1853 1741 1734
f 1845 1854 1853 1733
f 1853 1854 1855 1856
f 1845 1848 1855 1854
f 1738 1857 1858 1849
f 1858 1857 1859 1860
f 1851 1849 1858 1860
f 1737 1746 1857 1738
f 1857 1746 1861 1859
f 1741 1862 1758 1742
f 1758 1862 1863 1864
f 1853 1865 1862 1741
f 1862 1865 1866 1863
f 1853 1856 1866 1865
f 1745 1867 1868 1746
f 1868 1867 1869 1870
f 1861 1746 1868 1870
f 1748 1871 1867 1745
f 1867 1871 1872 1869
f 1750 1873 1871 1748
f 1871 1873 1874 1872
f 1752 1875 1873 1750
f 1873 1875 1876 1874
f 1754 1877 1875 1752
f 1875 1877 1878 1876
f 1756 1879 1877 1754
f 1877 1879 1880 1878
f 1758 1881 1879 1756
f 1879 1881 1882 1880
f 1758 1864 1882 1881
f 1762 1761 1883 1884
f 1883 1761 1763 1885
f 1765 1762 1884 1886
f 1767 1765 1886 1887
f 1769 1767 1887 1888
f 1771 1769 1888 1889
f 1773 1771 1889 1890
f 1775 1773 1890 1891
f 1775 1891 1892 1776
f 1781 1780 1893 1894
f 1893 1780 1782 1895
f 1763 1781 1894 1885
f 1784 1776 1892 1896
f 1787 1784 1896 1897
f 1787 1897 1898 1788
f 1782 1791 1899 1895
f 1899 1791 1792 1900
f 1795 1788 1898 1901
f 1795 1901 1902 1796
f 1792 1799 1903 1900
f 1903 1799 1800 1904
f 1803 1796 1902 1905
f 1803 1905 1906 1804
f 1904 1800 1805 1907
f 1804 1906 1908 1806
f 1805 1809 1909 1907
f 1909 1809 1810 1910
f 1813 1806 1908 1911
f 1813 1911 1912 1814
f 1910 1810 1816 1913
f 1814 1912 1914 1818
f 1913 1816 1820 1915
f 1818 1914 1916 1822
f 1915 1820 1824 1917
f 1822 1916 1918 1826
f 1917 1824 1828 1919
f 1826 1918 1920 1830
f 1833 1832 1921 1922
f 1919 1828 1833 1922
f 1836 1835 1923 1924
f 1830 1920 1923 1835
f 1921 1832 1838 1925
f 1836 1924 1926 1840
f 1844 1843 1927 1928
f 1925 1838 1844 1928
f 1848 1847 1929 1930
f 1840 1926 1929 1847
f 1852 1851 1931 1932
f 1927 1843 1852 1932
f 1856 1855 1933 1934
f 1848 1930 1933 1855
f 1860 1859 1935 1936
f 1931 1851 1860 1936
f 1859 1861 1937 1935
f 1864 1863 1938 1939
f 1863 1866 1940 1938
f 1856 1934 1940 1866
f 1870 1869 1941 1942
f 1937 1861 1870 1942
f 1869 1872 1943 1941
f 1872 1874 1944 1943
f 1874 1876 1945 1944
f 1876 1878 1946 1945
f 1878 1880 1947 1946
f 1880 1882 1948 1947
f 1864 1939 1948 1882
f 1884 1883 1949 1950
f 1949 1883 1885 1951
f 1886 1884 1950 1952
f 1887 1886 1952 1953
f 1888 1887 1953 1954
f 1889 1888 1954 1955
f 1890 1889 1955 1956
f 1891 1890 1956 1957
f 1891 1957 1958 1892
f 1894 1893 1959 1960
f 1959 1893 1895 1961
f 1885 1894 1960 1951
f 1896 1892 1958 1962
f 1897 1896 1962 1963
f 1897 1963 1964 1898
f 1895 1899 1965 1961
f 1965 1899 1900 1966
f 1901 1898 1964 1967
f 1901 1967 1968 1902
f 1900 1903 1969 1966
f 1969 1903 1904 1970
f 1905 1902 1968 1971
f 1905 1971 1972 1906
f 1970 1904 1907 1973
f 1906 1972 1974 1908
f 1907 1909 1975 1973
f 1975 1909 1910 1976
f 1911 1908 1974 1977
f 1911 1977 1978 1912
f 1976 1910 1913 1979
f 1912 1978 1980 1914
f 1979 1913 1915 1981
f 1914 1980 1982 1916
f 1981 1915 1917 1983
f 1916 1982 1984 1918
f 1983 1917 1919 1985
f 1918 1984 1986 1920
f 1922 1921 1987 1988
f 1985 1919 1922 1988
f 1924 1923 1989 1990
f 1920 1986 1989 1923
f 1987 1921 1925 1991
f 1924 1990 1992 1926
f 1928 1927 1993 1994
f 1991 1925 1928 1994
f 1930 1929 1995 1996
f 1926 1992 1995 1929
f 1932 1931 1997 1998
f 1993 1927 1932 1998
f 1934 1933 1999 2000
f 1930 1996 1999 1933
f 1936 1935 2001 2002
f 1997 1931 1936 2002
f 1935 1937 2003 2001
f 1939 1938 2004 2005
f 1938 1940 2006 2004
f 1934 2000 2006 1940
f 1942 1941 2007 2008
f 2003 1937 1942 2008
f 1941 1943 2009 2007
f 1943 1944 2010 2009
f 1944 1945 2011 2010
f 1945 1946 2012 2011
f 1946 1947 2013 2012
f 1947 1948 2014 2013
f 1939 2005 2014 1948
f 2015 1950 1949 2016
f 2015 2016 2017 2018
f 2017 2016 1949 2019
f 2020 1952 1950 2015
f 2020 2015 2018 2021
f 2022 1953 1952 2020
f 2022 2020 2021 2023
f 2024 1954 1953 2022
f 2024 2022 2023 2025
f 2026 1955 1954 2024
f 2026 2024 2025 2027
f 2028 1956 1955 2026
f 2028 2026 2027 2029
f 2030 1957 1956 2028
f 2030 2028 2029 2031
f 2030 2031 2032 1957
f 2033 1960 1959 2034
f 2033 2034 2035 2036
f 2035 2034 1959 2037
f 1949 1951 1960 2033
f 1949 2033 2036 2019
f 2038 1962 1958 1957
f 2038 1957 2032 2039
f 2040 1963 1962 2038
f 2040 2038 2039 2041
f 2040 2041 2042 1963
f 1959 1961 1965 2043
f 1959 2043 2044 2037
f 2044 2043 1965 2045
f 2046 1967 1964 1963
f 2046 1963 2042 2047
f 2046 2047 2048 1967
f 1965 1966 1969 2049
f 1965 2049 2050 2045
f 2050 2049 1969 2051
f 2052 1971 1968 1967
f 2052 1967 2048 2053
f 2052 2053 2054 1971
f 1969 1970 2055 2056
f 1969 2056 2057 2051
f 2057 2056 2055 2058
f 2059 2060 1972 1971
f 2059 1971 2054 2061
f 2059 2061 2062 2060
f 1970 1973 1975 2055
f 2058 2055 1975 2063
f 2060 1977 1974 1972
f 2060 2062 2064 1977
f 1975 1976 2065 2066
f 1975 2066 2067 2063
f 2067 2066 2065 2068
f 2069 2070 1978 1977
f 2069 1977 2064 2071
f 2069 2071 2072 2070
f 1976 1979 2073 2065
f 2068 2065 2073 2074
f 2070 2075 1980 1978
f 2070 2072 2076 2075
f 1979 1981 2077 2073
f 2074 2073 2077 2078
f 2075 2079 1982 1980
f 2075 2076 2080 2079
f 1981 1983 2081 2077
f 2078 2077 2081 2082
f 2079 2083 1984 1982
f 2079 2080 2084 2083
f 1983 1985 2085 2081
f 2082 2081 2085 2086
f 2083 2087 1986 1984
f 2083 2084 2088 2087
f 1985 1988 2089 2085
f 2089 1988 2090 2091
f 2086 2085 2089 2091
f 2087 2092 1989 1986
f 1989 2092 2093 2094
f 2087 2088 2093 2092
f 1987 1991 2095 1988
f 2090 1988 2095 2096
f 1989 2097 1992 1990
f 1989 2094 2098 2097
f 1991 1994 2099 2095
f 2099 1994 2100 2101
f 2096 2095 2099 2101
f 2097 2102 1995 1992
f 1995 2102 2103 2104
f 2097 2098 2103 2102
f 1993 1998 2105 1994
f 2105 1998 2106 2107
f 2100 1994 2105 2107
f 1995 2108 1999 1996
f 1999 2108 2109 2110
f 1995 2104 2109 2108
f 1997 2002 2111 1998
f 2111 2002 2112 2113
f 2106 1998 2111 2113
f 1999 2114 2006 2000
f 2006 2114 2115 2116
f 1999 2110 2115 2114
f 2001 2117 2118 2002
f 2118 2117 2119 2120
f 2112 2002 2118 2120
f 2003 2008 2117 2001
f 2117 2008 2121 2119
f 2004 2122 2014 2005
f 2014 2122 2123 2124
f 2006 2125 2122 2004
f 2122 2125 2126 2123
f 2006 2116 2126 2125
f 2007 2127 2128 2008
f 2128 2127 2129 2130
f 2121 2008 2128 2130
f 2009 2131 2127 2007
f 2127 2131 2132 2129
f 2010 2133 2131 2009
f 2131 2133 2134 2132
f 2011 2135 2133 2010
f 2133 2135 2136 2134
f 2012 2137 2135 2011
f 2135 2137 2138 2136
f 2013 2139 2137 2012
f 2137 2139 2140 2138
f 2014 2141 2139 2013
f 2139 2141 2142 2140
f 2014 2124 2142 2141
f 2018 2017 2143 2144
f 2143 2017 2019 2145
f 2021 2018 2144 2146
f 2023 2021 2146 2147
f 2025 2023 2147 2148
f 2027 2025 2148 2149
f 2029 2027 2149 2150
f 2031 2029 2150 2151
f 2031 2151 2152 2032
f 2036 2035 2153 2154
f 2153 2035 2037 2155
f 2019 2036 2154 2145
f 2039 2032 2152 2156
f 2041 2039 2156 2157
f 2041 2157 2158 2042
f 2037 2044 2159 2155
f 2159 2044 2045 2160
f 2047 2042 2158 2161
f 2047 2161 2162 2048
f 2045 2050 2163 2160
f 2163 2050 2051 2164
f 2053 2048 2162 2165
f 2053 2165 2166 2054
f 2051 2057 2167 2164
f 2167 2057 2058 2168
f 2061 2054 2166 2169
f 2061 2169 2170 2062
f 2168 2058 2063 2171
f 2062 2170 2172 2064
f 2063 2067 2173 2171
f 2173 2067 2068 2174
f 2071 2064 2172 2175
f 2071 2175 2176 2072
f 2174 2068 2074 2177
f 2072 2176 2178 2076
f 2177 2074 2078 2179
f 2076 2178 2180 2080
f 2179 2078 2082 2181
f 2080 2180 2182 2084
f 2181 2082 2086 2183
f 2084 2182 2184 2088
f 2091 2090 2185 2186
f 2183 2086 2091 2186
f 2094 2093 2187 2188
f 2088 2184 2187 2093
f 2185 2090 2096 2189
f 2094 2188 2190 2098
f 2101 2100 2191 2192
f 2189 2096 2101 2192
f 2104 2103 2193 2194
f 2098 2190 2193 2103
f 2107 2106 2195 2196
f 2191 2100 2107 2196
f 2110 2109 2197 2198
f 2104 2194 2197 2109
f 2113 2112 2199 2200
f 2195 2106 2113 2200
f 2116 2115 2201 2202
f 2110 2198 2201 2115
f 2120 2119 2203 2204
f 2199 2112 2120 2204
f 2119 2121 2205 2203
f 2124 2123 2206 2207
f 2123 2126 2208 2206
f 2116 2202 2208 2126
f 2130 2129 2209 2210
f 2205 2121 2130 2210
f 2129 2132 2211 2209
f 2132 2134 2212 2211
f 2134 2136 2213 2212
f 2136 2138 2214 2213
f 2138 2140 2215 2214
f 2140 2142 2216 2215
f 2124 2207 2216 2142
f 2144 2143 2217 2218
f 2217 2143 2145 2219
f 2146 2144 2218 2220
f 2147 2146 2220 2221
f 2148 2147 2221 2222
f 2149 2148 2222 2223
f 2150 2149 2223 2224
f 2151 2150 2224 2225
f 2151 2225 2226 2152
f 2154 2153 2227 2228
f 2227 2153 2155 2229
f 2145 2154 2228 2219
f 2156 2152 2226 2230
f 2157 2156 2230 2231
f 2157 2231 2232 2158
f 2155 2159 2233 2229
f 2233 2159 2160 2234
f 2161 2158 2232 2235
f 2161 2235 2236 2162
f 2160 2163 2237 2234
f 2237 2163 2164 2238
f 2165 2162 2236 2239
f 2165 2239 2240 2166
f 2164 2167 2241 2238
f 2241 2167 2168 2242
f 2169 2166 2240 2243
f 2169 2243 2244 2170
f 2242 2168 2171 2245
f 2170 2244 2246 2172
f 2171 2173 2247 2245
f 2247 2173 2174 2248
f 2175 2172 2246 2249
f 2175 2249 2250 2176
f 2248 2174 2177 2251
f 2176 2250 2252 2178
f 2251 2177 2179 2253
f 2178 2252 2254 2180
f 2253 2179 2181 2255
f 2180 2254 2256 2182
f 2255 2181 2183 2257
f 2182 2256 2258 2184
f 2186 2185 2259 2260
f 2257 2183 2186 2260
f 2188 2187 2261 2262
f 2184 2258 2261 2187
f 2259 2185 2189 2263
f 2188 2262 2264 2190
f 2192 2191 2265 2266
f 2263 2189 2192 2266
f 2194 2193 2267 2268
f 2190 2264 2267 2193
f 2196 2195 2269 2270
f 2265 2191 2196 2270
f 2198 2197 2271 2272
f 2194 2268 2271 2197
f 2200 2199 2273 2274
f 2269 2195 2200 2274
f 2202 2201 2275 2276
f 2198 2272 2275 2201
f 2204 2203 2277 2278
f 2273 2199 2204 2278
f 2203 2205 2279 2277
f 2207 2206 2280 2281
f 2206 2208 2282 2280
f 2202 2276 2282 2208
f 2210 2209 2283 2284
f 2279 2205 2210 2284
f 2209 2211 2285 2283
f 2211 2212 2286 2285
f 2212 2213 2287 2286
f 2213 2214 2288 2287
f 2214 2215 2289 2288
f 2215 2216 2290 2289
f 2207 2281 2290 2216
f 2218 2217 2291 2292
f 2291 2217 2219 2293
f 2220 2218 2292 2294
f 2221 2220 2294 2295
f 2222 2221 2295 2296
f 2223 2222 2296 2297
f 2224 2223 2297 2298
f 2225 2224 2298 2299
f 2225 2299 2300 2226
f 2228 2227 2301 2302
f 2301 2227 2229 2303
f 2219 2228 2302 2293
f 2230 2226 2300 2304
f 2231 2230 2304 2305
f 2231 2305 2306 2232
f 2229 2233 2307 2303
f 2307 2233 2234 2308
f 2235 2232 2306 2309
f 2235 2309 2310 2236
f 2234 2237 2311 2308
f 2311 2237 2238 2312
f 2239 2236 2310 2313
f 2239 2313 2314 2240
f 2238 2241 2315 2312
f 2315 2241 2242 2316
f 2243 2240 2314 2317
f 2243 2317 2318 2244
f 2316 2242 2245 2319
f 2244 2318 2320 2246
f 2245 2247 2321 2319
f 2321 2247 2248 2322
f 2249 2246 2320 2323
f 2249 2323 2324 2250
f 2322 2248 2251 2325
f 2250 2324 2326 2252
f 2325 2251 2253 2327
f 2252 2326 2328 2254
f 2327 2253 2255 2329
f 2254 2328 2330 2256
f 2329 2255 2257 2331
f 2256 2330 2332 2258
f 2260 2259 2333 2334
f 2331 2257 2260 2334
f 2262 2261 2335 2336
f 2258 2332 2335 2261
f 2333 2259 2263 2337
f 2262 2336 2338 2264
f 2266 2265 2339 2340
f 2337 2263 2266 2340
f 2268 2267 2341 2342
f 2264 2338 2341 2267
f 2270 2269 2343 2344
f 2339 2265 2270 2344
f 2272 2271 2345 2346
f 2268 2342 2345 2271
f 2274 2273 2347 2348
f 2343 2269 2274 2348
f 2276 2275 2349 2350
f 2272 2346 2349 2275
f 2278 2277 2351 2352
f 2347 2273 2278 2352
f 2277 2279 2353 2351
f 2281 2280 2354 2355
f 2280 2282 2356 2354
f 2276 2350 2356 2282
f 2284 2283 2357 2358
f 2353 2279 2284 2358
f 2283 2285 2359 2357
f 2285 2286 2360 2359
f 2286 2287 2361 2360
f 2287 2288 2362 2361
f 2288 2289 2363 2362
f 2289 2290 2364 2363
f 2281 2355 2364 2290
f 2292 2291 2365 2366
f 2365 2291 2293 2367
f 2294 2292 2366 2368
f 2295 2294 2368 2369
f 2296 2295 2369 2370
f 2297 2296 2370 2371
f 2298 2297 2371 2372
f 2299 2298 2372 2373
f 2299 2373 2374 2300
f 2302 2301 2375 2376
f 2375 2301 2303 2377
f 2293 2302 2376 2367
f 2304 2300 2374 2378
f 2305 2304 2378 2379
f 2305 2379 2380 2306
f 2303 2307 2381 2377
f 2381 2307 2308 2382
f 2309 2306 2380 2383
f 2309 2383 2384 2310
f 2308 2311 2385 2382
f 2385 2311 2312 2386
f 2313 2310 2384 2387
f 2313 2387 2388 2314
f 2312 2315 2389 2386
f 2389 2315 2316 2390
f 2317 2314 2388 2391
f 2317 2391 2392 2318
f 2390 2316 2319 2393
f 2318 2392 2394 2320
f 2319 2321 2395 2393
f 2395 2321 2322 2396
f 2323 2320 2394 2397
f 2323 2397 2398 2324
f 2396 2322 2325 2399
f 2324 2398 2400 2326
f 2399 2325 2327 2401
f 2326 2400 2402 2328
f 2401 2327 2329 2403
f 2328 2402 2404 2330
f 2403 2329 2331 2405
f 2330 2404 2406 2332
f 2334 2333 2407 2408
f 2405 2331 2334 2408
f 2336 2335 2409 2410
f 2332 2406 2409 2335
f 2407 2333 2337 2411
f 2336 2410 2412 2338
f 2340 2339 2413 2414
f 2411 2337 2340 2414
f 2342 2341 2415 2416
f 2338 2412 2415 2341
f 2344 2343 2417 2418
f 2413 2339 2344 2418
f 2346 2345 2419 2420
f 2342 2416 2419 2345
f 2348 2347 2421 2422
f 2417 2343 2348 2422
f 2350 2349 2423 2424
f 2346 2420 2423 2349
f 2352 2351 2425 2426
f 2421 2347 2352 2426
f 2351 2353 2427 2425
f 2355 2354 2428 2429
f 2354 2356 2430 2428
f 2350 2424 2430 2356
f 2358 2357 2431 2432
f 2427 2353 2358 2432
f 2357 2359 2433 2431
f 2359 2360 2434 2433
f 2360 2361 2435 2434
f 2361 2362 2436 2435
f 2362 2363 2437 2436
f 2363 2364 2438 2437
f 2355 2429 2438 2364
f 2366 2365 2439 2440
f 2439 2365 2367 2441
f 2368 2366 2440 2442
f 2369 2368 2442 2443
f 2370 2369 2443 2444
f 2371 2370 2444 2445
f 2372 2371 2445 2446
f 2373 2372 2446 2447
f 2373 2447 2448 2374
f 2376 2375 2449 2450
f 2449 2375 2377 2451
f 2367 2376 2450 2441
f 2378 2374 2448 2452
f 2379 2378 2452 2453
f 2379 2453 2454 2380
f 2377 2381 2455 2451
f 2455 2381 2382 2456
f 2383 2380 2454 2457
f 2383 2457 2458 2384
f 2382 2385 2459 2456
f 2459 2385 2386 2460
f 2387 2384 2458 2461
f 2387 2461 2462 2388
f 2386 2389 2463 2460
f 2463 2389 2390 2464
f 2391 2388 2462 2465
f 2391 2465 2466 2392
f 2464 2390 2393 2467
f 2392 2466 2468 2394
f 2393 2395 2469 2467
f 2469 2395 2396 2470
f 2397 2394 2468 2471
f 2397 2471 2472 2398
f 2470 2396 2399 2473
f 2398 2472 2474 2400
f 2473 2399 2401 2475
f 2400 2474 2476 2402
f 2475 2401 2403 2477
f 2402 2476 2478 2404
f 2477 2403 2405 2479
f 2404 2478 2480 2406
f 2408 2407 2481 2482
f 2479 2405 2408 2482
f 2410 2409 2483 2484
f 2406 2480 2483 2409
f 2481 2407 2411 2485
f 2410 2484 2486 2412
f 2414 2413 2487 2488
f 2485 2411 2414 2488
f 2416 2415 2489 2490
f 2412 2486 2489 2415
f 2418 2417 2491 2492
f 2487 2413 2418 2492
f 2420 2419 2493 2494
f 2416 2490 2493 2419
f 2422 2421 2495 2496
f 2491 2417 2422 2496
f 2424 2423 2497 2498
f 2420 2494 2497 2423
f 2426 2425 2499 2500
f 2495 2421 2426 2500
f 2425 2427 2501 2499
f 2429 2428 2502 2503
f 2428 2430 2504 2502
f 2424 2498 2504 2430
f 2432 2431 2505 2506
f 2501 2427 2432 2506
f 2431 2433 2507 2505
f 2433 2434 2508 2507
f 2434 2435 2509 2508
f 2435 2436 2510 2509
f 2436 2437 2511 2510
f 2437 2438 2512 2511
f 2429 2503 2512 2438
f 2440 2439 2513 2514
f 2513 2439 2441 2515
f 2442 2440 2514 2516
f 2443 2442 2516 2517
f 2444 2443 2517 2518
f 2445 2444 2518 2519
f 2446 2445 2519 2520
f 2447 2446 2520 2521
f 2447 2521 2522 2448
f 2450 2449 2523 2524
f 2523 2449 2451 2525
f 2441 2450 2524 2515
f 2452 2448 2522 2526
f 2453 2452 2526 2527
f 2453 2527 2528 2454
f 2451 2455 2529 2525
f 2529 2455 2456 2530
f 2457 2454 2528 2531
f 2457 2531 2532 2458
f 2456 2459 2533 2530
f 2533 2459 2460 2534
f 2461 2458 2532 2535
f 2461 2535 2536 2462
f 2460 2463 2537 2534
f 2537 2463 2464 2538
f 2465 2462 2536 2539
f 2465 2539 2540 2466
f 2538 2464 2467 2541
f 2466 2540 2542 2468
f 2467 2469 2543 2541
f 2543 2469 2470 2544
f 2471 2468 2542 2545
f 2471 2545 2546 2472
f 2544 2470 2473 2547
f 2472 2546 2548 2474
f 2547 2473 2475 2549
f 2474 2548 2550 2476
f 2549 2475 2477 2551
f 2476 2550 2552 2478
f 2551 2477 2479 2553
f 2478 2552 2554 2480
f 2482 2481 2555 2556
f 2553 2479 2482 2556
f 2484 2483 2557 2558
f 2480 2554 2557 2483
f 2555 2481 2485 2559
f 2484 2558 2560 2486
f 2488 2487 2561 2562
f 2559 2485 2488 2562
f 2490 2489 2563 2564
f 2486 2560 2563 2489
f 2492 2491 2565 2566
f 2561 2487 2492 2566
f 2494 2493 2567 2568
f 2490 2564 2567 2493
f 2496 2495 2569 2570
f 2565 2491 2496 2570
f 2498 2497 2571 2572
f 2494 2568 2571 2497
f 2500 2499 2573 2574
f 2569 2495 2500 2574
f 2499 2501 2575 2573
f 2503 2502 2576 2577
f 2502 2504 2578 2576
f 2498 2572 2578 2504
f 2506 2505 2579 2580
f 2575 2501 2506 2580
f 2505 2507 2581 2579
f 2507 2508 2582 2581
f 2508 2509 2583 2582
f 2509 2510 2584 2583
f 2510 2511 2585 2584
f 2511 2512 2586 2585
f 2503 2577 2586 2512
f 2587 2588 2589 2590
f 2514 2513 2587 2590
f 2587 2513 2515 2588
f 2590 2589 2591 2592
f 2516 2514 2590 2592
f 2592 2591 2593 2594
f 2517 2516 2592 2594
f 2594 2593 2595 2596
f 2518 2517 2594 2596
f 2596 2595 2597 2598
f 2519 2518 2596 2598
f 2598 2597 2599 2600
f 2520 2519 2598 2600
f 2600 2599 2601 2602
f 2521 2520 2600 2602
f 2521 2602 2601 2522
f 2603 2604 2605 2606
f 2524 2523 2603 2606
f 2603 2523 2525 2604
f 2606 2605 2607 2588
f 2515 2524 2606 2588
f 2601 2608 2609 2610
f 2526 2522 2601 2610
f 2610 2609 2611 2612
f 2527 2526 2610 2612
f 2527 2612 2611 2528
f 2613 2614 2615 2604
f 2525 2529 2613 2604
f 2613 2529 2530 2614
f 2611 2616 2617 2618
f 2531 2528 2611 2618
f 2531 2618 2617 2532
f 2619 2620 2621 2614
f 2530 2533 2619 2614
f 2619 2533 2534 2620
f 2617 2622 2623 2624
f 2535 2532 2617 2624
f 2535 2624 2623 2536
f 2625 2626 2627 2620
f 2534 2537 2625 2620
f 2625 2537 2538 2626
f 2623 2628 2629 2630
f 2539 2536 2623 2630
f 2539 2630 2629 2540
f 2626 2631 2632 2627
f 2626 2538 2541 2631
f 2628 2633 2634 2629
f 2540 2629 2634 2542
f 2635 2636 2637 2631
f 2541 2543 2635 2631
f 2635 2543 2544 2636
f 2634 2638 2639 2640
f 2545 2542 2634 2640
f 2545 2640 2639 2546
f 2636 2641 2642 2637
f 2636 2544 2547 2641
f 2638 2643 2644 2639
f 2546 2639 2644 2548
f 2641 2645 2646 2642
f 2641 2547 2549 2645
f 2643 2647 2648 2644
f 2548 2644 2648 2550
f 2645 2649 2650 2646
f 2645 2549 2551 2649
f 2647 2651 2652 2648
f 2550 2648 2652 2552
f 2649 2653 2654 2650
f 2649 2551 2553 2653
f 2651 2655 2656 2652
f 2552 2652 2656 2554
f 2653 2657 2658 2654
f 2556 2555 2658 2657
f 2653 2553 2556 2657
f 2655 2659 2660 2656
f 2558 2557 2660 2659
f 2554 2656 2660 2557
f 2658 2661 2662 2663
f 2658 2555 2559 2661
f 2664 2665 2666 2659
f 2558 2659 2666 2560
f 2661 2667 2668 2662
f 2562 2561 2668 2667
f 2661 2559 2562 2667
f 2665 2669 2670 2666
f 2564 2563 2670 2669
f 2560 2666 2670 2563
f 2668 2671 2672 2673
f 2566 2565 2672 2671
f 2668 2561 2566 2671
f 2674 2675 2676 2669
f 2568 2567 2676 2675
f 2564 2669 2676 2567
f 2672 2677 2678 2679
f 2570 2569 2678 2677
f 2672 2565 2570 2677
f 2680 2681 2682 2675
f 2572 2571 2682 2681
f 2568 2675 2682 2571
f 2678 2683 2684 2685
f 2574 2573 2684 2683
f 2678 2569 2574 2683
f 2685 2684 2686 2687
f 2573 2575 2686 2684
f 2688 2689 2690 2691
f 2577 2576 2690 2689
f 2691 2690 2692 2681
f 2576 2578 2692 2690
f 2572 2681 2692 2578
f 2686 2693 2694 2695
f 2580 2579 2694 2693
f 2686 2575 2580 2693
f 2695 2694 2696 2697
f 2579 2581 2696 2694
f 2697 2696 2698 2699
f 2581 2582 2698 2696
f 2699 2698 2700 2701
f 2582 2583 2700 2698
f 2701 2700 2702 2703
f 2583 2584 2702 2700
f 2703 2702 2704 2705
f 2584 2585 2704 2702
f 2705 2704 2706 2689
f 2585 2586 2706 2704
f 2577 2689 2706 2586
f 2589 2588 2707 2708
f 2707 2588 2607 2709
f 2591 2589 2708 2710
f 2593 2591 2710 2711
f 2595 2593 2711 2712
f 2597 2595 2712 2713
f 2599 2597 2713 2714
f 2601 2599 2714 2715
f 2601 2715 2716 2608
f 2605 2604 2717 2718
f 2717 2604 2615 2719
f 2607 2605 2718 2709
f 2609 2608 2716 2720
f 2611 2609 2720 2721
f 2611 2721 2722 2616
f 2615 2614 2723 2719
f 2723 2614 2621 2724
f 2617 2616 2722 2725
f 2617 2725 2726 2622
f 2621 2620 2727 2724
f 2727 2620 2627 2728
f 2623 2622 2726 2729
f 2623 2729 2730 2628
f 2728 2627 2632 2731
f 2628 2730 2732 2633
f 2632 2631 2733 2731
f 2733 2631 2637 2734
f 2634 2633 2732 2735
f 2634 2735 2736 2638
f 2734 2637 2642 2737
f 2638 2736 2738 2643
f 2737 2642 2646 2739
f 2643 2738 2740 2647
f 2739 2646 2650 2741
f 2647 2740 2742 2651
f 2741 2650 2654 2743
f 2651 2742 2744 2655
f 2658 2663 2745 2746
f 2743 2654 2658 2746
f 2664 2659 2747 2748
f 2655 2744 2747 2659
f 2745 2663 2662 2749
f 2664 2748 2750 2665
f 2668 2673 2751 2752
f 2749 2662 2668 2752
f 2674 2669 2753 2754
f 2665 2750 2753 2669
f 2672 2679 2755 2756
f 2751 2673 2672 2756
f 2680 2675 2757 2758
f 2674 2754 2757 2675
f 2678 2685 2759 2760
f 2755 2679 2678 2760
f 2685 2687 2761 2759
f 2688 2691 2762 2763
f 2691 2681 2764 2762
f 2680 2758 2764 2681
f 2686 2695 2765 2766
f 2761 2687 2686 2766
f 2695 2697 2767 2765
f 2697 2699 2768 2767
f 2699 2701 2769 2768
f 2701 2703 2770 2769
f 2703 2705 2771 2770
f 2705 2689 2772 2771
f 2688 2763 2772 2689
f 2708 2707 2773 2774
f 2773 2707 2709 2775
f 2710 2708 2774 2776
f 2711 2710 2776 2777
f 2712 2711 2777 2778
f 2713 2712 2778 2779
f 2714 2713 2779 2780
f 2715 2714 2780 2781
f 2715 2781 2782 2716
f 2718 2717 2783 2784
f 2783 2717 2719 2785
f 2709 2718 2784 2775
f 2720 2716 2782 2786
f 2721 2720 2786 2787
f 2721 2787 2788 2722
f 2719 2723 2789 2785
f 2789 2723 2724 2790
f 2725 2722 2788 2791
f 2725 2791 2792 2726
f 2724 2727 2793 2790
f 2793 2727 2728 2794
f 2729 2726 2792 2795
f 2729 2795 2796 2730
f 2794 2728 2731 2797
f 2730 2796 2798 2732
f 2731 2733 2799 2797
f 2799 2733 2734 2800
f 2735 2732 2798 2801
f 2735 2801 2802 2736
f 2800 2734 2737 2803
f 2736 2802 2804 2738
f 2803 2737 2739 2805
f 2738 2804 2806 2740
f 2805 2739 2741 2807
f 2740 2806 2808 2742
f 2807 2741 2743 2809
f 2742 2808 2810 2744
f 2746 2745 2811 2812
f 2809 2743 2746 2812
f 2748 2747 2813 2814
f 2744 2810 2813 2747
f 2811 2745 2749 2815
f 2748 2814 2816 2750
f 2752 2751 2817 2818
f 2815 2749 2752 2818
f 2754 2753 2819 2820
f 2750 2816 2819 2753
f 2756 2755 2821 2822
f 2817 2751 2756 2822
f 2758 2757 2823 2824
f 2754 2820 2823 2757
f 2760 2759 2825 2826
f 2821 2755 2760 2826
f 2759 2761 2827 2825
f 2763 2762 2828 2829
f 2762 2764 2830 2828
f 2758 2824 2830 2764
f 2766 2765 2831 2832
f 2827 2761 2766 2832
f 2765 2767 2833 2831
f 2767 2768 2834 2833
f 2768 2769 2835 2834
f 2769 2770 2836 2835
f 2770 2771 2837 2836
f 2771 2772 2838 2837
f 2763 2829 2838 2772
f 2839 2840 2841 2842
f 2774 2773 2839 2842
f 2839 2773 2775 2840
f 2842 2841 2843 2844
f 2776 2774 2842 2844
f 2844 2843 2845 2846
f 2777 2776 2844 2846
f 2846 2845 2847 2848
f 2778 2777 2846 2848
f 2848 2847 2849 2850
f 2779 2778 2848 2850
f 2850 2849 2851 2852
f 2780 2779 2850 2852
f 2852 2851 2853 2854
f 2781 2780 2852 2854
f 2781 2854 2853 2782
f 2855 2856 2857 2858
f 2784 2783 2855 2858
f 2855 2783 2785 2856
f 2858 2857 2859 2840
f 2775 2784 2858 2840
f 2853 2860 2861 2862
f 2786 2782 2853 2862
f 2862 2861 2863 2864
f 2787 2786 2862 2864
f 2787 2864 2863 2788
f 2865 2866 2867 2856
f 2785 2789 2865 2856
f 2865 2789 2790 2866
f 2856 2867 2868 2857
f 2861 2869 2870 2863
f 2863 2870 2871 2872
f 2791 2788 2863 2872
f 2791 2872 2871 2792
f 2873 2874 2875 2866
f 2790 2793 2873 2866
f 2873 2793 2794 2874
f 2866 2875 2876 2867
f 2870 2877 2878 2871
f 2871 2878 2879 2880
f 2795 2792 2871 2880
f 2795 2880 2879 2796
f 2874 2881 2882 2875
f 2874 2794 2797 2881
f 2878 2883 2884 2879
f 2796 2879 2884 2798
f 2885 2886 2887 2881
f 2797 2799 2885 2881
f 2885 2799 2800 2886
f 2884 2888 2889 2890
f 2801 2798 2884 2890
f 2801 2890 2889 2802
f 2886 2891 2892 2887
f 2886 2800 2803 2891
f 2888 2893 2894 2889
f 2802 2889 2894 2804
f 2891 2895 2896 2892
f 2891 2803 2805 2895
f 2893 2897 2898 2894
f 2804 2894 2898 2806
f 2895 2899 2900 2896
f 2895 2805 2807 2899
f 2897 2901 2902 2898
f 2806 2898 2902 2808
f 2899 2903 2904 2900
f 2899 2807 2809 2903
f 2901 2905 2906 2902
f 2808 2902 2906 2810
f 2903 2907 2908 2904
f 2812 2811 2908 2907
f 2903 2809 2812 2907
f 2905 2909 2910 2906
f 2814 2813 2910 2909
f 2810 2906 2910 2813
f 2908 2911 2912 2913
f 2908 2811 2815 2911
f 2914 2915 2916 2909
f 2814 2909 2916 2816
f 2911 2917 2918 2912
f 2818 2817 2918 2917
f 2911 2815 2818 2917
f 2912 2918 2919 2920
f 2921 2922 2923 2915
f 2915 2923 2924 2916
f 2820 2819 2924 2923
f 2816 2916 2924 2819
f 2918 2925 2926 2919
f 2822 2821 2926 2925
f 2918 2817 2822 2925
f 2919 2926 2927 2928
f 2929 2930 2931 2922
f 2922 2931 2932 2923
f 2824 2823 2932 2931
f 2820 2923 2932 2823
f 2926 2933 2934 2927
f 2826 2825 2934 2933
f 2926 2821 2826 2933
f 2927 2934 2935 2936
f 2825 2827 2935 2934
f 2937 2938 2939 2930
f 2829 2828 2939 2938
f 2930 2939 2940 2931
f 2828 2830 2940 2939
f 2824 2931 2940 2830
f 2935 2941 2942 2943
f 2832 2831 2942 2941
f 2935 2827 2832 2941
f 2943 2942 2944 2945
f 2831 2833 2944 2942
f 2945 2944 2946 2947
f 2833 2834 2946 2944
f 2947 2946 2948 2949
f 2834 2835 2948 2946
f 2949 2948 2950 2951
f 2835 2836 2950 2948
f 2951 2950 2952 2953
f 2836 2837 2952 2950
f 2953 2952 2954 2938
f 2837 2838 2954 2952
f 2829 2938 2954 2838
f 2841 2840 2955 2956
f 2955 2840 2859 2957
f 2843 2841 2956 2958
f 2845 2843 2958 2959
f 2847 2845 2959 2960
f 2849 2847 2960 2961
f 2851 2849 2961 2962
f 2853 2851 2962 2963
f 2853 2963 2964 2860
f 2859 2857 2965 2957
f 2965 2857 2868 2966
f 2861 2860 2964 2967
f 2861 2967 2968 2869
f 2868 2867 2969 2966
f 2969 2867 2876 2970
f 2870 2869 2968 2971
f 2870 2971 2972 2877
f 2876 2875 2973 2970
f 2973 2875 2882 2974
f 2878 2877 2972 2975
f 2878 2975 2976 2883
f 2882 2881 2977 2974
f 2977 2881 2887 2978
f 2884 2883 2976 2979
f 2884 2979 2980 2888
f 2978 2887 2892 2981
f 2888 2980 2982 2893
f 2981 2892 2896 2983
f 2893 2982 2984 2897
f 2983 2896 2900 2985
f 2897 2984 2986 2901
f 2985 2900 2904 2987
f 2901 2986 2988 2905
f 2908 2913 2989 2990
f 2987 2904 2908 2990
f 2914 2909 2991 2992
f 2905 2988 2991 2909
f 2912 2920 2993 2994
f 2989 2913 2912 2994
f 2921 2915 2995 2996
f 2914 2992 2995 2915
f 2919 2928 2997 2998
f 2993 2920 2919 2998
f 2929 2922 2999 3000
f 2921 2996 2999 2922
f 2927 2936 3001 3002
f 2997 2928 2927 3002
f 2937 2930 3003 3004
f 2929 3000 3003 2930
f 2935 2943 3005 3006
f 3001 2936 2935 3006
f 2943 2945 3007 3005
f 2945 2947 3008 3007
f 2947 2949 3009 3008
f 2949 2951 3010 3009
f 2951 2953 3011 3010
f 2953 2938 3012 3011
f 2937 3004 3012 2938
f 2956 2955 3013 3014
f 3013 2955 2957 3015
f 2958 2956 3014 3016
f 2959 2958 3016 3017
f 2960 2959 3017 3018
f 2961 2960 3018 3019
f 2962 2961 3019 3020
f 2963 2962 3020 3021
f 2963 3021 3022 2964
f 2957 2965 3023 3015
f 3023 2965 2966 3024
f 2967 2964 3022 3025
f 2967 3025 3026 2968
f 2966 2969 3027 3024
f 3027 2969 2970 3028
f 2971 2968 3026 3029
f 2971 3029 3030 2972
f 2970 2973 3031 3028
f 3031 2973 2974 3032
f 2975 2972 3030 3033
f 2975 3033 3034 2976
f 2974 2977 3035 3032
f 3035 2977 2978 3036
f 2979 2976 3034 3037
f 2979 3037 3038 2980
f 3036 2978 2981 3039
f 2980 3038 3040 2982
f 3039 2981 2983 3041
f 2982 3040 3042 2984
f 3041 2983 2985 3043
f 2984 3042 3044 2986
f 3043 2985 2987 3045
f 2986 3044 3046 2988
f 2990 2989 3047 3048
f 3045 2987 2990 3048
f 2992 2991 3049 3050
f 2988 3046 3049 2991
f 2994 2993 3051 3052
f 3047 2989 2994 3052
f 2996 2995 3053 3054
f 2992 3050 3053 2995
f 2998 2997 3055 3056
f 3051 2993 2998 3056
f 3000 2999 3057 3058
f 2996 3054 3057 2999
f 3002 3001 3059 3060
f 3055 2997 3002 3060
f 3004 3003 3061 3062
f 3000 3058 3061 3003
f 3006 3005 3063 3064
f 3059 3001 3006 3064
f 3005 3007 3065 3063
f 3007 3008 3066 3065
f 3008 3009 3067 3066
f 3009 3010 3068 3067
f 3010 3011 3069 3068
f 3011 3012 3070 3069
f 3004 3062 3070 3012
f 3071 3072 3073 3074
f 3014 3013 3071 3074
f 3071 3013 3015 3072
f 3074 3073 3075 3076
f 3016 3014 3074 3076
f 3076 3075 3077 3078
f 3017 3016 3076 3078
f 3078 3077 3079 3080
f 3018 3017 3078 3080
f 3080 3079 3081 3082
f 3019 3018 3080 3082
f 3082 3081 3083 3084
f 3020 3019 3082 3084
f 3084 3083 3085 3086
f 3021 3020 3084 3086
f 3021 3086 3085 3022
f 3087 3088 3089 3072
f 3015 3023 3087 3072
f 3087 3023 3024 3088
f 3072 3089 3090 3073
f 3083 3091 3092 3085
f 3085 3092 3093 3094
f 3025 3022 3085 3094
f 3025 3094 3093 3026
f 3095 3096 3097 3088
f 3024 3027 3095 3088
f 3095 3027 3028 3096
f 3093 3098 3099 3100
f 3029 3026 3093 3100
f 3029 3100 3099 3030
f 3101 3102 3103 3096
f 3028 3031 3101 3096
f 3101 3031 3032 3102
f 3099 3104 3105 3106
f 3033 3030 3099 3106
f 3033 3106 3105 3034
f 3107 3108 3109 3102
f 3032 3035 3107 3102
f 3107 3035 3036 3108
f 3102 3109 3110 3103
f 3104 3111 3112 3105
f 3105 3112 3113 3114
f 3037 3034 3105 3114
f 3037 3114 3113 3038
f 3108 3115 3116 3109
f 3108 3036 3039 3115
f 3112 3117 3118 3113
f 3038 3113 3118 3040
f 3115 3119 3120 3116
f 3115 3039 3041 3119
f 3117 3121 3122 3118
f 3040 3118 3122 3042
f 3119 3123 3124 3120
f 3119 3041 3043 3123
f 3121 3125 3126 3122
f 3042 3122 3126 3044
f 3123 3127 3128 3124
f 3123 3043 3045 3127
f 3125 3129 3130 3126
f 3044 3126 3130 3046
f 3127 3131 3132 3128
f 3048 3047 3132 3131
f 3127 3045 3048 3131
f 3128 3132 3133 3134
f 3135 3136 3137 3129
f 3129 3137 3138 3130
f 3050 3049 3138 3137
f 3046 3130 3138 3049
f 3132 3139 3140 3133
f 3052 3051 3140 3139
f 3132 3047 3052 3139
f 3136 3141 3142 3137
f 3054 3053 3142 3141
f 3050 3137 3142 3053
f 3140 3143 3144 3145
f 3056 3055 3144 3143
f 3140 3051 3056 3143
f 3146 3147 3148 3141
f 3058 3057 3148 3147
f 3054 3141 3148 3057
f 3144 3149 3150 3151
f 3060 3059 3150 3149
f 3144 3055 3060 3149
f 3151 3150 3152 3153
f 3154 3155 3156 3157
f 3157 3156 3158 3147
f 3062 3061 3158 3156
f 3058 3147 3158 3061
f 3150 3159 3160 3152
f 3064 3063 3160 3159
f 3150 3059 3064 3159
f 3152 3160 3161 3162
f 3063 3065 3161 3160
f 3162 3161 3163 3164
f 3065 3066 3163 3161
f 3164 3163 3165 3166
f 3066 3067 3165 3163
f 3166 3165 3167 3168
f 3067 3068 3167 3165
f 3168 3167 3169 3155
f 3068 3069 3169 3167
f 3155 3169 3170 3156
f 3069 3070 3170 3169
f 3062 3156 3170 3070
f 3075 3073 3171 3172
f 3171 3073 3090 3173
f 3077 3075 3172 3174
f 3079 3077 3174 3175
f 3081 3079 3175 3176
f 3083 3081 3176 3177
f 3083 3177 3178 3091
f 3089 3088 3179 3180
f 3179 3088 3097 3181
f 3090 3089 3180 3173
f 3092 3091 3178 3182
f 3093 3092 3182 3183
f 3093 3183 3184 3098
f 3097 3096 3185 3181
f 3185 3096 3103 3186
f 3099 3098 3184 3187
f 3099 3187 3188 3104
f 3186 3103 3110 3189
f 3104 3188 3190 3111
f 3110 3109 3191 3189
f 3191 3109 3116 3192
f 3112 3111 3190 3193
f 3112 3193 3194 3117
f 3192 3116 3120 3195
f 3117 3194 3196 3121
f 3195 3120 3124 3197
f 3121 3196 3198 3125
f 3128 3134 3199 3200
f 3197 3124 3128 3200
f 3135 3129 3201 3202
f 3125 3198 3201 3129
f 3199 3134 3133 3203
f 3135 3202 3204 3136
f 3140 3145 3205 3206
f 3203 3133 3140 3206
f 3146 3141 3207 3208
f 3136 3204 3207 3141
f 3144 3151 3209 3210
f 3205 3145 3144 3210
f 3151 3153 3211 3209
f 3154 3157 3212 3213
f 3157 3147 3214 3212
f 3146 3208 3214 3147
f 3152 3162 3215 3216
f 3211 3153 3152 3216
f 3162 3164 3217 3215
f 3164 3166 3218 3217
f 3166 3168 3219 3218
f 3168 3155 3220 3219
f 3154 3213 3220 3155
f 3221 3222 3223 3224
f 3172 3171 3221 3224
f 3221 3171 3173 3222
f 3224 3223 3225 3226
f 3174 3172 3224 3226
f 3226 3225 3227 3228
f 3175 3174 3226 3228
f 3228 3227 3229 3230
f 3176 3175 3228 3230
f 3230 3229 3231 3232
f 3177 3176 3230 3232
f 3177 3232 3231 3178
f 3233 3234 3235 3236
f 3180 3179 3233 3236
f 3233 3179 3181 3234
f 3236 3235 3237 3222
f 3173 3180 3236 3222
f 3231 3238 3239 3240
f 3182 3178 3231 3240
f 3240 3239 3241 3242
f 3183 3182 3240 3242
f 3183 3242 3241 3184
f 3243 3244 3245 3234
f 3181 3185 3243 3234
f 3243 3185 3186 3244
f 3241 3246 3247 3248
f 3187 3184 3241 3248
f 3187 3248 3247 3188
f 3244 3249 3250 3245
f 3244 3186 3189 3249
f 3246 3251 3252 3247
f 3188 3247 3252 3190
f 3253 3254 3255 3249
f 3189 3191 3253 3249
f 3253 3191 3192 3254
f 3252 3256 3257 3258
f 3193 3190 3252 3258
f 3193 3258 3257 3194
f 3254 3259 3260 3255
f 3254 3192 3195 3259
f 3256 3261 3262 3257
f 3194 3257 3262 3196
f 3259 3263 3264 3260
f 3259 3195 3197 3263
f 3261 3265 3266 3262
f 3196 3262 3266 3198
f 3263 3267 3268 3264
f 3200 3199 3268 3267
f 3263 3197 3200 3267
f 3265 3269 3270 3266
f 3202 3201 3270 3269
f 3198 3266 3270 3201
f 3268 3271 3272 3273
f 3268 3199 3203 3271
f 3274 3275 3276 3269
f 3202 3269 3276 3204
f 3271 3277 3278 3272
f 3206 3205 3278 3277
f 3271 3203 3206 3277
f 3275 3279 3280 3276
f 3208 3207 3280 3279
f 3204 3276 3280 3207
f 3278 3281 3282 3283
f 3210 3209 3282 3281
f 3278 3205 3210 3281
f 3283 3282 3284 3285
f 3209 3211 3284 3282
f 3286 3287 3288 3289
f 3213 3212 3288 3287
f 3289 3288 3290 3279
f 3212 3214 3290 3288
f 3208 3279 3290 3214
f 3284 3291 3292 3293
f 3216 3215 3292 3291
f 3284 3211 3216 3291
f 3293 3292 3294 3295
f 3215 3217 3294 3292
f 3295 3294 3296 3297
f 3217 3218 3296 3294
f 3297 3296 3298 3299
f 3218 3219 3298 3296
f 3299 3298 3300 3287
f 3219 3220 3300 3298
f 3213 3287 3300 3220
f 3223 3222 3301 3302
f 3301 3222 3237 3303
f 3225 3223 3302 3304
f 3227 3225 3304 3305
f 3229 3227 3305 3306
f 3231 3229 3306 3307
f 3231 3307 3308 3238
f 3235 3234 3309 3310
f 3309 3234 3245 3311
f 3237 3235 3310 3303
f 3239 3238 3308 3312
f 3241 3239 3312 3313
f 3241 3313 3314 3246
f 3311 3245 3250 3315
f 3246 3314 3316 3251
f 3250 3249 3317 3315
f 3317 3249 3255 3318
f 3252 3251 3316 3319
f 3252 3319 3320 3256
f 3318 3255 3260 3321
f 3256 3320 3322 3261
f 3321 3260 3264 3323
f 3261 3322 3324 3265
f 3268 3273 3325 3326
f 3323 3264 3268 3326
f 3274 3269 3327 3328
f 3265 3324 3327 3269
f 3325 3273 3272 3329
f 3274 3328 3330 3275
f 3278 3283 3331 3332
f 3329 3272 3278 3332
f 3283 3285 3333 3331
f 3286 3289 3334 3335
f 3289 3279 3336 3334
f 3275 3330 3336 3279
f 3284 3293 3337 3338
f 3333 3285 3284 3338
f 3293 3295 3339 3337
f 3295 3297 3340 3339
f 3297 3299 3341 3340
f 3299 3287 3342 3341
f 3286 3335 3342 3287
f 3343 3344 3345 3346
f 3302 3301 3343 3346
f 3343 3301 3303 3344
f 3346 3345 3347 3348
f 3304 3302 3346 3348
f 3348 3347 3349 3350
f 3305 3304 3348 3350
f 3350 3349 3351 3352
f 3306 3305 3350 3352
f 3352 3351 3353 3354
f 3307 3306 3352 3354
f 3307 3354 3353 3308
f 3355 3356 3357 3358
f 3310 3309 3355 3358
f 3355 3309 3311 3356
f 3358 3357 3359 3344
f 3303 3310 3358 3344
f 3353 3360 3361 3362
f 3312 3308 3353 3362
f 3362 3361 3363 3364
f 3313 3312 3362 3364
f 3313 3364 3363 3314
f 3356 3365 3366 3357
f 3356 3311 3315 3365
f 3361 3367 3368 3363
f 3314 3363 3368 3316
f 3369 3370 3371 3365
f 3315 3317 3369 3365
f 3369 3317 3318 3370
f 3368 3372 3373 3374
f 3319 3316 3368 3374
f 3319 3374 3373 3320
f 3370 3375 3376 3371
f 3370 3318 3321 3375
f 3372 3377 3378 3373
f 3320 3373 3378 3322
f 3375 3379 3380 3376
f 3375 3321 3323 3379
f 3377 3381 3382 3378
f 3322 3378 3382 3324
f 3379 3383 3384 3380
f 3326 3325 3384 3383
f 3379 3323 3326 3383
f 3381 3385 3386 3382
f 3328 3327 3386 3385
f 3324 3382 3386 3327
f 3384 3387 3388 3389
f 3384 3325 3329 3387
f 3390 3391 3392 3385
f 3328 3385 3392 3330
f 3387 3393 3394 3388
f 3332 3331 3394 3393
f 3387 3329 3332 3393
f 3388 3394 3395 3396
f 3331 3333 3395 3394
f 3397 3398 3399 3391
f 3335 3334 3399 3398
f 3391 3399 3400 3392
f 3334 3336 3400 3399
f 3330 3392 3400 3336
f 3395 3401 3402 3403
f 3338 3337 3402 3401
f 3395 3333 3338 3401
f 3403 3402 3404 3405
f 3337 3339 3404 3402
f 3405 3404 3406 3407
f 3339 3340 3406 3404
f 3407 3406 3408 3409
f 3340 3341 3408 3406
f 3409 3408 3410 3398
f 3341 3342 3410 3408
f 3335 3398 3410 3342
f 3345 3344 3411 3412
f 3411 3344 3359 3413
f 3347 3345 3412 3414
f 3349 3347 3414 3415
f 3351 3349 3415 3416
f 3353 3351 3416 3417
f 3353 3417 3418 3360
f 3359 3357 3419 3413
f 3419 3357 3366 3420
f 3361 3360 3418 3421
f 3361 3421 3422 3367
f 3366 3365 3423 3420
f 3423 3365 3371 3424
f 3368 3367 3422 3425
f 3368 3425 3426 3372
f 3424 3371 3376 3427
f 3372 3426 3428 3377
f 3427 3376 3380 3429
f 3377 3428 3430 3381
f 3384 3389 3431 3432
f 3429 3380 3384 3432
f 3390 3385 3433 3434
f 3381 3430 3433 3385
f 3388 3396 3435 3436
f 3431 3389 3388 3436
f 3397 3391 3437 3438
f 3390 3434 3437 3391
f 3395 3403 3439 3440
f 3435 3396 3395 3440
f 3403 3405 3441 3439
f 3405 3407 3442 3441
f 3407 3409 3443 3442
f 3409 3398 3444 3443
f 3397 3438 3444 3398
f 3445 3446 3447 3448
f 3412 3411 3445 3448
f 3445 3411 3413 3446
f 3448 3447 3449 3450
f 3414 3412 3448 3450
f 3450 3449 3451 3452
f 3415 3414 3450 3452
f 3452 3451 3453 3454
f 3416 3415 3452 3454
f 3454 3453 3455 3456
f 3417 3416 3454 3456
f 3417 3456 3455 3418
f 3457 3458 3459 3446
f 3413 3419 3457 3446
f 3457 3419 3420 3458
f 3455 3460 3461 3462
f 3421 3418 3455 3462
f 3421 3462 3461 3422
f 3463 3464 3465 3458
f 3420 3423 3463 3458
f 3463 3423 3424 3464
f 3461 3466 3467 3468
f 3425 3422 3461 3468
f 3425 3468 3467 3426
f 3464 3469 3470 3465
f 3464 3424 3427 3469
f 3466 3471 3472 3467
f 3426 3467 3472 3428
f 3469 3473 3474 3470
f 3469 3427 3429 3473
f 3471 3475 3476 3472
f 3428 3472 3476 3430
f 3473 3477 3478 3474
f 3432 3431 3478 3477
f 3473 3429 3432 3477
f 3475 3479 3480 3476
f 3434 3433 3480 3479
f 3430 3476 3480 3433
f 3478 3481 3482 3483
f 3436 3435 3482 3481
f 3478 3431 3436 3481
f 3484 3485 3486 3479
f 3438 3437 3486 3485
f 3434 3479 3486 3437
f 3482 3487 3488 3489
f 3440 3439 3488 3487
f 3482 3435 3440 3487
f 3489 3488 3490 3491
f 3439 3441 3490 3488
f 3491 3490 3492 3493
f 3441 3442 3492 3490
f 3493 3492 3494 3495
f 3442 3443 3494 3492
f 3495 3494 3496 3485
f 3443 3444 3496 3494
f 3438 3485 3496 3444
f 3447 3446 3497 3498
f 3497 3446 3459 3499
f 3449 3447 3498 3500
f 3451 3449 3500 3501
f 3453 3451 3501 3502
f 3455 3453 3502 3503
f 3455 3503 3504 3460
f 3459 3458 3505 3499
f 3505 3458 3465 3506
f 3461 3460 3504 3507
f 3461 3507 3508 3466
f 3506 3465 3470 3509
f 3466 3508 3510 3471
f 3509 3470 3474 3511
f 3471 3510 3512 3475
f 3478 3483 3513 3514
f 3511 3474 3478 3514
f 3484 3479 3515 3516
f 3475 3512 3515 3479
f 3482 3489 3517 3518
f 3513 3483 3482 3518
f 3489 3491 3519 3517
f 3491 3493 3520 3519
f 3493 3495 3521 3520
f 3495 3485 3522 3521
f 3484 3516 3522 3485
f 3523 3524 3525 3526
f 3498 3497 3523 3526
f 3523 3497 3499 3524
f 3526 3525 3527 3528
f 3500 3498 3526 3528
f 3528 3527 3529 3530
f 3501 3500 3528 3530
f 3530 3529 3531 3532
f 3502 3501 3530 3532
f 3532 3531 3533 3534
f 3503 3502 3532 3534
f 3503 3534 3533 3504
f 3535 3536 3537 3524
f 3499 3505 3535 3524
f 3535 3505 3506 3536
f 3524 3537 3538 3525
f 3531 3539 3540 3533
f 3533 3540 3541 3542
f 3507 3504 3533 3542
f 3507 3542 3541 3508
f 3536 3543 3544 3537
f 3536 3506 3509 3543
f 3540 3545 3546 3541
f 3508 3541 3546 3510
f 3543 3547 3548 3544
f 3543 3509 3511 3547
f 3545 3549 3550 3546
f 3510 3546 3550 3512
f 3547 3551 3552 3548
f 3514 3513 3552 3551
f 3547 3511 3514 3551
f 3548 3552 3553 3554
f 3555 3556 3557 3549
f 3549 3557 3558 3550
f 3516 3515 3558 3557
f 3512 3550 3558 3515
f 3552 3559 3560 3553
f 3518 3517 3560 3559
f 3552 3513 3518 3559
f 3553 3560 3561 3562
f 3517 3519 3561 3560
f 3562 3561 3563 3564
f 3519 3520 3563 3561
f 3564 3563 3565 3556
f 3520 3521 3565 3563
f 3556 3565 3566 3557
f 3521 3522 3566 3565
f 3516 3557 3566 3522
f 3567 3568 3569 3570
f 3527 3525 3567 3570
f 3567 3525 3538 3568
f 3570 3569 3571 3572
f 3529 3527 3570 3572
f 3572 3571 3573 3574
f 3531 3529 3572 3574
f 3531 3574 3573 3539
f 3575 3576 3577 3568
f 3538 3537 3575 3568
f 3575 3537 3544 3576
f 3573 3578 3579 3580
f 3540 3539 3573 3580
f 3540 3580 3579 3545
f 3576 3581 3582 3577
f 3548 3554 3582 3581
f 3576 3544 3548 3581
f 3578 3583 3584 3579
f 3555 3549 3584 3583
f 3545 3579 3584 3549
f 3582 3585 3586 3587
f 3553 3562 3586 3585
f 3582 3554 3553 3585
f 3587 3586 3588 3589
f 3562 3564 3588 3586
f 3589 3588 3590 3583
f 3564 3556 3590 3588
f 3555 3583 3590 3556
f 3569 3568 3591 3592
f 3591 3568 3577 3593
f 3571 3569 3592 3594
f 3573 3571 3594 3595
f 3573 3595 3596 3578
f 3582 3587 3597 3598
f 3593 3577 3582 3598
f 3587 3589 3599 3597
f 3589 3583 3600 3599
f 3578 3596 3600 3583
f 3601 3602 3603 3604
f 3592 3591 3601 3604
f 3601 3591 3593 3602
f 3604 3603 3605 3606
f 3594 3592 3604 3606
f 3606 3605 3607 3608
f 3595 3594 3606 3608
f 3595 3608 3607 3596
f 3602 3609 3610 3603
f 3598 3597 3610 3609
f 3602 3593 3598 3609
f 3603 3610 3611 3605
f 3597 3599 3611 3610
f 3605 3611 3612 3607
f 3599 3600 3612 3611
f 3596 3607 3612 3600
