# B-crescent — lifted from a 2D silhouette by aide.lift
o B-crescent
v -15.000 -8.000 -2.500
v -15.000 -7.000 -2.500
v -15.000 -7.000 -3.500
v -15.000 -8.000 -3.500
v -14.000 -8.000 -3.500
v -14.000 -8.000 -2.500
v -14.000 -7.000 -3.500
v -15.000 -8.000 -1.500
v -15.000 -7.000 -1.500
v -14.000 -8.000 -1.500
v -15.000 -8.000 -0.500
v -15.000 -7.000 -0.500
v -14.000 -8.000 -0.500
v -15.000 -8.000 0.500
v -15.000 -7.000 0.500
v -14.000 -8.000 0.500
v -15.000 -8.000 1.500
v -15.000 -7.000 1.500
v -14.000 -8.000 1.500
v -15.000 -8.000 2.500
v -15.000 -7.000 2.500
v -14.000 -8.000 2.500
v -15.000 -8.000 3.500
v -15.000 -7.000 3.500
v -14.000 -8.000 3.500
v -14.000 -7.000 3.500
v -15.000 -7.000 -4.500
v -15.000 -6.000 -4.500
v -15.000 -6.000 -5.500
v -15.000 -7.000 -5.500
v -14.000 -7.000 -5.500
v -14.000 -7.000 -4.500
v -14.000 -6.000 -5.500
v -15.000 -6.000 -3.500
v -15.000 -6.000 -2.500
v -15.000 -6.000 -1.500
v -15.000 -6.000 -0.500
v -15.000 -6.000 0.500
v -15.000 -6.000 1.500
v -15.000 -6.000 2.500
v -15.000 -6.000 3.500
v -15.000 -7.000 4.500
v -15.000 -6.000 4.500
v -14.000 -7.000 4.500
v -15.000 -7.000 5.500
v -15.000 -6.000 5.500
v -14.000 -7.000 5.500
v -14.000 -6.000 5.500
v -15.000 -5.000 -5.500
v -15.000 -5.000 -6.500
v -15.000 -6.000 -6.500
v -14.000 -6.000 -6.500
v -14.000 -5.000 -6.500
v -15.000 -5.000 -4.500
v -15.000 -5.000 -3.500
v -15.000 -5.000 -2.500
v -15.000 -5.000 -1.500
v -15.000 -5.000 -0.500
v -15.000 -5.000 0.500
v -15.000 -5.000 1.500
v -15.000 -5.000 2.500
v -15.000 -5.000 3.500
v -15.000 -5.000 4.500
v -15.000 -5.000 5.500
v -15.000 -6.000 6.500
v -15.000 -5.000 6.500
v -14.000 -6.000 6.500
v -14.000 -5.000 6.500
v -15.000 -4.000 -6.500
v -15.000 -4.000 -7.500
v -15.000 -5.000 -7.500
v -14.000 -5.000 -7.500
v -14.000 -4.000 -7.500
v -15.000 -4.000 -5.500
v -15.000 -4.000 -4.500
v -15.000 -4.000 -3.500
v -15.000 -4.000 -2.500
v -15.000 -4.000 -1.500
v -15.000 -4.000 -0.500
v -15.000 -4.000 0.500
v -15.000 -4.000 1.500
v -15.000 -4.000 2.500
v -15.000 -4.000 3.500
v -15.000 -4.000 4.500
v -15.000 -4.000 5.500
v -15.000 -4.000 6.500
v -15.000 -5.000 7.500
v -15.000 -4.000 7.500
v -14.000 -5.000 7.500
v -14.000 -4.000 7.500
v -15.000 -3.000 -6.500
v -15.000 -3.000 -7.500
v -14.000 -3.000 -7.500
v -15.000 -3.000 -5.500
v -15.000 -3.000 -4.500
v -15.000 -3.000 -3.500
v -15.000 -3.000 -2.500
v -15.000 -3.000 -1.500
v -15.000 -3.000 -0.500
v -15.000 -3.000 0.500
v -15.000 -3.000 1.500
v -15.000 -3.000 2.500
v -15.000 -3.000 3.500
v -15.000 -3.000 4.500
v -15.000 -3.000 5.500
v -15.000 -3.000 6.500
v -15.000 -3.000 7.500
v -14.000 -3.000 7.500
v -15.000 -2.000 -7.500
v -15.000 -2.000 -8.500
v -15.000 -3.000 -8.500
v -14.000 -3.000 -8.500
v -14.000 -2.000 -8.500
v -15.000 -2.000 -6.500
v -15.000 -2.000 -5.500
v -15.000 -2.000 -4.500
v -15.000 -2.000 -3.500
v -15.000 -2.000 -2.500
v -15.000 -2.000 -1.500
v -15.000 -2.000 -0.500
v -15.000 -2.000 0.500
v -15.000 -2.000 1.500
v -15.000 -2.000 2.500
v -15.000 -2.000 3.500
v -15.000 -2.000 4.500
v -15.000 -2.000 5.500
v -15.000 -2.000 6.500
v -15.000 -2.000 7.500
v -15.000 -3.000 8.500
v -15.000 -2.000 8.500
v -14.000 -3.000 8.500
v -14.000 -2.000 8.500
v -15.000 -1.000 -7.500
v -15.000 -1.000 -8.500
v -14.000 -1.000 -8.500
v -15.000 -1.000 -6.500
v -15.000 -1.000 -5.500
v -15.000 -1.000 -4.500
v -15.000 -1.000 -3.500
v -15.000 -1.000 -2.500
v -15.000 -1.000 -1.500
v -15.000 -1.000 -0.500
v -15.000 -1.000 0.500
v -15.000 -1.000 1.500
v -15.000 -1.000 2.500
v -15.000 -1.000 3.500
v -15.000 -1.000 4.500
v -15.000 -1.000 5.500
v -15.000 -1.000 6.500
v -15.000 -1.000 7.500
v -15.000 -1.000 8.500
v -14.000 -1.000 8.500
v -15.000 0.000 -7.500
v -15.000 0.000 -8.500
v -14.000 0.000 -8.500
v -15.000 0.000 -6.500
v -15.000 0.000 -5.500
v -15.000 0.000 -4.500
v -15.000 0.000 -3.500
v -15.000 0.000 -2.500
v -15.000 0.000 -1.500
v -15.000 0.000 -0.500
v -15.000 0.000 0.500
v -15.000 0.000 1.500
v -15.000 0.000 2.500
v -15.000 0.000 3.500
v -15.000 0.000 4.500
v -15.000 0.000 5.500
v -15.000 0.000 6.500
v -15.000 0.000 7.500
v -15.000 0.000 8.500
v -14.000 0.000 8.500
v -15.000 1.000 -7.500
v -15.000 1.000 -8.500
v -14.000 1.000 -8.500
v -15.000 1.000 -6.500
v -15.000 1.000 -5.500
v -15.000 1.000 -4.500
v -15.000 1.000 -3.500
v -15.000 1.000 -2.500
v -15.000 1.000 -1.500
v -15.000 1.000 -0.500
v -15.000 1.000 0.500
v -15.000 1.000 1.500
v -15.000 1.000 2.500
v -15.000 1.000 3.500
v -15.000 1.000 4.500
v -15.000 1.000 5.500
v -15.000 1.000 6.500
v -15.000 1.000 7.500
v -15.000 1.000 8.500
v -14.000 1.000 8.500
v -15.000 2.000 -7.500
v -15.000 2.000 -8.500
v -14.000 2.000 -8.500
v -15.000 2.000 -6.500
v -15.000 2.000 -5.500
v -15.000 2.000 -4.500
v -15.000 2.000 -3.500
v -15.000 2.000 -2.500
v -15.000 2.000 -1.500
v -15.000 2.000 -0.500
v -15.000 2.000 0.500
v -15.000 2.000 1.500
v -15.000 2.000 2.500
v -15.000 2.000 3.500
v -15.000 2.000 4.500
v -15.000 2.000 5.500
v -15.000 2.000 6.500
v -15.000 2.000 7.500
v -15.000 2.000 8.500
v -14.000 2.000 8.500
v -15.000 3.000 -7.500
v -15.000 3.000 -8.500
v -14.000 3.000 -7.500
v -14.000 3.000 -8.500
v -15.000 3.000 -6.500
v -15.000 3.000 -5.500
v -15.000 3.000 -4.500
v -15.000 3.000 -3.500
v -15.000 3.000 -2.500
v -15.000 3.000 -1.500
v -15.000 3.000 -0.500
v -15.000 3.000 0.500
v -15.000 3.000 1.500
v -15.000 3.000 2.500
v -15.000 3.000 3.500
v -15.000 3.000 4.500
v -15.000 3.000 5.500
v -15.000 3.000 6.500
v -15.000 3.000 7.500
v -15.000 3.000 8.500
v -14.000 3.000 8.500
v -14.000 3.000 7.500
v -15.000 4.000 -6.500
v -15.000 4.000 -7.500
v -14.000 4.000 -7.500
v -15.000 4.000 -5.500
v -15.000 4.000 -4.500
v -15.000 4.000 -3.500
v -15.000 4.000 -2.500
v -15.000 4.000 -1.500
v -15.000 4.000 -0.500
v -15.000 4.000 0.500
v -15.000 4.000 1.500
v -15.000 4.000 2.500
v -15.000 4.000 3.500
v -15.000 4.000 4.500
v -15.000 4.000 5.500
v -15.000 4.000 6.500
v -15.000 4.000 7.500
v -14.000 4.000 7.500
v -15.000 5.000 -6.500
v -15.000 5.000 -7.500
v -14.000 5.000 -6.500
v -14.000 5.000 -7.500
v -15.000 5.000 -5.500
v -15.000 5.000 -4.500
v -15.000 5.000 -3.500
v -15.000 5.000 -2.500
v -15.000 5.000 -1.500
v -15.000 5.000 -0.500
v -15.000 5.000 0.500
v -15.000 5.000 1.500
v -15.000 5.000 2.500
v -15.000 5.000 3.500
v -15.000 5.000 4.500
v -15.000 5.000 5.500
v -15.000 5.000 6.500
v -15.000 5.000 7.500
v -14.000 5.000 7.500
v -14.000 5.000 6.500
v -15.000 6.000 -5.500
v -15.000 6.000 -6.500
v -14.000 6.000 -5.500
v -14.000 6.000 -6.500
v -15.000 6.000 -4.500
v -15.000 6.000 -3.500
v -15.000 6.000 -2.500
v -15.000 6.000 -1.500
v -15.000 6.000 -0.500
v -15.000 6.000 0.500
v -15.000 6.000 1.500
v -15.000 6.000 2.500
v -15.000 6.000 3.500
v -15.000 6.000 4.500
v -15.000 6.000 5.500
v -15.000 6.000 6.500
v -14.000 6.000 6.500
v -14.000 6.000 5.500
v -15.000 7.000 -4.500
v -15.000 7.000 -5.500
v -14.000 7.000 -4.500
v -14.000 7.000 -5.500
v -15.000 7.000 -3.500
v -14.000 7.000 -3.500
v -15.000 7.000 -2.500
v -15.000 7.000 -1.500
v -15.000 7.000 -0.500
v -15.000 7.000 0.500
v -15.000 7.000 1.500
v -15.000 7.000 2.500
v -15.000 7.000 3.500
v -15.000 7.000 4.500
v -14.000 7.000 4.500
v -14.000 7.000 3.500
v -15.000 7.000 5.500
v -14.000 7.000 5.500
v -15.000 8.000 -2.500
v -15.000 8.000 -3.500
v -14.000 8.000 -2.500
v -14.000 8.000 -3.500
v -15.000 8.000 -1.500
v -14.000 8.000 -1.500
v -15.000 8.000 -0.500
v -14.000 8.000 -0.500
v -15.000 8.000 0.500
v -14.000 8.000 0.500
v -15.000 8.000 1.500
v -14.000 8.000 1.500
v -15.000 8.000 2.500
v -14.000 8.000 2.500
v -15.000 8.000 3.500
v -14.000 8.000 3.500
v -13.000 -9.000 -3.500
v -13.000 -8.000 -3.500
v -13.000 -8.000 -2.500
v -13.000 -9.000 -2.500
v -14.000 -9.000 -2.500
v -14.000 -9.000 -3.500
v -13.000 -8.000 -1.500
v -13.000 -9.000 -1.500
v -14.000 -9.000 -1.500
v -13.000 -8.000 -0.500
v -13.000 -9.000 -0.500
v -14.000 -9.000 -0.500
v -13.000 -8.000 0.500
v -13.000 -9.000 0.500
v -14.000 -9.000 0.500
v -13.000 -8.000 1.500
v -13.000 -9.000 1.500
v -14.000 -9.000 1.500
v -13.000 -8.000 2.500
v -13.000 -9.000 2.500
v -14.000 -9.000 2.500
v -13.000 -8.000 3.500
v -13.000 -9.000 3.500
v -14.000 -9.000 3.500
v -13.000 -8.000 -5.500
v -13.000 -7.000 -5.500
v -13.000 -7.000 -4.500
v -13.000 -8.000 -4.500
v -14.000 -8.000 -4.500
v -14.000 -8.000 -5.500
v -13.000 -7.000 -3.500
v -13.000 -7.000 3.500
v -13.000 -7.000 4.500
v -13.000 -8.000 4.500
v -14.000 -8.000 4.500
v -13.000 -7.000 5.500
v -13.000 -8.000 5.500
v -14.000 -8.000 5.500
v -13.000 -7.000 -6.500
v -13.000 -6.000 -6.500
v -13.000 -6.000 -5.500
v -14.000 -7.000 -6.500
v -13.000 -6.000 5.500
v -13.000 -6.000 6.500
v -13.000 -7.000 6.500
v -14.000 -7.000 6.500
v -13.000 -6.000 -7.500
v -13.000 -5.000 -7.500
v -13.000 -5.000 -6.500
v -14.000 -6.000 -7.500
v -13.000 -5.000 6.500
v -13.000 -5.000 7.500
v -13.000 -6.000 7.500
v -14.000 -6.000 7.500
v -13.000 -5.000 -8.500
v -13.000 -4.000 -8.500
v -13.000 -4.000 -7.500
v -14.000 -4.000 -8.500
v -14.000 -5.000 -8.500
v -13.000 -4.000 7.500
v -13.000 -4.000 8.500
v -13.000 -5.000 8.500
v -14.000 -5.000 8.500
v -14.000 -4.000 8.500
v -13.000 -3.000 -8.500
v -13.000 -3.000 -7.500
v -13.000 -3.000 7.500
v -13.000 -3.000 8.500
v -13.000 -3.000 -9.500
v -13.000 -2.000 -9.500
v -13.000 -2.000 -8.500
v -14.000 -2.000 -9.500
v -14.000 -3.000 -9.500
v -13.000 -2.000 8.500
v -13.000 -2.000 9.500
v -13.000 -3.000 9.500
v -14.000 -3.000 9.500
v -14.000 -2.000 9.500
v -13.000 -1.000 -9.500
v -13.000 -1.000 -8.500
v -14.000 -1.000 -9.500
v -13.000 -1.000 8.500
v -13.000 -1.000 9.500
v -14.000 -1.000 9.500
v -13.000 0.000 -9.500
v -13.000 0.000 -8.500
v -14.000 0.000 -9.500
v -13.000 0.000 8.500
v -13.000 0.000 9.500
v -14.000 0.000 9.500
v -13.000 1.000 -9.500
v -13.000 1.000 -8.500
v -14.000 1.000 -9.500
v -13.000 1.000 8.500
v -13.000 1.000 9.500
v -14.000 1.000 9.500
v -13.000 2.000 -9.500
v -13.000 2.000 -8.500
v -14.000 2.000 -9.500
v -13.000 2.000 8.500
v -13.000 2.000 9.500
v -14.000 2.000 9.500
v -13.000 3.000 -9.500
v -13.000 3.000 -8.500
v -14.000 3.000 -9.500
v -13.000 3.000 8.500
v -13.000 3.000 9.500
v -14.000 3.000 9.500
v -13.000 4.000 -8.500
v -13.000 4.000 -7.500
v -13.000 3.000 -7.500
v -14.000 4.000 -8.500
v -13.000 3.000 7.500
v -13.000 4.000 7.500
v -13.000 4.000 8.500
v -14.000 4.000 8.500
v -13.000 5.000 -8.500
v -13.000 5.000 -7.500
v -14.000 5.000 -8.500
v -13.000 5.000 7.500
v -13.000 5.000 8.500
v -14.000 5.000 8.500
v -13.000 6.000 -7.500
v -13.000 6.000 -6.500
v -13.000 5.000 -6.500
v -14.000 6.000 -7.500
v -13.000 5.000 6.500
v -13.000 6.000 6.500
v -13.000 6.000 7.500
v -14.000 6.000 7.500
v -13.000 7.000 -6.500
v -13.000 7.000 -5.500
v -13.000 6.000 -5.500
v -14.000 7.000 -6.500
v -13.000 6.000 5.500
v -13.000 7.000 5.500
v -13.000 7.000 6.500
v -14.000 7.000 6.500
v -13.000 8.000 -5.500
v -13.000 8.000 -4.500
v -13.000 7.000 -4.500
v -14.000 8.000 -4.500
v -14.000 8.000 -5.500
v -13.000 8.000 -3.500
v -13.000 7.000 -3.500
v -13.000 7.000 3.500
v -13.000 8.000 3.500
v -13.000 8.000 4.500
v -13.000 7.000 4.500
v -14.000 8.000 4.500
v -13.000 8.000 5.500
v -14.000 8.000 5.500
v -13.000 9.000 -3.500
v -13.000 9.000 -2.500
v -13.000 8.000 -2.500
v -14.000 9.000 -2.500
v -14.000 9.000 -3.500
v -13.000 9.000 -1.500
v -13.000 8.000 -1.500
v -14.000 9.000 -1.500
v -13.000 9.000 -0.500
v -13.000 8.000 -0.500
v -14.000 9.000 -0.500
v -13.000 9.000 0.500
v -13.000 8.000 0.500
v -14.000 9.000 0.500
v -13.000 9.000 1.500
v -13.000 8.000 1.500
v -14.000 9.000 1.500
v -13.000 9.000 2.500
v -13.000 8.000 2.500
v -14.000 9.000 2.500
v -13.000 9.000 3.500
v -14.000 9.000 3.500
v -12.000 -8.000 -3.500
v -12.000 -7.000 -3.500
v -12.000 -7.000 -2.500
v -12.000 -8.000 -2.500
v -12.000 -7.000 -1.500
v -12.000 -8.000 -1.500
v -12.000 -7.000 -0.500
v -12.000 -8.000 -0.500
v -12.000 -7.000 0.500
v -12.000 -8.000 0.500
v -12.000 -7.000 1.500
v -12.000 -8.000 1.500
v -12.000 -7.000 2.500
v -12.000 -8.000 2.500
v -12.000 -7.000 3.500
v -12.000 -8.000 3.500
v -12.000 -7.000 -5.500
v -12.000 -6.000 -5.500
v -12.000 -6.000 -4.500
v -12.000 -7.000 -4.500
v -12.000 -6.000 -3.500
v -12.000 -6.000 3.500
v -12.000 -6.000 4.500
v -12.000 -7.000 4.500
v -12.000 -6.000 5.500
v -12.000 -7.000 5.500
v -12.000 -6.000 -6.500
v -12.000 -5.000 -6.500
v -12.000 -5.000 -5.500
v -12.000 -5.000 -4.500
v -12.000 -5.000 4.500
v -12.000 -5.000 5.500
v -12.000 -5.000 6.500
v -12.000 -6.000 6.500
v -12.000 -5.000 -7.500
v -12.000 -4.000 -7.500
v -12.000 -4.000 -6.500
v -12.000 -4.000 -5.500
v -12.000 -4.000 5.500
v -12.000 -4.000 6.500
v -12.000 -4.000 7.500
v -12.000 -5.000 7.500
v -12.000 -3.000 -7.500
v -12.000 -3.000 -6.500
v -12.000 -3.000 6.500
v -12.000 -3.000 7.500
v -12.000 -3.000 -8.500
v -12.000 -2.000 -8.500
v -12.000 -2.000 -7.500
v -12.000 -2.000 7.500
v -12.000 -2.000 8.500
v -12.000 -3.000 8.500
v -12.000 -1.000 -8.500
v -12.000 -1.000 -7.500
v -12.000 -1.000 7.500
v -12.000 -1.000 8.500
v -12.000 0.000 -8.500
v -12.000 0.000 -7.500
v -12.000 0.000 7.500
v -12.000 0.000 8.500
v -12.000 1.000 -8.500
v -12.000 1.000 -7.500
v -12.000 1.000 7.500
v -12.000 1.000 8.500
v -12.000 2.000 -8.500
v -12.000 2.000 -7.500
v -12.000 2.000 7.500
v -12.000 2.000 8.500
v -12.000 3.000 -8.500
v -12.000 3.000 -7.500
v -12.000 3.000 7.500
v -12.000 3.000 8.500
v -12.000 4.000 -7.500
v -12.000 4.000 -6.500
v -12.000 3.000 -6.500
v -12.000 3.000 6.500
v -12.000 4.000 6.500
v -12.000 4.000 7.500
v -12.000 5.000 -7.500
v -12.000 5.000 -6.500
v -12.000 5.000 -5.500
v -12.000 4.000 -5.500
v -12.000 4.000 5.500
v -12.000 5.000 5.500
v -12.000 5.000 6.500
v -12.000 5.000 7.500
v -12.000 6.000 -6.500
v -12.000 6.000 -5.500
v -12.000 6.000 -4.500
v -12.000 5.000 -4.500
v -12.000 5.000 4.500
v -12.000 6.000 4.500
v -12.000 6.000 5.500
v -12.000 6.000 6.500
v -12.000 7.000 -5.500
v -12.000 7.000 -4.500
v -12.000 7.000 -3.500
v -12.000 6.000 -3.500
v -12.000 6.000 3.500
v -12.000 7.000 3.500
v -12.000 7.000 4.500
v -12.000 7.000 5.500
v -12.000 8.000 -3.500
v -12.000 8.000 -2.500
v -12.000 7.000 -2.500
v -12.000 8.000 -1.500
v -12.000 7.000 -1.500
v -12.000 8.000 -0.500
v -12.000 7.000 -0.500
v -12.000 8.000 0.500
v -12.000 7.000 0.500
v -12.000 8.000 1.500
v -12.000 7.000 1.500
v -12.000 8.000 2.500
v -12.000 7.000 2.500
v -12.000 8.000 3.500
v -11.000 -7.000 -3.500
v -11.000 -7.000 -2.500
v -11.000 -6.000 -3.500
v -11.000 -7.000 -1.500
v -11.000 -7.000 -0.500
v -11.000 -7.000 0.500
v -11.000 -7.000 1.500
v -11.000 -7.000 2.500
v -11.000 -7.000 3.500
v -11.000 -6.000 3.500
v -11.000 -6.000 -4.500
v -11.000 -5.000 -4.500
v -11.000 -6.000 4.500
v -11.000 -5.000 4.500
v -11.000 -5.000 -5.500
v -11.000 -4.000 -5.500
v -11.000 -5.000 5.500
v -11.000 -4.000 5.500
v -11.000 -4.000 -6.500
v -11.000 -3.000 -6.500
v -11.000 -4.000 6.500
v -11.000 -3.000 6.500
v -11.000 -3.000 -7.500
v -11.000 -2.000 -7.500
v -11.000 -3.000 7.500
v -11.000 -2.000 7.500
v -11.000 -1.000 -7.500
v -11.000 -1.000 7.500
v -11.000 0.000 -7.500
v -11.000 0.000 7.500
v -11.000 1.000 -7.500
v -11.000 1.000 7.500
v -11.000 2.000 -7.500
v -11.000 2.000 7.500
v -11.000 3.000 -6.500
v -11.000 3.000 -7.500
v -11.000 3.000 7.500
v -11.000 3.000 6.500
v -11.000 4.000 -5.500
v -11.000 4.000 -6.500
v -11.000 4.000 6.500
v -11.000 4.000 5.500
v -11.000 5.000 -4.500
v -11.000 5.000 -5.500
v -11.000 5.000 5.500
v -11.000 5.000 4.500
v -11.000 6.000 -3.500
v -11.000 6.000 -4.500
v -11.000 6.000 4.500
v -11.000 6.000 3.500
v -11.000 7.000 -2.500
v -11.000 7.000 -3.500
v -11.000 7.000 -1.500
v -11.000 7.000 -0.500
v -11.000 7.000 0.500
v -11.000 7.000 1.500
v -11.000 7.000 2.500
v -11.000 7.000 3.500
v -11.000 -8.000 -2.500
v -11.000 -8.000 -3.500
v -10.000 -8.000 -3.500
v -10.000 -8.000 -2.500
v -10.000 -7.000 -3.500
v -11.000 -8.000 -1.500
v -10.000 -8.000 -1.500
v -11.000 -8.000 -0.500
v -10.000 -8.000 -0.500
v -11.000 -8.000 0.500
v -10.000 -8.000 0.500
v -11.000 -8.000 1.500
v -10.000 -8.000 1.500
v -11.000 -8.000 2.500
v -10.000 -8.000 2.500
v -11.000 -8.000 3.500
v -10.000 -8.000 3.500
v -10.000 -7.000 3.500
v -11.000 -7.000 -4.500
v -11.000 -6.000 -5.500
v -11.000 -7.000 -5.500
v -10.000 -7.000 -5.500
v -10.000 -7.000 -4.500
v -10.000 -6.000 -5.500
v -11.000 -7.000 4.500
v -10.000 -7.000 4.500
v -11.000 -7.000 5.500
v -11.000 -6.000 5.500
v -10.000 -7.000 5.500
v -10.000 -6.000 5.500
v -11.000 -5.000 -6.500
v -11.000 -6.000 -6.500
v -10.000 -6.000 -6.500
v -10.000 -5.000 -6.500
v -11.000 -6.000 6.500
v -11.000 -5.000 6.500
v -10.000 -6.000 6.500
v -10.000 -5.000 6.500
v -11.000 -4.000 -7.500
v -11.000 -5.000 -7.500
v -10.000 -5.000 -7.500
v -10.000 -4.000 -7.500
v -11.000 -5.000 7.500
v -11.000 -4.000 7.500
v -10.000 -5.000 7.500
v -10.000 -4.000 7.500
v -10.000 -3.000 -7.500
v -10.000 -3.000 7.500
v -11.000 -2.000 -8.500
v -11.000 -3.000 -8.500
v -10.000 -3.000 -8.500
v -10.000 -2.000 -8.500
v -11.000 -3.000 8.500
v -11.000 -2.000 8.500
v -10.000 -3.000 8.500
v -10.000 -2.000 8.500
v -11.000 -1.000 -8.500
v -10.000 -1.000 -8.500
v -11.000 -1.000 8.500
v -10.000 -1.000 8.500
v -11.000 0.000 -8.500
v -10.000 0.000 -8.500
v -11.000 0.000 8.500
v -10.000 0.000 8.500
v -11.000 1.000 -8.500
v -10.000 1.000 -8.500
v -11.000 1.000 8.500
v -10.000 1.000 8.500
v -11.000 2.000 -8.500
v -10.000 2.000 -8.500
v -11.000 2.000 8.500
v -10.000 2.000 8.500
v -11.000 3.000 -8.500
v -10.000 3.000 -7.500
v -10.000 3.000 -8.500
v -11.000 3.000 8.500
v -10.000 3.000 8.500
v -10.000 3.000 7.500
v -11.000 4.000 -7.500
v -10.000 4.000 -7.500
v -11.000 4.000 7.500
v -10.000 4.000 7.500
v -11.000 5.000 -6.500
v -11.000 5.000 -7.500
v -10.000 5.000 -6.500
v -10.000 5.000 -7.500
v -11.000 5.000 6.500
v -11.000 5.000 7.500
v -10.000 5.000 7.500
v -10.000 5.000 6.500
v -11.000 6.000 -5.500
v -11.000 6.000 -6.500
v -10.000 6.000 -5.500
v -10.000 6.000 -6.500
v -11.000 6.000 5.500
v -11.000 6.000 6.500
v -10.000 6.000 6.500
v -10.000 6.000 5.500
v -11.000 7.000 -4.500
v -11.000 7.000 -5.500
v -10.000 7.000 -4.500
v -10.000 7.000 -5.500
v -10.000 7.000 -3.500
v -11.000 7.000 4.500
v -10.000 7.000 4.500
v -10.000 7.000 3.500
v -11.000 7.000 5.500
v -10.000 7.000 5.500
v -11.000 8.000 -2.500
v -11.000 8.000 -3.500
v -10.000 8.000 -2.500
v -10.000 8.000 -3.500
v -11.000 8.000 -1.500
v -10.000 8.000 -1.500
v -11.000 8.000 -0.500
v -10.000 8.000 -0.500
v -11.000 8.000 0.500
v -10.000 8.000 0.500
v -11.000 8.000 1.500
v -10.000 8.000 1.500
v -11.000 8.000 2.500
v -10.000 8.000 2.500
v -11.000 8.000 3.500
v -10.000 8.000 3.500
v -9.000 -8.000 -3.500
v -9.000 -8.000 -2.500
v -9.000 -7.000 -3.500
v -9.000 -8.000 -1.500
v -9.000 -8.000 -0.500
v -9.000 -8.000 0.500
v -9.000 -8.000 1.500
v -9.000 -8.000 2.500
v -9.000 -8.000 3.500
v -9.000 -7.000 3.500
v -9.000 -7.000 -5.500
v -9.000 -7.000 -4.500
v -9.000 -6.000 -5.500
v -9.000 -7.000 4.500
v -9.000 -7.000 5.500
v -9.000 -6.000 5.500
v -9.000 -6.000 -6.500
v -9.000 -5.000 -6.500
v -9.000 -6.000 6.500
v -9.000 -5.000 6.500
v -9.000 -5.000 -7.500
v -9.000 -4.000 -7.500
v -9.000 -5.000 7.500
v -9.000 -4.000 7.500
v -9.000 -3.000 -7.500
v -9.000 -3.000 7.500
v -9.000 -3.000 -8.500
v -9.000 -2.000 -8.500
v -9.000 -3.000 8.500
v -9.000 -2.000 8.500
v -9.000 -1.000 -8.500
v -9.000 -1.000 8.500
v -9.000 0.000 -8.500
v -9.000 0.000 8.500
v -9.000 1.000 -8.500
v -9.000 1.000 8.500
v -9.000 2.000 -8.500
v -9.000 2.000 8.500
v -9.000 3.000 -7.500
v -9.000 3.000 -8.500
v -9.000 3.000 8.500
v -9.000 3.000 7.500
v -9.000 4.000 -7.500
v -9.000 4.000 7.500
v -9.000 5.000 -6.500
v -9.000 5.000 -7.500
v -9.000 5.000 7.500
v -9.000 5.000 6.500
v -9.000 6.000 -5.500
v -9.000 6.000 -6.500
v -9.000 6.000 6.500
v -9.000 6.000 5.500
v -9.000 7.000 -4.500
v -9.000 7.000 -5.500
v -9.000 7.000 -3.500
v -9.000 7.000 4.500
v -9.000 7.000 3.500
v -9.000 7.000 5.500
v -9.000 8.000 -2.500
v -9.000 8.000 -3.500
v -9.000 8.000 -1.500
v -9.000 8.000 -0.500
v -9.000 8.000 0.500
v -9.000 8.000 1.500
v -9.000 8.000 2.500
v -9.000 8.000 3.500
v -8.000 -9.000 -3.500
v -8.000 -8.000 -3.500
v -8.000 -8.000 -2.500
v -8.000 -9.000 -2.500
v -9.000 -9.000 -2.500
v -9.000 -9.000 -3.500
v -8.000 -8.000 -1.500
v -8.000 -9.000 -1.500
v -9.000 -9.000 -1.500
v -8.000 -8.000 -0.500
v -8.000 -9.000 -0.500
v -9.000 -9.000 -0.500
v -8.000 -8.000 0.500
v -8.000 -9.000 0.500
v -9.000 -9.000 0.500
v -8.000 -8.000 1.500
v -8.000 -9.000 1.500
v -9.000 -9.000 1.500
v -8.000 -8.000 2.500
v -8.000 -9.000 2.500
v -9.000 -9.000 2.500
v -8.000 -8.000 3.500
v -8.000 -9.000 3.500
v -9.000 -9.000 3.500
v -8.000 -8.000 -5.500
v -8.000 -7.000 -5.500
v -8.000 -7.000 -4.500
v -8.000 -8.000 -4.500
v -9.000 -8.000 -4.500
v -9.000 -8.000 -5.500
v -8.000 -7.000 -3.500
v -8.000 -7.000 3.500
v -8.000 -7.000 4.500
v -8.000 -8.000 4.500
v -9.000 -8.000 4.500
v -8.000 -7.000 5.500
v -8.000 -8.000 5.500
v -9.000 -8.000 5.500
v -8.000 -7.000 -6.500
v -8.000 -6.000 -6.500
v -8.000 -6.000 -5.500
v -9.000 -7.000 -6.500
v -8.000 -6.000 5.500
v -8.000 -6.000 6.500
v -8.000 -7.000 6.500
v -9.000 -7.000 6.500
v -8.000 -6.000 -7.500
v -8.000 -5.000 -7.500
v -8.000 -5.000 -6.500
v -9.000 -6.000 -7.500
v -8.000 -5.000 6.500
v -8.000 -5.000 7.500
v -8.000 -6.000 7.500
v -9.000 -6.000 7.500
v -8.000 -5.000 -8.500
v -8.000 -4.000 -8.500
v -8.000 -4.000 -7.500
v -9.000 -4.000 -8.500
v -9.000 -5.000 -8.500
v -8.000 -4.000 7.500
v -8.000 -4.000 8.500
v -8.000 -5.000 8.500
v -9.000 -5.000 8.500
v -9.000 -4.000 8.500
v -8.000 -3.000 -8.500
v -8.000 -3.000 -7.500
v -8.000 -3.000 7.500
v -8.000 -3.000 8.500
v -8.000 -3.000 -9.500
v -8.000 -2.000 -9.500
v -8.000 -2.000 -8.500
v -9.000 -2.000 -9.500
v -9.000 -3.000 -9.500
v -8.000 -2.000 8.500
v -8.000 -2.000 9.500
v -8.000 -3.000 9.500
v -9.000 -3.000 9.500
v -9.000 -2.000 9.500
v -8.000 -1.000 -9.500
v -8.000 -1.000 -8.500
v -9.000 -1.000 -9.500
v -8.000 -1.000 8.500
v -8.000 -1.000 9.500
v -9.000 -1.000 9.500
v -8.000 0.000 -9.500
v -8.000 0.000 -8.500
v -9.000 0.000 -9.500
v -8.000 0.000 8.500
v -8.000 0.000 9.500
v -9.000 0.000 9.500
v -8.000 1.000 -9.500
v -8.000 1.000 -8.500
v -9.000 1.000 -9.500
v -8.000 1.000 8.500
v -8.000 1.000 9.500
v -9.000 1.000 9.500
v -8.000 2.000 -9.500
v -8.000 2.000 -8.500
v -9.000 2.000 -9.500
v -8.000 2.000 8.500
v -8.000 2.000 9.500
v -9.000 2.000 9.500
v -8.000 3.000 -9.500
v -8.000 3.000 -8.500
v -9.000 3.000 -9.500
v -8.000 3.000 8.500
v -8.000 3.000 9.500
v -9.000 3.000 9.500
v -8.000 4.000 -8.500
v -8.000 4.000 -7.500
v -8.000 3.000 -7.500
v -9.000 4.000 -8.500
v -8.000 3.000 7.500
v -8.000 4.000 7.500
v -8.000 4.000 8.500
v -9.000 4.000 8.500
v -8.000 5.000 -8.500
v -8.000 5.000 -7.500
v -9.000 5.000 -8.500
v -8.000 5.000 7.500
v -8.000 5.000 8.500
v -9.000 5.000 8.500
v -8.000 6.000 -7.500
v -8.000 6.000 -6.500
v -8.000 5.000 -6.500
v -9.000 6.000 -7.500
v -8.000 5.000 6.500
v -8.000 6.000 6.500
v -8.000 6.000 7.500
v -9.000 6.000 7.500
v -8.000 7.000 -6.500
v -8.000 7.000 -5.500
v -8.000 6.000 -5.500
v -9.000 7.000 -6.500
v -8.000 6.000 5.500
v -8.000 7.000 5.500
v -8.000 7.000 6.500
v -9.000 7.000 6.500
v -8.000 8.000 -5.500
v -8.000 8.000 -4.500
v -8.000 7.000 -4.500
v -9.000 8.000 -4.500
v -9.000 8.000 -5.500
v -8.000 8.000 -3.500
v -8.000 7.000 -3.500
v -8.000 7.000 3.500
v -8.000 8.000 3.500
v -8.000 8.000 4.500
v -8.000 7.000 4.500
v -9.000 8.000 4.500
v -8.000 8.000 5.500
v -9.000 8.000 5.500
v -8.000 9.000 -3.500
v -8.000 9.000 -2.500
v -8.000 8.000 -2.500
v -9.000 9.000 -2.500
v -9.000 9.000 -3.500
v -8.000 9.000 -1.500
v -8.000 8.000 -1.500
v -9.000 9.000 -1.500
v -8.000 9.000 -0.500
v -8.000 8.000 -0.500
v -9.000 9.000 -0.500
v -8.000 9.000 0.500
v -8.000 8.000 0.500
v -9.000 9.000 0.500
v -8.000 9.000 1.500
v -8.000 8.000 1.500
v -9.000 9.000 1.500
v -8.000 9.000 2.500
v -8.000 8.000 2.500
v -9.000 9.000 2.500
v -8.000 9.000 3.500
v -9.000 9.000 3.500
v -7.000 -8.000 -3.500
v -7.000 -8.000 -2.500
v -7.000 -7.000 -3.500
v -7.000 -8.000 -1.500
v -7.000 -8.000 -0.500
v -7.000 -8.000 0.500
v -7.000 -8.000 1.500
v -7.000 -8.000 2.500
v -7.000 -8.000 3.500
v -7.000 -7.000 3.500
v -7.000 -7.000 -5.500
v -7.000 -7.000 -4.500
v -7.000 -6.000 -5.500
v -7.000 -7.000 4.500
v -7.000 -7.000 5.500
v -7.000 -6.000 5.500
v -7.000 -6.000 -6.500
v -7.000 -5.000 -6.500
v -7.000 -6.000 6.500
v -7.000 -5.000 6.500
v -7.000 -5.000 -7.500
v -7.000 -4.000 -7.500
v -7.000 -5.000 7.500
v -7.000 -4.000 7.500
v -7.000 -3.000 -7.500
v -7.000 -3.000 7.500
v -7.000 -3.000 -8.500
v -7.000 -2.000 -8.500
v -7.000 -3.000 8.500
v -7.000 -2.000 8.500
v -7.000 -1.000 -8.500
v -7.000 -1.000 8.500
v -7.000 0.000 -8.500
v -7.000 0.000 8.500
v -7.000 1.000 -8.500
v -7.000 1.000 8.500
v -7.000 2.000 -8.500
v -7.000 2.000 8.500
v -7.000 3.000 -7.500
v -7.000 3.000 -8.500
v -7.000 3.000 8.500
v -7.000 3.000 7.500
v -7.000 4.000 -7.500
v -7.000 4.000 7.500
v -7.000 5.000 -6.500
v -7.000 5.000 -7.500
v -7.000 5.000 7.500
v -7.000 5.000 6.500
v -7.000 6.000 -5.500
v -7.000 6.000 -6.500
v -7.000 6.000 6.500
v -7.000 6.000 5.500
v -7.000 7.000 -4.500
v -7.000 7.000 -5.500
v -7.000 7.000 -3.500
v -7.000 7.000 4.500
v -7.000 7.000 3.500
v -7.000 7.000 5.500
v -7.000 8.000 -2.500
v -7.000 8.000 -3.500
v -7.000 8.000 -1.500
v -7.000 8.000 -0.500
v -7.000 8.000 0.500
v -7.000 8.000 1.500
v -7.000 8.000 2.500
v -7.000 8.000 3.500
v -6.000 -8.000 -3.500
v -6.000 -7.000 -3.500
v -6.000 -7.000 -2.500
v -6.000 -8.000 -2.500
v -6.000 -7.000 -1.500
v -6.000 -8.000 -1.500
v -6.000 -7.000 -0.500
v -6.000 -8.000 -0.500
v -6.000 -7.000 0.500
v -6.000 -8.000 0.500
v -6.000 -7.000 1.500
v -6.000 -8.000 1.500
v -6.000 -7.000 2.500
v -6.000 -8.000 2.500
v -6.000 -7.000 3.500
v -6.000 -8.000 3.500
v -6.000 -7.000 -5.500
v -6.000 -6.000 -5.500
v -6.000 -6.000 -4.500
v -6.000 -7.000 -4.500
v -6.000 -6.000 -3.500
v -6.000 -6.000 -2.500
v -6.000 -6.000 -1.500
v -6.000 -6.000 -0.500
v -6.000 -6.000 0.500
v -6.000 -6.000 1.500
v -6.000 -6.000 2.500
v -6.000 -6.000 3.500
v -6.000 -6.000 4.500
v -6.000 -7.000 4.500
v -6.000 -6.000 5.500
v -6.000 -7.000 5.500
v -6.000 -6.000 -6.500
v -6.000 -5.000 -6.500
v -6.000 -5.000 -5.500
v -6.000 -5.000 -4.500
v -6.000 -5.000 -3.500
v -6.000 -5.000 -2.500
v -6.000 -5.000 -1.500
v -6.000 -5.000 -0.500
v -6.000 -5.000 0.500
v -6.000 -5.000 1.500
v -6.000 -5.000 2.500
v -6.000 -5.000 3.500
v -6.000 -5.000 4.500
v -6.000 -5.000 5.500
v -6.000 -5.000 6.500
v -6.000 -6.000 6.500
v -6.000 -5.000 -7.500
v -6.000 -4.000 -7.500
v -6.000 -4.000 -6.500
v -6.000 -4.000 -5.500
v -6.000 -4.000 -4.500
v -6.000 -4.000 -3.500
v -6.000 -4.000 -2.500
v -6.000 -4.000 -1.500
v -6.000 -4.000 -0.500
v -6.000 -4.000 0.500
v -6.000 -4.000 1.500
v -6.000 -4.000 2.500
v -6.000 -4.000 3.500
v -6.000 -4.000 4.500
v -6.000 -4.000 5.500
v -6.000 -4.000 6.500
v -6.000 -4.000 7.500
v -6.000 -5.000 7.500
v -6.000 -3.000 -7.500
v -6.000 -3.000 -6.500
v -6.000 -3.000 -5.500
v -6.000 -3.000 -4.500
v -6.000 -3.000 -3.500
v -6.000 -3.000 -2.500
v -6.000 -3.000 -1.500
v -6.000 -3.000 -0.500
v -6.000 -3.000 0.500
v -6.000 -3.000 1.500
v -6.000 -3.000 2.500
v -6.000 -3.000 3.500
v -6.000 -3.000 4.500
v -6.000 -3.000 5.500
v -6.000 -3.000 6.500
v -6.000 -3.000 7.500
v -6.000 -3.000 -8.500
v -6.000 -2.000 -8.500
v -6.000 -2.000 -7.500
v -6.000 -2.000 -6.500
v -6.000 -2.000 -5.500
v -6.000 -2.000 -4.500
v -6.000 -2.000 -3.500
v -6.000 -2.000 -2.500
v -6.000 -2.000 -1.500
v -6.000 -2.000 -0.500
v -6.000 -2.000 0.500
v -6.000 -2.000 1.500
v -6.000 -2.000 2.500
v -6.000 -2.000 3.500
v -6.000 -2.000 4.500
v -6.000 -2.000 5.500
v -6.000 -2.000 6.500
v -6.000 -2.000 7.500
v -6.000 -2.000 8.500
v -6.000 -3.000 8.500
v -6.000 -1.000 -8.500
v -6.000 -1.000 -7.500
v -6.000 -1.000 -6.500
v -6.000 -1.000 -5.500
v -6.000 -1.000 -4.500
v -6.000 -1.000 -3.500
v -6.000 -1.000 -2.500
v -6.000 -1.000 -1.500
v -6.000 -1.000 1.500
v -6.000 -1.000 2.500
v -6.000 -1.000 3.500
v -6.000 -1.000 4.500
v -6.000 -1.000 5.500
v -6.000 -1.000 6.500
v -6.000 -1.000 7.500
v -6.000 -1.000 8.500
v -6.000 0.000 -8.500
v -6.000 0.000 -7.500
v -6.000 0.000 -6.500
v -6.000 0.000 -5.500
v -6.000 0.000 -4.500
v -6.000 0.000 -3.500
v -6.000 0.000 -2.500
v -6.000 0.000 2.500
v -6.000 0.000 3.500
v -6.000 0.000 4.500
v -6.000 0.000 5.500
v -6.000 0.000 6.500
v -6.000 0.000 7.500
v -6.000 0.000 8.500
v -6.000 1.000 -8.500
v -6.000 1.000 -7.500
v -6.000 1.000 -6.500
v -6.000 1.000 -5.500
v -6.000 1.000 -4.500
v -6.000 1.000 -3.500
v -6.000 1.000 -2.500
v -6.000 1.000 2.500
v -6.000 1.000 3.500
v -6.000 1.000 4.500
v -6.000 1.000 5.500
v -6.000 1.000 6.500
v -6.000 1.000 7.500
v -6.000 1.000 8.500
v -6.000 2.000 -8.500
v -6.000 2.000 -7.500
v -6.000 2.000 -6.500
v -6.000 2.000 -5.500
v -6.000 2.000 -4.500
v -6.000 2.000 -3.500
v -6.000 2.000 -2.500
v -6.000 2.000 -1.500
v -6.000 1.000 -1.500
v -6.000 1.000 1.500
v -6.000 2.000 1.500
v -6.000 2.000 2.500
v -6.000 2.000 3.500
v -6.000 2.000 4.500
v -6.000 2.000 5.500
v -6.000 2.000 6.500
v -6.000 2.000 7.500
v -6.000 2.000 8.500
v -6.000 3.000 -8.500
v -6.000 3.000 -7.500
v -6.000 3.000 -6.500
v -6.000 3.000 -5.500
v -6.000 3.000 -4.500
v -6.000 3.000 -3.500
v -6.000 3.000 -2.500
v -6.000 3.000 -1.500
v -6.000 3.000 -0.500
v -6.000 2.000 -0.500
v -6.000 3.000 0.500
v -6.000 2.000 0.500
v -6.000 3.000 1.500
v -6.000 3.000 2.500
v -6.000 3.000 3.500
v -6.000 3.000 4.500
v -6.000 3.000 5.500
v -6.000 3.000 6.500
v -6.000 3.000 7.500
v -6.000 3.000 8.500
v -6.000 4.000 -7.500
v -6.000 4.000 -6.500
v -6.000 4.000 -5.500
v -6.000 4.000 -4.500
v -6.000 4.000 -3.500
v -6.000 4.000 -2.500
v -6.000 4.000 -1.500
v -6.000 4.000 -0.500
v -6.000 4.000 0.500
v -6.000 4.000 1.500
v -6.000 4.000 2.500
v -6.000 4.000 3.500
v -6.000 4.000 4.500
v -6.000 4.000 5.500
v -6.000 4.000 6.500
v -6.000 4.000 7.500
v -6.000 5.000 -7.500
v -6.000 5.000 -6.500
v -6.000 5.000 -5.500
v -6.000 5.000 -4.500
v -6.000 5.000 -3.500
v -6.000 5.000 -2.500
v -6.000 5.000 -1.500
v -6.000 5.000 -0.500
v -6.000 5.000 0.500
v -6.000 5.000 1.500
v -6.000 5.000 2.500
v -6.000 5.000 3.500
v -6.000 5.000 4.500
v -6.000 5.000 5.500
v -6.000 5.000 6.500
v -6.000 5.000 7.500
v -6.000 6.000 -6.500
v -6.000 6.000 -5.500
v -6.000 6.000 -4.500
v -6.000 6.000 -3.500
v -6.000 6.000 -2.500
v -6.000 6.000 -1.500
v -6.000 6.000 -0.500
v -6.000 6.000 0.500
v -6.000 6.000 1.500
v -6.000 6.000 2.500
v -6.000 6.000 3.500
v -6.000 6.000 4.500
v -6.000 6.000 5.500
v -6.000 6.000 6.500
v -6.000 7.000 -5.500
v -6.000 7.000 -4.500
v -6.000 7.000 -3.500
v -6.000 7.000 -2.500
v -6.000 7.000 -1.500
v -6.000 7.000 -0.500
v -6.000 7.000 0.500
v -6.000 7.000 1.500
v -6.000 7.000 2.500
v -6.000 7.000 3.500
v -6.000 7.000 4.500
v -6.000 7.000 5.500
v -6.000 8.000 -3.500
v -6.000 8.000 -2.500
v -6.000 8.000 -1.500
v -6.000 8.000 -0.500
v -6.000 8.000 0.500
v -6.000 8.000 1.500
v -6.000 8.000 2.500
v -6.000 8.000 3.500
v -5.000 -2.000 -1.500
v -5.000 -2.000 -0.500
v -5.000 -1.000 -1.500
v -5.000 -2.000 0.500
v -5.000 -2.000 1.500
v -5.000 -1.000 1.500
v -5.000 -1.000 -2.500
v -5.000 0.000 -2.500
v -5.000 -1.000 2.500
v -5.000 0.000 2.500
v -5.000 1.000 -1.500
v -5.000 1.000 -2.500
v -5.000 1.000 2.500
v -5.000 1.000 1.500
v -5.000 2.000 -0.500
v -5.000 2.000 -1.500
v -5.000 2.000 0.500
v -5.000 2.000 1.500
v -4.000 -2.000 -1.500
v -4.000 -2.000 -0.500
v -4.000 -1.000 -1.500
v -4.000 -2.000 0.500
v -4.000 -2.000 1.500
v -4.000 -1.000 1.500
v -4.000 -1.000 -2.500
v -4.000 0.000 -2.500
v -4.000 -1.000 2.500
v -4.000 0.000 2.500
v -4.000 1.000 -1.500
v -4.000 1.000 -2.500
v -4.000 1.000 2.500
v -4.000 1.000 1.500
v -4.000 2.000 -0.500
v -4.000 2.000 -1.500
v -4.000 2.000 0.500
v -4.000 2.000 1.500
v -3.000 -2.000 -1.500
v -3.000 -2.000 -0.500
v -3.000 -1.000 -1.500
v -3.000 -2.000 0.500
v -3.000 -2.000 1.500
v -3.000 -1.000 1.500
v -3.000 -1.000 -2.500
v -3.000 0.000 -2.500
v -3.000 -1.000 2.500
v -3.000 0.000 2.500
v -3.000 1.000 -1.500
v -3.000 1.000 -2.500
v -3.000 1.000 2.500
v -3.000 1.000 1.500
v -3.000 2.000 -0.500
v -3.000 2.000 -1.500
v -3.000 2.000 0.500
v -3.000 2.000 1.500
v -2.000 -2.000 -1.500
v -2.000 -2.000 -0.500
v -2.000 -1.000 -1.500
v -2.000 -2.000 0.500
v -2.000 -2.000 1.500
v -2.000 -1.000 1.500
v -2.000 -1.000 -2.500
v -2.000 0.000 -2.500
v -2.000 -1.000 2.500
v -2.000 0.000 2.500
v -2.000 1.000 -1.500
v -2.000 1.000 -2.500
v -2.000 1.000 2.500
v -2.000 1.000 1.500
v -2.000 2.000 -0.500
v -2.000 2.000 -1.500
v -2.000 2.000 0.500
v -2.000 2.000 1.500
v -1.000 -2.000 -1.500
v -1.000 -2.000 -0.500
v -1.000 -1.000 -1.500
v -1.000 -2.000 0.500
v -1.000 -2.000 1.500
v -1.000 -1.000 1.500
v -1.000 -1.000 -2.500
v -1.000 0.000 -2.500
v -1.000 -1.000 2.500
v -1.000 0.000 2.500
v -1.000 1.000 -1.500
v -1.000 1.000 -2.500
v -1.000 1.000 2.500
v -1.000 1.000 1.500
v -1.000 2.000 -0.500
v -1.000 2.000 -1.500
v -1.000 2.000 0.500
v -1.000 2.000 1.500
v 0.000 -5.000 -2.500
v 0.000 -4.000 -2.500
v 0.000 -4.000 -1.500
v 0.000 -5.000 -1.500
v -1.000 -5.000 -1.500
v -1.000 -4.000 -1.500
v -1.000 -4.000 -2.500
v -1.000 -5.000 -2.500
v -1.000 -5.000 -0.500
v -1.000 -4.000 -0.500
v 0.000 -5.000 -0.500
v -1.000 -5.000 0.500
v -1.000 -4.000 0.500
v 0.000 -5.000 0.500
v -1.000 -5.000 1.500
v -1.000 -4.000 1.500
v 0.000 -5.000 1.500
v 0.000 -4.000 1.500
v 0.000 -4.000 2.500
v 0.000 -5.000 2.500
v -1.000 -5.000 2.500
v -1.000 -4.000 2.500
v 0.000 -4.000 -4.500
v 0.000 -3.000 -4.500
v 0.000 -3.000 -3.500
v 0.000 -4.000 -3.500
v -1.000 -4.000 -3.500
v -1.000 -3.000 -3.500
v -1.000 -3.000 -4.500
v -1.000 -4.000 -4.500
v 0.000 -3.000 -2.500
v -1.000 -3.000 -2.500
v -1.000 -3.000 -1.500
v -1.000 -3.000 -0.500
v -1.000 -3.000 0.500
v -1.000 -3.000 1.500
v -1.000 -3.000 2.500
v 0.000 -3.000 2.500
v 0.000 -3.000 3.500
v 0.000 -4.000 3.500
v -1.000 -4.000 3.500
v -1.000 -3.000 3.500
v 0.000 -3.000 4.500
v 0.000 -4.000 4.500
v -1.000 -4.000 4.500
v -1.000 -3.000 4.500
v 0.000 -2.000 -4.500
v 0.000 -2.000 -3.500
v -1.000 -2.000 -3.500
v -1.000 -2.000 -4.500
v 0.000 -2.000 -2.500
v -1.000 -2.000 -2.500
v -1.000 -2.000 2.500
v 0.000 -2.000 2.500
v 0.000 -2.000 3.500
v -1.000 -2.000 3.500
v 0.000 -2.000 4.500
v -1.000 -2.000 4.500
v 0.000 -2.000 -5.500
v 0.000 -1.000 -5.500
v 0.000 -1.000 -4.500
v -1.000 -1.000 -4.500
v -1.000 -1.000 -5.500
v -1.000 -2.000 -5.500
v 0.000 -1.000 -3.500
v -1.000 -1.000 -3.500
v 0.000 -1.000 -2.500
v 0.000 -1.000 2.500
v 0.000 -1.000 3.500
v -1.000 -1.000 3.500
v 0.000 -1.000 4.500
v -1.000 -1.000 4.500
v 0.000 -1.000 5.500
v 0.000 -2.000 5.500
v -1.000 -2.000 5.500
v -1.000 -1.000 5.500
v 0.000 0.000 -5.500
v 0.000 0.000 -4.500
v -1.000 0.000 -4.500
v -1.000 0.000 -5.500
v 0.000 0.000 -3.500
v -1.000 0.000 -3.500
v 0.000 0.000 -2.500
v 0.000 0.000 2.500
v 0.000 0.000 3.500
v -1.000 0.000 3.500
v 0.000 0.000 4.500
v -1.000 0.000 4.500
v 0.000 0.000 5.500
v -1.000 0.000 5.500
v 0.000 1.000 -5.500
v 0.000 1.000 -4.500
v -1.000 1.000 -4.500
v -1.000 1.000 -5.500
v 0.000 1.000 -3.500
v -1.000 1.000 -3.500
v 0.000 1.000 -2.500
v 0.000 1.000 2.500
v 0.000 1.000 3.500
v -1.000 1.000 3.500
v 0.000 1.000 4.500
v -1.000 1.000 4.500
v 0.000 1.000 5.500
v -1.000 1.000 5.500
v 0.000 2.000 -5.500
v 0.000 2.000 -4.500
v -1.000 2.000 -4.500
v -1.000 2.000 -5.500
v 0.000 2.000 -3.500
v -1.000 2.000 -3.500
v 0.000 2.000 -2.500
v -1.000 2.000 -2.500
v -1.000 2.000 2.500
v 0.000 2.000 2.500
v 0.000 2.000 3.500
v -1.000 2.000 3.500
v 0.000 2.000 4.500
v -1.000 2.000 4.500
v 0.000 2.000 5.500
v -1.000 2.000 5.500
v 0.000 3.000 -4.500
v 0.000 3.000 -3.500
v -1.000 3.000 -3.500
v -1.000 3.000 -4.500
v 0.000 3.000 -2.500
v -1.000 3.000 -2.500
v -1.000 3.000 -1.500
v -1.000 3.000 -0.500
v -1.000 3.000 0.500
v -1.000 3.000 1.500
v -1.000 3.000 2.500
v 0.000 3.000 2.500
v 0.000 3.000 3.500
v -1.000 3.000 3.500
v 0.000 3.000 4.500
v -1.000 3.000 4.500
v 0.000 4.000 -4.500
v 0.000 4.000 -3.500
v -1.000 4.000 -3.500
v -1.000 4.000 -4.500
v 0.000 4.000 -2.500
v -1.000 4.000 -2.500
v -1.000 4.000 -1.500
v -1.000 4.000 -0.500
v -1.000 4.000 0.500
v -1.000 4.000 1.500
v -1.000 4.000 2.500
v 0.000 4.000 2.500
v 0.000 4.000 3.500
v -1.000 4.000 3.500
v 0.000 4.000 4.500
v -1.000 4.000 4.500
v 0.000 5.000 -2.500
v 0.000 5.000 -1.500
v 0.000 4.000 -1.500
v -1.000 5.000 -1.500
v -1.000 5.000 -2.500
v -1.000 5.000 -0.500
v 0.000 5.000 -0.500
v -1.000 5.000 0.500
v 0.000 5.000 0.500
v -1.000 5.000 1.500
v 0.000 5.000 1.500
v 0.000 4.000 1.500
v 0.000 5.000 2.500
v -1.000 5.000 2.500
v 0.000 -6.000 -0.500
v 0.000 -6.000 -1.500
v 1.000 -6.000 -1.500
v 1.000 -6.000 -0.500
v 1.000 -5.000 -1.500
v 0.000 -6.000 0.500
v 1.000 -6.000 0.500
v 0.000 -6.000 1.500
v 1.000 -6.000 1.500
v 1.000 -5.000 1.500
v 1.000 -4.000 -1.500
v 1.000 -4.000 1.500
v 1.000 -4.000 -2.500
v 1.000 -3.000 -2.500
v 1.000 -4.000 2.500
v 1.000 -3.000 2.500
v 1.000 -2.000 -2.500
v 1.000 -2.000 2.500
v 1.000 -1.000 -2.500
v 1.000 -1.000 2.500
v 1.000 0.000 -2.500
v 1.000 0.000 2.500
v 1.000 1.000 -2.500
v 1.000 1.000 2.500
v 1.000 2.000 -2.500
v 1.000 2.000 2.500
v 1.000 3.000 -2.500
v 1.000 3.000 2.500
v 1.000 4.000 -1.500
v 1.000 4.000 -2.500
v 1.000 4.000 2.500
v 1.000 4.000 1.500
v 1.000 5.000 -1.500
v 1.000 5.000 1.500
v 0.000 6.000 -0.500
v 0.000 6.000 -1.500
v 1.000 6.000 -0.500
v 1.000 6.000 -1.500
v 0.000 6.000 0.500
v 1.000 6.000 0.500
v 0.000 6.000 1.500
v 1.000 6.000 1.500
v 1.000 -8.000 -0.500
v 1.000 -7.000 -0.500
v 1.000 -7.000 -1.500
v 1.000 -8.000 -1.500
v 2.000 -8.000 -1.500
v 2.000 -8.000 -0.500
v 2.000 -7.000 -1.500
v 1.000 -8.000 0.500
v 1.000 -7.000 0.500
v 2.000 -8.000 0.500
v 1.000 -8.000 1.500
v 1.000 -7.000 1.500
v 2.000 -8.000 1.500
v 2.000 -7.000 1.500
v 2.000 -6.000 -1.500
v 2.000 -6.000 1.500
v 2.000 -5.000 -1.500
v 2.000 -5.000 1.500
v 1.000 -5.000 -2.500
v 2.000 -5.000 -2.500
v 2.000 -4.000 -2.500
v 1.000 -5.000 2.500
v 2.000 -5.000 2.500
v 2.000 -4.000 2.500
v 2.000 -3.000 -2.500
v 2.000 -3.000 2.500
v 1.000 -3.000 -3.500
v 1.000 -2.000 -3.500
v 1.000 -2.000 -4.500
v 1.000 -3.000 -4.500
v 2.000 -3.000 -4.500
v 2.000 -3.000 -3.500
v 2.000 -2.000 -4.500
v 1.000 -3.000 3.500
v 1.000 -2.000 3.500
v 2.000 -3.000 3.500
v 1.000 -3.000 4.500
v 1.000 -2.000 4.500
v 2.000 -3.000 4.500
v 2.000 -2.000 4.500
v 1.000 -1.000 -3.500
v 1.000 -1.000 -4.500
v 2.000 -1.000 -4.500
v 1.000 -1.000 3.500
v 1.000 -1.000 4.500
v 2.000 -1.000 4.500
v 1.000 0.000 -3.500
v 1.000 0.000 -4.500
v 2.000 0.000 -4.500
v 1.000 0.000 3.500
v 1.000 0.000 4.500
v 2.000 0.000 4.500
v 1.000 1.000 -3.500
v 1.000 1.000 -4.500
v 2.000 1.000 -4.500
v 1.000 1.000 3.500
v 1.000 1.000 4.500
v 2.000 1.000 4.500
v 1.000 2.000 -3.500
v 1.000 2.000 -4.500
v 2.000 2.000 -4.500
v 1.000 2.000 3.500
v 1.000 2.000 4.500
v 2.000 2.000 4.500
v 1.000 3.000 -3.500
v 1.000 3.000 -4.500
v 2.000 3.000 -3.500
v 2.000 3.000 -4.500
v 2.000 3.000 -2.500
v 1.000 3.000 3.500
v 2.000 3.000 3.500
v 2.000 3.000 2.500
v 1.000 3.000 4.500
v 2.000 3.000 4.500
v 2.000 4.000 -2.500
v 2.000 4.000 2.500
v 1.000 5.000 -2.500
v 2.000 5.000 -1.500
v 2.000 5.000 -2.500
v 1.000 5.000 2.500
v 2.000 5.000 2.500
v 2.000 5.000 1.500
v 2.000 6.000 -1.500
v 2.000 6.000 1.500
v 1.000 7.000 -0.500
v 1.000 7.000 -1.500
v 2.000 7.000 -1.500
v 1.000 7.000 0.500
v 1.000 7.000 1.500
v 2.000 7.000 1.500
v 1.000 8.000 -0.500
v 1.000 8.000 -1.500
v 2.000 8.000 -0.500
v 2.000 8.000 -1.500
v 1.000 8.000 0.500
v 2.000 8.000 0.500
v 1.000 8.000 1.500
v 2.000 8.000 1.500
v 3.000 -8.000 -1.500
v 3.000 -8.000 -0.500
v 3.000 -7.000 -1.500
v 3.000 -8.000 0.500
v 3.000 -8.000 1.500
v 3.000 -7.000 1.500
v 2.000 -6.000 -2.500
v 2.000 -7.000 -2.500
v 3.000 -7.000 -2.500
v 3.000 -6.000 -2.500
v 2.000 -7.000 2.500
v 2.000 -6.000 2.500
v 3.000 -7.000 2.500
v 3.000 -6.000 2.500
v 3.000 -5.000 -2.500
v 3.000 -5.000 2.500
v 3.000 -4.000 -2.500
v 3.000 -4.000 2.500
v 3.000 -4.000 -4.500
v 3.000 -3.000 -4.500
v 3.000 -3.000 -3.500
v 3.000 -4.000 -3.500
v 2.000 -4.000 -3.500
v 2.000 -4.000 -4.500
v 3.000 -3.000 -2.500
v 3.000 -3.000 2.500
v 3.000 -3.000 3.500
v 3.000 -4.000 3.500
v 2.000 -4.000 3.500
v 3.000 -3.000 4.500
v 3.000 -4.000 4.500
v 2.000 -4.000 4.500
v 3.000 -2.000 -4.500
v 3.000 -2.000 -3.500
v 3.000 -2.000 -2.500
v 3.000 -2.000 2.500
v 3.000 -2.000 3.500
v 3.000 -2.000 4.500
v 3.000 -1.000 -4.500
v 3.000 -1.000 -3.500
v 3.000 -1.000 -2.500
v 3.000 -1.000 2.500
v 3.000 -1.000 3.500
v 3.000 -1.000 4.500
v 3.000 0.000 -4.500
v 3.000 0.000 -3.500
v 3.000 0.000 -2.500
v 3.000 0.000 2.500
v 3.000 0.000 3.500
v 3.000 0.000 4.500
v 3.000 1.000 -4.500
v 3.000 1.000 -3.500
v 3.000 1.000 -2.500
v 3.000 1.000 2.500
v 3.000 1.000 3.500
v 3.000 1.000 4.500
v 3.000 2.000 -4.500
v 3.000 2.000 -3.500
v 3.000 2.000 -2.500
v 3.000 2.000 2.500
v 3.000 2.000 3.500
v 3.000 2.000 4.500
v 3.000 3.000 -4.500
v 3.000 3.000 -3.500
v 3.000 3.000 -2.500
v 3.000 3.000 2.500
v 3.000 3.000 3.500
v 3.000 3.000 4.500
v 3.000 4.000 -4.500
v 3.000 4.000 -3.500
v 2.000 4.000 -3.500
v 2.000 4.000 -4.500
v 3.000 4.000 -2.500
v 3.000 4.000 2.500
v 3.000 4.000 3.500
v 2.000 4.000 3.500
v 3.000 4.000 4.500
v 2.000 4.000 4.500
v 3.000 5.000 -2.500
v 3.000 5.000 2.500
v 2.000 6.000 -2.500
v 3.000 6.000 -2.500
v 2.000 6.000 2.500
v 3.000 6.000 2.500
v 2.000 7.000 -2.500
v 3.000 7.000 -1.500
v 3.000 7.000 -2.500
v 2.000 7.000 2.500
v 3.000 7.000 2.500
v 3.000 7.000 1.500
v 3.000 8.000 -0.500
v 3.000 8.000 -1.500
v 3.000 8.000 0.500
v 3.000 8.000 1.500
v 3.000 -9.000 -0.500
v 3.000 -9.000 -1.500
v 4.000 -9.000 -1.500
v 4.000 -9.000 -0.500
v 4.000 -8.000 -1.500
v 3.000 -9.000 0.500
v 4.000 -9.000 0.500
v 3.000 -9.000 1.500
v 4.000 -9.000 1.500
v 4.000 -8.000 1.500
v 4.000 -7.000 -1.500
v 4.000 -7.000 1.500
v 4.000 -7.000 -2.500
v 4.000 -6.000 -2.500
v 4.000 -7.000 2.500
v 4.000 -6.000 2.500
v 4.000 -6.000 -4.500
v 4.000 -5.000 -4.500
v 4.000 -5.000 -3.500
v 4.000 -6.000 -3.500
v 3.000 -6.000 -3.500
v 3.000 -5.000 -3.500
v 3.000 -5.000 -4.500
v 3.000 -6.000 -4.500
v 4.000 -5.000 -2.500
v 4.000 -5.000 2.500
v 4.000 -5.000 3.500
v 4.000 -6.000 3.500
v 3.000 -6.000 3.500
v 3.000 -5.000 3.500
v 4.000 -5.000 4.500
v 4.000 -6.000 4.500
v 3.000 -6.000 4.500
v 3.000 -5.000 4.500
v 4.000 -4.000 -4.500
v 4.000 -4.000 -3.500
v 4.000 -4.000 -2.500
v 4.000 -4.000 2.500
v 4.000 -4.000 3.500
v 4.000 -4.000 4.500
v 4.000 -3.000 -2.500
v 4.000 -3.000 2.500
v 4.000 -2.000 -2.500
v 4.000 -2.000 -1.500
v 4.000 -3.000 -1.500
v 4.000 -3.000 1.500
v 4.000 -2.000 1.500
v 4.000 -2.000 2.500
v 4.000 -1.000 -2.500
v 4.000 -1.000 -1.500
v 4.000 -1.000 1.500
v 4.000 -1.000 2.500
v 4.000 0.000 -2.500
v 4.000 0.000 -1.500
v 4.000 0.000 1.500
v 4.000 0.000 2.500
v 4.000 1.000 -2.500
v 4.000 1.000 -1.500
v 4.000 1.000 1.500
v 4.000 1.000 2.500
v 4.000 2.000 -2.500
v 4.000 2.000 -1.500
v 4.000 2.000 1.500
v 4.000 2.000 2.500
v 4.000 3.000 -2.500
v 4.000 3.000 -1.500
v 4.000 3.000 1.500
v 4.000 3.000 2.500
v 4.000 4.000 -2.500
v 4.000 4.000 2.500
v 4.000 4.000 -4.500
v 4.000 5.000 -4.500
v 4.000 5.000 -3.500
v 4.000 4.000 -3.500
v 3.000 5.000 -3.500
v 3.000 5.000 -4.500
v 4.000 5.000 -2.500
v 4.000 5.000 2.500
v 4.000 5.000 3.500
v 4.000 4.000 3.500
v 3.000 5.000 3.500
v 4.000 5.000 4.500
v 4.000 4.000 4.500
v 3.000 5.000 4.500
v 4.000 6.000 -4.500
v 4.000 6.000 -3.500
v 3.000 6.000 -3.500
v 3.000 6.000 -4.500
v 4.000 6.000 -2.500
v 4.000 6.000 2.500
v 4.000 6.000 3.500
v 3.000 6.000 3.500
v 4.000 6.000 4.500
v 3.000 6.000 4.500
v 4.000 7.000 -1.500
v 4.000 7.000 -2.500
v 4.000 7.000 2.500
v 4.000 7.000 1.500
v 4.000 8.000 -1.500
v 4.000 8.000 1.500
v 3.000 9.000 -0.500
v 3.000 9.000 -1.500
v 4.000 9.000 -0.500
v 4.000 9.000 -1.500
v 3.000 9.000 0.500
v 4.000 9.000 0.500
v 3.000 9.000 1.500
v 4.000 9.000 1.500
v 4.000 -10.000 -0.500
v 4.000 -10.000 -1.500
v 5.000 -10.000 -1.500
v 5.000 -10.000 -0.500
v 5.000 -9.000 -1.500
v 4.000 -10.000 0.500
v 5.000 -10.000 0.500
v 4.000 -10.000 1.500
v 5.000 -10.000 1.500
v 5.000 -9.000 1.500
v 5.000 -8.000 -1.500
v 5.000 -8.000 1.500
v 4.000 -8.000 -2.500
v 5.000 -8.000 -2.500
v 5.000 -7.000 -2.500
v 4.000 -8.000 2.500
v 5.000 -8.000 2.500
v 5.000 -7.000 2.500
v 5.000 -6.000 -2.500
v 5.000 -6.000 2.500
v 5.000 -5.000 -2.500
v 5.000 -5.000 -1.500
v 5.000 -6.000 -1.500
v 5.000 -6.000 1.500
v 5.000 -5.000 1.500
v 5.000 -5.000 2.500
v 5.000 -4.000 -2.500
v 5.000 -4.000 -1.500
v 5.000 -4.000 1.500
v 5.000 -4.000 2.500
v 5.000 -3.000 -2.500
v 5.000 -3.000 -1.500
v 5.000 -3.000 1.500
v 5.000 -3.000 2.500
v 5.000 -2.000 -1.500
v 5.000 -2.000 1.500
v 5.000 -1.000 -1.500
v 5.000 -1.000 -0.500
v 5.000 -2.000 -0.500
v 5.000 -1.000 0.500
v 5.000 -2.000 0.500
v 5.000 -1.000 1.500
v 5.000 0.000 -1.500
v 5.000 0.000 -0.500
v 5.000 0.000 0.500
v 5.000 0.000 1.500
v 5.000 1.000 -1.500
v 5.000 1.000 -0.500
v 5.000 1.000 0.500
v 5.000 1.000 1.500
v 5.000 2.000 -1.500
v 5.000 2.000 -0.500
v 5.000 2.000 0.500
v 5.000 2.000 1.500
v 5.000 3.000 -1.500
v 5.000 3.000 1.500
v 5.000 3.000 -2.500
v 5.000 4.000 -2.500
v 5.000 4.000 -1.500
v 5.000 4.000 1.500
v 5.000 4.000 2.500
v 5.000 3.000 2.500
v 5.000 5.000 -2.500
v 5.000 5.000 -1.500
v 5.000 5.000 1.500
v 5.000 5.000 2.500
v 5.000 6.000 -2.500
v 5.000 6.000 -1.500
v 5.000 6.000 1.500
v 5.000 6.000 2.500
v 5.000 7.000 -2.500
v 5.000 7.000 2.500
v 4.000 8.000 -2.500
v 5.000 8.000 -1.500
v 5.000 8.000 -2.500
v 4.000 8.000 2.500
v 5.000 8.000 2.500
v 5.000 8.000 1.500
v 5.000 9.000 -1.500
v 5.000 9.000 1.500
v 4.000 10.000 -0.500
v 4.000 10.000 -1.500
v 5.000 10.000 -0.500
v 5.000 10.000 -1.500
v 4.000 10.000 0.500
v 5.000 10.000 0.500
v 4.000 10.000 1.500
v 5.000 10.000 1.500
v 6.000 -10.000 -1.500
v 6.000 -10.000 -0.500
v 6.000 -9.000 -1.500
v 6.000 -10.000 0.500
v 6.000 -10.000 1.500
v 6.000 -9.000 1.500
v 5.000 -9.000 -2.500
v 6.000 -9.000 -2.500
v 6.000 -8.000 -2.500
v 5.000 -9.000 2.500
v 6.000 -9.000 2.500
v 6.000 -8.000 2.500
v 6.000 -7.000 -2.500
v 6.000 -7.000 2.500
v 6.000 -6.000 -2.500
v 6.000 -6.000 -1.500
v 6.000 -7.000 -1.500
v 6.000 -7.000 1.500
v 6.000 -6.000 1.500
v 6.000 -6.000 2.500
v 6.000 -5.000 -1.500
v 6.000 -5.000 1.500
v 6.000 -4.000 -1.500
v 6.000 -4.000 -0.500
v 6.000 -5.000 -0.500
v 6.000 -4.000 0.500
v 6.000 -5.000 0.500
v 6.000 -4.000 1.500
v 6.000 -3.000 -1.500
v 6.000 -3.000 -0.500
v 6.000 -3.000 0.500
v 6.000 -3.000 1.500
v 6.000 -2.000 -1.500
v 6.000 -2.000 -0.500
v 6.000 -2.000 0.500
v 6.000 -2.000 1.500
v 6.000 2.000 -1.500
v 6.000 3.000 -1.500
v 6.000 3.000 -0.500
v 6.000 2.000 -0.500
v 6.000 3.000 0.500
v 6.000 2.000 0.500
v 6.000 3.000 1.500
v 6.000 2.000 1.500
v 6.000 4.000 -1.500
v 6.000 4.000 -0.500
v 6.000 4.000 0.500
v 6.000 4.000 1.500
v 6.000 5.000 -1.500
v 6.000 5.000 -0.500
v 6.000 5.000 0.500
v 6.000 5.000 1.500
v 6.000 6.000 -1.500
v 6.000 6.000 1.500
v 6.000 6.000 -2.500
v 6.000 7.000 -2.500
v 6.000 7.000 -1.500
v 6.000 7.000 1.500
v 6.000 7.000 2.500
v 6.000 6.000 2.500
v 6.000 8.000 -2.500
v 6.000 8.000 2.500
v 5.000 9.000 -2.500
v 6.000 9.000 -1.500
v 6.000 9.000 -2.500
v 5.000 9.000 2.500
v 6.000 9.000 2.500
v 6.000 9.000 1.500
v 6.000 10.000 -0.500
v 6.000 10.000 -1.500
v 6.000 10.000 0.500
v 6.000 10.000 1.500
v 6.000 -11.000 -0.500
v 6.000 -11.000 -1.500
v 7.000 -11.000 -1.500
v 7.000 -11.000 -0.500
v 7.000 -10.000 -1.500
v 6.000 -11.000 0.500
v 7.000 -11.000 0.500
v 6.000 -11.000 1.500
v 7.000 -11.000 1.500
v 7.000 -10.000 1.500
v 7.000 -9.000 -1.500
v 7.000 -9.000 1.500
v 7.000 -9.000 -2.500
v 7.000 -8.000 -2.500
v 7.000 -9.000 2.500
v 7.000 -8.000 2.500
v 7.000 -7.000 -2.500
v 7.000 -7.000 -1.500
v 7.000 -8.000 -1.500
v 7.000 -8.000 1.500
v 7.000 -7.000 1.500
v 7.000 -7.000 2.500
v 7.000 -6.000 -1.500
v 7.000 -6.000 1.500
v 7.000 -5.000 -1.500
v 7.000 -5.000 -0.500
v 7.000 -6.000 -0.500
v 7.000 -5.000 0.500
v 7.000 -6.000 0.500
v 7.000 -5.000 1.500
v 7.000 5.000 -1.500
v 7.000 6.000 -1.500
v 7.000 6.000 -0.500
v 7.000 5.000 -0.500
v 7.000 6.000 0.500
v 7.000 5.000 0.500
v 7.000 6.000 1.500
v 7.000 5.000 1.500
v 7.000 7.000 -1.500
v 7.000 7.000 1.500
v 7.000 7.000 -2.500
v 7.000 8.000 -2.500
v 7.000 8.000 -1.500
v 7.000 8.000 1.500
v 7.000 8.000 2.500
v 7.000 7.000 2.500
v 7.000 9.000 -1.500
v 7.000 9.000 -2.500
v 7.000 9.000 2.500
v 7.000 9.000 1.500
v 7.000 10.000 -1.500
v 7.000 10.000 1.500
v 6.000 11.000 -0.500
v 6.000 11.000 -1.500
v 7.000 11.000 -0.500
v 7.000 11.000 -1.500
v 6.000 11.000 0.500
v 7.000 11.000 0.500
v 6.000 11.000 1.500
v 7.000 11.000 1.500
v 8.000 -11.000 -1.500
v 8.000 -11.000 -0.500
v 8.000 -10.000 -1.500
v 8.000 -11.000 0.500
v 8.000 -11.000 1.500
v 8.000 -10.000 1.500
v 7.000 -10.000 -2.500
v 8.000 -10.000 -2.500
v 8.000 -9.000 -2.500
v 7.000 -10.000 2.500
v 8.000 -10.000 2.500
v 8.000 -9.000 2.500
v 8.000 -8.000 -2.500
v 8.000 -8.000 -1.500
v 8.000 -9.000 -1.500
v 8.000 -9.000 1.500
v 8.000 -8.000 1.500
v 8.000 -8.000 2.500
v 8.000 -7.000 -1.500
v 8.000 -7.000 1.500
v 8.000 -6.000 -1.500
v 8.000 -6.000 -0.500
v 8.000 -7.000 -0.500
v 8.000 -6.000 0.500
v 8.000 -7.000 0.500
v 8.000 -6.000 1.500
v 8.000 6.000 -1.500
v 8.000 7.000 -1.500
v 8.000 7.000 -0.500
v 8.000 6.000 -0.500
v 8.000 7.000 0.500
v 8.000 6.000 0.500
v 8.000 7.000 1.500
v 8.000 6.000 1.500
v 8.000 8.000 -1.500
v 8.000 8.000 1.500
v 8.000 8.000 -2.500
v 8.000 9.000 -2.500
v 8.000 9.000 -1.500
v 8.000 9.000 1.500
v 8.000 9.000 2.500
v 8.000 8.000 2.500
v 7.000 10.000 -2.500
v 8.000 10.000 -1.500
v 8.000 10.000 -2.500
v 7.000 10.000 2.500
v 8.000 10.000 2.500
v 8.000 10.000 1.500
v 8.000 11.000 -0.500
v 8.000 11.000 -1.500
v 8.000 11.000 0.500
v 8.000 11.000 1.500
v 9.000 -11.000 -1.500
v 9.000 -11.000 -0.500
v 9.000 -10.000 -1.500
v 9.000 -11.000 0.500
v 9.000 -11.000 1.500
v 9.000 -10.000 1.500
v 9.000 -9.000 -1.500
v 9.000 -9.000 -2.500
v 9.000 -10.000 -2.500
v 9.000 -9.000 2.500
v 9.000 -9.000 1.500
v 9.000 -10.000 2.500
v 9.000 -8.000 -1.500
v 9.000 -8.000 1.500
v 9.000 -7.000 -1.500
v 9.000 -7.000 -0.500
v 9.000 -8.000 -0.500
v 9.000 -7.000 0.500
v 9.000 -8.000 0.500
v 9.000 -7.000 1.500
v 9.000 7.000 -1.500
v 9.000 8.000 -1.500
v 9.000 8.000 -0.500
v 9.000 7.000 -0.500
v 9.000 8.000 0.500
v 9.000 7.000 0.500
v 9.000 8.000 1.500
v 9.000 7.000 1.500
v 9.000 9.000 -1.500
v 9.000 9.000 1.500
v 9.000 10.000 -1.500
v 9.000 10.000 -2.500
v 9.000 9.000 -2.500
v 9.000 10.000 2.500
v 9.000 10.000 1.500
v 9.000 9.000 2.500
v 9.000 11.000 -0.500
v 9.000 11.000 -1.500
v 9.000 11.000 0.500
v 9.000 11.000 1.500
v 10.000 -11.000 -1.500
v 10.000 -11.000 -0.500
v 10.000 -10.000 -1.500
v 10.000 -11.000 0.500
v 10.000 -11.000 1.500
v 10.000 -10.000 1.500
v 10.000 -10.000 -2.500
v 10.000 -9.000 -2.500
v 10.000 -9.000 -1.500
v 10.000 -9.000 1.500
v 10.000 -9.000 2.500
v 10.000 -10.000 2.500
v 10.000 -8.000 -0.500
v 10.000 -8.000 -1.500
v 10.000 -8.000 0.500
v 10.000 -8.000 1.500
v 10.000 8.000 -1.500
v 10.000 8.000 -0.500
v 10.000 9.000 -1.500
v 10.000 8.000 0.500
v 10.000 8.000 1.500
v 10.000 9.000 1.500
v 10.000 9.000 -2.500
v 10.000 10.000 -2.500
v 10.000 10.000 -1.500
v 10.000 10.000 1.500
v 10.000 10.000 2.500
v 10.000 9.000 2.500
v 10.000 11.000 -0.500
v 10.000 11.000 -1.500
v 10.000 11.000 0.500
v 10.000 11.000 1.500
v 11.000 -11.000 -1.500
v 11.000 -11.000 -0.500
v 11.000 -10.000 -1.500
v 11.000 -11.000 0.500
v 11.000 -11.000 1.500
v 11.000 -10.000 1.500
v 11.000 -9.000 -1.500
v 11.000 -9.000 1.500
v 11.000 -8.000 -1.500
v 11.000 -8.000 -0.500
v 11.000 -9.000 -0.500
v 11.000 -8.000 0.500
v 11.000 -9.000 0.500
v 11.000 -8.000 1.500
v 11.000 8.000 -1.500
v 11.000 9.000 -1.500
v 11.000 9.000 -0.500
v 11.000 8.000 -0.500
v 11.000 9.000 0.500
v 11.000 8.000 0.500
v 11.000 9.000 1.500
v 11.000 8.000 1.500
v 11.000 10.000 -1.500
v 11.000 10.000 1.500
v 11.000 11.000 -0.500
v 11.000 11.000 -1.500
v 11.000 11.000 0.500
v 11.000 11.000 1.500
v 12.000 -11.000 -1.500
v 12.000 -11.000 -0.500
v 12.000 -10.000 -1.500
v 12.000 -11.000 0.500
v 12.000 -11.000 1.500
v 12.000 -10.000 1.500
v 12.000 -9.000 -0.500
v 12.000 -9.000 -1.500
v 12.000 -9.000 0.500
v 12.000 -9.000 1.500
v 12.000 9.000 -1.500
v 12.000 9.000 -0.500
v 12.000 10.000 -1.500
v 12.000 9.000 0.500
v 12.000 9.000 1.500
v 12.000 10.000 1.500
v 12.000 11.000 -0.500
v 12.000 11.000 -1.500
v 12.000 11.000 0.500
v 12.000 11.000 1.500
v 13.000 -11.000 -1.500
v 13.000 -10.000 -1.500
v 13.000 -10.000 -0.500
v 13.000 -11.000 -0.500
v 13.000 -10.000 0.500
v 13.000 -11.000 0.500
v 13.000 -10.000 1.500
v 13.000 -11.000 1.500
v 13.000 -9.000 -0.500
v 13.000 -9.000 -1.500
v 13.000 -9.000 0.500
v 13.000 -9.000 1.500
v 13.000 9.000 -1.500
v 13.000 9.000 -0.500
v 13.000 10.000 -1.500
v 13.000 9.000 0.500
v 13.000 9.000 1.500
v 13.000 10.000 1.500
v 13.000 11.000 -1.500
v 13.000 11.000 -0.500
v 13.000 10.000 -0.500
v 13.000 11.000 0.500
v 13.000 10.000 0.500
v 13.000 11.000 1.500
v 14.000 -9.000 -0.500
v 14.000 -9.000 -1.500
v 14.000 -10.000 -1.500
v 14.000 -10.000 -0.500
v 14.000 -9.000 0.500
v 14.000 -10.000 0.500
v 14.000 -9.000 1.500
v 14.000 -10.000 1.500
v 14.000 10.000 -0.500
v 14.000 10.000 -1.500
v 14.000 9.000 -1.500
v 14.000 9.000 -0.500
v 14.000 10.000 0.500
v 14.000 9.000 0.500
v 14.000 10.000 1.500
v 14.000 9.000 1.500
v 15.000 -10.000 -1.500
v 15.000 -9.000 -1.500
v 15.000 -9.000 -0.500
v 15.000 -10.000 -0.500
v 15.000 -9.000 0.500
v 15.000 -10.000 0.500
v 15.000 -9.000 1.500
v 15.000 -10.000 1.500
v 15.000 9.000 -1.500
v 15.000 10.000 -1.500
v 15.000 10.000 -0.500
v 15.000 9.000 -0.500
v 15.000 10.000 0.500
v 15.000 9.000 0.500
v 15.000 10.000 1.500
v 15.000 9.000 1.500
f 1 2 3 4
f 1 4 5 6
f 5 4 3 7
f 8 9 2 1
f 8 1 6 10
f 11 12 9 8
f 11 8 10 13
f 14 15 12 11
f 14 11 13 16
f 17 18 15 14
f 17 14 16 19
f 20 21 18 17
f 20 17 19 22
f 23 24 21 20
f 23 20 22 25
f 23 25 26 24
f 27 28 29 30
f 27 30 31 32
f 31 30 29 33
f 3 34 28 27
f 3 27 32 7
f 2 35 34 3
f 9 36 35 2
f 12 37 36 9
f 15 38 37 12
f 18 39 38 15
f 21 40 39 18
f 24 41 40 21
f 42 43 41 24
f 42 24 26 44
f 45 46 43 42
f 45 42 44 47
f 45 47 48 46
f 29 49 50 51
f 29 51 52 33
f 52 51 50 53
f 28 54 49 29
f 34 55 54 28
f 35 56 55 34
f 36 57 56 35
f 37 58 57 36
f 38 59 58 37
f 39 60 59 38
f 40 61 60 39
f 41 62 61 40
f 43 63 62 41
f 46 64 63 43
f 65 66 64 46
f 65 46 48 67
f 65 67 68 66
f 50 69 70 71
f 50 71 72 53
f 72 71 70 73
f 49 74 69 50
f 54 75 74 49
f 55 76 75 54
f 56 77 76 55
f 57 78 77 56
f 58 79 78 57
f 59 80 79 58
f 60 81 80 59
f 61 82 81 60
f 62 83 82 61
f 63 84 83 62
f 64 85 84 63
f 66 86 85 64
f 87 88 86 66
f 87 66 68 89
f 87 89 90 88
f 69 91 92 70
f 73 70 92 93
f 74 94 91 69
f 75 95 94 74
f 76 96 95 75
f 77 97 96 76
f 78 98 97 77
f 79 99 98 78
f 80 100 99 79
f 81 101 100 80
f 82 102 101 81
f 83 103 102 82
f 84 104 103 83
f 85 105 104 84
f 86 106 105 85
f 88 107 106 86
f 88 90 108 107
f 92 109 110 111
f 92 111 112 93
f 112 111 110 113
f 91 114 109 92
f 94 115 114 91
f 95 116 115 94
f 96 117 116 95
f 97 118 117 96
f 98 119 118 97
f 99 120 119 98
f 100 121 120 99
f 101 122 121 100
f 102 123 122 101
f 103 124 123 102
f 104 125 124 103
f 105 126 125 104
f 106 127 126 105
f 107 128 127 106
f 129 130 128 107
f 129 107 108 131
f 129 131 132 130
f 109 133 134 110
f 113 110 134 135
f 114 136 133 109
f 115 137 136 114
f 116 138 137 115
f 117 139 138 116
f 118 140 139 117
f 119 141 140 118
f 120 142 141 119
f 121 143 142 120
f 122 144 143 121
f 123 145 144 122
f 124 146 145 123
f 125 147 146 124
f 126 148 147 125
f 127 149 148 126
f 128 150 149 127
f 130 151 150 128
f 130 132 152 151
f 133 153 154 134
f 135 134 154 155
f 136 156 153 133
f 137 157 156 136
f 138 158 157 137
f 139 159 158 138
f 140 160 159 139
f 141 161 160 140
f 142 162 161 141
f 143 163 162 142
f 144 164 163 143
f 145 165 164 144
f 146 166 165 145
f 147 167 166 146
f 148 168 167 147
f 149 169 168 148
f 150 170 169 149
f 151 171 170 150
f 151 152 172 171
f 153 173 174 154
f 155 154 174 175
f 156 176 173 153
f 157 177 176 156
f 158 178 177 157
f 159 179 178 158
f 160 180 179 159
f 161 181 180 160
f 162 182 181 161
f 163 183 182 162
f 164 184 183 163
f 165 185 184 164
f 166 186 185 165
f 167 187 186 166
f 168 188 187 167
f 169 189 188 168
f 170 190 189 169
f 171 191 190 170
f 171 172 192 191
f 173 193 194 174
f 175 174 194 195
f 176 196 193 173
f 177 197 196 176
f 178 198 197 177
f 179 199 198 178
f 180 200 199 179
f 181 201 200 180
f 182 202 201 181
f 183 203 202 182
f 184 204 203 183
f 185 205 204 184
f 186 206 205 185
f 187 207 206 186
f 188 208 207 187
f 189 209 208 188
f 190 210 209 189
f 191 211 210 190
f 191 192 212 211
f 193 213 214 194
f 214 213 215 216
f 195 194 214 216
f 196 217 213 193
f 197 218 217 196
f 198 219 218 197
f 199 220 219 198
f 200 221 220 199
f 201 222 221 200
f 202 223 222 201
f 203 224 223 202
f 204 225 224 203
f 205 226 225 204
f 206 227 226 205
f 207 228 227 206
f 208 229 228 207
f 209 230 229 208
f 210 231 230 209
f 211 232 231 210
f 231 232 233 234
f 211 212 233 232
f 217 235 236 213
f 215 213 236 237
f 218 238 235 217
f 219 239 238 218
f 220 240 239 219
f 221 241 240 220
f 222 242 241 221
f 223 243 242 222
f 224 244 243 223
f 225 245 244 224
f 226 246 245 225
f 227 247 246 226
f 228 248 247 227
f 229 249 248 228
f 230 250 249 229
f 231 251 250 230
f 231 234 252 251
f 235 253 254 236
f 254 253 255 256
f 237 236 254 256
f 238 257 253 235
f 239 258 257 238
f 240 259 258 239
f 241 260 259 240
f 242 261 260 241
f 243 262 261 242
f 244 263 262 243
f 245 264 263 244
f 246 265 264 245
f 247 266 265 246
f 248 267 266 247
f 249 268 267 248
f 250 269 268 249
f 251 270 269 250
f 269 270 271 272
f 251 252 271 270
f 257 273 274 253
f 274 273 275 276
f 255 253 274 276
f 258 277 273 257
f 259 278 277 258
f 260 279 278 259
f 261 280 279 260
f 262 281 280 261
f 263 282 281 262
f 264 283 282 263
f 265 284 283 264
f 266 285 284 265
f 267 286 285 266
f 268 287 286 267
f 269 288 287 268
f 287 288 289 290
f 269 272 289 288
f 277 291 292 273
f 292 291 293 294
f 275 273 292 294
f 278 295 291 277
f 291 295 296 293
f 279 297 295 278
f 280 298 297 279
f 281 299 298 280
f 282 300 299 281
f 283 301 300 282
f 284 302 301 283
f 285 303 302 284
f 286 304 303 285
f 303 304 305 306
f 287 307 304 286
f 304 307 308 305
f 287 290 308 307
f 297 309 310 295
f 310 309 311 312
f 296 295 310 312
f 298 313 309 297
f 309 313 314 311
f 299 315 313 298
f 313 315 316 314
f 300 317 315 299
f 315 317 318 316
f 301 319 317 300
f 317 319 320 318
f 302 321 319 301
f 319 321 322 320
f 303 323 321 302
f 321 323 324 322
f 303 306 324 323
f 325 326 327 328
f 329 6 5 330
f 329 330 325 328
f 325 330 5 326
f 328 327 331 332
f 333 10 6 329
f 333 329 328 332
f 332 331 334 335
f 336 13 10 333
f 336 333 332 335
f 335 334 337 338
f 339 16 13 336
f 339 336 335 338
f 338 337 340 341
f 342 19 16 339
f 342 339 338 341
f 341 340 343 344
f 345 22 19 342
f 345 342 341 344
f 344 343 346 347
f 348 25 22 345
f 348 345 344 347
f 348 347 346 25
f 349 350 351 352
f 353 32 31 354
f 353 354 349 352
f 349 354 31 350
f 352 351 355 326
f 5 7 32 353
f 5 353 352 326
f 346 356 357 358
f 359 44 26 25
f 359 25 346 358
f 358 357 360 361
f 362 47 44 359
f 362 359 358 361
f 362 361 360 47
f 363 364 365 350
f 31 33 52 366
f 31 366 363 350
f 363 366 52 364
f 360 367 368 369
f 370 67 48 47
f 370 47 360 369
f 370 369 368 67
f 371 372 373 364
f 52 53 72 374
f 52 374 371 364
f 371 374 72 372
f 368 375 376 377
f 378 89 68 67
f 378 67 368 377
f 378 377 376 89
f 379 380 381 372
f 72 73 382 383
f 72 383 379 372
f 379 383 382 380
f 376 384 385 386
f 387 388 90 89
f 387 89 376 386
f 387 386 385 388
f 380 389 390 381
f 73 93 112 382
f 380 382 112 389
f 384 391 392 385
f 388 131 108 90
f 388 385 392 131
f 393 394 395 389
f 112 113 396 397
f 112 397 393 389
f 393 397 396 394
f 392 398 399 400
f 401 402 132 131
f 401 131 392 400
f 401 400 399 402
f 394 403 404 395
f 113 135 405 396
f 394 396 405 403
f 398 406 407 399
f 402 408 152 132
f 402 399 407 408
f 403 409 410 404
f 135 155 411 405
f 403 405 411 409
f 406 412 413 407
f 408 414 172 152
f 408 407 413 414
f 409 415 416 410
f 155 175 417 411
f 409 411 417 415
f 412 418 419 413
f 414 420 192 172
f 414 413 419 420
f 415 421 422 416
f 175 195 423 417
f 415 417 423 421
f 418 424 425 419
f 420 426 212 192
f 420 419 425 426
f 421 427 428 422
f 195 216 429 423
f 429 216 428 427
f 421 423 429 427
f 424 430 431 425
f 426 432 233 212
f 233 432 431 430
f 426 425 431 432
f 428 433 434 435
f 215 237 436 216
f 428 216 436 433
f 437 438 439 430
f 233 440 252 234
f 233 430 439 440
f 433 441 442 434
f 237 256 443 436
f 443 256 442 441
f 433 436 443 441
f 438 444 445 439
f 440 446 271 252
f 271 446 445 444
f 440 439 445 446
f 442 447 448 449
f 255 276 450 256
f 450 276 448 447
f 442 256 450 447
f 451 452 453 444
f 271 454 289 272
f 289 454 453 452
f 271 444 453 454
f 448 455 456 457
f 275 294 458 276
f 458 294 456 455
f 448 276 458 455
f 459 460 461 452
f 289 462 308 290
f 308 462 461 460
f 289 452 461 462
f 456 463 464 465
f 293 466 467 294
f 467 466 464 463
f 456 294 467 463
f 465 464 468 469
f 296 312 466 293
f 466 312 468 464
f 470 471 472 473
f 305 474 324 306
f 324 474 472 471
f 473 472 475 460
f 308 476 474 305
f 474 476 475 472
f 308 460 475 476
f 468 477 478 479
f 311 480 481 312
f 481 480 478 477
f 468 312 481 477
f 479 478 482 483
f 314 484 480 311
f 480 484 482 478
f 483 482 485 486
f 316 487 484 314
f 484 487 485 482
f 486 485 488 489
f 318 490 487 316
f 487 490 488 485
f 489 488 491 492
f 320 493 490 318
f 490 493 491 488
f 492 491 494 495
f 322 496 493 320
f 493 496 494 491
f 495 494 497 471
f 324 498 496 322
f 496 498 497 494
f 324 471 497 498
f 499 500 501 502
f 327 326 499 502
f 499 326 355 500
f 502 501 503 504
f 331 327 502 504
f 504 503 505 506
f 334 331 504 506
f 506 505 507 508
f 337 334 506 508
f 508 507 509 510
f 340 337 508 510
f 510 509 511 512
f 343 340 510 512
f 512 511 513 514
f 346 343 512 514
f 346 514 513 356
f 515 516 517 518
f 351 350 515 518
f 515 350 365 516
f 518 517 519 500
f 355 351 518 500
f 513 520 521 522
f 357 356 513 522
f 522 521 523 524
f 360 357 522 524
f 360 524 523 367
f 525 526 527 516
f 365 364 525 516
f 525 364 373 526
f 516 527 528 517
f 521 529 530 523
f 523 530 531 532
f 368 367 523 532
f 368 532 531 375
f 533 534 535 526
f 373 372 533 526
f 533 372 381 534
f 526 535 536 527
f 530 537 538 531
f 531 538 539 540
f 376 375 531 540
f 376 540 539 384
f 534 541 542 535
f 534 381 390 541
f 538 543 544 539
f 384 539 544 391
f 545 546 547 541
f 390 389 545 541
f 545 389 395 546
f 544 548 549 550
f 392 391 544 550
f 392 550 549 398
f 546 551 552 547
f 546 395 404 551
f 548 553 554 549
f 398 549 554 406
f 551 555 556 552
f 551 404 410 555
f 553 557 558 554
f 406 554 558 412
f 555 559 560 556
f 555 410 416 559
f 557 561 562 558
f 412 558 562 418
f 559 563 564 560
f 559 416 422 563
f 561 565 566 562
f 418 562 566 424
f 563 567 568 564
f 428 435 568 567
f 563 422 428 567
f 565 569 570 566
f 437 430 570 569
f 424 566 570 430
f 568 571 572 573
f 568 435 434 571
f 574 575 576 569
f 437 569 576 438
f 571 577 578 572
f 442 449 578 577
f 571 434 442 577
f 572 578 579 580
f 581 582 583 575
f 575 583 584 576
f 451 444 584 583
f 438 576 584 444
f 578 585 586 579
f 448 457 586 585
f 578 449 448 585
f 579 586 587 588
f 589 590 591 582
f 582 591 592 583
f 459 452 592 591
f 451 583 592 452
f 586 593 594 587
f 456 465 594 593
f 586 457 456 593
f 587 594 595 596
f 465 469 595 594
f 597 598 599 590
f 470 473 599 598
f 590 599 600 591
f 473 460 600 599
f 459 591 600 460
f 595 601 602 603
f 468 479 602 601
f 595 469 468 601
f 603 602 604 605
f 479 483 604 602
f 605 604 606 607
f 483 486 606 604
f 607 606 608 609
f 486 489 608 606
f 609 608 610 611
f 489 492 610 608
f 611 610 612 613
f 492 495 612 610
f 613 612 614 598
f 495 471 614 612
f 470 598 614 471
f 501 500 615 616
f 615 500 519 617
f 503 501 616 618
f 505 503 618 619
f 507 505 619 620
f 509 507 620 621
f 511 509 621 622
f 513 511 622 623
f 513 623 624 520
f 519 517 625 617
f 625 517 528 626
f 521 520 624 627
f 521 627 628 529
f 528 527 629 626
f 629 527 536 630
f 530 529 628 631
f 530 631 632 537
f 536 535 633 630
f 633 535 542 634
f 538 537 632 635
f 538 635 636 543
f 542 541 637 634
f 637 541 547 638
f 544 543 636 639
f 544 639 640 548
f 638 547 552 641
f 548 640 642 553
f 641 552 556 643
f 553 642 644 557
f 643 556 560 645
f 557 644 646 561
f 645 560 564 647
f 561 646 648 565
f 568 573 649 650
f 647 564 568 650
f 574 569 651 652
f 565 648 651 569
f 572 580 653 654
f 649 573 572 654
f 581 575 655 656
f 574 652 655 575
f 579 588 657 658
f 653 580 579 658
f 589 582 659 660
f 581 656 659 582
f 587 596 661 662
f 657 588 587 662
f 597 590 663 664
f 589 660 663 590
f 595 603 665 666
f 661 596 595 666
f 603 605 667 665
f 605 607 668 667
f 607 609 669 668
f 609 611 670 669
f 611 613 671 670
f 613 598 672 671
f 597 664 672 598
f 673 616 615 674
f 673 674 675 676
f 675 674 615 677
f 678 618 616 673
f 678 673 676 679
f 680 619 618 678
f 680 678 679 681
f 682 620 619 680
f 682 680 681 683
f 684 621 620 682
f 684 682 683 685
f 686 622 621 684
f 686 684 685 687
f 688 623 622 686
f 688 686 687 689
f 688 689 690 623
f 691 625 692 693
f 691 693 694 695
f 694 693 692 696
f 615 617 625 691
f 615 691 695 677
f 697 627 624 623
f 697 623 690 698
f 699 700 627 697
f 699 697 698 701
f 699 701 702 700
f 692 629 703 704
f 692 704 705 696
f 705 704 703 706
f 625 626 629 692
f 700 631 628 627
f 707 708 631 700
f 707 700 702 709
f 707 709 710 708
f 703 633 711 712
f 703 712 713 706
f 713 712 711 714
f 629 630 633 703
f 708 635 632 631
f 715 716 635 708
f 715 708 710 717
f 715 717 718 716
f 633 634 637 711
f 714 711 637 719
f 716 639 636 635
f 716 718 720 639
f 637 638 721 722
f 637 722 723 719
f 723 722 721 724
f 725 726 640 639
f 725 639 720 727
f 725 727 728 726
f 638 641 729 721
f 724 721 729 730
f 726 731 642 640
f 726 728 732 731
f 641 643 733 729
f 730 729 733 734
f 731 735 644 642
f 731 732 736 735
f 643 645 737 733
f 734 733 737 738
f 735 739 646 644
f 735 736 740 739
f 645 647 741 737
f 738 737 741 742
f 739 743 648 646
f 739 740 744 743
f 647 650 745 741
f 745 650 746 747
f 742 741 745 747
f 743 748 651 648
f 651 748 749 750
f 743 744 749 748
f 649 654 751 650
f 746 650 751 752
f 651 753 655 652
f 651 750 754 753
f 654 755 756 751
f 756 755 757 758
f 752 751 756 758
f 653 658 755 654
f 655 759 659 656
f 753 760 759 655
f 759 760 761 762
f 753 754 761 760
f 658 763 764 755
f 764 763 765 766
f 757 755 764 766
f 657 662 763 658
f 659 767 663 660
f 759 768 767 659
f 767 768 769 770
f 759 762 769 768
f 662 771 772 763
f 772 771 773 774
f 765 763 772 774
f 661 666 771 662
f 771 666 775 773
f 663 776 672 664
f 672 776 777 778
f 767 779 776 663
f 776 779 780 777
f 767 770 780 779
f 665 781 782 666
f 782 781 783 784
f 775 666 782 784
f 667 785 781 665
f 781 785 786 783
f 668 787 785 667
f 785 787 788 786
f 669 789 787 668
f 787 789 790 788
f 670 791 789 669
f 789 791 792 790
f 671 793 791 670
f 791 793 794 792
f 672 795 793 671
f 793 795 796 794
f 672 778 796 795
f 676 675 797 798
f 797 675 677 799
f 679 676 798 800
f 681 679 800 801
f 683 681 801 802
f 685 683 802 803
f 687 685 803 804
f 689 687 804 805
f 689 805 806 690
f 695 694 807 808
f 807 694 696 809
f 677 695 808 799
f 698 690 806 810
f 701 698 810 811
f 701 811 812 702
f 696 705 813 809
f 813 705 706 814
f 709 702 812 815
f 709 815 816 710
f 706 713 817 814
f 817 713 714 818
f 717 710 816 819
f 717 819 820 718
f 818 714 719 821
f 718 820 822 720
f 719 723 823 821
f 823 723 724 824
f 727 720 822 825
f 727 825 826 728
f 824 724 730 827
f 728 826 828 732
f 827 730 734 829
f 732 828 830 736
f 829 734 738 831
f 736 830 832 740
f 831 738 742 833
f 740 832 834 744
f 747 746 835 836
f 833 742 747 836
f 750 749 837 838
f 744 834 837 749
f 835 746 752 839
f 750 838 840 754
f 758 757 841 842
f 839 752 758 842
f 762 761 843 844
f 754 840 843 761
f 766 765 845 846
f 841 757 766 846
f 770 769 847 848
f 762 844 847 769
f 774 773 849 850
f 845 765 774 850
f 773 775 851 849
f 778 777 852 853
f 777 780 854 852
f 770 848 854 780
f 784 783 855 856
f 851 775 784 856
f 783 786 857 855
f 786 788 858 857
f 788 790 859 858
f 790 792 860 859
f 792 794 861 860
f 794 796 862 861
f 778 853 862 796
f 863 864 865 866
f 867 798 797 868
f 867 868 863 866
f 863 868 797 864
f 866 865 869 870
f 871 800 798 867
f 871 867 866 870
f 870 869 872 873
f 874 801 800 871
f 874 871 870 873
f 873 872 875 876
f 877 802 801 874
f 877 874 873 876
f 876 875 878 879
f 880 803 802 877
f 880 877 876 879
f 879 878 881 882
f 883 804 803 880
f 883 880 879 882
f 882 881 884 885
f 886 805 804 883
f 886 883 882 885
f 886 885 884 805
f 887 888 889 890
f 891 808 807 892
f 891 892 887 890
f 887 892 807 888
f 890 889 893 864
f 797 799 808 891
f 797 891 890 864
f 884 894 895 896
f 897 810 806 805
f 897 805 884 896
f 896 895 898 899
f 900 811 810 897
f 900 897 896 899
f 900 899 898 811
f 901 902 903 888
f 807 809 813 904
f 807 904 901 888
f 901 904 813 902
f 898 905 906 907
f 908 815 812 811
f 908 811 898 907
f 908 907 906 815
f 909 910 911 902
f 813 814 817 912
f 813 912 909 902
f 909 912 817 910
f 906 913 914 915
f 916 819 816 815
f 916 815 906 915
f 916 915 914 819
f 917 918 919 910
f 817 818 920 921
f 817 921 917 910
f 917 921 920 918
f 914 922 923 924
f 925 926 820 819
f 925 819 914 924
f 925 924 923 926
f 918 927 928 919
f 818 821 823 920
f 918 920 823 927
f 922 929 930 923
f 926 825 822 820
f 926 923 930 825
f 931 932 933 927
f 823 824 934 935
f 823 935 931 927
f 931 935 934 932
f 930 936 937 938
f 939 940 826 825
f 939 825 930 938
f 939 938 937 940
f 932 941 942 933
f 824 827 943 934
f 932 934 943 941
f 936 944 945 937
f 940 946 828 826
f 940 937 945 946
f 941 947 948 942
f 827 829 949 943
f 941 943 949 947
f 944 950 951 945
f 946 952 830 828
f 946 945 951 952
f 947 953 954 948
f 829 831 955 949
f 947 949 955 953
f 950 956 957 951
f 952 958 832 830
f 952 951 957 958
f 953 959 960 954
f 831 833 961 955
f 953 955 961 959
f 956 962 963 957
f 958 964 834 832
f 958 957 963 964
f 959 965 966 960
f 833 836 967 961
f 967 836 966 965
f 959 961 967 965
f 962 968 969 963
f 964 970 837 834
f 837 970 969 968
f 964 963 969 970
f 966 971 972 973
f 835 839 974 836
f 966 836 974 971
f 975 976 977 968
f 837 978 840 838
f 837 968 977 978
f 971 979 980 972
f 839 842 981 974
f 981 842 980 979
f 971 974 981 979
f 976 982 983 977
f 978 984 843 840
f 843 984 983 982
f 978 977 983 984
f 980 985 986 987
f 841 846 988 842
f 988 846 986 985
f 980 842 988 985
f 989 990 991 982
f 843 992 847 844
f 847 992 991 990
f 843 982 991 992
f 986 993 994 995
f 845 850 996 846
f 996 850 994 993
f 986 846 996 993
f 997 998 999 990
f 847 1000 854 848
f 854 1000 999 998
f 847 990 999 1000
f 994 1001 1002 1003
f 849 1004 1005 850
f 1005 1004 1002 1001
f 994 850 1005 1001
f 1003 1002 1006 1007
f 851 856 1004 849
f 1004 856 1006 1002
f 1008 1009 1010 1011
f 852 1012 862 853
f 862 1012 1010 1009
f 1011 1010 1013 998
f 854 1014 1012 852
f 1012 1014 1013 1010
f 854 998 1013 1014
f 1006 1015 1016 1017
f 855 1018 1019 856
f 1019 1018 1016 1015
f 1006 856 1019 1015
f 1017 1016 1020 1021
f 857 1022 1018 855
f 1018 1022 1020 1016
f 1021 1020 1023 1024
f 858 1025 1022 857
f 1022 1025 1023 1020
f 1024 1023 1026 1027
f 859 1028 1025 858
f 1025 1028 1026 1023
f 1027 1026 1029 1030
f 860 1031 1028 859
f 1028 1031 1029 1026
f 1030 1029 1032 1033
f 861 1034 1031 860
f 1031 1034 1032 1029
f 1033 1032 1035 1009
f 862 1036 1034 861
f 1034 1036 1035 1032
f 862 1009 1035 1036
f 865 864 1037 1038
f 1037 864 893 1039
f 869 865 1038 1040
f 872 869 1040 1041
f 875 872 1041 1042
f 878 875 1042 1043
f 881 878 1043 1044
f 884 881 1044 1045
f 884 1045 1046 894
f 889 888 1047 1048
f 1047 888 903 1049
f 893 889 1048 1039
f 895 894 1046 1050
f 898 895 1050 1051
f 898 1051 1052 905
f 903 902 1053 1049
f 1053 902 911 1054
f 906 905 1052 1055
f 906 1055 1056 913
f 911 910 1057 1054
f 1057 910 919 1058
f 914 913 1056 1059
f 914 1059 1060 922
f 1058 919 928 1061
f 922 1060 1062 929
f 928 927 1063 1061
f 1063 927 933 1064
f 930 929 1062 1065
f 930 1065 1066 936
f 1064 933 942 1067
f 936 1066 1068 944
f 1067 942 948 1069
f 944 1068 1070 950
f 1069 948 954 1071
f 950 1070 1072 956
f 1071 954 960 1073
f 956 1072 1074 962
f 966 973 1075 1076
f 1073 960 966 1076
f 975 968 1077 1078
f 962 1074 1077 968
f 1075 973 972 1079
f 975 1078 1080 976
f 980 987 1081 1082
f 1079 972 980 1082
f 989 982 1083 1084
f 976 1080 1083 982
f 986 995 1085 1086
f 1081 987 986 1086
f 997 990 1087 1088
f 989 1084 1087 990
f 994 1003 1089 1090
f 1085 995 994 1090
f 1003 1007 1091 1089
f 1008 1011 1092 1093
f 1011 998 1094 1092
f 997 1088 1094 998
f 1006 1017 1095 1096
f 1091 1007 1006 1096
f 1017 1021 1097 1095
f 1021 1024 1098 1097
f 1024 1027 1099 1098
f 1027 1030 1100 1099
f 1030 1033 1101 1100
f 1033 1009 1102 1101
f 1008 1093 1102 1009
f 1103 1104 1105 1106
f 1038 1037 1103 1106
f 1103 1037 1039 1104
f 1106 1105 1107 1108
f 1040 1038 1106 1108
f 1108 1107 1109 1110
f 1041 1040 1108 1110
f 1110 1109 1111 1112
f 1042 1041 1110 1112
f 1112 1111 1113 1114
f 1043 1042 1112 1114
f 1114 1113 1115 1116
f 1044 1043 1114 1116
f 1116 1115 1117 1118
f 1045 1044 1116 1118
f 1045 1118 1117 1046
f 1119 1120 1121 1122
f 1048 1047 1119 1122
f 1119 1047 1049 1120
f 1122 1121 1123 1104
f 1039 1048 1122 1104
f 1104 1123 1124 1105
f 1105 1124 1125 1107
f 1107 1125 1126 1109
f 1109 1126 1127 1111
f 1111 1127 1128 1113
f 1113 1128 1129 1115
f 1115 1129 1130 1117
f 1117 1130 1131 1132
f 1050 1046 1117 1132
f 1132 1131 1133 1134
f 1051 1050 1132 1134
f 1051 1134 1133 1052
f 1135 1136 1137 1120
f 1049 1053 1135 1120
f 1135 1053 1054 1136
f 1120 1137 1138 1121
f 1121 1138 1139 1123
f 1123 1139 1140 1124
f 1124 1140 1141 1125
f 1125 1141 1142 1126
f 1126 1142 1143 1127
f 1127 1143 1144 1128
f 1128 1144 1145 1129
f 1129 1145 1146 1130
f 1130 1146 1147 1131
f 1131 1147 1148 1133
f 1133 1148 1149 1150
f 1055 1052 1133 1150
f 1055 1150 1149 1056
f 1151 1152 1153 1136
f 1054 1057 1151 1136
f 1151 1057 1058 1152
f 1136 1153 1154 1137
f 1137 1154 1155 1138
f 1138 1155 1156 1139
f 1139 1156 1157 1140
f 1140 1157 1158 1141
f 1141 1158 1159 1142
f 1142 1159 1160 1143
f 1143 1160 1161 1144
f 1144 1161 1162 1145
f 1145 1162 1163 1146
f 1146 1163 1164 1147
f 1147 1164 1165 1148
f 1148 1165 1166 1149
f 1149 1166 1167 1168
f 1059 1056 1149 1168
f 1059 1168 1167 1060
f 1152 1169 1170 1153
f 1152 1058 1061 1169
f 1153 1170 1171 1154
f 1154 1171 1172 1155
f 1155 1172 1173 1156
f 1156 1173 1174 1157
f 1157 1174 1175 1158
f 1158 1175 1176 1159
f 1159 1176 1177 1160
f 1160 1177 1178 1161
f 1161 1178 1179 1162
f 1162 1179 1180 1163
f 1163 1180 1181 1164
f 1164 1181 1182 1165
f 1165 1182 1183 1166
f 1166 1183 1184 1167
f 1060 1167 1184 1062
f 1185 1186 1187 1169
f 1061 1063 1185 1169
f 1185 1063 1064 1186
f 1169 1187 1188 1170
f 1170 1188 1189 1171
f 1171 1189 1190 1172
f 1172 1190 1191 1173
f 1173 1191 1192 1174
f 1174 1192 1193 1175
f 1175 1193 1194 1176
f 1176 1194 1195 1177
f 1177 1195 1196 1178
f 1178 1196 1197 1179
f 1179 1197 1198 1180
f 1180 1198 1199 1181
f 1181 1199 1200 1182
f 1182 1200 1201 1183
f 1183 1201 1202 1184
f 1184 1202 1203 1204
f 1065 1062 1184 1204
f 1065 1204 1203 1066
f 1186 1205 1206 1187
f 1186 1064 1067 1205
f 1187 1206 1207 1188
f 1188 1207 1208 1189
f 1189 1208 1209 1190
f 1190 1209 1210 1191
f 1191 1210 1211 1192
f 1192 1211 1212 1193
f 1196 1213 1214 1197
f 1197 1214 1215 1198
f 1198 1215 1216 1199
f 1199 1216 1217 1200
f 1200 1217 1218 1201
f 1201 1218 1219 1202
f 1202 1219 1220 1203
f 1066 1203 1220 1068
f 1205 1221 1222 1206
f 1205 1067 1069 1221
f 1206 1222 1223 1207
f 1207 1223 1224 1208
f 1208 1224 1225 1209
f 1209 1225 1226 1210
f 1210 1226 1227 1211
f 1214 1228 1229 1215
f 1215 1229 1230 1216
f 1216 1230 1231 1217
f 1217 1231 1232 1218
f 1218 1232 1233 1219
f 1219 1233 1234 1220
f 1068 1220 1234 1070
f 1221 1235 1236 1222
f 1221 1069 1071 1235
f 1222 1236 1237 1223
f 1223 1237 1238 1224
f 1224 1238 1239 1225
f 1225 1239 1240 1226
f 1226 1240 1241 1227
f 1228 1242 1243 1229
f 1229 1243 1244 1230
f 1230 1244 1245 1231
f 1231 1245 1246 1232
f 1232 1246 1247 1233
f 1233 1247 1248 1234
f 1070 1234 1248 1072
f 1235 1249 1250 1236
f 1235 1071 1073 1249
f 1236 1250 1251 1237
f 1237 1251 1252 1238
f 1238 1252 1253 1239
f 1239 1253 1254 1240
f 1240 1254 1255 1241
f 1241 1255 1256 1257
f 1258 1259 1260 1242
f 1242 1260 1261 1243
f 1243 1261 1262 1244
f 1244 1262 1263 1245
f 1245 1263 1264 1246
f 1246 1264 1265 1247
f 1247 1265 1266 1248
f 1072 1248 1266 1074
f 1249 1267 1268 1250
f 1076 1075 1268 1267
f 1249 1073 1076 1267
f 1250 1268 1269 1251
f 1251 1269 1270 1252
f 1252 1270 1271 1253
f 1253 1271 1272 1254
f 1254 1272 1273 1255
f 1255 1273 1274 1256
f 1256 1274 1275 1276
f 1276 1275 1277 1278
f 1278 1277 1279 1259
f 1259 1279 1280 1260
f 1260 1280 1281 1261
f 1261 1281 1282 1262
f 1262 1282 1283 1263
f 1263 1283 1284 1264
f 1264 1284 1285 1265
f 1265 1285 1286 1266
f 1078 1077 1286 1285
f 1074 1266 1286 1077
f 1268 1287 1288 1269
f 1268 1075 1079 1287
f 1269 1288 1289 1270
f 1270 1289 1290 1271
f 1271 1290 1291 1272
f 1272 1291 1292 1273
f 1273 1292 1293 1274
f 1274 1293 1294 1275
f 1275 1294 1295 1277
f 1277 1295 1296 1279
f 1279 1296 1297 1280
f 1280 1297 1298 1281
f 1281 1298 1299 1282
f 1282 1299 1300 1283
f 1283 1300 1301 1284
f 1284 1301 1302 1285
f 1078 1285 1302 1080
f 1287 1303 1304 1288
f 1082 1081 1304 1303
f 1287 1079 1082 1303
f 1288 1304 1305 1289
f 1289 1305 1306 1290
f 1290 1306 1307 1291
f 1291 1307 1308 1292
f 1292 1308 1309 1293
f 1293 1309 1310 1294
f 1294 1310 1311 1295
f 1295 1311 1312 1296
f 1296 1312 1313 1297
f 1297 1313 1314 1298
f 1298 1314 1315 1299
f 1299 1315 1316 1300
f 1300 1316 1317 1301
f 1301 1317 1318 1302
f 1084 1083 1318 1317
f 1080 1302 1318 1083
f 1304 1319 1320 1305
f 1086 1085 1320 1319
f 1304 1081 1086 1319
f 1305 1320 1321 1306
f 1306 1321 1322 1307
f 1307 1322 1323 1308
f 1308 1323 1324 1309
f 1309 1324 1325 1310
f 1310 1325 1326 1311
f 1311 1326 1327 1312
f 1312 1327 1328 1313
f 1313 1328 1329 1314
f 1314 1329 1330 1315
f 1315 1330 1331 1316
f 1316 1331 1332 1317
f 1088 1087 1332 1331
f 1084 1317 1332 1087
f 1320 1333 1334 1321
f 1090 1089 1334 1333
f 1320 1085 1090 1333
f 1321 1334 1335 1322
f 1089 1091 1335 1334
f 1322 1335 1336 1323
f 1323 1336 1337 1324
f 1324 1337 1338 1325
f 1325 1338 1339 1326
f 1326 1339 1340 1327
f 1327 1340 1341 1328
f 1328 1341 1342 1329
f 1329 1342 1343 1330
f 1093 1092 1343 1342
f 1330 1343 1344 1331
f 1092 1094 1344 1343
f 1088 1331 1344 1094
f 1335 1345 1346 1336
f 1096 1095 1346 1345
f 1335 1091 1096 1345
f 1336 1346 1347 1337
f 1095 1097 1347 1346
f 1337 1347 1348 1338
f 1097 1098 1348 1347
f 1338 1348 1349 1339
f 1098 1099 1349 1348
f 1339 1349 1350 1340
f 1099 1100 1350 1349
f 1340 1350 1351 1341
f 1100 1101 1351 1350
f 1341 1351 1352 1342
f 1101 1102 1352 1351
f 1093 1342 1352 1102
f 1194 1193 1353 1354
f 1353 1193 1212 1355
f 1195 1194 1354 1356
f 1196 1195 1356 1357
f 1196 1357 1358 1213
f 1212 1211 1359 1355
f 1359 1211 1227 1360
f 1214 1213 1358 1361
f 1214 1361 1362 1228
f 1241 1257 1363 1364
f 1360 1227 1241 1364
f 1258 1242 1365 1366
f 1228 1362 1365 1242
f 1256 1276 1367 1368
f 1363 1257 1256 1368
f 1276 1278 1369 1367
f 1278 1259 1370 1369
f 1258 1366 1370 1259
f 1354 1353 1371 1372
f 1371 1353 1355 1373
f 1356 1354 1372 1374
f 1357 1356 1374 1375
f 1357 1375 1376 1358
f 1355 1359 1377 1373
f 1377 1359 1360 1378
f 1361 1358 1376 1379
f 1361 1379 1380 1362
f 1364 1363 1381 1382
f 1378 1360 1364 1382
f 1366 1365 1383 1384
f 1362 1380 1383 1365
f 1368 1367 1385 1386
f 1381 1363 1368 1386
f 1367 1369 1387 1385
f 1369 1370 1388 1387
f 1366 1384 1388 1370
f 1372 1371 1389 1390
f 1389 1371 1373 1391
f 1374 1372 1390 1392
f 1375 1374 1392 1393
f 1375 1393 1394 1376
f 1373 1377 1395 1391
f 1395 1377 1378 1396
f 1379 1376 1394 1397
f 1379 1397 1398 1380
f 1382 1381 1399 1400
f 1396 1378 1382 1400
f 1384 1383 1401 1402
f 1380 1398 1401 1383
f 1386 1385 1403 1404
f 1399 1381 1386 1404
f 1385 1387 1405 1403
f 1387 1388 1406 1405
f 1384 1402 1406 1388
f 1390 1389 1407 1408
f 1407 1389 1391 1409
f 1392 1390 1408 1410
f 1393 1392 1410 1411
f 1393 1411 1412 1394
f 1391 1395 1413 1409
f 1413 1395 1396 1414
f 1397 1394 1412 1415
f 1397 1415 1416 1398
f 1400 1399 1417 1418
f 1414 1396 1400 1418
f 1402 1401 1419 1420
f 1398 1416 1419 1401
f 1404 1403 1421 1422
f 1417 1399 1404 1422
f 1403 1405 1423 1421
f 1405 1406 1424 1423
f 1402 1420 1424 1406
f 1408 1407 1425 1426
f 1425 1407 1409 1427
f 1410 1408 1426 1428
f 1411 1410 1428 1429
f 1411 1429 1430 1412
f 1409 1413 1431 1427
f 1431 1413 1414 1432
f 1415 1412 1430 1433
f 1415 1433 1434 1416
f 1418 1417 1435 1436
f 1432 1414 1418 1436
f 1420 1419 1437 1438
f 1416 1434 1437 1419
f 1422 1421 1439 1440
f 1435 1417 1422 1440
f 1421 1423 1441 1439
f 1423 1424 1442 1441
f 1420 1438 1442 1424
f 1443 1444 1445 1446
f 1447 1448 1449 1450
f 1447 1450 1443 1446
f 1443 1450 1449 1444
f 1451 1452 1448 1447
f 1451 1447 1446 1453
f 1454 1455 1452 1451
f 1454 1451 1453 1456
f 1457 1458 1455 1454
f 1457 1454 1456 1459
f 1459 1460 1461 1462
f 1463 1464 1458 1457
f 1463 1457 1459 1462
f 1463 1462 1461 1464
f 1465 1466 1467 1468
f 1469 1470 1471 1472
f 1469 1472 1465 1468
f 1465 1472 1471 1466
f 1468 1467 1473 1444
f 1449 1474 1470 1469
f 1449 1469 1468 1444
f 1448 1475 1474 1449
f 1452 1476 1475 1448
f 1455 1477 1476 1452
f 1458 1478 1477 1455
f 1464 1479 1478 1458
f 1461 1480 1481 1482
f 1483 1484 1479 1464
f 1483 1464 1461 1482
f 1482 1481 1485 1486
f 1487 1488 1484 1483
f 1487 1483 1482 1486
f 1487 1486 1485 1488
f 1466 1489 1490 1467
f 1470 1491 1492 1471
f 1466 1471 1492 1489
f 1467 1490 1493 1473
f 1474 1494 1491 1470
f 1475 1425 1494 1474
f 1476 1426 1425 1475
f 1477 1428 1426 1476
f 1478 1429 1428 1477
f 1479 1495 1429 1478
f 1480 1496 1497 1481
f 1484 1498 1495 1479
f 1481 1497 1499 1485
f 1488 1500 1498 1484
f 1488 1485 1499 1500
f 1501 1502 1503 1489
f 1492 1504 1505 1506
f 1492 1506 1501 1489
f 1501 1506 1505 1502
f 1489 1503 1507 1490
f 1491 1508 1504 1492
f 1490 1507 1509 1493
f 1494 1431 1508 1491
f 1425 1427 1431 1494
f 1495 1433 1430 1429
f 1496 1510 1511 1497
f 1498 1512 1433 1495
f 1497 1511 1513 1499
f 1500 1514 1512 1498
f 1499 1513 1515 1516
f 1517 1518 1514 1500
f 1517 1500 1499 1516
f 1517 1516 1515 1518
f 1502 1519 1520 1503
f 1504 1521 1522 1505
f 1502 1505 1522 1519
f 1503 1520 1523 1507
f 1508 1524 1521 1504
f 1507 1523 1525 1509
f 1431 1432 1524 1508
f 1510 1526 1527 1511
f 1512 1528 1434 1433
f 1511 1527 1529 1513
f 1514 1530 1528 1512
f 1513 1529 1531 1515
f 1518 1532 1530 1514
f 1518 1515 1531 1532
f 1519 1533 1534 1520
f 1521 1535 1536 1522
f 1519 1522 1536 1533
f 1520 1534 1537 1523
f 1524 1538 1535 1521
f 1523 1537 1539 1525
f 1432 1436 1538 1524
f 1526 1540 1541 1527
f 1528 1542 1437 1434
f 1527 1541 1543 1529
f 1530 1544 1542 1528
f 1529 1543 1545 1531
f 1532 1546 1544 1530
f 1532 1531 1545 1546
f 1533 1547 1548 1534
f 1535 1549 1550 1536
f 1550 1549 1548 1547
f 1533 1536 1550 1547
f 1534 1548 1551 1537
f 1538 1552 1549 1535
f 1537 1551 1553 1539
f 1436 1554 1552 1538
f 1435 1440 1554 1436
f 1437 1555 1442 1438
f 1540 1556 1557 1541
f 1542 1558 1555 1437
f 1541 1557 1559 1543
f 1544 1560 1558 1542
f 1543 1559 1561 1545
f 1546 1562 1560 1544
f 1560 1562 1561 1559
f 1546 1545 1561 1562
f 1548 1563 1564 1551
f 1552 1565 1566 1549
f 1548 1549 1566 1563
f 1551 1564 1567 1553
f 1554 1568 1565 1552
f 1440 1569 1568 1554
f 1439 1570 1569 1440
f 1441 1571 1570 1439
f 1442 1572 1571 1441
f 1555 1573 1572 1442
f 1556 1574 1575 1557
f 1558 1576 1573 1555
f 1557 1575 1577 1559
f 1560 1578 1576 1558
f 1560 1559 1577 1578
f 1563 1579 1580 1564
f 1565 1581 1582 1566
f 1582 1581 1580 1579
f 1563 1566 1582 1579
f 1564 1580 1583 1567
f 1568 1584 1581 1565
f 1581 1584 1583 1580
f 1569 1585 1584 1568
f 1570 1586 1585 1569
f 1571 1587 1586 1570
f 1572 1588 1587 1571
f 1573 1589 1588 1572
f 1574 1590 1591 1575
f 1576 1592 1589 1573
f 1589 1592 1591 1590
f 1575 1591 1593 1577
f 1578 1594 1592 1576
f 1592 1594 1593 1591
f 1578 1577 1593 1594
f 1583 1595 1596 1597
f 1585 1598 1599 1584
f 1599 1598 1596 1595
f 1583 1584 1599 1595
f 1586 1600 1598 1585
f 1598 1600 1601 1596
f 1587 1602 1600 1586
f 1600 1602 1603 1601
f 1588 1604 1602 1587
f 1602 1604 1605 1603
f 1606 1605 1607 1590
f 1589 1608 1604 1588
f 1604 1608 1607 1605
f 1589 1590 1607 1608
f 1609 1453 1446 1610
f 1609 1610 1611 1612
f 1611 1610 1446 1613
f 1614 1456 1453 1609
f 1614 1609 1612 1615
f 1616 1459 1456 1614
f 1616 1614 1615 1617
f 1616 1617 1618 1459
f 1613 1446 1445 1619
f 1459 1618 1620 1460
f 1445 1444 1621 1619
f 1621 1444 1473 1622
f 1461 1460 1620 1623
f 1461 1623 1624 1480
f 1622 1473 1493 1625
f 1480 1624 1626 1496
f 1625 1493 1509 1627
f 1496 1626 1628 1510
f 1627 1509 1525 1629
f 1510 1628 1630 1526
f 1629 1525 1539 1631
f 1526 1630 1632 1540
f 1631 1539 1553 1633
f 1540 1632 1634 1556
f 1633 1553 1567 1635
f 1556 1634 1636 1574
f 1583 1597 1637 1638
f 1635 1567 1583 1638
f 1606 1590 1639 1640
f 1574 1636 1639 1590
f 1637 1597 1596 1641
f 1606 1640 1642 1605
f 1601 1643 1644 1596
f 1644 1643 1645 1646
f 1641 1596 1644 1646
f 1603 1647 1643 1601
f 1643 1647 1648 1645
f 1605 1649 1647 1603
f 1647 1649 1650 1648
f 1605 1642 1650 1649
f 1651 1652 1653 1654
f 1651 1654 1655 1656
f 1655 1654 1653 1657
f 1658 1659 1652 1651
f 1658 1651 1656 1660
f 1661 1662 1659 1658
f 1661 1658 1660 1663
f 1661 1663 1664 1662
f 1652 1612 1611 1653
f 1657 1653 1611 1665
f 1659 1615 1612 1652
f 1662 1617 1615 1659
f 1662 1664 1666 1617
f 1665 1611 1613 1667
f 1617 1666 1668 1618
f 1613 1619 1621 1669
f 1613 1669 1670 1667
f 1670 1669 1621 1671
f 1672 1623 1620 1618
f 1672 1618 1668 1673
f 1672 1673 1674 1623
f 1671 1621 1622 1675
f 1623 1674 1676 1624
f 1677 1678 1679 1680
f 1677 1680 1681 1682
f 1681 1680 1679 1683
f 1622 1625 1678 1677
f 1622 1677 1682 1675
f 1684 1685 1626 1624
f 1684 1624 1676 1686
f 1687 1688 1685 1684
f 1687 1684 1686 1689
f 1687 1689 1690 1688
f 1678 1691 1692 1679
f 1683 1679 1692 1693
f 1625 1627 1691 1678
f 1685 1694 1628 1626
f 1688 1695 1694 1685
f 1688 1690 1696 1695
f 1691 1697 1698 1692
f 1693 1692 1698 1699
f 1627 1629 1697 1691
f 1694 1700 1630 1628
f 1695 1701 1700 1694
f 1695 1696 1702 1701
f 1697 1703 1704 1698
f 1699 1698 1704 1705
f 1629 1631 1703 1697
f 1700 1706 1632 1630
f 1701 1707 1706 1700
f 1701 1702 1708 1707
f 1703 1709 1710 1704
f 1705 1704 1710 1711
f 1631 1633 1709 1703
f 1706 1712 1634 1632
f 1707 1713 1712 1706
f 1707 1708 1714 1713
f 1709 1715 1716 1710
f 1716 1715 1717 1718
f 1711 1710 1716 1718
f 1633 1635 1715 1709
f 1715 1635 1719 1717
f 1712 1720 1636 1634
f 1636 1720 1721 1722
f 1713 1723 1720 1712
f 1720 1723 1724 1721
f 1713 1714 1724 1723
f 1719 1635 1638 1725
f 1636 1722 1726 1639
f 1637 1641 1727 1638
f 1727 1641 1728 1729
f 1725 1638 1727 1729
f 1639 1730 1642 1640
f 1642 1730 1731 1732
f 1639 1726 1731 1730
f 1728 1641 1646 1733
f 1642 1732 1734 1650
f 1645 1735 1736 1646
f 1733 1646 1736 1737
f 1648 1738 1735 1645
f 1650 1739 1738 1648
f 1650 1734 1740 1739
f 1735 1741 1742 1736
f 1742 1741 1743 1744
f 1737 1736 1742 1744
f 1738 1745 1741 1735
f 1741 1745 1746 1743
f 1739 1747 1745 1738
f 1745 1747 1748 1746
f 1739 1740 1748 1747
f 1656 1655 1749 1750
f 1749 1655 1657 1751
f 1660 1656 1750 1752
f 1663 1660 1752 1753
f 1663 1753 1754 1664
f 1657 1665 1755 1756
f 1657 1756 1757 1751
f 1757 1756 1755 1758
f 1759 1760 1666 1664
f 1759 1664 1754 1761
f 1759 1761 1762 1760
f 1665 1667 1670 1755
f 1758 1755 1670 1763
f 1760 1673 1668 1666
f 1760 1762 1764 1673
f 1763 1670 1671 1765
f 1673 1764 1766 1674
f 1767 1768 1769 1770
f 1771 1682 1681 1772
f 1771 1772 1767 1770
f 1767 1772 1681 1768
f 1770 1769 1773 1765
f 1671 1675 1682 1771
f 1671 1771 1770 1765
f 1766 1774 1775 1776
f 1777 1686 1676 1674
f 1777 1674 1766 1776
f 1776 1775 1778 1779
f 1780 1689 1686 1777
f 1780 1777 1776 1779
f 1780 1779 1778 1689
f 1768 1781 1782 1769
f 1768 1681 1683 1781
f 1769 1782 1783 1773
f 1774 1784 1785 1775
f 1775 1785 1786 1778
f 1689 1778 1786 1690
f 1781 1787 1788 1782
f 1781 1683 1693 1787
f 1782 1788 1789 1783
f 1784 1790 1791 1785
f 1785 1791 1792 1786
f 1690 1786 1792 1696
f 1787 1793 1794 1788
f 1787 1693 1699 1793
f 1788 1794 1795 1789
f 1790 1796 1797 1791
f 1791 1797 1798 1792
f 1696 1792 1798 1702
f 1793 1799 1800 1794
f 1793 1699 1705 1799
f 1794 1800 1801 1795
f 1796 1802 1803 1797
f 1797 1803 1804 1798
f 1702 1798 1804 1708
f 1799 1805 1806 1800
f 1799 1705 1711 1805
f 1800 1806 1807 1801
f 1802 1808 1809 1803
f 1803 1809 1810 1804
f 1708 1804 1810 1714
f 1805 1811 1812 1806
f 1805 1711 1718 1811
f 1806 1812 1813 1807
f 1808 1814 1815 1809
f 1809 1815 1816 1810
f 1714 1810 1816 1724
f 1811 1817 1818 1812
f 1717 1819 1820 1718
f 1820 1819 1818 1817
f 1811 1718 1820 1817
f 1812 1818 1821 1813
f 1719 1725 1819 1717
f 1819 1725 1821 1818
f 1814 1822 1823 1815
f 1721 1824 1726 1722
f 1726 1824 1823 1822
f 1815 1823 1825 1816
f 1724 1826 1824 1721
f 1824 1826 1825 1823
f 1724 1816 1825 1826
f 1821 1725 1729 1827
f 1726 1822 1828 1731
f 1728 1733 1829 1729
f 1827 1729 1829 1830
f 1731 1831 1734 1732
f 1731 1828 1832 1831
f 1733 1737 1833 1829
f 1833 1737 1834 1835
f 1830 1829 1833 1835
f 1831 1836 1740 1734
f 1740 1836 1837 1838
f 1831 1832 1837 1836
f 1744 1743 1839 1840
f 1834 1737 1744 1840
f 1743 1746 1841 1839
f 1746 1748 1842 1841
f 1740 1838 1842 1748
f 1843 1750 1749 1844
f 1843 1844 1845 1846
f 1845 1844 1749 1847
f 1848 1752 1750 1843
f 1848 1843 1846 1849
f 1850 1753 1752 1848
f 1850 1848 1849 1851
f 1850 1851 1852 1753
f 1847 1749 1751 1853
f 1753 1852 1854 1754
f 1751 1757 1855 1853
f 1855 1757 1758 1856
f 1761 1754 1854 1857
f 1761 1857 1858 1762
f 1859 1860 1861 1862
f 1863 1864 1865 1866
f 1863 1866 1859 1862
f 1859 1866 1865 1860
f 1862 1861 1867 1856
f 1758 1763 1864 1863
f 1758 1863 1862 1856
f 1858 1868 1869 1870
f 1871 1872 1764 1762
f 1871 1762 1858 1870
f 1870 1869 1873 1874
f 1875 1876 1872 1871
f 1875 1871 1870 1874
f 1875 1874 1873 1876
f 1860 1877 1878 1861
f 1864 1770 1767 1865
f 1767 1770 1878 1877
f 1860 1865 1767 1877
f 1861 1878 1879 1867
f 1763 1765 1770 1864
f 1770 1765 1879 1878
f 1868 1880 1881 1869
f 1872 1776 1766 1764
f 1766 1776 1881 1880
f 1869 1881 1882 1873
f 1876 1779 1776 1872
f 1776 1779 1882 1881
f 1876 1873 1882 1779
f 1879 1765 1773 1883
f 1766 1880 1884 1774
f 1883 1885 1886 1887
f 1883 1773 1783 1885
f 1888 1889 1890 1884
f 1774 1884 1890 1784
f 1885 1891 1892 1886
f 1885 1783 1789 1891
f 1889 1893 1894 1890
f 1784 1890 1894 1790
f 1891 1895 1896 1892
f 1891 1789 1795 1895
f 1893 1897 1898 1894
f 1790 1894 1898 1796
f 1895 1899 1900 1896
f 1895 1795 1801 1899
f 1897 1901 1902 1898
f 1796 1898 1902 1802
f 1899 1903 1904 1900
f 1899 1801 1807 1903
f 1901 1905 1906 1902
f 1802 1902 1906 1808
f 1903 1907 1908 1904
f 1903 1807 1813 1907
f 1905 1909 1910 1906
f 1808 1906 1910 1814
f 1907 1813 1821 1911
f 1814 1910 1912 1822
f 1913 1914 1915 1916
f 1818 1917 1918 1817
f 1818 1817 1913 1916
f 1913 1817 1918 1914
f 1916 1915 1919 1911
f 1821 1827 1917 1818
f 1821 1818 1916 1911
f 1912 1920 1921 1922
f 1823 1923 1828 1822
f 1823 1822 1912 1922
f 1922 1921 1924 1925
f 1825 1926 1923 1823
f 1825 1823 1922 1925
f 1825 1925 1924 1926
f 1914 1927 1928 1915
f 1917 1929 1930 1918
f 1930 1929 1928 1927
f 1914 1918 1930 1927
f 1915 1928 1931 1919
f 1827 1830 1929 1917
f 1929 1830 1931 1928
f 1920 1932 1933 1921
f 1923 1934 1832 1828
f 1832 1934 1933 1932
f 1921 1933 1935 1924
f 1926 1936 1934 1923
f 1934 1936 1935 1933
f 1926 1924 1935 1936
f 1835 1834 1937 1938
f 1931 1830 1835 1938
f 1838 1837 1939 1940
f 1832 1932 1939 1837
f 1937 1834 1840 1941
f 1838 1940 1942 1842
f 1839 1943 1944 1840
f 1944 1943 1945 1946
f 1941 1840 1944 1946
f 1841 1947 1943 1839
f 1943 1947 1948 1945
f 1842 1949 1947 1841
f 1947 1949 1950 1948
f 1842 1942 1950 1949
f 1951 1846 1845 1952
f 1951 1952 1953 1954
f 1953 1952 1845 1955
f 1956 1849 1846 1951
f 1956 1951 1954 1957
f 1958 1851 1849 1956
f 1958 1956 1957 1959
f 1958 1959 1960 1851
f 1955 1845 1847 1961
f 1851 1960 1962 1852
f 1847 1853 1855 1963
f 1847 1963 1964 1961
f 1964 1963 1855 1965
f 1966 1857 1854 1852
f 1966 1852 1962 1967
f 1966 1967 1968 1857
f 1965 1855 1856 1969
f 1857 1968 1970 1858
f 1969 1971 1972 1973
f 1969 1856 1867 1971
f 1974 1975 1976 1970
f 1858 1970 1976 1868
f 1971 1977 1978 1972
f 1971 1867 1879 1977
f 1975 1979 1980 1976
f 1868 1976 1980 1880
f 1977 1981 1982 1978
f 1883 1887 1982 1981
f 1977 1879 1883 1981
f 1979 1983 1984 1980
f 1888 1884 1984 1983
f 1880 1980 1984 1884
f 1982 1887 1886 1985
f 1888 1983 1986 1889
f 1985 1987 1988 1989
f 1985 1886 1892 1987
f 1989 1988 1990 1991
f 1991 1990 1992 1986
f 1889 1986 1992 1893
f 1987 1993 1994 1988
f 1987 1892 1896 1993
f 1988 1994 1995 1990
f 1990 1995 1996 1992
f 1893 1992 1996 1897
f 1993 1997 1998 1994
f 1993 1896 1900 1997
f 1994 1998 1999 1995
f 1995 1999 2000 1996
f 1897 1996 2000 1901
f 1997 2001 2002 1998
f 1997 1900 1904 2001
f 1998 2002 2003 1999
f 1999 2003 2004 2000
f 1901 2000 2004 1905
f 2001 1904 1908 2005
f 1905 2004 2006 1909
f 2007 2008 2009 2005
f 1908 1907 2007 2005
f 2007 1907 1911 2008
f 2006 2010 2011 2012
f 1910 1909 2006 2012
f 1910 2012 2011 1912
f 2008 2013 2014 2009
f 2008 1911 1919 2013
f 2010 2015 2016 2011
f 1912 2011 2016 1920
f 2013 2017 2018 2014
f 2013 1919 1931 2017
f 2015 2019 2020 2016
f 1920 2016 2020 1932
f 2017 1931 1938 2021
f 1932 2020 2022 1939
f 1937 1941 2023 1938
f 2023 1941 2024 2025
f 2021 1938 2023 2025
f 1939 2026 1942 1940
f 1942 2026 2027 2028
f 1939 2022 2027 2026
f 2024 1941 1946 2029
f 1942 2028 2030 1950
f 1945 2031 2032 1946
f 2032 2031 2033 2034
f 2029 1946 2032 2034
f 1948 2035 2031 1945
f 2031 2035 2036 2033
f 1950 2037 2035 1948
f 2035 2037 2038 2036
f 1950 2030 2038 2037
f 1954 1953 2039 2040
f 2039 1953 1955 2041
f 1957 1954 2040 2042
f 1959 1957 2042 2043
f 1959 2043 2044 1960
f 1955 1961 1964 2045
f 1955 2045 2046 2041
f 2046 2045 1964 2047
f 2048 1967 1962 1960
f 2048 1960 2044 2049
f 2048 2049 2050 1967
f 2047 1964 1965 2051
f 1967 2050 2052 1968
f 2051 2053 2054 2055
f 1969 1973 2054 2053
f 2051 1965 1969 2053
f 2056 2057 2058 2052
f 1974 1970 2058 2057
f 1968 2052 2058 1970
f 2054 1973 1972 2059
f 1974 2057 2060 1975
f 2059 2061 2062 2063
f 2059 1972 1978 2061
f 2063 2062 2064 2065
f 2065 2064 2066 2060
f 1975 2060 2066 1979
f 2061 2067 2068 2062
f 2061 1978 1982 2067
f 2062 2068 2069 2064
f 2064 2069 2070 2066
f 1979 2066 2070 1983
f 2067 2071 2072 2068
f 1985 1989 2072 2071
f 2067 1982 1985 2071
f 2068 2072 2073 2069
f 1989 1991 2073 2072
f 2069 2073 2074 2070
f 1991 1986 2074 2073
f 1983 2070 2074 1986
f 2075 2076 2077 2078
f 2002 2001 2075 2078
f 2075 2001 2005 2076
f 2078 2077 2079 2080
f 2003 2002 2078 2080
f 2080 2079 2081 2082
f 2004 2003 2080 2082
f 2004 2082 2081 2006
f 2076 2083 2084 2077
f 2076 2005 2009 2083
f 2077 2084 2085 2079
f 2079 2085 2086 2081
f 2006 2081 2086 2010
f 2083 2087 2088 2084
f 2083 2009 2014 2087
f 2084 2088 2089 2085
f 2085 2089 2090 2086
f 2010 2086 2090 2015
f 2087 2014 2018 2091
f 2015 2090 2092 2019
f 2093 2094 2095 2091
f 2018 2017 2093 2091
f 2093 2017 2021 2094
f 2092 2096 2097 2098
f 2020 2019 2092 2098
f 2020 2098 2097 2022
f 2094 2021 2025 2099
f 2022 2097 2100 2027
f 2024 2029 2101 2025
f 2101 2029 2102 2103
f 2099 2025 2101 2103
f 2027 2104 2030 2028
f 2030 2104 2105 2106
f 2027 2100 2105 2104
f 2034 2033 2107 2108
f 2102 2029 2034 2108
f 2033 2036 2109 2107
f 2036 2038 2110 2109
f 2030 2106 2110 2038
f 2111 2040 2039 2112
f 2111 2112 2113 2114
f 2113 2112 2039 2115
f 2116 2042 2040 2111
f 2116 2111 2114 2117
f 2118 2043 2042 2116
f 2118 2116 2117 2119
f 2118 2119 2120 2043
f 2115 2039 2041 2121
f 2043 2120 2122 2044
f 2041 2046 2123 2121
f 2123 2046 2047 2124
f 2049 2044 2122 2125
f 2049 2125 2126 2050
f 2124 2127 2128 2129
f 2051 2055 2128 2127
f 2124 2047 2051 2127
f 2130 2131 2132 2126
f 2056 2052 2132 2131
f 2050 2126 2132 2052
f 2128 2055 2054 2133
f 2056 2131 2134 2057
f 2133 2135 2136 2137
f 2059 2063 2136 2135
f 2133 2054 2059 2135
f 2137 2136 2138 2139
f 2063 2065 2138 2136
f 2139 2138 2140 2134
f 2065 2060 2140 2138
f 2057 2134 2140 2060
f 2141 2142 2143 2144
f 2088 2087 2141 2144
f 2141 2087 2091 2142
f 2144 2143 2145 2146
f 2089 2088 2144 2146
f 2146 2145 2147 2148
f 2090 2089 2146 2148
f 2090 2148 2147 2092
f 2142 2091 2095 2149
f 2092 2147 2150 2096
f 2151 2152 2153 2149
f 2095 2094 2151 2149
f 2151 2094 2099 2152
f 2150 2154 2155 2156
f 2097 2096 2150 2156
f 2097 2156 2155 2100
f 2103 2102 2157 2158
f 2152 2099 2103 2158
f 2106 2105 2159 2160
f 2100 2155 2159 2105
f 2157 2102 2108 2161
f 2106 2160 2162 2110
f 2107 2163 2164 2108
f 2164 2163 2165 2166
f 2161 2108 2164 2166
f 2109 2167 2163 2107
f 2163 2167 2168 2165
f 2110 2169 2167 2109
f 2167 2169 2170 2168
f 2110 2162 2170 2169
f 2114 2113 2171 2172
f 2171 2113 2115 2173
f 2117 2114 2172 2174
f 2119 2117 2174 2175
f 2119 2175 2176 2120
f 2115 2121 2123 2177
f 2115 2177 2178 2173
f 2178 2177 2123 2179
f 2180 2125 2122 2120
f 2180 2120 2176 2181
f 2180 2181 2182 2125
f 2179 2183 2184 2185
f 2124 2129 2184 2183
f 2179 2123 2124 2183
f 2186 2187 2188 2182
f 2130 2126 2188 2187
f 2125 2182 2188 2126
f 2184 2129 2128 2189
f 2130 2187 2190 2131
f 2189 2191 2192 2193
f 2133 2137 2192 2191
f 2189 2128 2133 2191
f 2193 2192 2194 2195
f 2137 2139 2194 2192
f 2195 2194 2196 2190
f 2139 2134 2196 2194
f 2131 2190 2196 2134
f 2197 2198 2199 2200
f 2143 2142 2197 2200
f 2197 2142 2149 2198
f 2200 2199 2201 2202
f 2145 2143 2200 2202
f 2202 2201 2203 2204
f 2147 2145 2202 2204
f 2147 2204 2203 2150
f 2198 2149 2153 2205
f 2150 2203 2206 2154
f 2207 2208 2209 2205
f 2153 2152 2207 2205
f 2207 2152 2158 2208
f 2206 2210 2211 2212
f 2155 2154 2206 2212
f 2155 2212 2211 2159
f 2157 2161 2213 2158
f 2213 2161 2214 2215
f 2208 2158 2213 2215
f 2159 2216 2162 2160
f 2162 2216 2217 2218
f 2159 2211 2217 2216
f 2166 2165 2219 2220
f 2214 2161 2166 2220
f 2165 2168 2221 2219
f 2168 2170 2222 2221
f 2162 2218 2222 2170
f 2172 2171 2223 2224
f 2223 2171 2173 2225
f 2174 2172 2224 2226
f 2175 2174 2226 2227
f 2175 2227 2228 2176
f 2179 2185 2229 2230
f 2173 2178 2231 2225
f 2231 2178 2179 2230
f 2186 2182 2232 2233
f 2181 2176 2228 2234
f 2181 2234 2232 2182
f 2229 2185 2184 2235
f 2186 2233 2236 2187
f 2235 2237 2238 2239
f 2189 2193 2238 2237
f 2235 2184 2189 2237
f 2239 2238 2240 2241
f 2193 2195 2240 2238
f 2241 2240 2242 2236
f 2195 2190 2242 2240
f 2187 2236 2242 2190
f 2243 2244 2245 2246
f 2199 2198 2243 2246
f 2243 2198 2205 2244
f 2246 2245 2247 2248
f 2201 2199 2246 2248
f 2248 2247 2249 2250
f 2203 2201 2248 2250
f 2203 2250 2249 2206
f 2244 2205 2209 2251
f 2206 2249 2252 2210
f 2215 2214 2253 2254
f 2209 2208 2255 2251
f 2255 2208 2215 2254
f 2218 2217 2256 2257
f 2211 2210 2252 2258
f 2211 2258 2256 2217
f 2220 2219 2259 2260
f 2253 2214 2220 2260
f 2219 2221 2261 2259
f 2221 2222 2262 2261
f 2218 2257 2262 2222
f 2224 2223 2263 2264
f 2263 2223 2225 2265
f 2226 2224 2264 2266
f 2227 2226 2266 2267
f 2227 2267 2268 2228
f 2269 2270 2271 2265
f 2230 2229 2271 2270
f 2225 2231 2269 2265
f 2269 2231 2230 2270
f 2268 2272 2273 2274
f 2233 2232 2273 2272
f 2234 2228 2268 2274
f 2234 2274 2273 2232
f 2235 2239 2275 2276
f 2271 2229 2235 2276
f 2239 2241 2277 2275
f 2241 2236 2278 2277
f 2233 2272 2278 2236
f 2245 2244 2279 2280
f 2279 2244 2251 2281
f 2247 2245 2280 2282
f 2249 2247 2282 2283
f 2249 2283 2284 2252
f 2285 2286 2287 2281
f 2254 2253 2287 2286
f 2251 2255 2285 2281
f 2285 2255 2254 2286
f 2284 2288 2289 2290
f 2257 2256 2289 2288
f 2258 2252 2284 2290
f 2258 2290 2289 2256
f 2260 2259 2291 2292
f 2287 2253 2260 2292
f 2259 2261 2293 2291
f 2261 2262 2294 2293
f 2257 2288 2294 2262
f 2264 2263 2295 2296
f 2295 2263 2265 2297
f 2266 2264 2296 2298
f 2267 2266 2298 2299
f 2267 2299 2300 2268
f 2297 2265 2271 2301
f 2268 2300 2302 2272
f 2301 2303 2304 2305
f 2276 2275 2304 2303
f 2301 2271 2276 2303
f 2305 2304 2306 2307
f 2275 2277 2306 2304
f 2307 2306 2308 2302
f 2277 2278 2308 2306
f 2272 2302 2308 2278
f 2309 2310 2311 2312
f 2280 2279 2309 2312
f 2309 2279 2281 2310
f 2312 2311 2313 2314
f 2282 2280 2312 2314
f 2314 2313 2315 2316
f 2283 2282 2314 2316
f 2283 2316 2315 2284
f 2310 2281 2287 2317
f 2284 2315 2318 2288
f 2292 2291 2319 2320
f 2317 2287 2292 2320
f 2291 2293 2321 2319
f 2293 2294 2322 2321
f 2288 2318 2322 2294
f 2296 2295 2323 2324
f 2323 2295 2297 2325
f 2298 2296 2324 2326
f 2299 2298 2326 2327
f 2299 2327 2328 2300
f 2301 2305 2329 2330
f 2325 2297 2301 2330
f 2305 2307 2331 2329
f 2307 2302 2332 2331
f 2300 2328 2332 2302
f 2311 2310 2333 2334
f 2333 2310 2317 2335
f 2313 2311 2334 2336
f 2315 2313 2336 2337
f 2315 2337 2338 2318
f 2320 2319 2339 2340
f 2335 2317 2320 2340
f 2319 2321 2341 2339
f 2321 2322 2342 2341
f 2318 2338 2342 2322
f 2343 2344 2345 2346
f 2324 2323 2343 2346
f 2343 2323 2325 2344
f 2346 2345 2347 2348
f 2326 2324 2346 2348
f 2348 2347 2349 2350
f 2327 2326 2348 2350
f 2327 2350 2349 2328
f 2330 2329 2351 2352
f 2344 2325 2330 2352
f 2329 2331 2353 2351
f 2331 2332 2354 2353
f 2328 2349 2354 2332
f 2334 2333 2355 2356
f 2355 2333 2335 2357
f 2336 2334 2356 2358
f 2337 2336 2358 2359
f 2337 2359 2360 2338
f 2357 2361 2362 2363
f 2340 2339 2362 2361
f 2357 2335 2340 2361
f 2363 2362 2364 2365
f 2339 2341 2364 2362
f 2365 2364 2366 2360
f 2341 2342 2366 2364
f 2338 2360 2366 2342
f 2352 2351 2367 2368
f 2345 2344 2369 2370
f 2369 2344 2352 2368
f 2351 2353 2371 2367
f 2347 2345 2370 2372
f 2353 2354 2373 2371
f 2349 2347 2372 2374
f 2349 2374 2373 2354
f 2357 2363 2375 2376
f 2356 2355 2377 2378
f 2377 2355 2357 2376
f 2363 2365 2379 2375
f 2358 2356 2378 2380
f 2365 2360 2381 2379
f 2359 2358 2380 2382
f 2359 2382 2381 2360
f 2383 2384 2385 2386
f 2368 2367 2385 2384
f 2370 2369 2383 2386
f 2383 2369 2368 2384
f 2386 2385 2387 2388
f 2367 2371 2387 2385
f 2372 2370 2386 2388
f 2388 2387 2389 2390
f 2371 2373 2389 2387
f 2374 2372 2388 2390
f 2374 2390 2389 2373
f 2391 2392 2393 2394
f 2376 2375 2393 2392
f 2378 2377 2391 2394
f 2391 2377 2376 2392
f 2394 2393 2395 2396
f 2375 2379 2395 2393
f 2380 2378 2394 2396
f 2396 2395 2397 2398
f 2379 2381 2397 2395
f 2382 2380 2396 2398
f 2382 2398 2397 2381
